<kml xmlns="http://www.opengis.net/kml/2.2" xmlns:atom="http://www.w3.org/2005/Atom" xmlns:gx="http://www.google.com/kml/ext/2.2">
  <Document>
    <name>Trajectory full_trajectory</name>
    <Style id="19050">
      <LineStyle>
        <color>ff0000ff</color>
        <width>5</width>
      </LineStyle>
    </Style>
    <Placemark>
      <name>Separation Point full_trajectory</name>
      <Point>
        <altitudeMode>relativeToGround</altitudeMode>
        <coordinates>-0.7741666348883882,60.81861113295194,2.0072548068128526e-06</coordinates>
      </Point>
      <Style>
        <IconStyle>
          <Icon>
            <href>http://maps.google.com/mapfiles/kml/shapes/placemark_square.png</href>
          </Icon>
        </IconStyle>
      </Style>
    </Placemark>
    <Placemark>
      <name>Trajectory full_trajectory</name>
      <LineString>
        <extrude>1</extrude>
        <altitudeMode>relativeToGround</altitudeMode>
        <coordinates>-0.7741666348883882,60.81861113295194,2.0072548068128526e-06 -0.7741642442832131,60.81862077253416,1.033593931424548 -0.7741618527624041,60.81863015830015,4.16890405540471 -0.774159463677222,60.81863929035011,9.458342127800279 -0.7741569771552577,60.81864726684218,16.079864919447573 -0.7741569111465765,60.818648169255766,16.955141496509896 -0.7741545349647936,60.81865679448587,26.713375117651594 -0.7741521703340482,60.818665166770586,38.78797140532697 -0.7741498211028102,60.818673286531556,53.234730227814 -0.7741474418943994,60.818679555132505,66.43435665682773 -0.7741474900005869,60.81868115428092,70.11033882190532 -0.7741451811432398,60.818688770618536,89.47238769178512 -0.7741428987847598,60.81869613623764,111.37938645788381 -0.7741406460686449,60.818703251930245,135.89077970482322 -0.7741384037163925,60.818708024506456,154.38568204262992 -0.774138259432732,60.81871011897648,163.06696271931287 -0.7741360793463059,60.81871673757888,192.96929715619626 -0.7741339425423348,60.81872310922018,225.66012668085023 -0.7741318527544081,60.818729235097145,261.20279686347203 -0.7741297633425006,60.81873272414594,283.46727822827233 -0.7741297633425575,60.81873272414599,283.4672776980369 -0.7741297633425575,60.81873272414599,283.4672776980369 -0.7741454057665464,60.818732687563845,283.4672864373715 -0.7741434152209195,60.81873848138173,323.6719938668102 -0.7741417085432545,60.81874436727009,366.897222609623 -0.7741405166756863,60.81875068405556,413.20988048209983 -0.7741407506136397,60.818754095731684,437.4395759159597 -0.7741400727952055,60.81875777391536,462.67783147413866 -0.7741406122932517,60.81876598234631,515.369910723166 -0.7741423727544543,60.81877565813283,571.3559394462209 -0.774146702869416,60.81878709986497,630.4460861947518 -0.7741455939357706,60.81878715331481,630.7067400148298 -0.7741505177457952,60.8188008231554,693.4941509607597 -0.7741573882241255,60.81881702611018,759.7910420718108 -0.7741664515224898,60.81883612379724,829.6713295430891 -0.774173498615994,60.818846729012385,865.5077679431997 -0.7741779558868416,60.818858480969276,903.2099911628393 -0.7741921516412162,60.81888446548873,980.4830815819514 -0.7742092911748273,60.818914448306145,1061.5677475971097 -0.774231693273066,60.81894849051164,1145.7999523818216 -0.774231693273066,60.81894849051158,1145.799952410016 -0.774231693273066,60.81894849051158,1145.799952410016 -0.7742316948306893,60.818948490393744,1145.7997808302025 -0.7742362831107812,60.81895807081813,1168.2923519392716 -0.7742411000795641,60.81896796554033,1191.0490082746037 -0.7742503239678626,60.81897817469062,1214.0711508336608 -0.7742554156496908,60.81898749094466,1234.709563738761 -0.7742555987870219,60.81898869841723,1237.3601862473151 -0.7742555987870219,60.81898869841723,1237.3601862473151 -0.7742555987870219,60.81898869841723,1237.3601862473151 -0.7742555986911839,60.81898869812833,1237.3601922963644 -0.7742829416228574,60.81903268080045,1330.4397383162723 -0.7743141208886755,60.81908197585355,1427.6535192138908 -0.774349534375915,60.81913717756611,1529.0832467453583 -0.7743896058157134,60.819198920082556,1634.8113936128357 -0.7744347850813256,60.81926787798236,1744.9211432967786 -0.7744855484289701,60.81934476676643,1859.4963363166244 -0.7745423986834226,60.8194303432612,1978.6214129344444 -0.7746058653682439,60.819525405941945,2102.381352768134 -0.7746765047838835,60.81963079517695,2230.8616114551114 -0.7747549000330309,60.81974739339412,2364.1480547503306 -0.7748416609965147,60.81987612517227,2502.3268903269127 -0.7749374242600311,60.82001795725855,2645.484597754148 -0.7750428529943179,60.82017389851444,2793.7078569593723 -0.7750738856954626,60.820219211873294,2835.2028782210255 -0.7751586367901382,60.820344999793036,2947.083475528416 -0.7752854914509157,60.82053235375008,3105.6983153794135 -0.7754241586374064,60.82073709443032,3269.6390871824406 -0.7755754047621508,60.820960395714565,3438.9912998567524 -0.7757400208840863,60.821203471278814,3613.8396023270616 -0.7759188226518177,60.821467574621764,3794.2681580589124 -0.7761126026495049,60.821753926763144,3980.313135405595 -0.7763215198898479,60.82206278833495,4171.369699210118 -0.7765458779188634,60.822394642108584,4366.9969555558055 -0.7767865047865143,60.82275077094726,4567.255386542456 -0.7770442666455892,60.823132518435784,4772.216848435164 -0.7773200545003647,60.823541268840685,4981.951842029957 -0.7776147837934104,60.82397844659247,5196.529408294737 -0.7777853656508569,60.82423051858153,5316.15653143308 -0.7779293939472041,60.82444551569319,5416.017026165719 -0.7782648478617489,60.824943979053046,5640.480512950489 -0.7786221313710371,60.82547537775942,5869.983928134388 -0.779002252660348,60.82604129028145,6104.589480904906 -0.7794062416239171,60.826643331577166,6344.357426944043 -0.7798351269856312,60.82728311803441,6589.332740326427 -0.7802898892456369,60.82796219517872,6839.519192563785 -0.7807715040552807,60.82868210423039,7094.9082427523535 -0.78128095132422,60.829444396094054,7355.485473683984 -0.7818192051964274,60.830250615910195,7621.2261316813965 -0.7823871806112379,60.83110222058527,7892.069345874006 -0.7829857615848255,60.832000622247804,8167.93532052543 -0.7836158231015702,60.832947221929636,8448.737682138017 -0.7841588720510231,60.8337621290657,8683.112414551942 -0.7842782376153536,60.83394341957354,8734.387030455764 -0.7849739141379928,60.83499067452216,9024.808408821627 -0.7857037743975184,60.83609046866702,9319.929965289703 -0.7864687355702813,60.83724427969799,9619.675463133717 -0.7872697583497938,60.838453655726994,9923.983582958499 -0.788107961952278,60.83972039410899,10232.851367331932 -0.7889845087495928,60.84104636256099,10546.285907968922 -0.7899005969686641,60.84243348798695,10864.300448713038 -0.7908577920965172,60.84388427309373,11187.030345671701 -0.7918579400510453,60.84540166212181,11514.694462866828 -0.7929029255656701,60.84698866484522,11847.506831619285 -0.7939945426719532,60.84864815419171,12185.635775682385 -0.7951342346490264,60.85038245925401,12529.125025145731 -0.7963233956833733,60.852193836072196,12877.996131463988 -0.7964371015249867,60.85237119403494,12911.644231925493 -0.7975634301820946,60.854084560252595,13232.268244476472 -0.7988557521036341,60.85605692588972,13591.958143054399 -0.8002017843064095,60.85811324450799,13957.080269090511 -0.8016029579156907,60.86025584402506,14327.646764581004 -0.803060711712078,60.86248706774108,14703.667511610547 -0.8045764915402174,60.864809273352776,15085.150175120361 -0.8061517497407067,60.867224831995834,15472.10024802007 -0.8077879446045699,60.869736127317175,15864.521098776095 -0.8094865398524576,60.87234555457747,16262.41402100186 -0.8112490041385172,60.8750555197862,16665.778285151646 -0.8130768105792754,60.87786843887095,17074.61119202344 -0.8149714363101452,60.88078673688056,17488.908127975265 -0.8169343620678546,60.883812847226004,17908.662621830445 -0.8176750485640127,60.884958909884396,18065.161434295987 -0.8189670718010689,60.886949210957795,18333.866403265347 -0.8210710523097191,60.89019827608315,18764.509462697788 -0.8232477929729498,60.89356249701792,19200.580124826047 -0.8254987779125713,60.89704432200803,19642.06359014952 -0.8278254756776278,60.90064617657941,20088.94006603714 -0.830229355909637,60.904370489867844,20541.188345448973 -0.8327118923913872,60.90821969933659,20998.786500021197 -0.8327261961411523,60.908245143074986,21001.779512424037 -0.8327268307438089,60.90824500674836,21001.77205975797 -0.8352752212360883,60.9121961095485,21461.70398457889 -0.8379195228322942,60.91630243719061,21929.931321201366 -0.8406469083773231,60.92054099250069,22403.43561989357 -0.8434588555573441,60.9249142246511,22882.19042036144 -0.8463568430516375,60.92942458538501,23366.1683231976 -0.8493423506428144,60.93407452903151,23855.34107402509 -0.8513084526135231,60.93714151805492,24172.836133762758 -0.8524168593614263,60.93886651257175,24349.67964747466 -0.8555818516646241,60.9438029957571,24849.154331007412 -0.8588388116488659,60.94888644127785,25353.734808349145 -0.8621892252958219,60.95411931498312,25863.390242667265 -0.8656345807522712,60.95950408615088,26378.089359268415 -0.8691763686414333,60.96504322780753,26897.800527875006 -0.872816082408292,60.97073921709671,27422.49184433149 -0.8765552186954437,60.97659453569728,27952.131211735832 -0.8803952777517452,60.98261167028889,28486.686421012564 -0.884337763785993,60.98879311292759,29026.125218767447 -0.8883841828837831,60.99514135748035,29570.415032350866 -0.8925360424818791,61.001658898567676,30119.52292204569 -0.8967948555741714,61.008348238151314,30673.416180256936 -0.9007955779578651,61.014638054367296,31185.720393775227 -0.9011621415963873,61.01521188675674,31232.062450460035 -0.9056394270180022,61.02225236422098,31795.429800136844 -0.9102282460780771,61.02947220067049,32363.486807641493 -0.9149301432950665,61.036873940374434,32936.20286793339 -0.9197466734675004,61.04446014152653,33513.54816953881 -0.9246794003581158,61.05223337388081,34095.49350888483 -0.9297298973909278,61.060196219653236,34682.01036029768 -0.934899748481314,61.068351274631034,35273.0709577454 -0.9401905488876423,61.07670114931727,35868.64837464418 -0.9456039060862054,61.08524847010718,36468.716601869346 -0.9511414406685503,61.093995880498305,37073.25062403561 -0.9568047872631382,61.10294604233411,37682.22649418749 -0.9625955954790584,61.112101637080755,38295.621407099134 -0.9685155308746971,61.1214653671381,38913.41377122353 -0.9696615714322547,61.12328036760505,39032.08219015596 -0.9745662759510765,61.13103995718569,39535.58327947485 -0.9807495311698062,61.1408281555639,40162.11097903306 -0.9870670159977522,61.15083273569171,40792.97934024544 -0.9935204699788187,61.161056497521834,41428.172324810475 -1.0001116538333008,61.1715022690352,42067.67545335515 -1.0068423505869077,61.18217290777519,42711.47587258656 -1.0137143667304827,61.19307130242434,43359.56242226257 -1.0207295334114406,61.20420037442426,44011.92570188687 -1.027889707659142,61.215563079642216,44668.5581376114 -1.0351967736447705,61.22716241008508,45329.45404922066 -1.0426526439794657,61.2390013956635,45994.60971758435 -1.0502592610501438,61.25108310601019,46664.02345254028 -1.0580185983994284,61.263410652355155,47337.69566179035 -1.0616799626635043,61.269229914831286,47652.530422587006 -1.0659326616904536,61.27598718870636,48015.628879818905 -1.0740034897508508,61.28881591314613,48697.82780244259 -1.0822331559549525,61.30190006966931,49384.29935032218 -1.0906237697022334,61.31524295016805,50075.05273726292 -1.0991774795243145,61.3288478990909,50770.09967494632 -1.1078964747963482,61.34271831577702,51469.45445098936 -1.1167829867932255,61.356857655689595,52173.13394984467 -1.1258392903226877,61.3712694325852,52881.15772003766 -1.1350677065698846,61.385957222666704,53593.54813743448 -1.1444706050764921,61.400924667281686,54310.33049241341 -1.1540504057138605,61.41617547558776,55031.53307343837 -1.1638095807406899,61.431713427332724,55757.18725419301 -1.173750656950233,61.447542375756015,56487.327584701234 -1.1812160807217538,61.459430801389104,57029.87627082075 -1.1838762179110063,61.46366625061986,57221.99188659579 -1.194188906310444,61.480089061377136,57961.22135284804 -1.2046914264029738,61.49681490048545,58705.060652171596 -1.215386546573427,61.513847946876076,59453.55803856364 -1.226277102020731,61.531192469587864,60206.76546617324 -1.237365997569725,61.54885283157703,60964.73870990394 -1.2486562106207657,61.5668334937141,61727.53749220192 -1.260150794244396,61.5851390189805,62495.22561633057 -1.27185288043205,61.60377407687763,63267.87110663372 -1.2837656835126268,61.62274344806432,64045.54635630393 -1.2958925037461881,61.64205202923645,64828.32828303253 -1.3082367311073995,61.6617048382668,65616.29849331439 -1.3208018492707652,61.681707019623374,66409.5434557412 -1.3335914398142563,61.70206385008524,67208.15468421005 -1.333759243222005,61.702330952638356,67218.5764747801 -1.3337592382861772,61.702330944169915,67218.57654317319 -1.3337589973904755,61.70233054133788,67218.56088094774 -1.3337614246988778,61.702332419197425,67218.56082101748 -1.3466913162243372,61.722902133659545,68016.83287712513 -1.3596689343478374,61.74352984516158,68808.92185679567 -1.372694437748919,61.76421547717586,69594.92453522944 -1.385767980249625,61.784958943801584,70374.93727966011 -1.398889710822516,61.80576014986563,71149.05611191352 -1.4120597735956721,61.826618991019515,71917.37676117009 -1.4252783079451774,61.84753535397901,72679.99470244104 -1.4385454484168463,61.86850911648155,73437.00519431423 -1.4518613246086147,61.889540147181,74188.50331603517 -1.4652260611443353,61.910628305692484,74934.58399507836 -1.4786397776450713,61.93177344263572,75675.34202906335 -1.479888798179502,61.93374066229471,75743.88983884273 -1.492102588697037,61.9529753996702,76410.87210299338 -1.5056146038141378,61.97423400952468,77141.26880238655 -1.519175927398578,61.99554909602193,77866.62662282196 -1.5327866586973755,62.016920474099365,78587.03997654174 -1.5464468917573981,62.03834794982615,79302.60319641366 -1.5601567153776728,62.05983132041772,80013.41053758096 -1.5739162130598174,62.08137037424799,80719.55617722869 -1.5877254629571667,62.102964890859596,81421.13421267003 -1.6015845378224753,62.12461464097258,82118.23865803854 -1.6154935049536903,62.14631938649241,82810.96343966693 -1.6294524261395509,62.16807888051628,83499.40239052285 -1.6320522900418837,62.17212770121801,83626.84646953858 -1.6320522900418837,62.17212770121801,83626.84646953858 -1.643461390360983,62.18989293426083,84183.637012321 -1.6575207137224197,62.211761824347754,84863.66222745436 -1.6716308111445528,62.233686027582834,85539.4353418742 -1.6857920979500705,62.25566601915003,86210.91304516995 -1.70000498955892,62.27770227192193,86878.05154453326 -1.71426990144613,62.299795256365556,87540.80657291433 -1.7285872491603982,62.321945440546145,88199.1333876731 -1.74295744836013,62.34415329015446,88852.98676650654 -1.7573809148468058,62.36641926853254,89502.32100343055 -1.7718580645922657,62.38874383668848,90147.08990575947 -1.7863893137620153,62.41112745330433,90787.24679154038 -1.7904500480480579,62.41737619013223,90964.82578454015 -1.7904565952644589,62.4173507376608,90968.02794768065 -1.800981698555006,62.433545149555755,91425.94050454226 -1.8156224151732658,62.45604805542088,92056.77114720311 -1.8303182823009934,62.47861085249801,92682.96588645989 -1.8450696040692378,62.50123369216986,93304.54602709052 -1.859876686868688,62.52391672636588,93921.53296605192 -1.8747398393776962,62.54666010757621,94533.94819266669 -1.8896593725889375,62.56946398886169,95141.81328898031 -1.9046355998348758,62.59232852386349,95745.1499302224 -1.9196688368165837,62.61525386681553,96343.97988504407 -1.9347594016292646,62.63824017255281,96938.3250159417 -1.9499076147874916,62.6612875965181,97528.2072800037 -1.9555488350212045,62.66986740571693,97746.26904274555 -1.9555488350212045,62.66986740571693,97746.26904274555 -1.965113800487245,62.68439629742444,98113.6481325193 -1.9803783019960974,62.70756647020998,98694.66111496786 -1.9957014771510444,62.73079833606559,99271.25409520432 -2.011083686898928,62.75409211766869,99843.43483949488 -2.026525295076965,62.77744803865,100411.211135357 -2.042026668443384,62.80086632360153,100974.59079177043 -2.0575881767078954,62.82434719808351,101533.58163954635 -2.073210192566819,62.8478908886385,102088.19153100558 -2.0888930917366793,62.871497622800746,102638.42833998479 -2.1046372529854693,62.89516762910381,103184.29996227133 -2.120443058166188,62.91890113708948,103725.81431561412 -2.1278037005706665,62.929946730811615,103975.86149982727 -2.136310892251572,62.94269837731858,104262.97933982096 -2.1522411433676325,62.96655958137907,104795.80299697863 -2.168234202826511,62.99048498189253,105324.29327184582 -2.184290465162121,63.01447481252476,105848.45817191034 -2.2004103281658445,63.038529307995155,106368.30572753114 -2.2165941929208657,63.06264870408386,106883.84399230745 -2.232842463837187,63.08683323763941,107395.08104344168 -2.2491555486891457,63.11108314658922,107902.02498175585 -2.265533858652475,63.135398669948174,108404.68393200717 -2.2819778083400593,63.1597800478269,108903.06604317084 -2.2984878158400193,63.18422752143932,109397.1794888057 -2.307717473260084,63.19788297043061,109670.74154136845 -2.3077174731874948,63.197882970321686,109670.74155063982 -2.3077172076525585,63.19788257311281,109670.7193269931 -2.3077109066184676,63.19783799387924,109674.83420442113 -2.3243252658653546,63.22238981569282,110162.34410981633 -2.341007981054304,63.24701016268842,110645.71616466218 -2.3577594750815933,63.271699261418945,111124.96629328144 -2.3745801744724417,63.2964573395754,111600.110494006 -2.391470509420344,63.32128462599506,112071.16484003745 -2.408430913827715,63.346181350670406,112538.14548000446 -2.425461825346474,63.371147744757536,113001.06863885594 -2.4425636854190316,63.39618404058501,113459.95061846133 -2.4597369393205213,63.42129047166253,113914.8077984828 -2.4769820362006953,63.44646727268996,114365.65663705277 -2.494299429127068,63.47171467956589,114812.51367159712 -2.5116895751281163,63.497032929396745,115255.39551961629 -2.5291529352376756,63.5224222605058,115694.31887948577 -2.546689974538822,63.54788291244221,116129.30053124274 -2.564301162209972,63.57341512599016,116560.35733743466 -2.5819869715698474,63.59901914317818,116987.50624391233 -2.5997478801244824,63.62469520728842,117410.76428070119 -2.617584369613894,63.650443562866066,117830.14856283535 -2.6354969260602275,63.67626445572891,118245.67629120247 -2.653486039815448,63.70215813297695,118657.36475342145 -2.6715522056110785,63.72812484300177,119065.23132472011 -2.6896959226072,63.75416483549687,119469.29346882462 -2.702154947532506,63.77202558603774,119743.59792826817 -2.707917694442642,63.780278361465776,119869.56873899726 -2.726218029286372,63.80646567323378,120266.07477876678 -2.7445974398898443,63.832727024457874,120658.82932289242 -2.7630564436392433,63.85906267013716,121047.85019821793 -2.781595562609084,63.88547286662302,121433.15532465113 -2.8002153236157596,63.91195787162998,121814.76271609426 -2.818916258272907,63.93851794424555,122192.69048141269 -2.83769890304643,63.965153344941385,122566.95682539794 -2.8565637993114024,63.99186433558408,122937.58004972733 -2.875511493408567,64.01865117944575,123304.57855399618 -2.894542536702886,64.04551414121522,123667.97083666915 -2.913657485642034,64.07245348700928,124027.77549612528 -2.9328569018161375,64.09946948438379,124384.01123164113 -2.9521413520185433,64.12656240234517,124736.6968444885 -2.9715114083067533,64.15373251136171,125085.85123891226 -2.990967648065009,64.18098008337569,125431.49342321794 -3.0105106540674456,64.20830539181469,125773.64251084055 -3.03014101454238,64.23570871160373,126112.31772142492 -3.0498593232368307,64.26319031917743,126447.5383818808 -3.0696661794831925,64.29075049249218,126779.32392755884 -3.089562188265745,64.3183895110382,127107.69390330551 -3.1095479602889213,64.34610765585235,127432.66796460465 -3.1296241120461445,64.37390520953083,127754.26587874063 -3.137047822829743,64.38416981607826,127871.94029119382 -3.14979126588986,64.40178245624155,128072.50752592791 -3.1700500501025886,64.4297396817377,128387.41290049892 -3.190401098969005,64.45777717337013,128699.00211209097 -3.2108450528492085,64.48589522010124,129007.29538680115 -3.2313825582529603,64.51409411251801,129312.31306845075 -3.2520142679149444,64.5423741428457,129614.0756197501 -3.2727408408717906,64.57073560496154,129912.60362358208 -3.293562942539211,64.59917879440873,130207.91778425974 -3.314481244791182,64.62770400841033,130500.0389287443 -3.3354964260399242,64.65631154588384,130788.98800795013 -3.3566091713173023,64.68500170745524,131074.78609806095 -3.377820172357417,64.71377479547384,131357.45440182745 -3.3991301276802233,64.74263111402689,131637.01424987993 -3.420539742676965,64.7715709689547,131913.4871021015 -3.44204972969618,64.80059466786571,132186.89454895776 -3.4636608081319196,64.82970252015187,132457.2583128893 -3.48537370451254,64.85889483700416,132724.60024970133 -3.5071891525914225,64.88817193142823,132988.94234998262 -3.529107893438834,64.91753411826038,133250.3067405178 -3.551130675535262,64.94698171418403,133508.71568573438 -3.5732582548664595,64.97651503774527,133764.19158915814 -3.5954913950195646,65.00613440937019,134016.75699492535 -3.6178308672809294,65.03584015138144,134266.43458923628 -3.619014393323937,65.03741134155638,134279.54040660642 -3.640277450735937,65.0656325880148,134513.24720190951 -3.6628319323696132,65.09551204543682,134757.21780788264 -3.6854951071692312,65.12547885176234,134998.3695287965 -3.7082677782291285,65.15553333707146,135236.72563457512 -3.7311507568554703,65.18567583342832,135472.30954495718 -3.7541448626755027,65.21590667489849,135705.14483120132 -3.7772509237453846,65.24622619756786,135935.25521766333 -3.80046977666251,65.27663473956079,136162.66458344582 -3.82380226667766,65.30713264105931,136387.39696411448 -3.847249247810282,65.33772024432218,136609.47655337624 -3.8708115829648477,65.36839789370407,136828.9277047852 -3.8944901440498825,65.3991659356754,137045.77493352006 -3.91828581209802,65.43002471884195,137260.04291809205 -3.9421994773887263,65.46097459396553,137471.7565022047 -3.9662320395731285,65.49201591398385,137680.94069651488 -3.9704673171702893,65.49747802661973,137717.4261968712 -3.9704673171702893,65.49747802661973,137717.4261968712 -3.990384410215711,65.52314903292563,137887.62088086514 -4.01465752710169,65.55437429944514,138091.82398015037 -4.039052344938796,65.58569206117804,138293.57767880082 -4.063569828642358,65.61710266790288,138492.90985343486 -4.088210953451551,65.64860647157201,138689.84857295256 -4.112976705071162,65.68020382633253,138884.422100723 -4.137868079815803,65.71189508854705,139076.658896749 -4.156295710965196,65.73531444386641,139216.87378156092 -4.162886084756451,65.74368061681534,139266.5876198598 -4.188031737869494,65.77556077199534,139454.23712992942 -4.213306068188842,65.80753591722578,139639.63649015114 -4.238710115959691,65.83960641794775,139822.8149693141 -4.264244932795577,65.87177264192755,140003.80204412976 -4.289911581838055,65.90403495927993,140182.62740160845 -4.315711137919038,65.93639374249035,140359.32094140118 -4.341644687726273,65.96884936643944,140533.91277825812 -4.367713329970627,66.00140220842643,140706.43324446064 -4.393918175558213,66.03405264819337,140876.9128923259 -4.420260347763303,66.06680106794995,141045.38249673077 -4.446740982406084,66.09964785239818,141211.87305766396 -4.473361228032559,66.13259338875802,141376.41580281616 -4.500122246097931,66.1656380667929,141539.0421902266 -4.52702521115333,66.19878227883574,141699.78391095536 -4.554071311035557,66.23202641981578,141858.6728918008 -4.581261747060864,66.26537088728497,142015.74129804975 -4.608597734221121,66.2988160814459,142171.0215362291 -4.63608050138447,66.33236240517897,142324.54625701485 -4.663711291499737,66.36601026407088,142476.3483580209 -4.691491361803401,66.39976006644308,142626.46098677578 -4.719421984031271,66.43361222338082,142774.9175436602 -4.747504444633876,66.46756714876288,142921.7516849385 -4.759385516696511,66.48190497381965,142983.14280228078 -4.775740044995928,66.50162525929098,143066.99732573907 -4.804130101658927,66.53578697452093,143210.6886432357 -4.8326759465493865,66.57005271689283,143352.86007972262 -4.861378927209671,66.60442291176301,143493.54634585144 -4.890240407034582,66.63889798743594,143632.78242383513 -4.919261765510953,66.67347837519601,143770.60357076334 -4.948444398462982,66.70816450934154,143907.04532192013 -4.977789718301608,66.74295682721711,144042.14349418908 -5.007299154278201,66.77785576924862,144175.93418948946 -5.0369741527438805,66.81286177897722,144308.45379829133 -5.0668161774129885,66.84797530309498,144439.7390031445 -5.089715663101629,66.8748566586723,144539.1653924389 -5.089740983873639,66.87491348190707,144539.6060854955 -5.096852132678123,66.88325367198281,144570.27544708672 -5.127033109985291,66.91858382202567,144699.2359894657 -5.1573856326730265,66.95402285539345,144827.07065769227 -5.18791125250317,66.9895712399978,144953.81460718 -5.218611540269592,67.02522944715862,145079.50328043627 -5.24948808609912,67.06099795164438,145204.17241066933 -5.280542499759235,67.09687723171231,145327.8580254173 -5.311776410971504,67.13286776914974,145450.59645026867 -5.343191469730584,67.16897004931648,145572.42431265512 -5.374789346630735,67.20518456118742,145693.378545644 -5.406571733197609,67.24151179739577,145813.49639187191 -5.43854034222727,67.2779522542778,145932.81540750922 -5.441929441014622,67.28180778228345,145945.3729707584 -5.470696908132368,67.31450643191758,146051.37346624088 -5.503043187294168,67.35117483419282,146169.2087634283 -5.535580958422827,67.38795796882187,146286.3598202166 -5.56831202292409,67.42485634741074,146402.86548778205 -5.601238205274285,67.46187048550183,146518.76495167834 -5.634361353401857,67.4990009026233,146634.0977361433 -5.667683339077996,67.53624812233852,146748.90370860067 -5.701206058314256,67.57361267229794,146863.22308417675 -5.734931431768871,67.61109508429074,146977.09643032795 -5.768861405161658,67.6486958942975,147090.5646714664 -5.802997949697158,67.68641564254476,147203.66909381756 -5.837343062496473,67.72425487355939,147316.45135018424 -5.871898767039227,67.76221413622497,147428.9534649588 -5.906667113613366,67.80029398383861,147541.2178390934 -5.941650179775706,67.83849497416941,147653.2872552525 -5.9768500708212855,67.8768176695172,147765.2048830023 -6.012268920263978,67.9152626367733,147877.01428408764 -6.0479088903258,67.95383044748219,147988.75941789628 -6.083772172437932,67.99252167790362,148100.48464688042 -6.119860987752475,68.03133690907731,148212.23474221368 -6.156177587664672,68.07027672688778,148324.05488942369 -6.192724254347127,68.10934172213102,148435.9906942591 -6.221756774577727,68.14028772158471,148524.51987275708 -6.229503301295665,68.14853249058237,148548.08818851778 -6.266517073886689,68.18784963306581,148660.3938361359 -6.303767949947428,68.22729375552466,148772.9545392922 -6.341258340338527,68.26686546909316,148885.81764464107 -6.378990689549539,68.30656539017058,148999.03094971887 -6.416967476308116,68.34639414049585,149112.6427093659 -6.4551912142025,68.38635234722436,149226.70164242847 -6.493664452318058,68.42644064300598,149341.2569384118 -6.507243250260956,68.44055526833722,149381.6290019613 -6.507243250260956,68.44055526833722,149381.6290019613 -6.5323897817727925,68.46665966442174,149456.3585113674 -6.5713699039550875,68.50701003320597,149572.05983716904 -6.610607608887051,68.54749236259484,149688.41700432403 -6.650105727849052,68.5881072708474,149805.48669657492 -6.689867133203904,68.62885538158278,149923.32616218663 -6.729894739169424,68.66973732385773,150041.99322239764 -6.770191502608952,68.71075373224714,150161.54628015828 -6.8107604238407475,68.75190524692562,150282.04432899202 -6.851604547465456,68.7931925137509,150403.5469620194 -6.8927269632146135,68.83461618434897,150526.11438119493 -6.934130806817336,68.87617691620169,150649.8074067704 -6.97581926088975,68.91787537273557,150774.68748687988 -7.017795555843634,68.95971222341288,150900.8167073771 -7.060062970818819,69.00168814382508,151028.25780186412 -7.102624834636799,69.04380381578788,151157.07416193344 -7.122909258485777,69.0638225093031,151218.65307810367 -7.145484526777977,69.08605992743865,151287.32984764245 -7.188645478382682,69.12845717333613,151419.08959819283 -7.232111173277076,69.17099625456272,151552.41884285805 -7.275885149023509,69.21367787882836,151687.3837121202 -7.319970997997871,69.25650276057756,151824.05104909686 -7.36437236849315,69.29947162109869,151962.48842114437 -7.409092965850334,69.34258518863594,152102.76413186148 -7.454136553618753,69.38584419850376,152244.94723313092 -7.499506954744618,69.42924939320443,152389.10753771325 -7.545208052790258,69.47280152254787,152535.31563183878 -7.591243793184958,69.516501343775,152683.6428883298 -7.637618184506323,69.56034962168413,152834.16147987556 -7.684335299796658,69.60434712875951,152986.9443926209 -7.731399277911919,69.64849464530442,153142.06544017998 -7.778814324906762,69.6927929595768,153299.5992778342 -7.826584715455056,69.73724286792819,153459.6214171479 -7.874714794308829,69.78184517494701,153622.20824094312 -7.923208977794616,69.82660069360456,153787.43701854273 -7.972071755350555,69.87151024540543,153955.38592147478 -8.021307691104425,69.91657466054131,154126.1340394958 -8.070921425493793,69.96179477804984,154299.76139704013 -8.120917676930219,70.00717144597606,154476.3489700308 -8.171301243508765,70.0527055215397,154655.97870312922 -8.17932186295792,70.05993409133215,154684.7224835574 -8.222077004764515,70.09839787130592,154838.73352742556 -8.273249923476385,70.14424937136127,155024.69737854425 -8.324825047522438,70.1902609074938,155213.95521519845 -8.376807511785103,70.23643337537895,155406.59303828125 -8.429202540111248,70.28276768076995,155602.69791031443 -8.482015447326091,70.3292647396935,155802.35797552814 -8.535251641305024,70.3759254786513,156005.66248040923 -8.588916625104105,70.42275083482699,156212.70179473958 -8.64301599915143,70.46974175629909,156423.56743327127 -8.697555463501772,70.51689920226019,156638.3520779018 -8.752540820156582,70.56422414324197,156857.1496004697 -8.807977975451536,70.61171756134756,157080.0550861859 -8.86387294251432,70.65938045048979,157307.16485763332 -8.920231843794568,70.70721381663746,157538.5764994935 -8.97706091366922,70.75521867806846,157774.38888391043 -9.034366501125987,70.80339606563011,158014.7021965222 -9.092155072526452,70.85174702300843,158259.61796333196 -9.150433214454267,70.9002726070045,158509.23907818377 -9.20920763664867,70.94897388782044,158763.66983113167 -9.2684851750289,70.99785194935333,159023.01593756874 -9.32827279481154,71.04690788949917,159287.38456821704 -9.388577593724278,71.09614282046563,159556.8843799374 -9.43980471279906,71.13777302374247,159788.05754783298 -9.449406805320905,71.14555786909547,159831.62554749835 -9.510767802399755,71.19515417720037,160111.71979623396 -9.572668100530905,71.2449329019047,160397.28043572904 -9.635115361695796,71.29489521600156,160688.42239442983 -9.698117398043507,71.34504230832042,160985.26225537533 -9.761682175768385,71.3953753841063,161287.9182929837 -9.825817819114377,71.44589566541256,161596.5105109608 -9.890532614509766,71.49660439150645,161911.16068138945 -9.955835014839181,71.54750281928885,162231.99238505185 -10.02173364385709,71.59859222372823,162559.1310530035 -10.088237300749142,71.64987389831018,162892.70400948136 -10.155354964847731,71.70134915550207,163232.8405161652 -10.223095800506883,71.75301932723484,163579.67181791447 -10.291469162145063,71.8048857654017,163933.3311899418 -10.36048459946062,71.85694984237513,164293.95398658107 -10.43015186282986,71.90921295154244,164661.67769165259 -10.50048090889237,71.96167650786117,165036.64197052876 -10.571481906334725,72.01434194843524,165418.98872394813 -10.643165241879274,72.06721073311294,165808.86214369547 -10.715541526486902,72.12028434510687,166206.40877015467 -10.788621601784996,72.17356429163871,166611.77755192056 -10.862416546728127,72.22705210460798,167025.11990744187 -10.936937684504016,72.28074934128732,167446.58978890948 -10.976504497130634,72.30913111887946,167672.0159030092 -10.976504498971508,72.30913112024581,167672.01592981655 -10.976508427736064,72.30913396976553,167672.14361140213 -10.976536949474053,72.30916579907453,167678.36796949996 -10.976537407078638,72.30916614606483,167678.3707368613 -10.976537864683166,72.30916649305507,167678.3735042354 -10.976538322287752,72.30916684004536,167678.3762715968 -10.976538779892337,72.30916718703565,167678.37903895817 -10.976539237496922,72.30916753402597,167678.38180633044 -10.976539695101565,72.30916788101628,167678.38457369272 -10.976539695101565,72.30916788101618,167678.38457369636 -10.976539695101565,72.30916788101618,167678.38457369636 -10.97653969508525,72.30916788102353,167678.3845774826 -11.052030740489556,72.36307148173891,168107.3561116109 -11.127945962726756,72.4169521826684,168534.29191573925 -11.204289123318063,72.47080977915097,168959.19479630628 -11.281064025622186,72.52464406352794,169382.06756150792 -11.358274515374433,72.57845482510115,169802.91302124714 -11.435924481233826,72.63224185008961,170221.7339872086 -11.514017855337443,72.68600492158576,170638.5332728041 -11.592558613861627,72.73974381951089,171053.3136932063 -11.671550777592131,72.79345832057011,171466.0780653485 -11.75099841250153,72.84714819820626,171876.82920794305 -11.830905630334257,72.90081322255303,172285.56994146947 -11.91127658920027,72.95445316038767,172692.30308818442 -11.992115494176232,73.00806777508238,173097.03147215443 -12.07342659791584,73.06165682655542,173499.7579191986 -12.155214201267086,73.11522007122122,173900.4852569651 -12.237482653899235,73.16875726193922,174299.2163149138 -12.320236354937947,73.22226814796258,174695.953924288 -12.403479753608394,73.27575247488572,175090.70091816282 -12.487217349888226,73.32920998459052,175483.46013145056 -12.571453695168088,73.38264041519218,175874.23440085968 -12.65619339292249,73.43604350098464,176263.02656496683 -12.741441099388567,73.48941897238359,176649.83946417397 -12.827201524254633,73.54276655586965,177034.67594072752 -12.913479431357246,73.59608597393066,177417.53883873753 -13.00027963938885,73.6493769450025,177798.43100416748 -13.08760702261361,73.70263918340865,178177.355284849 -13.175466511593584,73.7558723992997,178554.3145304746 -13.263863093924101,73.80907629859105,178929.3115926439 -13.352801814979273,73.86225058289975,179302.34932481017 -13.44228777866715,73.91539494948039,179673.43058233202 -13.53232614819467,73.96850909115966,180042.55822245977 -13.622922146842825,74.02159269626999,180409.73510434013 -13.7140810587523,74.07464544858202,180774.96408904425 -13.805808229718593,74.12766702723586,181138.2480395423 -13.898109067998348,74.18065710667139,181499.58982072165 -13.990989045125161,74.2336153565568,181858.99229942332 -14.084453696737057,74.28654144171661,182216.4583443955 -14.17850862341345,74.33943502205818,182571.99082632634 -14.273159491523415,74.39229575249658,182925.5926178639 -14.36841203408477,74.4451232828786,183277.2665935954 -14.46427205163377,74.49791725790578,183627.01563006794 -14.560745413105963,74.55067731705502,183974.84260579312 -14.657838056727996,74.60340309449907,184320.75040125256 -14.755555990920357,74.65609421902471,184664.7418989005 -14.853905295211746,74.70875031394998,185006.8199831694 -14.952892121164268,74.7613709970399,185346.98754049986 -15.052522693309925,74.81395588042079,185685.24745930516 -15.152803310099046,74.86650457049274,186021.60262999858 -15.253740344859466,74.91901666784119,186356.055945007 -15.355340246767696,74.97149176714665,186688.61029877825 -15.457609541831118,75.02392945709246,187019.26858775824 -15.56055483388269,75.0763293202719,187348.03371043745 -15.664182805585995,75.12869093309246,187674.90856732184 -15.768500219453017,75.18101386567999,187999.89606096278 -15.873513918873186,75.2332976817794,188322.9990959553 -15.979230829154005,75.28554193865523,188644.22057894352 -16.08565795857396,75.33774618698968,188963.56341861247 -16.192802399446236,75.38990997077883,189281.03052573805 -16.30067132919504,75.44203282722725,189596.6248131317 -16.40927201144325,75.49411428664115,189910.3491957012 -16.51861179711142,75.54615387231877,190222.20659042706 -16.628698125529752,75.59815110043992,190532.19991638526 -16.739538525559965,75.65010547995257,190840.33209471637 -16.851140616729936,75.70201651245841,191146.60604868914 -16.963512110379725,75.7538836920957,191451.02470366782 -17.076660810818737,75.80570650542067,191753.5909871258 -17.190594616494707,75.85748443128622,192054.3078286664 -17.30532152117314,75.90921694071916,192353.1781599786 -17.420849615129555,75.96090349679484,192650.20491492213 -17.53718708635114,76.01254355450996,192945.39102948693 -17.654342221750426,76.06413656065313,193238.73944177013 -17.7723234083889,76.11568195367249,193530.25309206624 -17.891139134712603,76.16717916354244,193819.93492278797 -18.01079799179672,76.21862761162667,194107.78787852905 -18.1313086746012,76.2700267105396,194393.814906035 -18.25267998323659,76.32137586400519,194678.0189542242 -18.374920824239098,76.3726744667136,194960.40297422497 -18.49804021185588,76.42392190417479,195240.96991930492 -18.62204726933885,76.47511755257028,195519.72274495166 -18.746951230248328,76.52626077860177,195796.66440884466 -18.872761439764645,76.57735093933775,196071.79787087897 -18.999487356008274,76.62838738205684,196345.12609313062 -19.12713855136832,76.6793694440891,196616.65203992833 -19.255724713837708,76.73029645265409,196886.37867778834 -19.385255648356292,76.78116772469636,197154.3089754814 -19.515741278160306,76.83198256671872,197420.445904002 -19.647191646137742,76.88274027461125,197684.79243660023 -19.779616916189752,76.93344013347908,197947.35154875525 -19.913027374596652,76.984081417466,198208.12621819822 -20.04743343138938,77.03466338957611,198467.11942494495 -20.182845621723175,77.0851853014912,198724.33415126125 -20.319274607256602,77.13564639338655,198979.77338167676 -20.456731177530912,77.18604589374243,199233.44010302753 -20.59522625135253,77.23638301915318,199485.33730439702 -20.734770878176334,77.28665697413275,199735.46797718608 -20.875376239487878,77.3368669509172,199983.8351151011 -21.017053650186995,77.38701212926406,200230.4417141313 -21.159814559967344,77.43709167624777,200475.29077257332 -21.303670554694804,77.48710474605284,200718.3852910757 -21.44863335778166,77.5370504797625,200959.72827255083 -21.59471483155545,77.58692800514463,201199.32272230653 -21.741926978622473,77.63673643643403,201437.17164792816 -21.890281943223897,77.68647487411117,201673.27805939293 -22.039792012583007,77.73614240467758,201907.644968971 -22.19046961824256,77.78573810042704,202140.2753913435 -22.34232733739185,77.83526101921426,202371.17234350354 -22.495377894179,77.8847102042186,202600.338844838 -22.649634161010795,77.93408468370517,202827.77791710486 -22.80510915983581,77.98338347078185,203053.49258443675 -22.961816063408662,78.03260556315206,203277.48587334008 -23.11976819653694,78.0817499428644,203499.76081274418 -23.278979037304623,78.13081557605852,203720.32043393573 -23.43946221827315,78.17980141270648,203939.1677706244 -23.60123152765641,78.22870638635078,204156.30585894905 -23.764300910468023,78.27752941383837,204371.73773744507 -23.92868446963905,78.32626939505045,204585.46644706075 -24.094396467103138,78.3749252126292,204797.4950311973 -24.26145132484544,78.42349573169919,205007.8265356833 -24.42986362591637,78.47197979958604,205216.4640087767 -24.59964811540317,78.52037624553053,205423.41050120103 -24.770819701358676,78.56868388039865,205628.66906612908 -24.94339345568477,78.61690149638783,205832.2427591984 -25.117384614965772,78.66502786672936,206034.1346384803 -25.29280858124929,78.71306174538626,206234.34776457815 -25.469680922772056,78.76100186674746,206432.88520052464 -25.648017374625624,78.80884694531825,206629.75001186988 -25.827833839358902,78.85659567540614,206824.94526663414 -26.009146387514477,78.9042467308033,207018.47403534886 -26.191971258093133,78.95179876446464,207210.3393910511 -26.376324858944088,78.99925040818233,207400.54440928088 -26.562223767075523,79.04660027225619,207589.0921681057 -26.74968472888071,79.09384694516014,207775.98574809963 -26.938724660277046,79.14098899320538,207961.22823239875 -27.129360646749717,79.18802496019894,208144.82270663028 -27.321609943298654,79.2349533670995,208326.7722590026 -27.515489974280968,79.28177271166881,208507.07998026337 -27.711018333143727,79.32848146811976,208685.74896371047 -27.908212782043677,79.37507808676142,208862.7823051902 -28.107091251343775,79.42156099363984,209038.18310315273 -28.30767183898604,79.46792859017634,209211.95445858303 -28.50997280972905,79.5141792528023,209384.0994750735 -28.71401259424698,79.56031133259057,209554.62125878874 -28.919809788081864,79.60632315488442,209723.52291849803 -29.127383150443848,79.65221301892355,209890.8075655618 -29.33675160284986,79.69797919746709,210056.47831395981 -29.54793422759417,79.74361993641465,210220.53828025493 -29.76095026604571,79.78913345442464,210382.9905836501 -29.97581911675843,79.83451794253038,210543.83834597774 -30.192560333393374,79.87977156375489,210703.08469169866 -30.411193622438077,79.92489245272293,210860.7327478785 -30.631738840718413,79.96987871527249,211016.78564428675 -30.85421599269273,80.01472842806453,211171.2465132905 -31.078645227517598,80.0594396381917,211324.1184899289 -31.30504683587867,80.10401036278671,211475.40471192132 -31.53344124657434,80.14843858862969,211625.10831964208 -31.763849022842237,80.19272227175583,211773.23245612753 -31.996290858421105,80.23685933706336,211919.78026712695 -32.230787573333146,80.28084767792166,212064.75490104276 -32.40806700272361,80.31374865773756,212172.4834870438 -32.40806700272361,80.31374865773756,212172.4834870438 -32.46736010937411,80.3246851557818,212208.1595088921 -32.70602952469471,80.36836959995524,212349.9972310028 -32.94681698811013,80.4118988073891,212490.27118443156 -33.18974377473802,80.45527054199225,212628.98448596388 -33.43483126036995,80.49848253421527,212766.14025507934 -33.682100915356784,80.5415324806706,212901.74161399045 -33.93157429813607,80.58441804375654,213035.7916876292 -34.183273048387434,80.62713685128517,213168.2936036723 -34.43721887980615,80.66968649611549,213299.2504924996 -34.69343357247834,80.7120645357912,213428.6654872667 -34.9519389648475,80.75426849218525,213556.54172387312 -35.21275694525718,80.79629585115013,213682.8823409687 -35.47590944305716,80.83814406217616,213807.69047996364 -35.741418419259844,80.87981053805719,213930.9692850402 -36.00930585673257,80.92129265456559,214052.721903161 -36.279593749911214,80.96258775013627,214172.95148406993 -36.55230409402395,81.00369312556126,214291.6611802866 -36.82745887380821,81.04460604369551,214408.85414715193 -37.10508005170817,81.08532372917445,214524.53354276804 -37.38518955553985,81.12584336814491,214638.70252806647 -37.667809265608184,81.16616210800954,214751.36426680727 -37.952961001263986,81.2062770571865,214862.52192555 -38.2406665068857,81.24618528488462,214972.17867368 -38.53094743727462,81.28588382089602,215080.33768341102 -38.82382534244863,81.32536965540665,215187.00212981092 -39.11932165182236,81.36463973882576,215292.17519079702 -39.417457657761304,81.40369098163605,215395.86004710055 -39.71825449849791,81.44252025426555,215498.0598823586 -40.021733140398794,81.48112438698199,215598.77788304037 -40.32791435956898,81.51950016981145,215698.0172384856 -40.63681872278869,81.5576443524828,215795.78114093054 -40.94846656776633,81.59555364439846,215892.07278548475 -41.26287798270283,81.63322471463381,215986.89537013433 -41.580072785158734,81.67065419196608,216080.25209577772 -41.90007050021552,81.70783866493447,216172.14616620366 -42.2228903379268,81.74477468193291,216262.58078812226 -42.548551170051496,81.78145875133701,216351.55917114663 -42.87707150607093,81.81788734166688,216439.08452781852 -43.208469468479336,81.85405688178714,216525.1600735901 -43.54276276735396,81.88996376114612,216609.78902686748 -43.87996867420151,81.92560433005566,216692.97460899362 -44.22010399508372,81.96097490001316,216774.72004424362 -44.563185043026465,81.99607174406778,216855.02855986852 -44.909227609717334,82.03089109723223,216933.90338603785 -45.25824693650213,82.06542915694232,217011.3477559298 -45.61025768468568,82.09968208356541,217087.36490566752 -45.965273905152856,82.13364600096,217161.95807437543 -46.32330900732353,82.16731699708798,217235.13050412748 -46.68437572745711,82.20069112468119,217306.88544001078 -47.0484860963287,82.2337644019645,217377.22613011557 -47.415651406295694,82.26653281343638,217446.15582551068 -47.78588217778628,82.29899231070951,217513.67778030725 -48.159188125229946,82.3311388134122,217579.7952515868 -48.53557812246834,82.36296821015326,217644.51149949856 -48.91506016767778,82.39447635955099,217707.82978719944 -49.29764134784159,82.42565909132864,217769.7533808705 -49.68332780281543,82.45651220747722,217830.2855497468 -50.07212468902651,82.48703148348758,217889.4295661212 -50.46403614286146,82.51721266965293,217947.18870530505 -50.85906524378879,82.54705149244326,218003.56624571304 -51.25721397727608,82.57654365595239,218058.5654687875 -51.658483197559235,82.60568484341981,218112.18965907392 -52.062872590330244,82.63447071882703,218164.4421041665 -52.470380635407935,82.6628969285706,218215.32609477435 -52.88100456946478,82.69095910321154,218264.8449246699 -53.29474034888625,82.71865285930275,218313.00189074862 -53.71158261283955,82.74597380129413,218359.80029300027 -54.131524646636194,82.7729175235163,218405.24343450397 -54.554558345475755,82.79947961224305,218449.3346214913 -54.98067417865991,82.82565564783212,218492.077163286 -55.40986115437232,82.85144120694495,218533.47437236697 -55.842106785119995,82.876831864844,218573.52956432715 -56.27739705394043,82.90182319776817,218612.24605790083 -56.71571638147384,82.92641078538486,218649.62717499112 -57.15704759401058,82.95059021331772,218685.6762406451 -57.60137189262116,82.97435707574921,218720.39658304493 -58.04866882348233,82.99770697809619,218753.79153358517 -58.49891624951135,83.02063553975694,218785.8644268008 -58.9520903234224,83.04313839692767,218816.61860041277 -59.40816546232753,83.06521120548624,218846.05739533526 -59.86711432399187,83.0868496439407,218874.18415566845 -60.32890778486666,83.10804941643948,218901.0022287075 -60.79351492001558,83.12880625584093,218926.51496496456 -61.2609029850542,83.14911592683795,218950.7257181358 -61.73103740021571,83.16897422913507,218973.6378451671 -62.20388173665975,83.18837700067309,218995.25470621302 -62.679397705140275,83.207320120898,219015.57966464863 -63.1575451471366,83.22579951406921,219034.61608709404 -63.638282028558876,83.24381115260232,219052.36734342 -64.12156443613151,83.26135106044185,219068.83680672036 -64.60734657655019,83.27841531645817,219084.02785336785 -65.09558077850994,83.29500005786352,219097.94386298745 -65.58621749768685,83.31110148364095,219110.58821846655 -66.07920532476254,83.32671585798062,219121.96430597123 -66.57449099655844,83.34183951371685,219132.07551493996 -67.07201941034998,83.35646885575974,219140.92523811088 -67.57173364142079,83.37060036451459,219148.51687150166 -68.07357496390392,83.38423059928228,219154.85381443158 -68.57748287495332,83.39735620163407,219159.93946951948 -69.08339512227195,83.40997389875304,219163.77724271387 -69.59124773502452,83.4220805067357,219166.37054324563 -70.10097505813599,83.43367293384607,219167.72278370263 -70.61250978997845,83.44474818371494,219167.83737999323 -71.1257830234344,83.45530335847721,219166.71775134729 -71.64072429030665,83.46533566183963,219164.36732034798 -72.15726160904364,83.47484240207176,219160.78951292182 -72.67532153572347,83.48382099491293,219155.98775834587 -73.19482921824425,83.49226896638795,219149.96548928774 -73.71570845363658,83.50018395552422,219142.72614173024 -74.23788174841809,83.50756371696397,219134.27315507398 -74.76127038188912,83.51440612346406,219124.60997207655 -75.2857944722586,83.52070916827729,219113.7400388825 -75.81137304547724,83.52647096740897,219101.6668050279 -76.33792410664404,83.53168976174221,219088.39372344938 -76.86536471384034,83.53636391902675,219073.92425048692 -77.39361105423711,83.54049193572546,219058.26184590024 -77.92257852230665,83.54407243871347,219041.40997284866 -78.45218179996613,83.54710418682578,219023.37209791312 -78.98233493846726,83.54958607224803,219004.1516911142 -79.51295144184161,83.5515171217475,218983.75222590583 -80.04394435169974,83.55289649774029,218962.1771791908 -80.57522633318456,83.55372349919189,218939.4300312897 -81.10670976186111,83.55399756234863,218915.51426600473 -81.63830681133271,83.55371826129792,218890.43337057956 -82.1699295413643,83.55288530835568,218864.1908357422 -82.70148998629082,83.55149855428007,218836.7901556758 -83.23290024349001,83.5495579883108,218808.23482805316 -83.76407256169722,83.54706373803404,218778.52835401247 -84.29491942893787,83.54401606907372,218747.67423820595 -84.82535365986456,83.54041538460955,218715.6759887557 -85.35528848227233,83.53626222472408,218682.5371173254 -85.88463762258715,83.53155726558002,218648.26113903563 -86.41331539011429,83.52630131843087,218612.85157257225 -86.94123675984662,83.52049532846745,218576.311940099 -87.46831745363289,83.51414037350415,218538.64576734032 -87.99447401952472,83.50723766250792,218499.85658352397 -88.5196239091128,83.49978853397548,218459.94792144484 -89.0436855526869,83.49179445416215,218418.9233174284 -89.56657843205716,83.48325701516826,218376.78631134442 -90.08822315088253,83.47417793288804,218333.5404466334 -90.60854150236958,83.46455904482681,218289.18927029736 -91.12745653420905,83.4544023077925,218243.73633290088 -91.64489261063221,83.44370979546775,218197.18518858735 -92.16077547148649,83.43248369586897,218149.5393950772 -92.67503228822756,83.42072630869926,218100.8025136989 -93.1875917167556,83.40844004260185,218050.97810934694 -93.69838394702066,83.39562741232139,218000.0697505293 -94.20734074934342,83.38229103577963,217948.0810093637 -94.71439551740542,83.36843363107363,217895.01546157588 -95.21948330788047,83.35405801340275,217840.87668650955 -95.72254087668045,83.33916709193255,217785.66826711266 -96.22350671181448,83.32376386660245,217729.39379001217 -96.72232106285975,83.30785142488443,217672.05684542115 -97.21892596705993,83.29143293850036,217613.66102723058 -97.71326527207674,83.27451166010454,217554.20993294957 -98.20528465542736,83.25709091993875,217493.70716375962 -98.6949316406533,83.239174122467,217432.1563245012 -99.18215561027762,83.22076474299608,217369.5610236764 -99.66690781560595,83.20186632428891,217305.92487346713 -99.90853441072966,83.19222722912063,217273.69218327204 -99.90853441072966,83.19222722912063,217273.69218327204 -100.1491413834193,83.18248247316762,217241.2514898324 -100.62881131903578,83.16261685692213,217175.5444948303 -101.1058745070415,83.14227319994198,217108.8075166426 -101.58028970987044,83.12145528057395,217041.04418726912 -102.05201756307196,83.10016692780029,216972.2581424021 -102.52102056791324,83.07841201793521,216902.4530214474 -102.98726308145518,83.05619447135392,216831.63246754155 -103.45071130420757,83.03351824925926,216759.80012754645 -103.91133326547651,83.0103873504899,216686.95965206734 -104.36909880651666,82.98680580837475,216613.11469541577 -104.82397956160591,82.96277768763716,216538.26891567407 -105.27594893715587,82.93830708135265,216462.425974677 -105.7249820889817,82.91339810796347,216385.58953800838 -106.17105589784359,82.88805490835296,216307.76327501461 -106.61414894338034,82.86228164298258,216228.950858811 -107.05424147655324,82.8360824890943,216149.15596628544 -107.4913153907147,82.80946163798006,216068.38227810204 -107.92535419141453,82.78242329232107,215986.63347873482 -108.35634296506322,82.75497166359774,215903.91325642576 -108.78426834655451,82.72711096957262,215820.22530321774 -109.20911848596131,82.69884543184713,215735.5733149625 -109.63088301440831,82.67017927349312,215649.96099131805 -110.04955300922455,82.64111671676015,215563.39203578318 -110.4651209584741,82.61166198085918,215475.87015563023 -110.87758072496348,82.58181927982274,215387.39906200953 -111.28692750981398,82.5515928204423,215297.98246986684 -111.69315781569478,82.52098680028216,215207.62409801045 -112.09626940979439,82.49000540577045,215116.32766908588 -112.49626128661689,82.45865281036633,215024.0969095803 -112.8931336306799,82.4269331728033,214930.9355498599 -113.28688777918617,82.39485063540775,214836.8473241344 -113.67752618473978,82.36240932249231,214741.8359704934 -114.0650523781747,82.32961333882267,214645.90523089282 -114.44947093155366,82.2964667681575,214549.05885117024 -114.83078742139907,82.26297367185984,214451.30058106408 -115.20900839220843,82.22913808757913,214352.6341741872 -115.58414132030657,82.1949640280025,214253.06338804512 -115.95619457807962,82.160455479674,214152.59198407058 -116.32517739863593,82.1256164018803,214051.22372758796 -116.69109984093214,82.09045072560167,213948.96238784713 -117.05397275540417,82.05496235252623,213845.81173800415 -117.41380775013161,82.01915515412647,213741.77555515233 -117.77061715756915,81.98303297079607,213636.85762032127 -118.1244140018714,81.94659961104554,213531.06171846774 -118.47521196683434,81.9098588507549,213424.39163850487 -118.82302536447452,81.87281443248197,213316.85117327835 -119.16786910426626,81.83547006482443,213208.44411961208 -119.50975866305083,81.79782942183374,213099.17427826804 -119.84871005563247,81.75989614247965,212989.04545399547 -120.1847398060714,81.72167383016344,212878.06145548893 -120.5178649196838,81.68316605227798,212766.22609545666 -120.84810285575557,81.64437633981322,212653.5431905504 -121.17547150097442,81.60530818700532,212540.01656146557 -121.49998914358233,81.56596505102767,212425.6500328229 -121.82167444825433,81.52635035172247,212310.44743331586 -122.14054643169686,81.48646747137072,212194.4125955888 -122.45662443896956,81.44631975449978,212077.5493563224 -122.76992812052455,81.40591050772613,211959.86155621448 -123.08047740996005,81.36524299963249,211841.35303998756 -123.3882925024823,81.32432046067717,211722.0276563894 -123.69339383406916,81.2831460831349,211601.8892581942 -123.99580206132921,81.24172302106676,211480.94170222158 -124.29553804204582,81.20005439031894,211359.188849362 -124.59262281639795,81.15814326854776,211236.63456451596 -124.88707758884792,81.1159926952706,211113.2827166639 -125.1789237106849,81.07360567194102,210989.1371788599 -125.46818266321398,81.03098516204639,210864.20182818983 -125.7548760415763,80.98813409122793,210738.48054583868 -126.03902553919272,80.94505534742068,210611.9772170814 -126.32065293281343,80.90175178101308,210484.69573125656 -126.5997800681632,80.85822620502475,210356.63998179007 -126.87642884616972,80.81448139530156,210227.81386623136 -127.15062120975915,80.77052009072666,210098.22128618998 -127.42237913120792,80.72634499344672,209967.86614742086 -127.69172460003409,80.68195876911226,209836.7523597717 -127.95867961141869,80.63736404713123,209704.88383721112 -128.22326615513768,80.59256342093491,209572.26449782593 -128.48550620499557,80.54755944825517,209438.89826385202 -128.74542170874375,80.50235465141243,209304.7890616199 -128.9710864497681,80.46261532271397,209186.77072824448 -128.9710947099105,80.46261384478217,209187.0092106383 -129.00304283517974,80.45695003766659,209170.17947539443 -129.2583749126672,80.411351003084,209034.5974340071 -129.5114480476937,80.36555850158155,208898.28386300997 -129.76228400171527,80.31957491659777,208761.24237667045 -130.01090446636212,80.27340259770007,208623.4765932977 -130.25733105598377,80.22704386092097,208484.9901352891 -130.50158530058806,80.18050098910061,208345.7866290937 -130.74368863915623,80.13377623223343,208205.8697052371 -130.98366241332494,80.0868718078202,208065.24299835291 -131.2215278614209,80.03978990122368,207923.91014711667 -131.45730611283722,79.99253266602756,207781.87479431927 -131.69101818273754,79.94510222439854,207639.14058683894 -131.92268496707916,79.8975006674514,207495.71117566666 -132.1523272379399,79.84973005561528,207351.59021588514 -132.37996563914072,79.80179241900235,207206.78136670723 -132.60562068215134,79.75368975777735,207061.28829143927 -132.8293127422685,79.7054240425284,206915.11465751592 -133.05106205505768,79.65699721463821,206768.26413651815 -133.27088871304403,79.60841118665503,206620.74040414154 -133.4888126626496,79.55966784266472,206472.54714022984 -133.70485370135867,79.51076903866115,206323.68802875315 -133.9190314751092,79.46171660291658,206174.1667578617 -134.1313654758974,79.41251233635124,206023.98701981656 -134.3418750395868,79.36315801290161,205873.15251107974 -134.55057934391402,79.31365537988681,205721.66693224246 -134.75749740668348,79.26400615837431,205569.53398809675 -134.96264808414162,79.2142120435432,205416.75738758114 -135.16605006952173,79.16427470504529,205263.3408438369 -135.36772189175707,79.11419578736498,205109.28807416713 -135.56768191434716,79.06397691017561,204954.60280009502 -135.7659483343773,79.01361966869416,204799.2887473083 -135.96253918167884,78.96312563403302,204643.34964571754 -136.15747231812873,78.91249635354883,204486.7892294278 -136.35076543707748,78.86173335118893,204329.61123674523 -136.54243606290152,78.81083812783437,204171.81941021408 -136.73250155067373,78.75981216163997,204013.41749658057 -136.9209790859462,78.70865690837111,203854.4092468328 -137.10788568463985,78.65737380173772,203694.79841617795 -137.29323819303593,78.6059642537242,203534.58876405694 -137.4770532878628,78.55442965491648,203373.78405415712 -137.65934747647398,78.50277137482531,203212.38805442408 -137.84013709711368,78.45099076220625,203050.40453702805 -138.019438319264,78.39908914537583,202887.83727841836 -138.19726714406875,78.34706783252452,202724.69005928544 -138.37363940483118,78.29492811202542,202560.96666461963 -138.54857076758026,78.24267125273974,202396.6708836251 -138.72207673170394,78.19029850431866,202231.80650984886 -138.89417263064155,78.13781109750087,202066.37734106515 -139.064873632635,78.08521024440692,201900.3871793702 -139.2341947415349,78.03249713882964,201733.8398311267 -139.4021507976572,77.97967295652064,201566.73910700466 -139.56875647868725,77.92673885547352,201399.08882196597 -139.73402630063012,77.87369597620257,201230.89279529723 -139.89797461880053,77.82054544201816,201062.15485058236 -140.0606156288547,77.76728835929859,200892.87881571 -140.2219633678552,77.71392581775746,200723.0685229124 -140.38203171537313,77.66045889070809,200552.72780872654 -140.54083439461894,77.60688863532371,200381.86051403865 -140.69838497360433,77.5532160928941,200210.47048405217 -140.85469686632823,77.49944228907846,200038.5615683117 -141.0097833339905,77.44556823415468,199866.1376207201 -141.16365748622704,77.39159492326509,199693.20249951305 -141.31633228236362,77.33752333665814,199519.76006728545 -141.46782053269192,77.28335443992714,199345.8141910105 -141.6181348997597,77.22908918424476,199171.36874199606 -141.76728789967714,77.1747285065944,198996.42759592645 -141.91529190343826,77.12027332999807,198820.9946328734 -142.06215913825199,77.06572456374039,198645.0737372643 -142.20790168888578,77.0110831035897,198468.66879792014 -142.35253149901772,76.95634983201526,198291.78370805492 -142.4960603725969,76.90152561840144,198114.42236526363 -142.6384999752097,76.84661131925817,197936.58867155138 -142.77986183545366,76.79160777842863,197758.28653330245 -142.9201573463125,76.73651582729322,197579.51986132958 -143.05939776653705,76.68133628497023,197400.29257083734 -143.19759422202807,76.62606995851388,197220.60858145595 -143.3347577072186,76.57071764310855,197040.47181724035 -143.47089908645978,76.51528012226046,196859.8862066556 -143.60602909540248,76.45975816798568,196678.8556826077 -143.74015834238,76.40415254099558,196497.38418242213 -143.77361589043497,76.39020531982933,196451.8406551488 -143.77361589043497,76.39020531982933,196451.8406551488 -143.8732973096298,76.34846399095602,196315.4756698641 -144.00545635345458,76.29269325726268,196133.134305006 -144.13664570630473,76.2368410688995,195950.36435134354 -144.2668754788683,76.18090814427114,195767.17007778553 -144.39615566143945,76.1248951913706,195583.55575779296 -144.5244961252769,76.06880290794682,195399.52566938702 -144.65190662395676,76.01263198167021,195215.08409517354 -144.77839679471688,75.9563830902943,195030.235322326 -144.90397615979842,75.90005690181557,194844.9836426089 -145.0286541277748,75.84365407463089,194659.33335233785 -145.15243999487822,75.78717525769098,194473.28875246513 -145.275342946314,75.73062109065297,194286.85414851407 -145.39737205756867,75.67399220402937,194100.03385058462 -145.5185362957091,75.61728921933485,193912.83217341607 -145.63884452067163,75.56051274923045,193725.25343633152 -145.75830548654275,75.50366339766569,193537.30196326977 -145.87692784282925,75.44674176001804,193348.98208278447 -145.9947201357195,75.38974842322999,193160.29812804208 -146.1116908093329,75.33268396594427,192971.2544368431 -146.22784820696216,75.27554895863595,192781.85535160446 -146.3432005723001,75.21834396374331,192592.10521939804 -146.45775605066115,75.16106953579583,192402.0083918831 -146.57152269018815,75.10372622154033,192211.5692254092 -146.6845084430504,75.04631456006467,192020.79208094982 -146.79672116662823,74.98883508291985,191829.6813241068 -146.90816862468887,74.93128831423955,191638.2413251804 -147.01885848854928,74.87367477085817,191446.47645906842 -147.12879833822905,74.81599496242637,191254.3911053808 -147.23799566358898,74.75824939152467,191061.98964836402 -147.34645786546213,74.70043855377598,190869.27647693575 -147.4541922567699,74.64256293795506,190676.2559846784 -147.56120606362757,74.58462302609662,190482.93256988926 -147.66750642643885,74.52661929360212,190289.310635495 -147.77310040097808,74.46855220934384,190095.39458911968 -147.87799495946044,74.4104222357676,189901.18884310868 -147.98219699160043,74.35222982899435,189706.69781446396 -148.08571330566028,74.2939754389188,189511.9259248877 -148.18855062948387,74.23565950930721,189316.87760078785 -148.29071561152085,74.17728247789363,189121.55727327173 -148.39221482183947,74.11884477647428,188925.96937816142 -148.4930547531258,74.06034683099958,188730.118355993 -148.5932418216737,74.00178906166661,188534.00865199912 -148.69278236835996,73.94317188300748,188337.64471614177 -148.79168265961326,73.88449570397847,188141.03100310056 -148.88994888836504,73.82576092804607,187944.17197229722 -148.98758717499527,73.76696795327246,187747.07208786914 -149.0846035682605,73.7081171723993,187549.73581866853 -149.18100404621856,73.64920897293003,187352.16763833433 -149.27679451713323,73.59024373721064,187154.37202520206 -149.3719808203747,73.53122184251,186956.35346236487 -149.46656872730563,73.47214366109705,186758.11643766612 -149.56056394215648,73.41300956031878,186559.6654437113 -149.65397210289152,73.35381990267541,186361.0049778281 -149.74679878206106,73.29457504589472,186162.1395421389 -149.8390494876471,73.2352753430056,185963.07364351198 -149.93072966389406,73.17592114240972,185763.8117935767 -150.02184469213142,73.11651278795225,185564.35850874186 -150.11239989158557,73.0570506189917,185364.71831018207 -150.20240052018073,72.99753497046801,185164.89572386217 -150.2918517753303,72.93796617296994,184964.89528049642 -150.38075879471694,72.87834455280112,184764.72151561576 -150.46912665706387,72.8186704320456,184564.3789695132 -150.5569603828949,72.7589441286309,184363.87218728306 -150.64426493528538,72.69916595639185,184163.2057188026 -150.73104522060336,72.63933622513176,183962.3841187695 -150.81730608924045,72.57945524068364,183761.41194665342 -150.90305233633342,72.51952330497004,183560.29376673268 -150.9882887024768,72.4595407160615,183359.03414810673 -151.07301987442492,72.39950776823507,183157.63766467443 -151.15725048578554,72.33942475203064,182956.10889513593 -151.24098511770444,72.27929195430741,182754.45242303977 -151.3242282995405,72.21910965829841,182552.67283671038 -151.4069845095308,72.15887814366512,182350.7747293206 -151.48925817544904,72.09859768655078,182148.762698881 -151.57105367525332,72.03826855963234,181946.6413481987 -151.65237533772697,71.97789103217255,181744.4152849239 -151.73322744310786,71.91746537007013,181542.08912156537 -151.81361422371302,71.85699183591034,181339.6674754322 -151.89353986455086,71.79647068901325,181137.15496869554 -151.97300850393,71.73590218548277,180934.5562283679 -152.05202423405416,71.67528657825342,180731.8758863039 -152.13059110161416,71.61462411713764,180529.11857921752 -152.20871310836893,71.55391504887153,180326.288948655 -152.2863942117186,71.49315961716013,180123.39164103923 -152.3636383252724,71.4323580627217,179920.4313076507 -152.44044931940525,71.37151062333174,179717.4126046084 -152.51683102181028,71.31061753386615,179514.34019292536 -152.59278721804074,71.2496790263431,179311.21873845314 -152.6683216520477,71.18869532996536,179108.05291193447 -152.74343802670657,71.12766667116092,178904.84738897704 -152.81814000434088,71.06659327362362,178701.60685006523 -152.89243120723455,71.0054753583526,178498.3359805492 -152.96631521814078,70.94431314369174,178295.03947068134 -153.03979558078163,70.88310684536792,178091.7220155934 -153.1128758003426,70.82185667652887,177888.3883152721 -153.1855593439578,70.76056284778058,177685.04307463535 -153.25784964119237,70.69922556722385,177481.6910034724 -153.3297500845138,70.63784504049042,177278.3368164628 -153.40126402976128,70.57642147077868,177074.98523318555 -153.4723947966043,70.51495505888835,176871.64097812818 -153.5431456689996,70.4534460032551,176668.30878066775 -153.61351989563684,70.3918944999842,176464.99337509432 -153.68352069038272,70.33030074288432,176261.6995005801 -153.7531512327166,70.26866492349981,176058.43190125507 -153.82241466815927,70.20698723114332,175855.19532611215 -153.89131410869942,70.14526785292783,175651.99452907746 -153.95985263321043,70.08350697379734,175448.83426900287 -154.02803328786368,70.0217047765583,175245.71930963977 -154.0958590865353,69.95986144190947,175042.65441967617 -154.16333301120767,69.89797714847236,174839.6443727097 -154.23045801236685,69.83605207282011,174636.69394727095 -154.29723700939024,69.77408638950689,174433.80792682 -154.36367289093508,69.71208027109607,174230.99109973645 -154.42976851531577,69.65003388818843,174028.24825934749 -154.49552671088068,69.58794740944994,173825.58420390432 -154.56095027638054,69.52582100163875,173623.0037366058 -154.62604198133388,69.46365482963235,173420.51166555576 -154.69080456638625,69.40144905645342,173218.11280383644 -154.7552407436652,69.33920384329639,173015.8119694661 -154.81935319713006,69.27691934955288,172813.61398538048 -154.88314458291717,69.21459573283659,172611.5236795058 -154.94661752968062,69.15223314900868,172409.5458846814 -155.00977463892804,69.08983175220173,172207.68543870782 -155.07261848535123,69.02739169484404,172005.9471843433 -155.135151617154,68.96491312768363,171804.33596929742 -155.19737655637357,68.90239619981085,171602.85664622823 -155.2592957991988,68.83984105868242,171401.51407276245 -155.320911816285,68.77724785014323,171200.31311149977 -155.38222705306063,68.71461671844915,170999.25862996315 -155.4432439300361,68.65194780628885,170798.35550067583 -155.5039648431013,68.58924125480543,170597.60860111055 -155.5643921638254,68.5264972036181,170397.02281370864 -155.62452823974823,68.46371579084284,170196.60302587636 -155.68437539467,68.4008971531132,169996.35413001306 -155.74393592893614,68.33804142560099,169796.28102345485 -155.8032121197192,68.2751487420359,169596.38860854556 -155.8622062212949,68.21221923472586,169396.68179256478 -155.9209204653182,68.14925303457616,169197.16548782252 -155.97935706109146,68.086250271109,168997.84461157196 -156.0375181958315,68.02321107248207,168798.72408604296 -156.09540603493284,67.96013556550778,168599.80883845856 -156.1530227222266,67.8970238756711,168401.10380103215 -156.21037038023684,67.83387612714809,168202.61391094938 -156.26745111043297,67.77069244282356,168004.3441103862 -156.3242669934783,67.70747294430892,167806.29934650462 -156.38082008947612,67.64421775195922,167608.48457145493 -156.4371124382129,67.58092698489058,167410.90474238264 -156.4931460593963,67.51760076099703,167213.56482141983 -156.54892295289218,67.45423919696682,167016.46977569454 -156.60444509895734,67.39084240829915,166819.62457731515 -156.65971445846918,67.32741050932023,166623.03420341868 -156.71473297315197,67.26394361319907,166426.70363609522 -156.76950256580236,67.20044183196337,166230.6378624653 -156.82402514050844,67.13690527651478,166034.8418746307 -156.87830258286772,67.07333405664446,165839.3206696992 -156.93233676020384,67.00972828104788,165644.0792497915 -156.98612952177663,66.94608805733951,165449.12262199706 -157.03968269899266,66.88241349206781,165254.45579844018 -157.09299810561254,66.81870469072939,165060.08379623745 -157.09304082713203,66.81865458326257,165059.93107947597 -157.09304082713203,66.81865458326257,165059.93107947597 -157.1460775385389,66.75496175739045,164866.01152280672 -157.19892277977112,66.69118479351279,164672.2434305493 -157.2515355948174,66.62737389913627,164478.7838613065 -157.30391773229914,66.56352917328586,164285.63716152712 -157.3560709241455,66.49965071398465,164092.80768232475 -157.40799688578429,66.4357386182673,163900.2997794487 -157.45969731633073,66.37179298219318,163708.11781326664 -157.51117389877496,66.30781390085923,163516.26614879386 -157.56242830016546,66.24380146841249,163324.74915568583 -157.61346217179016,66.17975577806317,163133.57120826002 -157.66427714935702,66.11567692209636,162942.7366854361 -157.71487485316985,66.05156499188443,162752.24997079384 -157.76525688830375,65.98742007789957,162562.11545255792 -157.8154248447776,65.9232422697248,162372.33752359226 -157.8653802977231,65.85903165606634,162182.9205813956 -157.91512480755443,65.7947883247649,161993.869028106 -157.96465992013276,65.73051236280706,161805.18727051458 -158.01398716693083,65.66620385633657,161616.87972005803 -158.0631080651934,65.60186289066522,161428.9507927906 -158.1120241180983,65.53748955028425,161241.40490943773 -158.16073681491244,65.4730839188744,161054.2464953578 -158.20924763114814,65.40864607931735,160867.47998054035 -158.25755802871612,65.34417611370546,160681.10979963694 -158.30566945607734,65.2796741033527,160495.14039192945 -158.35358334839214,65.2151401288045,160309.57620134632 -158.40130112766806,65.15057426984812,160124.42167645623 -158.44882420290602,65.08597660552218,159939.68127049084 -158.49615397024328,65.02134721412698,159755.35944128025 -158.5432918130963,64.95668617323346,159571.46065133385 -158.59023910230067,64.89199355969369,159387.98936780586 -158.6369971962498,64.82726944964955,159204.95006247621 -158.68356744103139,64.76251391854213,159022.34721176227 -158.72995117056288,64.6977270411213,158840.1852967445 -158.77614970672388,64.63290889145432,158658.46880312983 -158.82216435948934,64.5680595429349,158477.20222127464 -158.86799642705765,64.50317906829225,158296.39004616637 -158.91364719598047,64.43826753959931,158116.03677743278 -158.9591179412883,64.37332502828195,157936.14691936638 -159.0044099266171,64.3083516051269,157756.72498086898 -159.0495244043303,64.2433473402903,157577.77547550996 -159.0944626156416,64.17831230330604,157399.30292145346 -159.13922579073548,64.11324656309377,157221.31184157115 -159.18381514888623,64.0481501879672,157043.806763294 -159.22823189857485,63.98302324564175,156866.79221876056 -159.27247723760652,63.91786580324225,156690.27274469318 -159.31655235322324,63.85267792731136,156514.2528824863 -159.36045842221887,63.787459683816486,156338.73717815004 -159.40419661104977,63.72221113815772,156163.73018234118 -159.44776807594604,63.65693235517489,155989.23645033664 -159.49117396301966,63.59162339915552,155815.26054206007 -159.53441540837312,63.52628433384161,155641.80702205887 -159.577493538205,63.46091522243684,155468.8804595271 -159.62040946891608,63.395516127613895,155296.48542827088 -159.66316430721182,63.33008711152112,155124.62650673388 -159.70575915020606,63.26462823578961,154953.30827799079 -159.7481950855214,63.199139561540214,154782.5353297485 -159.79047319139,63.13362114938952,154612.3122543313 -159.83259453675194,63.0680730594576,154442.64364869104 -159.87456018135288,63.00249535137341,154273.5341144171 -159.91637117584028,62.93688808428231,154104.9882577081 -159.9580285618594,62.871251316851556,153937.01068939117 -159.99953337214652,62.805585107277295,153769.6060249218 -160.0408866306224,62.739889513290315,153602.77888436214 -160.08208935248408,62.67416459216256,153436.53389241354 -160.1231425442954,62.60841040071289,153270.87567838136 -160.1640472040767,62.542626995313555,153105.80887617925 -160.20480432139342,62.47681443189544,152941.33812436395 -160.2454148774439,62.41097276595472,152777.4680660832 -160.28587984514522,62.34510205255785,152614.2033491169 -160.32620018921884,62.27920234634794,152451.54862582785 -160.3663768662757,62.21327370155005,152289.5085532191 -160.4064108248978,62.147316171976826,152128.08779288025 -160.44630300572283,62.081329811034045,151967.2910110303 -160.486054341524,62.015314671726095,151807.12287847017 -160.52566575729077,61.94927080666129,151647.58807063027 -160.56513817030887,61.88319826805722,151488.6912675156 -160.60447249023835,61.817097107745916,151330.43715375243 -160.6436696191911,61.75096737717923,151172.8304185608 -160.68273045180783,61.68480912743361,151015.8757557474 -160.72165587533422,61.618622409215654,150859.57786374819 -160.76044676969465,61.55240727286668,150703.94144554302 -160.79910400756748,61.48616376836784,150548.9712087592 -160.8376284544572,61.41989194534501,150394.6718655643 -160.87602096876745,61.35359185307371,150241.04813274334 -160.9142824018722,61.287263540483615,150088.10473166523 -160.95241359818573,61.22090705616349,149935.84638827087 -160.99041539523375,61.15452244836571,149784.27783310416 -161.02828862372087,61.08810976501099,149633.4038012619 -161.0660341076002,61.02166905369293,149483.22903245297 -161.1036526641395,60.9552003616823,149333.7582709364 -161.141145103988,60.888703735931706,149184.99626555512 -161.17851223124325,60.822179223080006,149036.94776973498 -161.21575484351462,60.75562686945627,148889.61754144385 -161.25287373198896,60.689046721084665,148743.01034324252 -161.28986968149314,60.62243882368828,148597.13094225936 -161.32674347055755,60.55580322269327,148451.9841101701 -161.3634958714779,60.48913996323326,148307.57462320797 -161.40012765037628,60.422449090153364,148163.90726218652 -161.43663956726303,60.35573064801403,148020.98681246844 -161.4730323760951,60.288984681095464,147878.8180639631 -161.50930682483673,60.222211233401,147737.40581112087 -161.54546365551735,60.15541034866158,147596.75485297703 -161.5815036042897,60.08858207033919,147456.8699930751 -161.61742740148694,60.021726441631074,147317.756039527 -161.6532357716801,59.954843505473114,147179.4178049722 -161.68892943373282,59.88793330454377,147041.8601065958 -161.72450910085766,59.82099588126764,146905.08776612204 -161.75997548067085,59.75403127781972,146769.10560980014 -161.79532927524556,59.687039536127934,146633.9184684066 -161.83057118116673,59.620020697877536,146499.53117725998 -161.86570188958265,59.55297480451441,146365.94857620186 -161.90072208625799,59.485901897248475,146233.17550956563 -161.93563245162562,59.41880201705717,146101.21682625596 -161.9704336608373,59.351675204689045,145970.07737964668 -162.00512638381517,59.28452150066673,145839.7620276628 -162.03971128530006,59.21734094529081,145710.27563269855 -162.07418902490303,59.150133578642794,145581.6230616938 -162.10856025715236,59.08289944058821,145453.8091860668 -162.14282563154362,59.01563857078027,145326.83888175688 -162.17698579258584,58.9483510086626,145200.71702918358 -162.21104137985057,58.88103679347295,145075.44851325656 -162.2449930280168,58.81369596424591,144951.0382234148 -162.27884136691875,58.74632855981598,144827.49105354468 -162.3125870215908,58.67893461882071,144704.81190202644 -162.34623061231264,58.61151417970406,144583.00567173865 -162.3797727546546,58.54406728071863,144462.07727002638 -162.4132140595217,58.476593959929396,144342.03160869493 -162.44655513319665,58.409094255216296,144222.87360406062 -162.4797965773846,58.34156820427674,144104.6081768609 -162.51293898925462,58.27401584462955,143987.24025233695 -162.54598296148254,58.2064372136164,143870.77476015748 -162.57892908229303,58.13883234840578,143755.21663446943 -162.6117779355005,58.071201285995166,143640.57081387637 -162.6445301005509,58.00354406321374,143526.8422414256 -162.67718615256138,57.93586071672529,143414.0358646 -162.7097466623609,57.868151283031295,143302.15663532272 -162.7422121965294,57.8004157984726,143191.20950999606 -162.7745833174381,57.7326542992328,143081.19944940336 -162.8068605832866,57.664866821340674,142972.1314187982 -162.83904454814277,57.59705340067257,142864.0103878315 -162.87113576198033,57.52921407295525,142756.84133060623 -162.90313477071587,57.46134887376804,142650.6292256181 -162.93504211624665,57.39345783854569,142545.37905579855 -162.96685833648692,57.3255410025806,142441.09580847906 -162.99858396540475,57.25759840102524,142337.784475405 -163.03021953305716,57.18963006889488,142235.45005271625 -163.0617655656272,57.1216360410694,142134.09754095846 -163.09322258545748,57.05361635229629,142033.73194507277 -163.12459111108637,56.9855710371925,141934.35827437317 -163.15587165728127,56.917500130247184,141835.98154258743 -163.1870647350741,56.84940366582353,141738.6067678117 -163.21817085179381,56.781281678161285,141642.23897251303 -163.2491905111002,56.71313420137898,141546.88318354602 -163.28012421301747,56.64496126947624,141452.54443211615 -163.31097245396623,56.57676291633563,141359.22775380732 -163.3417357267961,56.508539175725225,141266.93818855347 -163.37241452081756,56.44029008130073,141175.68078064686 -163.4030093218338,56.37201566660724,141085.46057874538 -163.42593063218817,56.32072612326302,141018.39174003724 -163.4259306391012,56.320726105280094,141018.38611118728 -163.4259306391012,56.320726105280094,141018.38611118728 -163.42593984043398,56.32070180970077,141021.1465899265 -163.45638387937336,56.25239185961639,140932.3771897971 -163.48673556293755,56.184074373194996,140843.86517706388 -163.51699544170765,56.11574938907609,140755.61067451962 -163.54716406203636,56.047416945643775,140667.61380452954 -163.57724196608834,55.97907708102699,140579.87468906684 -163.60722969188,55.91072983310365,140492.393449651 -163.63712777331875,55.84237523950261,140405.17020742298 -163.6669367402412,55.774013337605474,140318.2050830901 -163.69665711845178,55.70564416455125,140231.49819696028 -163.72628942976135,55.63726775723559,140145.04966890492 -163.7558341920236,55.568884152315235,140058.8596184016 -163.7852919191731,55.500493386209634,139972.92816451046 -163.8146631212614,55.43209549510304,139887.25542586963 -163.84394830449324,55.36369051494842,139801.84152070706 -163.87314797126265,55.29527848146708,139716.68656683233 -163.90226262018902,55.226859430152466,139631.79068163573 -163.93129274615092,55.1584333962724,139547.15398211376 -163.96023884032223,55.090000414870225,139462.7765848063 -163.9891013902047,55.02156052076912,139378.65860587682 -164.01788087966375,54.953113748571425,139294.8001610539 -164.04657778896095,54.88466013266248,139211.20136565878 -164.07519259478775,54.81619970721233,139127.86233459157 -164.10372577029815,54.747732506177336,139044.78318232123 -164.1321777851405,54.679258563303684,138961.96402292207 -164.16054910549124,54.610777912127304,138879.40497004546 -164.18884019408534,54.542290585977206,138797.10613692531 -164.21705151024827,54.47379661797694,138715.0676363717 -164.24518350992707,54.405296041046505,138633.28958078183 -164.27323664572103,54.336788887905364,138551.77208214265 -164.30121136691233,54.268275191072654,138470.51525200915 -164.32910811949634,54.19975498286973,138389.51920152793 -164.3569273462107,54.13122829542253,138308.78404143185 -164.38466948656574,54.06269516066276,138228.3098820153 -164.41233497687324,53.99415561032958,138148.09683318163 -164.43992425027423,53.925609675972936,138068.14500439033 -164.46743773677,53.857057388953116,137988.4545046989 -164.49487586324798,53.78849878044372,137909.0254427465 -164.52223905351093,53.719933881433455,137829.85792673752 -164.54952772830453,53.651362722727015,137750.95206447804 -164.57674230534386,53.5827853349487,137672.30796333842 -164.60388319934174,53.51420174854145,137593.9257302898 -164.6309508220346,53.445611993770335,137515.80547184404 -164.65794558220955,53.37701610072381,137437.94729414186 -164.6848678857301,53.30841409931454,137360.35130286473 -164.71171813556242,53.23980601928303,137283.01760330578 -164.73849673180106,53.17119189019666,137205.94630030973 -164.76520407169428,53.10257174145301,137129.13749832113 -164.79184054966925,53.03394560228073,137052.59130136165 -164.81840655735664,52.965313501740745,136976.30781302086 -164.8449024836156,52.896675468729725,136900.28713647643 -164.8713287145582,52.82803153197868,136824.52937448944 -164.89768563357325,52.75938172005641,136749.0346293771 -164.92397362135017,52.69072606137041,136673.80300308106 -164.95019305590307,52.62206458416816,136598.83459707088 -164.97634431259334,52.55339731653973,136524.12951241332 -165.0024277641536,52.484724286417254,136449.68784978666 -165.02844378071003,52.41604552157765,136375.50970938537 -165.05439272980553,52.347361049643894,136301.5951910402 -165.08027497642186,52.27867089808566,136227.9443941161 -165.10609088300112,52.20997509422238,136154.55741758796 -165.13184080946934,52.14127366522273,136081.43435999317 -165.15752511325698,52.07256663810671,136008.5753194535 -165.18314414932092,52.00385403974702,135935.98039365135 -165.20869827016557,51.93513589687013,135863.64967986356 -165.23418782586418,51.866412236058785,135791.58327495953 -165.25961316407916,51.79768308375118,135719.78127533747 -165.2849746300839,51.728948466243786,135648.24377701915 -165.3102725667822,51.66020840969197,135576.9708755879 -165.33550731472877,51.59146294011142,135505.96266619506 -165.36067921214922,51.52271208337998,135435.2192435772 -165.38578859496033,51.45395586523763,135364.74070205167 -165.41083579678926,51.385194311288515,135294.52713549472 -165.43582114899303,51.31642744700199,135224.57863738784 -165.46074498067827,51.24765529771324,135154.89530076046 -165.48560761871923,51.178877888626324,135085.47721823107 -165.5104093877779,51.11009524481284,135016.32448199962 -165.5351506103216,51.041307391214524,134947.43718383234 -165.55983160664258,50.972514352644026,134878.8154150807 -165.58445269487518,50.90371615378569,134810.45926665046 -165.6090141910147,50.83491281919849,134742.36882905188 -165.63351640893504,50.76610437331424,134674.54419235946 -165.657959660407,50.69729084044067,134606.98544621392 -165.68234425511474,50.62847224476182,134539.69267983394 -165.70667050067468,50.5596486103391,134472.66598203624 -165.73093870265117,50.49081996111358,134405.90544117457 -165.75514916457507,50.42198632090462,134339.41114521166 -165.77930218795967,50.35314771341285,134273.18318167 -165.803398072318,50.28430416222053,134207.2216376364 -165.8274371151787,50.21545569079252,134141.52659980208 -165.8514196121035,50.14660232247714,134076.09815440082 -165.87534585670207,50.077744080508445,134010.93638726525 -165.89921614064963,50.00888098800514,133946.04138378054 -165.92303075370188,49.940013067972686,133881.41322893352 -165.94678998371123,49.87114034330459,133817.05200726082 -165.97049411664213,49.802262836782134,133752.9578028807 -165.99414343658677,49.73338057107735,133689.13069948848 -166.01773822578053,49.664493568751816,133625.57078035842 -166.04127876461695,49.59560185225855,133562.27812833095 -166.06476533166256,49.52670544394301,133499.25282582716 -166.08819820367228,49.45780436604345,133436.49495481895 -166.11157765560378,49.38889864069324,133374.00459688617 -166.13490396063236,49.31998828991969,133311.78183315933 -166.1581773901655,49.25107333564644,133249.82674435433 -166.18139821385634,49.18215379969363,133188.1394107413 -166.2045666996192,49.113229703778735,133126.71991219485 -166.22768311364234,49.04430106951882,133065.56832814566 -166.250747720403,48.97536791842913,133004.68473758156 -166.27376078268048,48.906430271925245,132944.06921908556 -166.2967225615697,48.837488151323946,132883.7218508197 -166.31963331649575,48.76854157784314,132823.6427104921 -166.3424933052258,48.69959057260479,132763.83187540068 -166.36530278388352,48.630635156632756,132704.2894224287 -166.38806200696163,48.56167535085576,132645.01542799463 -166.41077122733563,48.49271117610733,132586.0099681313 -166.4334306962758,48.42374265312636,132527.27311841954 -166.45604066346021,48.35476980255973,132468.80495401184 -166.47860137698802,48.28579264495997,132410.60554965134 -166.50111308339117,48.21681120078846,132352.6749796347 -166.5235760276477,48.147825490415265,132295.0133178392 -166.5459904531929,48.07883553411956,132237.62063771574 -166.5683566019327,48.00984135209213,132180.49701228028 -166.59067471425467,47.94084296443345,132123.64251413147 -166.6129450290412,47.871840391156226,132067.0572154395 -166.63516778367992,47.802833652185555,132010.74118792076 -166.65734321407683,47.73382276735945,131954.6945029133 -166.6794715546667,47.66480775643083,131898.91723126857 -166.70155303842574,47.59578863906617,131843.40944346058 -166.72358789688215,47.52676543484742,131788.17120950134 -166.74557636012767,47.45773816327253,131733.2025989972 -166.7675186568294,47.38870684375584,131678.50368110975 -166.78941501423964,47.31967149562986,131624.0745245859 -166.811265658208,47.25063213814414,131569.91519771965 -166.83307081319214,47.18158879046705,131516.0257684156 -166.85483070226795,47.11254147168643,131462.40630411194 -166.87654554714123,47.04349020080933,131409.05687184294 -166.89821556815704,46.97443499676482,131355.9775381991 -166.91984098431143,46.90537587840176,131303.1683693598 -166.9414220132611,46.83631286449132,131250.62943104148 -166.96295887133408,46.767245973727015,131198.36078858678 -166.9844517735398,46.69817522472507,131146.36250685362 -167.00590093357914,46.62910063602649,131094.63465029967 -167.02730656385455,46.560022226095285,131043.17728294973 -167.04866887548033,46.49094001332097,130991.99046840568 -167.06998807829183,46.42185401601814,130941.07426982737 -167.09126438085593,46.35276425242757,130890.42874995357 -167.1124979904801,46.28367074071632,130840.05397108832 -167.13368911322223,46.214573498979725,130789.94999511907 -167.15483795390028,46.14547254523973,130740.11688349402 -167.1759447161017,46.076367897446936,130690.55469723116 -167.19700960219242,46.00725957348081,130641.26349690833 -167.21803281332666,45.93814759114998,130592.24334271584 -167.2390145494554,45.86903196819406,130543.49429436843 -167.25995500933615,45.79991272228206,130495.01641118058 -167.28085439054166,45.73078987101449,130446.809752003 -167.3017128894687,45.661663431923515,130398.87437530432 -167.32253070134732,45.59253342247292,130351.2103390949 -167.34330802024888,45.523399860060216,130303.81770095119 -167.3640450390959,45.45426276201513,130256.69651804674 -167.3847419496693,45.38512214560132,130209.84684709765 -167.40539894261832,45.31597802801668,130163.26874440801 -167.42601620746802,45.24683042639342,130116.96226582535 -167.44659393262762,45.177679357800066,130070.92746682157 -167.4671323053997,45.10852483923966,130025.16440237468 -167.48763151198773,45.0393668876519,129979.67312708352 -167.50809173750415,44.970205519913115,129934.45369510118 -167.52851316597923,44.90104075283638,129889.50616013426 -167.548895980368,44.831872603173494,129844.83057547368 -167.56924036255936,44.762701087613415,129800.4269939929 -167.58954649338307,44.69352622278383,129756.29546810614 -167.60981455261788,44.62434802525163,129712.43604982828 -167.6300447189999,44.55516651152259,129668.84879073041 -167.6502371702287,44.48598169804398,129625.53374194523 -167.67039208297672,44.416793601201945,129582.49095420251 -167.69050963289592,44.34760223732402,129539.72047776642 -167.710589994625,44.278407622679154,129497.22236250454 -167.73063334179764,44.20920977347746,129454.99665782246 -167.750639847049,44.1400087058725,129413.04341273734 -167.77060968202372,44.07080443595934,129371.36267578899 -167.79054301738276,44.00159697977624,129329.95449513782 -167.8104400228106,43.93238635330518,129288.81891846049 -167.83030086702271,43.863172572471576,129247.95599305617 -167.85012571777187,43.79395565314621,129207.3657657429 -167.8699147418557,43.72473561114349,129167.04828296497 -167.8896681051238,43.65551246222334,129127.00359068549 -167.90938597248385,43.58628622209124,129087.23173447198 -167.9290685079091,43.51705690639809,129047.73275943626 -167.94871587444476,43.447824530742494,129008.50671029274 -167.96832823421488,43.37858911066848,128969.5536313011 -167.98790574842877,43.30935066166761,128930.87356629167 -168.00744857738806,43.24010919917897,128892.46655867374 -168.02695688049275,43.170864738589124,128854.33265142184 -168.04643081624738,43.10161729523407,128816.4718870903 -168.06587054226853,43.03236688439745,128778.88430778604 -168.08527621529,42.96311352131207,128741.56995521754 -168.10464799116997,42.893857221160324,128704.52887061401 -168.123986024897,42.82459799907395,128667.7610948327 -168.14329047059582,42.75533587013604,128631.26666824974 -168.1625614815338,42.68607084937875,128595.04563083647 -168.1817992101277,42.61680295178583,128559.09802215229 -168.20100380794833,42.54753219229205,128523.42388128364 -168.22017542572763,42.47825858578378,128488.02324692134 -168.2393142133644,42.40898214709887,128452.89615731145 -168.25842031992977,42.339702891028736,128418.04265027985 -168.27749389367352,42.27042083231608,128383.46276321591 -168.2965350820298,42.20113598565701,128349.1565330769 -168.3155440316227,42.13184836570086,128315.12399640179 -168.33452088827207,42.062557987050205,128281.36518929387 -168.35346579699902,41.99326486426286,128247.8801474217 -168.37237890203184,41.923969011849486,128214.66890603006 -168.3912603468113,41.85467044427595,128181.7314999389 -168.41011027399625,41.78536917596302,128149.06796352353 -168.42892882546914,41.71606522128626,128116.67833074808 -168.44771614234136,41.6467585945779,128084.56263513016 -168.4664723649586,41.57744931012506,128052.72090977541 -168.48519763290633,41.5081373821712,128021.15318734832 -168.503892085015,41.43882282491652,127989.85950009228 -168.52255585936535,41.369505652517475,127958.83987979777 -168.54118909329324,41.30018587908882,127928.09435786512 -168.55979192339544,41.23086351870156,127897.62296524804 -168.5783644855347,41.161538585384776,127867.42573245101 -168.59690691484388,41.09221109312572,127837.5026895792 -168.6154193457325,41.02288105586921,127807.8538662885 -168.63390191189023,40.95354848752013,127778.47929181461 -168.65235474629304,40.884213401940855,127749.37899496763 -168.67077798120727,40.81487581295355,127720.5530041374 -168.6891717481951,40.74553573433958,127692.00134724361 -168.70753617811923,40.67619317983977,127663.72405181573 -168.72587140114732,40.60684816315614,127635.72114495582 -168.74417754675724,40.53750069794972,127607.99265332663 -168.76245474374153,40.46815079784263,127580.53860313885 -168.78070312021217,40.3987984764176,127553.3590202158 -168.7989228036054,40.32944374721839,127526.45392992417 -168.81711392068553,40.26008662375097,127499.8233572196 -168.83527659755083,40.19072711948188,127473.46732662027 -168.85341095963693,40.121365247840075,127447.38586219956 -168.87151713172207,40.052001022216416,127421.57898763617 -168.88959523793085,39.982634455964025,127396.04672615769 -168.9076454017392,39.9132655623998,127370.78910057517 -168.92566774597876,39.843894354802174,127345.8061332576 -168.94366239284108,39.77452084641348,127321.09784616204 -168.96162946388168,39.7051450504392,127296.66426080257 -168.9795690800252,39.63576698004829,127272.50539827129 -168.99748136156856,39.56638664837453,127248.62127923279 -169.01536642818587,39.49700406851503,127225.0119239252 -169.03322439893248,39.42761925353146,127201.67735216365 -169.05105539224925,39.35823221645018,127178.61758331946 -169.06885952596645,39.28884297026203,127155.83263635199 -169.08663691730763,39.21945152792418,127133.32252978306 -169.1043876828946,39.15005790235791,127111.08728170712 -169.1221119387505,39.08066210645044,127089.12690980197 -169.13980980030405,39.01126415305498,127067.44143129981 -169.157481382394,38.94186405499013,127046.03086303177 -169.1751267992721,38.87246182504208,127024.8952213724 -169.19274616460808,38.80305747596228,127004.03452228056 -169.21033959149287,38.73365102046939,126983.44878129501 -169.22790719244261,38.66424247124877,126963.13801353244 -169.2454490794024,38.59483184095313,126943.10223365028 -169.26296536375025,38.52541914220199,126923.34145591393 -169.2804561563006,38.456004387583704,126903.85569414592 -169.29792156730812,38.38658758965326,126884.64496173765 -169.3153617064716,38.31716876093403,126865.70927166395 -169.33277668293752,38.247747913917536,126847.0486364804 -169.35016660530349,38.178325061063354,126828.66306828783 -169.36753158162207,38.1089002148008,126810.55257879052 -169.3848717194042,38.03947338752701,126792.71717924894 -169.40218712562302,37.97004459160836,126775.15688048697 -169.41947790671716,37.90061383938056,126757.87169293745 -169.4367441685945,37.83118114314829,126740.86162658205 -169.45398601663496,37.76174651518712,126724.12669097411 -169.47120355569507,37.692309967741146,126707.6668952477 -169.48839689011024,37.622871513024926,126691.48224811669 -169.50556612369923,37.55343116322331,126675.57275785111 -169.52271135976656,37.48398893049094,126659.93843231536 -169.5398327011063,37.41454482695455,126644.57927892727 -169.5569302500056,37.34509886471026,126629.49530471361 -169.5740041082477,37.275651055825456,126614.68651623453 -169.59105437711509,37.20620141233887,126600.15291964919 -169.60808115739331,37.13674994626016,126585.89452069192 -169.6250845493732,37.067296669571604,126571.9113246405 -169.642064652855,36.997841594225946,126558.2033364044 -169.65902156715134,36.928384732148295,126544.77056041105 -169.67595539109004,36.858926095235866,126531.61300070587 -169.6928662230175,36.78946569535754,126518.73066087501 -169.70975416080185,36.72000354435592,126506.12354410441 -169.72661930183565,36.65053965404489,126493.79165314257 -169.74346174303946,36.58107403621158,126481.73499032418 -169.76028158086473,36.51160670261614,126469.9535575437 -169.77707891129646,36.44213766499111,126458.44735628908 -169.79385382985643,36.3726669350437,126447.21638760348 -169.81060643160652,36.303194524453296,126436.26065213357 -169.82733681115081,36.23372044487331,126425.58015006216 -169.84404506263965,36.16424470793086,126415.17488119734 -169.86073127977136,36.09476732522656,126405.0448448852 -169.87739555579586,36.02528830833625,126395.19004005706 -169.8940379835173,35.95580766880904,126385.61046522409 -169.91065865529688,35.88632541816863,126376.30611847271 -169.9272576630559,35.8168415679132,126367.27699747917 -169.9438350982784,35.747356129515545,126358.52309946768 -169.96039105201348,35.67786911442427,126350.04442127046 -169.97692561487878,35.60838053406179,126341.84095926775 -169.993438877063,35.538890399826215,126333.91270942683 -170.00993092832834,35.46939872309088,126326.25966731666 -170.02640185801354,35.39990551520436,126318.8818280405 -170.04285175503597,35.33041078749176,126311.77918631965 -170.0592807078953,35.260914551253016,126304.95173641338 -170.07568880467522,35.191416817764164,126298.39947218989 -170.09207613304633,35.1219175982775,126292.12238709169 -170.10844278026903,35.05241690402099,126286.12047411024 -170.12478883319542,34.982914746200194,126280.3937258559 -170.14111437827273,34.913411135995936,126274.94213449245 -170.1574195015453,34.84390608456599,126269.76569174985 -170.17370428865704,34.774399603045104,126264.86438898428 -170.18996882485428,34.704891702544735,126260.2382170744 -170.20621319498815,34.635382394153034,126255.88716650326 -170.22243748351684,34.56587168893664,126251.81122733375 -170.23864177450824,34.496359597938124,126248.0103892076 -170.25482615164242,34.42684613217798,126244.48464134638 -170.2709906982139,34.35733130265425,126241.23397254242 -170.28713549713427,34.287815120342536,126238.25837117147 -170.30326063093403,34.2182975961971,126235.55782518815 -170.31936618176567,34.1487787411492,126233.13232211786 -170.33545223140567,34.07925856610853,126230.9818490885 -170.35151886125655,34.009737081963,126229.10639279417 -170.36756615234998,33.94021429957866,126227.5059394933 -170.3835941853481,33.87069022980094,126226.1804750542 -170.39960304054645,33.80116488345279,126225.12998490856 -170.41559279787614,33.73163827133655,126224.35445406154 -170.43156353690597,33.662110404232884,126223.85386710722 -170.4475153368447,33.592581292901606,126223.62820822855 -170.46344827654332,33.523050948082414,126223.67746116652 -170.479362434497,33.45351938049314,126224.00160927282 -170.49525788884782,33.38398660083151,126224.6006354444 -170.51113471738643,33.31445261977443,126225.47452219987 -170.52699299755454,33.244917447978146,126226.62325159763 -170.5428328064466,33.17538109607978,126228.04680532136 -170.55865422081231,33.10584357469498,126229.74516457453 -170.57445731705903,33.03630489441988,126231.71831021682 -170.59024217125307,32.96676506583037,126233.9662226359 -170.60600885912245,32.89722409948238,126236.48888182014 -170.6217574560585,32.827682005913076,126239.28626734232 -170.63748803711832,32.75813879563884,126242.35835833497 -170.6532006770265,32.688594479157025,126245.70513354774 -170.66889545017727,32.61904906694542,126249.32657128829 -170.68457243063682,32.54950256946222,126253.22264946408 -170.70023169214443,32.47995499714768,126257.39334553873 -170.7158733081154,32.41040636042138,126261.83863659116 -170.73149735164264,32.340856669684946,126266.55849925827 -170.7471038954983,32.27130593532058,126271.55290976679 -170.76269301213648,32.201754167691476,126276.82184392962 -170.77826477369425,32.13220137714346,126282.36527716127 -170.79381925199417,32.06264757400236,126288.18318441426 -170.80935651854628,31.99309276857632,126294.27554027461 -170.82487664454925,31.923536971154626,126300.64231886991 -170.84037970089344,31.85398019200815,126307.28349394939 -170.85586575816126,31.784422441390948,126314.19903882124 -170.87133488663042,31.714863729537573,126321.3889263816 -170.88678715627512,31.64530406666488,126328.85312912003 -170.90222263676762,31.57574346297229,126336.59161910873 -170.9176413974806,31.506181928640583,126344.60436799782 -170.93304350748886,31.43661947383438,126352.89134703271 -170.94842903557057,31.36705610869931,126361.45252702682 -170.9637980502098,31.297491843364018,126370.287878397 -170.97915061959796,31.227926687939778,126379.39737114811 -170.99448681163528,31.158360652519985,126388.7809748503 -171.00980669393277,31.08879374718208,126398.43865866897 -171.02511033381433,31.019225981985382,126408.37039136022 -171.0403977983177,30.9496573669723,126418.57614127002 -171.05566915419692,30.880087912168435,126429.05587632777 -171.07092446792348,30.810517627582485,126439.80956402721 -171.08616380568827,30.740946523205924,126450.83717148736 -171.10138723340324,30.67137460901503,126462.13866538618 -171.11659481670273,30.601801894967824,126473.71401200144 -171.13178662094583,30.532228391006555,126485.56317717885 -171.14696271121716,30.462654107057087,126497.68612638491 -171.16212315232926,30.393079053028274,126510.08282465227 -171.17726800882363,30.323503238814183,126522.75323659705 -171.19239734497256,30.253926674291293,126535.69732644246 -171.20751122478086,30.184349369320554,126548.91505797333 -171.22260971198745,30.114771333746894,126562.4063945852 -171.23769287006644,30.045192577398907,126576.17129925257 -171.25276076222934,29.975613110090386,126590.20973454154 -171.2678134514261,29.906032941618538,126604.52166261166 -171.28285100034705,29.83645208176483,126619.10704520596 -171.29787347142434,29.766870540295617,126633.96584364091 -171.3128809268331,29.697288326960894,126649.0980188546 -171.32787342849346,29.627705451496656,126664.50353135678 -171.34285103807167,29.55812192362234,126680.18234124247 -171.35781381698206,29.488537753042326,126696.13440819921 -171.37276182638783,29.41895294944597,126712.3596915335 -171.3876951272032,29.34936752250705,126728.85815008066 -171.40261378009427,29.279781481885387,126745.62974232504 -171.41751784548111,29.210194837224723,126762.67442631615 -171.43240738353876,29.140607598154162,126779.99215968794 -171.44728245419864,29.07101977428818,126797.58289969049 -171.46214311715048,29.001431375225913,126815.44660313465 -171.4769894318429,28.931842410553106,126833.5832264538 -171.49182145748557,28.862252889839493,126851.99272564659 -171.50663925305045,28.792662822640903,126870.67505631785 -171.52144287727282,28.72307221849866,126889.63017365767 -171.53623238865302,28.653481086939117,126908.85803245238 -171.55100784545752,28.58388943747558,126928.35858707622 -171.5657693057209,28.5142972796059,126948.13179150151 -171.5805168272463,28.444704622814044,126968.17759929853 -171.59525046760754,28.375111476570112,126988.49596362107 -171.60997028414994,28.305517850329373,127009.08683720081 -171.6246763339921,28.23592375353454,127029.95017240573 -171.63936867402666,28.166329195613123,127051.08592116085 -171.6540473609222,28.09673418597916,127072.49403499918 -171.6687124511243,28.02713873403291,127094.17446504631 -171.68336400085664,27.957542849160486,127116.1271620058 -171.69800206612237,27.887946540735584,127138.35207621468 -171.7126267027057,27.818349818116985,127160.84915755983 -171.7272379661729,27.748752690650416,127183.6183555497 -171.74183591187366,27.679155167668096,127206.65961928898 -171.756420594942,27.609557258488444,127229.97289746672 -171.7709920702981,27.53995897241772,127253.55813836904 -171.78555039264893,27.470360318747705,127277.41528987826 -171.80009561649038,27.400761306757307,127301.54429948016 -171.81462779610715,27.331161945712367,127325.94511424121 -171.82914698557545,27.26156224486506,127350.61768084233 -171.84365323876276,27.19196221345581,127375.56194554872 -171.85814660933028,27.122361860710797,127400.77785422 -171.8726271507333,27.052761195843853,127426.26535233103 -171.88709491622274,26.983160228055656,127452.02438492197 -171.9015499588464,26.913558966533927,127478.05489667281 -171.91599233144964,26.84395742045454,127504.35683182423 -171.93042208667723,26.774355598979817,127530.93013423495 -171.944839276974,26.704753511259554,127557.77474733986 -171.95924395458627,26.635151166431108,127584.89061419733 -171.97363617156262,26.565548573619306,127612.27767746185 -171.98801597975546,26.49594574193605,127639.93587936874 -172.00238343082214,26.426342680481973,127667.8651617658 -172.01673857622552,26.35673939834419,127696.06546608884 -172.0310814672358,26.28713590459806,127724.53673339533 -172.0454121549311,26.21753220830635,127753.27890431254 -172.05973069019896,26.147928318519675,127782.29191908576 -172.07403712373687,26.078324244277226,127811.57571756467 -172.0883315060541,26.0087199946052,127841.13023918144 -172.10261388747236,25.939115578518024,127870.95542297902 -172.1168843181265,25.869511005018268,127901.05120761017 -172.13114284796652,25.79990628309599,127931.41753130386 -172.1453895267577,25.73030142173059,127962.054331927 -172.15962440408228,25.66069642988855,127992.96154689454 -172.17384752934032,25.591091316524892,128024.1391132795 -172.1880589517504,25.521486090582776,128055.58696772915 -172.20225872035124,25.451880760993486,128087.30504648338 -172.21644688400235,25.38227533667768,128119.29328539644 -172.2306234913851,25.312669826543427,128151.55161993697 -172.24478859100384,25.24306423948741,128184.07998515613 -172.25894223118684,25.173458584395007,128216.87831571944 -172.27308446008738,25.103852870139626,128249.94654587681 -172.28721532568443,25.03424710558458,128283.28460952434 -172.3013348757842,24.96464129958049,128316.89244009886 -172.3154431580206,24.89503546096725,128350.76997069974 -172.3295402198566,24.825429598573418,128384.91713401073 -172.343626108585,24.755823721215744,128419.3338622963 -172.3577008713291,24.686217837701378,128454.02008746623 -172.37176455504454,24.616611956824816,128488.97574099555 -172.38581720651933,24.547006087370082,128524.20075400005 -172.39985887237535,24.477400238110103,128559.69505716985 -172.41388959906925,24.40779441780628,128595.45858081401 -172.42790943289285,24.338188635210532,128631.4912548596 -172.44191841997497,24.268582899062547,128667.79300881262 -172.45591660628165,24.198977218091393,128704.36377180976 -172.46990403761728,24.12937160101559,128741.20347258577 -172.48388075962586,24.05976605654234,128778.31203947152 -172.49784681779107,23.990160593369335,128815.68940041962 -172.51180225743835,23.920555220182386,128853.33548298967 -172.52574712373462,23.850949945657092,128891.25021434575 -172.53968146168984,23.781344778458333,128929.43352123894 -172.5536053161582,23.711739727240147,128967.88533006838 -172.56751873183805,23.642134800647202,129006.60556680578 -172.58142175327364,23.57253000731244,129045.59415704443 -172.59531442485553,23.502925355858792,129084.85102600299 -172.6091967908217,23.433320854898888,129124.37609846983 -172.6230688952583,23.363716513034387,129164.16929889147 -172.63693078210053,23.294112338857936,129204.23055128139 -172.65078249513337,23.224508340950763,129244.55977928027 -172.66462407799295,23.15490452788416,129285.15690614496 -172.6784555741666,23.085300908219168,129326.02185473024 -172.6922770269943,23.015697490506806,129367.15454750629 -172.70608847966938,22.946094283287284,129408.55490655758 -172.7198899752391,22.87649129509232,129450.22285357391 -172.73368155660586,22.806888534442056,129492.1583098585 -172.74746326652777,22.737286009847203,129534.36119631896 -172.76123514761937,22.66768372980819,129576.83143349823 -172.77499724235298,22.598081702815495,129619.56894153082 -172.78874959305867,22.52847993735059,129662.57364015383 -172.80249224192593,22.458878441883993,129705.84544874055 -172.8162252310039,22.389277224876775,129749.38428626047 -172.82994860220225,22.319676294780244,129793.1900713138 -172.84366239729223,22.250075660035368,129837.2627220906 -172.8573666579072,22.180475329074742,129881.60215640982 -172.8710614255434,22.110875310320104,129926.20829170028 -172.88474674156092,22.041275612183597,129971.08104500694 -172.89842264718447,21.97167624306818,130016.22033298828 -172.91208918350395,21.902077211366493,130061.6260719089 -172.9257463914753,21.832478525463006,130107.29817766696 -172.93939431192115,21.762880193731274,130153.23656575946 -172.953032985532,21.693282224535906,130199.44115129966 -172.96666245286642,21.623684626231913,130245.91184902602 -172.98028275435234,21.55408740716461,130292.64857327234 -172.99389393028707,21.48449057567107,130339.65123802591 -173.00749602083883,21.414894140077728,130386.91975686197 -173.02108906604707,21.34529810870207,130434.45404296563 -173.0346731058232,21.275702489852485,130482.25400915818 -173.04824817995149,21.206107291827365,130530.31956787709 -173.06181432808944,21.136512522917286,130578.65063116515 -173.075371589769,21.06691819140246,130627.24711068676 -173.08892000439684,20.997324305554052,130676.10891774348 -173.10245961125548,20.92773087363439,130725.23596322208 -173.11599044950353,20.858137903895955,130774.62815765376 -173.12951255817677,20.78854540458359,130824.28541116588 -173.14302597618874,20.718953383931854,130874.20763353475 -173.15653074233117,20.649361850166542,130924.39473412924 -173.17002689527513,20.579770811504563,130974.8466219553 -173.18351447357168,20.51018027615342,131025.56320562962 -173.1969935156518,20.440590252312763,131076.54439338602 -173.21046405982833,20.37100074817233,131127.79009309178 -173.2239261442954,20.301411771913134,131179.30021221947 -173.23737980713,20.231823331707673,131231.07465787505 -173.25082508629225,20.162235435718813,131283.11333678267 -173.26426201962607,20.09264809210213,131335.41615528247 -173.27769064485997,20.02306130900302,131387.98301933912 -173.2911109996075,19.953475094558573,131440.81383454433 -173.30452312136836,19.883889456897315,131493.90850611054 -173.31792704752854,19.814304404138593,131547.26693886914 -173.33132281536118,19.744719944394028,131600.88903727138 -173.34471046202722,19.675136085765907,131654.77470540372 -173.35809002457617,19.60555283634775,131708.92384696254 -173.37146153994638,19.535970204224956,131763.33636529217 -173.38482504496625,19.466388197473748,131818.0121633177 -173.39818057635404,19.396806824162944,131872.9511436286 -173.41152817071946,19.327226092351818,131928.1532084242 -173.42486786456362,19.257646010091527,131983.6182595327 -173.4381996942799,19.188066585424586,132039.3461983922 -173.45152369615442,19.11848782638496,132095.33692608328 -173.46483990636682,19.048909740999143,132151.59034331827 -173.47814836099084,18.979332337284266,132208.10635041381 -173.491449095995,18.909755623249325,132264.88484733272 -173.50474214724287,18.84017960689501,132321.92573364772 -173.5180275504941,18.770604296213936,132379.22890856862 -173.5313053414048,18.701029699189625,132436.79427092592 -173.54457555552807,18.63145582379883,132494.6217191982 -173.5578382283149,18.561882678008793,132552.71115145844 -173.57109339511436,18.492310269778848,132611.06246543385 -173.58434109117457,18.422738607060406,132669.67555846713 -173.5975813516429,18.35316769779592,132728.5503275416 -173.61081421156692,18.283597549921176,132787.6866692468 -173.6240397058946,18.21402817136253,132847.08447983212 -173.63725786947555,18.14445957003866,132906.74365516135 -173.6504687370607,18.074891753860236,132966.66409071442 -173.6636723433035,18.0053247307293,133026.8456816284 -173.6768687227603,17.935758508541223,133087.2883226475 -173.69005790989084,17.86619309518209,133147.99190816938 -173.703239939059,17.79662849853038,133208.95633219698 -173.7164148445332,17.727064726456746,133270.18148838216 -173.7295826604871,17.657501786823094,133331.66727001208 -173.74274342099997,17.58793968748518,133393.41356998283 -173.7558971600573,17.518378436289286,133455.4202808413 -173.7690439115514,17.448818041074176,133517.6872947832 -173.78218370928207,17.379258509670976,133580.21450359502 -173.7953165869569,17.309699849902398,133643.00179872045 -173.80844257819192,17.24014206958463,133706.04907124743 -173.82156171651206,17.17058517652477,133769.35621188022 -173.83467403535195,17.101029178522516,133832.92311095103 -173.84777956805615,17.031474083370103,133896.74965844915 -173.86087834787975,16.961919898851182,133960.8357439838 -173.87397040798893,16.892366632743094,134025.1812568067 -173.8870557814616,16.822814292814396,134089.78608579672 -173.90013450128777,16.75326288682625,134154.65011947436 -173.9132066003702,16.683712422532015,134219.77324598812 -173.92627211152455,16.614162907677258,134285.15535313636 -173.93933106748062,16.5446143500009,134350.7963283446 -173.952383500882,16.475066757233265,134416.69605865536 -173.96542944428728,16.405520137097415,134482.85443080566 -173.97846893017015,16.335974497308687,134549.2713311123 -173.99150199092017,16.266429845574727,134615.94664555378 -174.00452865884287,16.196886189596686,134682.8802597538 -174.01754896616092,16.127343537067,134750.07205894054 -174.0305629450138,16.05780189567115,134817.52192803653 -174.0435706274592,15.988261273086906,134885.22975154684 -174.05657204547256,15.918721676984417,134953.1954136537 -174.06956723094825,15.849183115027545,135021.4187981601 -174.0825562157,15.779645594871303,135089.89978852423 -174.09553903146107,15.710109124164063,135158.638267827 -174.10851570988478,15.640573710546459,135227.6341187935 -174.12148628254553,15.57103936165165,135296.88722380524 -174.13445078093832,15.501506085106527,135366.39746486617 -174.1474092364802,15.431973888529276,135436.16472363737 -174.16036168051014,15.362442779531397,135506.18888141436 -174.1733081442898,15.292912765717093,135576.46981911876 -174.18624865900364,15.223383854683016,135647.00741735398 -174.1991832557599,15.153856054018553,135717.8015563168 -174.2121119655906,15.084329371306595,135788.85211588477 -174.22503481945233,15.014803814122029,135860.15897556808 -174.23795184822654,14.94527939003253,135931.72201452125 -174.2508630827201,14.875756106598743,136003.54111153955 -174.26376855366567,14.806233971373919,136075.61614505813 -174.2766682917221,14.736712991904994,136147.94699316734 -174.2895623274752,14.667193175730834,136220.5335335957 -174.30245069143774,14.597674530383282,136293.375643716 -174.31533341405026,14.528157063387303,136366.47320055272 -174.32821052568144,14.458640782260163,136439.82608077384 -174.34108205662832,14.389125694513558,136513.43416069268 -174.3539480371172,14.319611807650393,136587.297316265 -174.3668084973034,14.250099129167438,136661.4154231156 -174.3796634672726,14.180587666553963,136735.78835647186 -174.3925129770404,14.111077427292193,136810.41599125275 -174.40535705655324,14.041568418858292,136885.29820200257 -174.4181957356889,13.97206064872018,136960.43486291182 -174.43102904425655,13.902554124339469,137035.82584784544 -174.44385701199752,13.833048853170467,137111.47103028814 -174.4566796685857,13.763544842660288,137187.37028338364 -174.46949704362763,13.694042100250428,137263.52347991907 -174.48230916666353,13.624540633373964,137339.93049235595 -174.49511606716692,13.55504044945755,137416.59119276665 -174.50791777454603,13.4855415559212,137493.50545291055 -174.52071431814318,13.416043960177152,137570.67314418146 -174.53350572723608,13.34654766963245,137648.09413762487 -174.5462920310376,13.277052691685773,137725.768303937 -174.55907325869666,13.207559033729407,137803.6955134585 -174.5718494392984,13.138066703148922,137881.87563620432 -174.58462060186454,13.068575707322466,137960.308541823 -174.59738677535393,12.999086053622847,138038.99409961014 -174.61014798866282,12.929597749414638,138117.93217855756 -174.62290427062564,12.860110802056106,138197.1226472415 -174.63565565001494,12.790625218898757,138276.56537394886 -174.64840215554202,12.721141007286887,138356.2602266011 -174.66114381585697,12.651658174559484,138436.2070727757 -174.67388065954995,12.582176728047218,138516.40577968283 -174.6866127151507,12.512696675074851,138596.8562142416 -174.6993400111293,12.443218022960028,138677.55824295635 -174.7120625758966,12.37374077901372,138758.51173205592 -174.72478043780436,12.304264950541098,138839.71654736614 -174.73749362514613,12.23479054483952,138921.17255441553 -174.75020216615712,12.165317569200296,139002.87961836148 -174.76290608901488,12.09584603090786,139084.8376040367 -174.7756054218396,12.026375937239692,139167.04637590647 -174.7883001926945,11.956907295467817,139249.5057981196 -174.8009904295863,11.887440112856703,139332.21573446918 -174.81367616046546,11.817974396664159,139415.176048421 -174.82635741322667,11.748510154141872,139498.38660306614 -174.8390342157092,11.679047392534265,139581.84726119362 -174.85170659569718,11.609586119080543,139665.55788523328 -174.86437458092024,11.540126341012027,139749.51833727938 -174.87703819905346,11.47066806555416,139833.72847907958 -174.88969747771839,11.401211299925516,139918.18817204694 -174.90235244448263,11.331756051337925,140002.8972772534 -174.9150031268609,11.262302326998128,140087.85565544167 -174.92764955231488,11.192850134104711,140173.0631670098 -174.94029174825403,11.123399479850635,140258.51967200288 -174.95292974203562,11.053950371422156,140344.22503014683 -174.96556356096525,10.984502815999013,140430.17910082743 -174.97819323229726,10.915056820754392,140516.38174308575 -174.99081878323483,10.845612392855799,140602.83281564352 -175.0034402409306,10.776169539463577,140689.5321768552 -175.01605763248713,10.706728267731751,140776.47968476958 -175.02867098495707,10.637288584808028,140863.67519708985 -175.0412803253432,10.56785049783339,140951.11857116717 -175.0538856805995,10.498414013943496,141038.8096640445 -175.0664870776309,10.428979140266707,141126.74833240817 -175.0790845432942,10.35954588392502,141214.9344326335 -175.09167810439757,10.290114252034375,141303.36782073393 -175.10426778770187,10.220684251703947,141392.04835240616 -175.1168536199204,10.151255890037739,141480.97588301334 -175.12943562771932,10.081829174132114,141570.15026757927 -175.1420138377182,10.012404111077727,141659.57136081034 -175.1545882764903,9.942980707958721,141749.23901705552 -175.16715897056264,9.873558971852853,141839.15309034547 -175.1797259464168,9.804138909832536,141929.3134343843 -175.19228923048885,9.734720528962793,142019.7199025488 -175.20484884917008,9.665303836302753,142110.3723478536 -175.21740482880685,9.59588883890542,142201.27062302254 -175.22995719570164,9.52647554381698,142292.41458042635 -175.2425059761126,9.457063958078752,142383.8040721066 -175.25505119625424,9.387654088724611,142475.43894978298 -175.2675928822981,9.318245942782452,142567.31906484946 -175.28013106037244,9.248839527274143,142659.4442683545 -175.29266575656328,9.179434849214942,142751.8144110445 -175.30519699691393,9.110031915615087,142844.42934329674 -175.31772480742598,9.040630733477379,142937.28891521186 -175.33024921405928,8.971231309798942,143030.3929765196 -175.34277024273257,8.901833651570795,143123.7413766503 -175.35528791932364,8.832437765777327,143217.333964687 -175.36780226966937,8.76304365939796,143311.17058941253 -175.38031331956645,8.69365133940487,143405.251099256 -175.39282109477173,8.62426081276447,143499.5753423327 -175.40532562100242,8.554872086437094,143594.1431664378 -175.41782692393622,8.485485167376542,143688.9544190399 -175.43032502921182,8.416100062531756,143784.00894726656 -175.44281996242935,8.346716778844339,143879.30659795803 -175.45531174915058,8.27733532325031,143974.8472175834 -175.46780041489922,8.207955702679556,144070.63065232433 -175.48028598516112,8.138577924055518,144166.6567480188 -175.49276848538491,8.069201994296805,144262.92535020004 -175.505247940982,7.999827920314791,144359.4363040711 -175.51772437732723,7.930455709015187,144456.1894545077 -175.53019781975863,7.861085367297728,144553.18464606535 -175.54266829357846,7.79171690205573,144650.421722974 -175.55513582405288,7.722350320177651,144747.90052916887 -175.56760043641273,7.6529856285448306,144845.62090822056 -175.58006215585354,7.583622834032948,144943.58270342037 -175.5925210075359,7.514261943511758,145041.78575771948 -175.604977016586,7.4449029638446405,145140.22991375078 -175.6174302080955,7.375545901890161,145238.91501382968 -175.62988060712243,7.3061907644998065,145337.84089995333 -175.6423282386908,7.236837558519466,145437.00741380145 -175.65477312779151,7.1674862907891,145536.41439674358 -175.66721529938235,7.0981369681427475,145636.06168980733 -175.67965477838845,7.028789597408142,145735.94913372834 -175.69209158970227,6.9594441854082625,145836.07656890762 -175.70452575818445,6.890100738959014,145936.44383544417 -175.71695730866347,6.820759264870792,146037.05077311135 -175.7293862659367,6.751419769948106,146137.897221377 -175.74181265476992,6.682082260989212,146238.98301936878 -175.754236499898,6.612746744787621,146340.30800593336 -175.76665782602538,6.54341322812987,146441.872019569 -175.7790766578261,6.474081717796949,146543.67489849756 -175.79149301994417,6.404752220564094,146645.7164805679 -175.80390693699394,6.335424743200205,146747.99660339794 -175.81631843355993,6.2660992924695975,146850.5151042118 -175.82872753419812,6.196775875129559,146953.27181997162 -175.8411342634353,6.1274544979319625,147056.26658730124 -175.85353864576956,6.058135167622829,147159.49924253163 -175.86594070567125,5.988817890942036,147262.9696216709 -175.8783404675823,5.919502674624823,147366.67756040243 -175.89073795591696,5.850189525399437,147470.62289413315 -175.90313319506234,5.780878449988796,147574.80545792624 -175.91552620937856,5.711569455109974,147679.2250865583 -175.92791702319852,5.642262547473946,147783.8816144704 -175.94030566082895,5.572957733787086,147888.77487580886 -175.95269214655008,5.503655020748829,147993.90470441175 -175.96507650461655,5.434354415053247,148099.2709338225 -175.9774587592571,5.365055923388728,148204.87339723422 -175.98983893467525,5.295759552437469,148310.711927581 -176.00221705504927,5.226465308877202,148416.78635745484 -176.01459314453288,5.1571731993787,148523.09651915677 -176.02696722725506,5.087883230607456,148629.64224466213 -176.03933932732085,5.01859540922325,148736.42336565626 -176.05170946881103,4.949309741879792,148843.43971352972 -176.06407767578295,4.8800262352262695,148950.69111933207 -176.07644397227054,4.810744895905026,149058.17741383542 -176.08880838228458,4.741465730553116,149165.89842750726 -176.10117092981326,4.672188745801941,149273.8539904867 -176.11353163882205,4.602913948276847,149382.0439326273 -176.12589053325408,4.533641344598728,149490.46808347703 -176.13824763703076,4.46437094138161,149599.1262722764 -176.15060297405168,4.395102745234351,149708.01832795952 -176.16295656819509,4.325836762760104,149817.1440791666 -176.1753084433181,4.256573000556059,149926.50335423605 -176.18765862325697,4.18731146521496,150036.09598117965 -176.2000071318272,4.11805216332276,150145.92178773636 -176.21235399282423,4.048795101460213,150255.98060132962 -176.22469923002362,3.9795402862024543,150366.2722490926 -176.2370428671808,3.910287724118692,150476.7965578385 -176.24938492803193,3.8410374217736947,150587.55335411115 -176.26172543629386,3.771789385725481,150698.54246410978 -176.2740644156648,3.7025436225269286,150809.76371378257 -176.28640188982402,3.633300138725314,150921.21692873933 -176.29873788243262,3.564058940862014,151032.9019343062 -176.31107241713346,3.494820035474015,151144.81855551913 -176.32340551755163,3.4255834290915774,151256.96661711755 -176.33573720729459,3.356349128239874,151369.34594350986 -176.34806750995273,3.287117139438491,151481.9563588517 -176.36039644909903,3.2178874692015373,151594.7976869711 -176.37272404829034,3.1486601240372205,151707.86975141254 -176.38505033106634,3.079435110449398,151821.17237541662 -176.39737532095108,3.01021243493529,151934.70538194288 -176.4096990414523,2.940992103986997,152048.4685936335 -176.42202151606236,2.8717741240911336,152162.4618328533 -176.434342768258,2.8025585017284493,152276.68492167688 -176.44666282150087,2.733345243375434,152391.13768185326 -176.45898169923785,2.6641343555018766,152505.81993487594 -176.4712994249012,2.594925844572576,152620.73150190827 -176.4836160219089,2.5257197170468357,152735.87220386707 -176.49593151366474,2.4565159793781377,152851.24186131544 -176.50824592355892,2.387314638015701,152966.84029458085 -176.52055927496778,2.31811569940216,153082.66732367064 -176.53287159125478,2.2489191699750983,153198.72276829756 -176.5451828957702,2.1797250561666996,153315.00644790957 -176.55749321185158,2.11053336440333,153431.5181816173 -176.569802562824,2.041344101107171,153548.25778828491 -176.58211097200046,1.9721572726937866,153665.22508647176 -176.5944184626819,1.9029728855737749,153782.4198944354 -176.6067250581577,1.8337909461523374,153899.84203015684 -176.61903078170562,1.7646114608289374,154017.49131132965 -176.63133565659246,1.6954344359988027,154135.36755534823 -176.64363970607414,1.626259878050687,154253.47057933232 -176.65594295339596,1.5570877933683287,154371.80020010055 -176.66824542179268,1.4879181883301325,154490.35623418694 -176.68054713448927,1.418751069308784,154609.1384978554 -176.6928481147007,1.3495864426728152,154728.14680705415 -176.70514838563213,1.2804243147842278,154847.38097746504 -176.71744797047995,1.2112646920001358,154966.84082448063 -176.72974689243122,1.142107580672295,155086.52616320614 -176.74204517466407,1.0729529871468189,155206.4368084466 -176.75434284034824,1.003800917765638,155326.5725747606 -176.76663991264527,0.9346513788642569,155446.9332763956 -176.77893641470862,0.8655043767732853,155567.5187273064 -176.79123236968408,0.7963599178180213,155688.32874118653 -176.7971188386754,0.7632670845156714,155746.22991134127 -176.80352780070996,0.7272180083181169,155809.36313142502 -176.8158227309171,0.6580786545891697,155930.6217111416 -176.82811718342964,0.588941862940273,156052.10429318505 -176.840411181365,0.5198076396757179,156173.8106900948 -176.85270474783414,0.4506759910945226,156295.7407141448 -176.86499790594164,0.3815469234900834,156417.89417731707 -176.87729067878638,0.3124204431517421,156540.27089133524 -176.88958308946152,0.24329655636243613,156662.87066762196 -176.9018751610548,0.17417526940029457,156785.69331731886 -176.9141669166487,0.10505658853820632,156908.7386512956 -176.92645837932096,0.03594052004347652,157032.006480149 -176.93874957214473,-0.033172929820592556,157155.49661417754 -176.95104051818848,-0.10228375479710822,157279.20886342146 -176.96333124051685,-0.1713919486339176,157403.14303763263 -176.97562176219068,-0.24049750508407525,157527.29894628283 -176.98791210626678,-0.30960041790580933,157651.67639856553 -177.00020229579923,-0.37870068086288544,157776.27520340867 -177.0124923538383,-0.4477982877230582,157901.09516946177 -177.0247823034322,-0.5168932322604093,158026.13610507705 -177.03707216762592,-0.5859855082537518,158151.39781835477 -177.04936196946252,-0.6550751094874672,158276.8801171069 -177.06165173198275,-0.7241620297498317,158402.5828088861 -177.07394147822578,-0.7932462628354778,158528.50570094507 -177.08623123122928,-0.8623278025437318,158654.64860027895 -177.09852101402925,-0.9314066426790095,158781.0113136102 -177.11081084966114,-1.0004827770508573,158907.59364737823 -177.12310076115924,-1.0695561994743075,159034.3954077589 -177.13539077155758,-1.1386269037682735,159161.41640064234 -177.1476809038897,-1.2076948837579509,159288.65643166774 -177.15997118118943,-1.2767601332732108,159416.11530618684 -177.17226162649067,-1.3458226461489657,159543.79282927312 -177.18455226282774,-1.4148824162256162,159671.6888057381 -177.19684311323593,-1.4839394373474222,159799.8030401286 -177.2091342007514,-1.5529937033648409,159928.13533671506 -177.22142554841193,-1.6220452081330143,160056.68549949495 -177.23371717925616,-1.691093945512089,160185.45333219663 -177.24600911632533,-1.7601399093676167,160314.43863828736 -177.25830138266215,-1.8291830935690179,160443.64122094883 -177.2705940013118,-1.898223491991875,160573.06088311726 -177.2828869953222,-1.9672610985163907,160702.69742743767 -177.29518038774384,-2.0362959070277546,160832.5506563033 -177.30747420163058,-2.1053279114165333,160962.6203718335 -177.31976846003917,-2.1743571055770987,161092.90637587855 -177.3320631860305,-2.243383483409983,161223.40847003035 -177.34435840266892,-2.3124070388202567,161354.12645561702 -177.3566541330231,-2.3814277657179845,161485.06013367386 -177.36895040016594,-2.4504456580185625,161616.20930500614 -177.381247227175,-2.5194607096411366,161747.57377013337 -177.39354463713283,-2.5884729145109824,161879.1533293197 -177.40584265312697,-2.6574822665579005,162010.94778255266 -177.4181412982505,-2.7264887597166174,162142.9569295733 -177.43044059560205,-2.795492387927155,162275.180569859 -177.44274056828618,-2.864493145133286,162407.61850258603 -177.45504123941365,-2.933491025284814,162540.270526727 -177.46734263210163,-3.0024860223360954,162673.13644095339 -177.47964476947408,-3.0714781302463185,162806.2160436866 -177.49194767466182,-3.1404673429799703,162939.50913308072 -177.50425137080288,-3.209453654505228,163073.01550702777 -177.51655588104268,-3.278437058796283,163206.7349631716 -177.5288612285344,-3.3474175498318024,163340.6672988931 -177.5411674364395,-3.4163951215952877,163474.81231130223 -177.55347452792728,-3.48536976807549,163609.16979724605 -177.56578252617564,-3.554341483264786,163743.73955334796 -177.5780914543714,-3.623310261161561,163878.52137591926 -177.59040133571042,-3.6922760957686216,164013.5150610613 -177.60271219339742,-3.7612389810935785,164148.7204045852 -177.6150240506473,-3.830198911149241,164284.13720205936 -177.6273369306843,-3.8991558799519996,164419.76524879193 -177.63965085674283,-3.9681098815242457,164555.6043398374 -177.65196585206778,-4.0370609098927135,164691.65426999916 -177.6642819399144,-4.106008959088929,164827.91483379787 -177.67659914354897,-4.174954023149569,164964.385825534 -177.68891748624878,-4.243896096114854,165101.06703922155 -177.70123699130264,-4.312835172030948,165237.95826864627 -177.71355768201067,-4.381771244948343,165375.05930733006 -177.72587958168532,-4.450704308922276,165512.36994853115 -177.73820271365085,-4.519634358012669,165649.88998526224 -177.75052710124422,-4.588561386284568,165787.6192102949 -177.76285276781473,-4.657485387806536,165925.5574161198 -177.77517973672494,-4.726406356653005,166063.70439500007 -177.78750803135065,-4.7953242869026855,166202.05993893705 -177.79983767508077,-4.8642391726389915,166340.62383968104 -177.81216869131836,-4.933151007950366,166479.39588873577 -177.82450110348032,-5.002059786928759,166618.37587734498 -177.83683493499757,-5.070965503671919,166757.56359651405 -177.84917020931616,-5.139868152281885,166896.95883697915 -177.8615069498964,-5.208767726865277,167036.56138925452 -177.8738451802141,-5.277664221533767,167176.37104358437 -177.8861849237599,-5.3465576304024705,167316.38758995905 -177.89852620404045,-5.415447947592239,167456.61081815796 -177.91086904457816,-5.484335167228194,167597.04051766492 -177.92321346891154,-5.553219283440004,167737.67647774366 -177.93555950059564,-5.622100290362332,167878.51848739682 -177.94790716320188,-5.690978182133202,168019.56633540703 -177.960256480319,-5.759852952896436,168160.81981026946 -177.97260747555262,-5.828724596799949,168302.2787002701 -177.98496017252612,-5.89759310799625,168443.9427934385 -177.99731459488044,-5.966458480642791,168585.81187754136 -178.00967076627458,-6.035320708900304,168727.88574012247 -178.02202871038594,-6.104179786935276,168870.16416846836 -178.03438845091026,-6.173035708918292,169012.64694963992 -178.0467500115624,-6.241888469024436,169155.3338704207 -178.05911341607612,-6.31073806143367,169298.2247173877 -178.07147868820454,-6.379584480329273,169441.31927686068 -178.08384585172067,-6.448427719900173,169584.6173348964 -178.09621493041715,-6.517267774339345,169728.11867734528 -178.108585948107,-6.586104637844255,169871.82308979117 -178.1209589286237,-6.654938304617174,170015.73035759974 -178.13333389582127,-6.723768768863645,170159.84026585647 -178.14571087357518,-6.7925960247948085,170304.15259945765 -178.15808988578183,-6.861420066625817,170448.6671430086 -178.1704709563592,-6.930240888576263,170593.38368091086 -178.18285410924736,-6.99905848487048,170738.30199732856 -178.19523936840827,-7.067872849736068,170883.42187614852 -178.2076267578264,-7.136683977406118,171028.74310106836 -178.22001630150896,-7.205491862117753,171174.26545550552 -178.23240802348607,-7.2742964981124105,171319.98872267196 -178.244801947811,-7.343097879636305,171465.91268551492 -178.25719809856062,-7.41189600093876,171612.03712678252 -178.26959649983573,-7.480690856274648,171758.36182893455 -178.2819971757609,-7.549482439902776,171904.8865742334 -178.2944001504854,-7.618270746086213,172051.61114470047 -178.30680544818287,-7.6870557690927175,172198.53532212527 -178.3192130930521,-7.755837503193224,172345.65888803173 -178.33162310931684,-7.824615942664046,172492.98162375088 -178.34403552122654,-7.893391081785419,172640.50331034558 -178.3564503530565,-7.962162914841802,172788.2237286749 -178.36886762910774,-8.030931436122309,172936.1426593432 -178.38128737370795,-8.099696639919111,173084.25988273302 -178.3937096112114,-8.168458520529807,173232.575178984 -178.40613436599904,-8.23721707225575,173381.088328013 -178.41856166247936,-8.305972289402552,173529.7991095067 -178.43099152508816,-8.37472416628039,173678.70730291726 -178.44342397828908,-8.443472697202454,173827.812687452 -178.45585904657372,-8.51221787648728,173977.11504212292 -178.46829675446224,-8.580959698457173,174126.61414566627 -178.4807371265034,-8.649698157438579,174276.30977663738 -178.4931801872747,-8.718433247762134,174426.2017133251 -178.50562596138323,-8.787164963762848,174576.28973379632 -178.51807447346525,-8.85589329977884,174726.57361591337 -178.530525748187,-8.924618250153431,174877.05313727475 -178.54297981024501,-8.993339809233616,175027.72807528163 -178.55543668436596,-9.062057971370566,175178.59820708053 -178.5678963953075,-9.130772730919864,175329.66330963155 -178.58035896785788,-9.199484082239952,175480.92315962823 -178.59282442683707,-9.268192019694506,175632.37753354406 -178.60529279709644,-9.33689653765081,175784.02620765063 -178.6177641035192,-9.40559763048028,175935.86895798217 -178.63023837102097,-9.474295292558729,176087.90556033727 -178.64271562454968,-9.54298951826473,176240.13579030178 -178.65519588908603,-9.611680301981956,176392.55942323597 -178.6676791896441,-9.680367638097792,176545.17623426454 -178.68016555127105,-9.749051521003576,176697.985998323 -178.69265499904796,-9.81773194509488,176850.988490075 -178.70514755808964,-9.886408904770244,177004.183484014 -178.71764325354562,-9.955082394433118,177157.57075435523 -178.73014211059976,-10.023752408490568,177311.1500751502 -178.7426441544708,-10.092418941353507,177464.92122018753 -178.7551494104131,-10.161081987437317,177618.88396305038 -178.7676579037161,-10.229741541159814,177773.03807711086 -178.78016965970525,-10.298397596944078,177927.38333549368 -178.79268470374225,-10.36705014921658,178081.91951113258 -178.80520306122528,-10.435699192407515,178236.64637672028 -178.81772475758913,-10.50434472095149,178391.5637047512 -178.83024981830573,-10.57298672928577,178546.6712674861 -178.84277826888464,-10.641625211852327,178701.9688369719 -178.8553101348729,-10.71026016309672,178857.45618504644 -178.8678454418556,-10.778891577468471,179013.13308331918 -178.8803842154564,-10.847519449420885,179168.99930318596 -178.8929264813372,-10.916143773410113,179325.05461582332 -178.9054722651994,-10.984764543897214,179481.29879220595 -178.9180215927833,-11.053381755346358,179637.731603073 -178.93057448986917,-11.121995402225616,179794.3528189644 -178.94313098227695,-11.190605479007138,179951.1622101909 -178.95569109586688,-11.259211980165702,180108.15954686495 -178.96825485653991,-11.327814900180567,180265.34459888263 -178.9808222902379,-11.396414233534623,180422.71713590436 -178.9933934229438,-11.465009974714219,180580.27692740507 -179.00596828068223,-11.533602118209842,180738.0237426396 -179.01854688951983,-11.602190658514333,180895.9573506454 -179.0311292755651,-11.67077559012532,181054.0775202453 -179.0437154649695,-11.739356907543744,181212.38402006385 -179.05630548392705,-11.807934605273925,181370.8766184991 -179.06889935867528,-11.876508677824278,181529.5550837318 -179.08149711549498,-11.945079119705566,181688.41918377893 -179.0940987807108,-12.013645925433327,181847.46868638648 -179.1067043806919,-12.082209089526001,182006.7033591349 -179.1193139418517,-12.150768606505821,182166.12296936818 -179.13192749064868,-12.219324470898314,182325.72728423748 -179.1445450535864,-12.28787667723299,182485.51607068203 -179.15716665721413,-12.356425220041524,182645.48909543193 -179.1697923281268,-12.424970093860324,182805.64612501895 -179.1824220929657,-12.493511293228801,182965.9869257448 -179.19505597841888,-12.562048812690085,183126.5112637311 -179.20769401122092,-12.630582646789716,183287.21890487577 -179.22033621815407,-12.699112790077702,183448.10961486565 -179.23298262604789,-12.767639237106925,183609.18315921573 -179.24563326178,-12.836161982433788,183770.4393031936 -179.2582881522765,-12.904681020617968,183931.87781189592 -179.2709473245117,-12.973196346222771,184093.49845018552 -179.2836108055094,-13.041707953813843,184255.30098275066 -179.29627862234238,-13.110215837961114,184417.28517405226 -179.30895080213332,-13.178719993237491,184579.4507883629 -179.32162737205508,-13.24722041421906,184741.79758975335 -179.3343083593305,-13.31571709548571,184904.32534207322 -179.34699379123376,-13.384210031619116,185067.03380898671 -179.3596836950897,-13.452699217205602,185229.9227539661 -179.37237809827488,-13.52118464683417,185392.99194025717 -179.3850770282176,-13.589666315097073,185556.24113091745 -179.3977805123985,-13.658144216590038,185719.67008881256 -179.41048857835062,-13.726618345910722,185883.27857659716 -179.42320125366007,-13.795088697661273,186047.06635672573 -179.43591856596626,-13.863555266446498,186211.0331914664 -179.44864054296227,-13.932018046874099,186375.1788428717 -179.46136721239512,-14.000477033555494,186539.50307281138 -179.47409860206614,-14.068932221103939,186704.0056429414 -179.48683473983178,-14.137383604136867,186868.68631473862 -179.49957565360342,-14.205831177274293,187033.54484946793 -179.5123213713479,-14.274274935139356,187198.581008206 -179.52507192108817,-14.342714872358506,187363.7945518294 -179.5378273309032,-14.411150983560063,187529.1852410246 -179.55058762892884,-14.479583263376428,187694.7528362689 -179.56335284335773,-14.548011706442528,187860.4970978531 -179.57612300244026,-14.6164363073963,188026.41778589168 -179.5888981344843,-14.684857060878834,188192.5146602589 -179.60167826785602,-14.753273961533145,188358.78748069354 -179.6144634309801,-14.821687004006154,188525.23600669065 -179.62725365234022,-14.890096182947241,188691.8599975861 -179.64004896047945,-14.958501493008562,188858.6592124966 -179.65284938400055,-15.026902928845672,189025.63341037603 -179.6656549515664,-15.095300485115494,189192.7823499618 -179.6784656919001,-15.163694156479215,189360.10578980314 -179.69128163378625,-15.232083937599969,189527.6034882727 -179.70410280607024,-15.30046982314413,189695.27520353766 -179.7169292376594,-15.368851807780676,189863.12069358336 -179.72976095752315,-15.437229886180582,190031.1397162068 -179.74259799469326,-15.505604053018235,190199.33202900755 -179.75544037826444,-15.573974302970697,190367.6973894071 -179.76828813739488,-15.642340630717335,190536.235554614 -179.78114130130638,-15.710703030940778,190704.9462816849 -179.79399989928461,-15.779061498324946,190873.82932747097 -179.80686396068035,-15.847416027557628,191042.88444862232 -179.81973351490856,-15.915766613328618,191212.1114016154 -179.83260859145028,-15.984113250330285,191381.50994275292 -179.8454892198518,-16.05245593325815,191551.07982813934 -179.85837542972587,-16.12079465680876,191720.82081367535 -179.87126725075157,-16.18912941568255,191890.73265509706 -179.88416471267533,-16.257460204581754,192060.81510796776 -179.8970678453107,-16.325787018211308,192231.06792763883 -179.9099766785393,-16.394109851278504,192401.49086928432 -179.92289124231098,-16.462428698493326,192572.08368791544 -179.93581156664422,-16.530743554567,192742.84613831787 -179.94873768162665,-16.599054414214375,192913.77797514814 -179.96166961741557,-16.667361272152142,193084.87895284087 -179.9746074042382,-16.735664123099433,193256.14882565424 -179.98755107239228,-16.803962961777774,193427.58734768085 -180.00050065224613,-16.872257782910044,193599.19427281874 -180.01345617423976,-16.940548581222632,193770.96935478586 -180.0264176688847,-17.00883535144338,193942.9123471191 -180.03938516676473,-17.07711808830275,194115.02300318354 -180.0523586985362,-17.14539678653351,194287.30107616138 -180.0653382949286,-17.213671440869547,194459.7463190421 -180.07832398674475,-17.28194204604798,194632.35848465137 -180.09131580486175,-17.350208596807576,194805.1373256385 -180.10431378023085,-17.41847108788941,194978.08259446174 -180.11731794387845,-17.48672951403688,195151.1940434166 -180.1303283269058,-17.554983869994242,195324.4714245966 -180.14334496049048,-17.62323415050897,195497.9144899544 -180.15636787588593,-17.691480350330316,195671.52299123426 -180.16939710442236,-17.75972246420914,195845.29668001414 -180.18243267750742,-17.827960486898927,196019.23530770818 -180.19547462662595,-17.896194413153864,196193.33862553776 -180.20852298334117,-17.96442423773118,196367.6063845569 -180.22157777929473,-18.032649955389676,196542.03833566315 -180.2346390462075,-18.10087156088982,196716.6342295368 -180.24770681587958,-18.169089048994422,196891.3938167234 -180.26078112019144,-18.23730241446701,197066.3168475794 -180.27386199110342,-18.305511652073967,197241.40307228663 -180.28694946065733,-18.37371675658303,197416.6522408559 -180.3000435609763,-18.441917722763716,197592.06410314527 -180.31314432426527,-18.510114545387612,197767.63840880812 -180.32625178281157,-18.578307219226808,197943.37490734505 -180.33936596898533,-18.646495739056196,198119.27334808934 -180.35248691524038,-18.71468009965202,198295.33348018868 -180.36561465411393,-18.782860295792062,198471.55505263526 -180.37874921822805,-18.851036322255993,198647.9378142485 -180.39189064028932,-18.919208173824078,198824.48151366954 -180.4050389530897,-18.98737584527899,199001.18589937483 -180.41819418950726,-19.055539331404773,199178.05071968542 -180.4313563825062,-19.1236986269868,199355.07572273217 -180.44452556513787,-19.191853726812273,199532.26065649415 -180.45770177054047,-19.260004625668852,199709.6052687857 -180.47088503194067,-19.328151318346418,199887.10930722847 -180.48407538265317,-19.396293799636116,200064.77251931574 -180.49727285608174,-19.46443206433033,200242.59465233717 -180.51047748571972,-19.532566107223044,200420.57545344142 -180.52368930515019,-19.600695923108656,200598.71466960793 -180.53690834804678,-19.668821506783576,200777.0120476489 -180.5501346481742,-19.736942853045402,200955.4673342027 -180.56336823938878,-19.805059956692713,201134.0802757577 -180.57660915563878,-19.873172812525404,201312.8506186331 -180.58985743096503,-19.94128141534489,201491.77810897617 -180.6031130995016,-20.009385759952377,201670.86249279417 -180.61637619547642,-20.07748584115148,201850.10351590154 -180.6296467532114,-20.14558165374644,202029.50092398532 -180.6429248071233,-20.21367319254289,202209.05446253344 -180.65621039172407,-20.281760452346376,202388.76387690107 -180.66950354162205,-20.349843427964462,202568.62891225866 -180.68280429152125,-20.417922114205318,202748.6493136521 -180.69611267622335,-20.485996505878084,202928.82482592994 -180.7094287306271,-20.5540665977927,203109.15519378794 -180.72275248972957,-20.622132384760203,203289.64016178725 -180.73608398862652,-20.690193861591773,203470.27947430525 -180.74942326251275,-20.758251023099923,203651.07287557021 -180.7627703466831,-20.82630386409789,203832.02010964853 -180.77612527653272,-20.89435237939971,204013.1209204519 -180.78948808755754,-20.962396563820285,204194.37505172938 -180.80285881535528,-21.030436412174005,204375.7822470843 -180.8162374956256,-21.09847191927725,204557.34224995013 -180.82962416417078,-21.16650307994644,204739.05480361645 -180.8430188568966,-21.234529888998747,204920.91965120836 -180.85642160981274,-21.302552341252014,205102.93653568806 -180.869832459033,-21.37057043152363,205285.10519989778 -180.88325144077658,-21.438584154632633,205467.4253864778 -180.89667859136804,-21.506593505397916,205649.89683794646 -180.9101139472385,-21.574598478638794,205832.51929665767 -180.9235575449259,-21.642599069175752,206015.29250481143 -180.93700942107537,-21.710595271827852,206198.2162044542 -180.95046961244054,-21.778587081415928,206381.29013748767 -180.9639381558833,-21.84657449276083,206564.51404564723 -180.97741508837527,-21.914557500683447,206747.88767053542 -180.99090044699773,-21.982536100005188,206931.41075358837 -181.0043942689426,-22.050510285546768,207115.0830360848 -181.01789659151302,-22.11848005212984,207298.9042591771 -181.03140745212394,-22.18644539457602,207482.87416384937 -181.04492688830274,-22.254406307706947,207666.99249094108 -181.0584549376899,-22.322362786344577,207851.25898114985 -181.0719916380397,-22.390314825309886,208035.67337498954 -181.0855370272205,-22.458262419424738,208220.23541288037 -181.0990911432162,-22.526205563510587,208404.94483505518 -181.11265402412585,-22.594144252388897,208589.80138160952 -181.12622570816512,-22.66207848088139,208774.8047924897 -181.1398062336666,-22.73000824380821,208959.9548074948 -181.15339563908051,-22.79793353599065,209145.25116628557 -181.16699396297537,-22.865854352249197,209330.69360836636 -181.1806012440387,-22.933770687404206,209516.28187310052 -181.19421752107763,-23.001682536275986,209702.01569970232 -181.20784283301973,-23.069589893683265,209887.8948272486 -181.22147721891318,-23.13749275444569,210073.91899466165 -181.23512071792848,-23.205391113381843,210260.08794073004 -181.24877336935788,-23.27328496531001,210446.40140407774 -181.26243521261716,-23.341174305048263,210632.85912321863 -181.2761062872454,-23.409059127412927,210819.46083649836 -181.2897866329066,-23.47693942722093,211006.20628213164 -181.30347628938952,-23.54481519928806,211193.09519816397 -181.31717529660895,-23.612686438429613,211380.1273225454 -181.33088369460634,-23.68055313946034,211567.30239305124 -181.34460152355004,-23.74841529719329,211754.62014731782 -181.35832882373685,-23.816272906441647,211942.08032285224 -181.37206563559192,-23.884125962017517,212129.68265700692 -181.38581199966995,-23.95197445873202,212317.4268870198 -181.39956795665594,-24.01981839139533,212505.31274996046 -181.41333354736557,-24.087657754817286,212693.33998278307 -181.42710881274616,-24.155492543805202,212881.50832228258 -181.44089379387756,-24.22332275316674,213069.81750512568 -181.4546885319725,-24.29114837770808,213258.2672678418 -181.4684930683777,-24.358969412234075,213446.8573468148 -181.4823074445748,-24.426785851548978,213635.5874783103 -181.49613170217998,-24.494597690454587,213824.45739843478 -181.50996588294618,-24.562404923752588,214013.46684316103 -181.52381002876328,-24.63020754624297,214202.61554834543 -181.53766418165853,-24.698005552724425,214391.90324968877 -181.5515283837977,-24.765798937994532,214581.32968277368 -181.56540267748565,-24.833587696848358,214770.8945830309 -181.57928710516742,-24.901371824080606,214960.59768575197 -181.59318170942865,-24.969151314484037,215150.43872612843 -181.60708653299687,-25.036926162849934,215340.41743918532 -181.6210016187415,-25.104696363968245,215530.53355981593 -181.63492700967547,-25.172461912626183,215720.7868228006 -181.64886274895554,-25.24022280361025,215911.17696277433 -181.66280887988316,-25.307979031704942,216101.70371425102 -181.6767654459055,-25.375730591692996,216292.36681158544 -181.69073249061609,-25.443477478355437,216483.16598901874 -181.70471005775568,-25.511219686470533,216674.10098068195 -181.71869819121295,-25.578957210815563,216865.17152054966 -181.73269693502564,-25.646690046165446,217056.37734246466 -181.74670633338113,-25.714418187293173,217247.7181801405 -181.76072643061732,-25.78214162896986,217439.19376717985 -181.77475727122356,-25.84986036596352,217630.80383704437 -181.7887988998413,-25.917574393040976,217822.5481230611 -181.80285136126537,-25.985283704966395,218014.42635843978 -181.81691470044439,-26.05298829650189,218206.4382762601 -181.83098896248188,-26.12068816240747,218398.58360946347 -181.84507419263673,-26.188383297439476,218590.86209088127 -181.85917043632503,-26.256073696353113,218783.27345320667 -181.8732777391199,-26.323759353900794,218975.81742901003 -181.8873961467527,-26.39144026483217,219168.49375074435 -181.90152570511447,-26.459116423894866,219361.30215070443 -181.91566646025586,-26.526787825832614,219554.24236110502 -181.92981845838906,-26.59445446538768,219747.31411400443 -181.94398174588764,-26.662116337299118,219940.51714135913 -181.95815636928856,-26.72977343630315,220133.8511749791 -181.9723423752921,-26.797425757133695,220327.31594657435 -181.98653981076345,-26.865073294520354,220520.9111876993 -182.00074872273333,-26.932716043191206,220714.63662981568 -182.014969158399,-27.000353997870757,220908.49200424782 -182.02920116512544,-27.067987153280473,221102.47704221093 -182.04344479044565,-27.135615504138926,221296.59147479016 -182.05770008206215,-27.203239045160757,221490.8350329424 -182.071967087848,-27.270857771058,221685.20744752185 -182.08624585584707,-27.338471676539534,221879.7084492362 -182.10053643427614,-27.406080756310498,222074.33776870312 -182.11483887152468,-27.47368500507274,222269.0951363975 -182.1291532161565,-27.541284417525112,222463.98028268415 -182.14347951691073,-27.60887898836169,222658.99293780877 -182.15781782270253,-27.676468712274204,222854.13283188883 -182.17216818262418,-27.744053583950254,223049.399694959 -182.18653064594636,-27.811633598074284,223244.793256893 -182.20090526211868,-27.879208749325695,223440.31324746084 -182.21529208077106,-27.946779032381308,223635.95939632342 -182.22969115171466,-28.014344441913572,223831.7314330252 -182.24410252494272,-28.081904972591218,224027.62908698333 -182.25852625063183,-28.149460619078724,224223.6520875049 -182.2729623791432,-28.21701137603713,224419.80016380147 -182.28741096102263,-28.284557238122037,224616.07304492372 -182.30187204700314,-28.35209819998603,224812.47045985493 -182.3163456880045,-28.419634256277195,225008.99213743105 -182.3308319351354,-28.48716540163926,225205.63780639804 -182.34533083969424,-28.554691630711968,225402.40719537542 -182.3598424531696,-28.622212938129486,225599.30003286627 -182.37436682724214,-28.689729318522545,225796.31604726636 -182.38890401378532,-28.757240766516993,225993.45496686056 -182.40345406486637,-28.824747276734254,226190.71651983086 -182.4180170327477,-28.89224884379109,226388.10043422837 -182.43259296988785,-28.959745462298713,226585.6064379941 -182.44718192894237,-29.02723712686437,226783.23425898724 -182.4617839627656,-29.094723832090267,226980.98362491874 -182.47639912441093,-29.16220557257357,227178.85426341125 -182.49102746713277,-29.229682342906813,227376.8459019784 -182.50566904438705,-29.297154137676248,227574.9582680128 -182.52032390983257,-29.36462095146424,227773.19108881147 -182.5349921173327,-29.432082778847445,227971.54409154336 -182.54967372095544,-29.499539614397296,228170.01700329638 -182.56436877497555,-29.566991452680238,228368.60955102657 -182.5790773338754,-29.634438288256117,228567.32146160994 -182.593799452346,-29.70188011568043,228766.15246177153 -182.60853518528847,-29.769316929502804,228965.1022781809 -182.6232845878151,-29.836748724267068,229164.17063736025 -182.63804771525048,-29.904175494511897,229363.35726575635 -182.65282462313277,-29.971597234768755,229562.66188969492 -182.6676153672151,-30.03901393956488,229762.08423538628 -182.68242000346658,-30.106425603420757,229961.6240289706 -182.69723858807362,-30.173832220850986,230161.28099644993 -182.71207117744135,-30.24123378636461,230361.0548637307 -182.72691782819433,-30.308630294463246,230560.94535662397 -182.74177859717858,-30.376021739643445,230760.95220083426 -182.75665354146193,-30.443408116395094,230961.0751219634 -182.77154271833655,-30.51078941920175,231161.3138455059 -182.78644618531882,-30.578165642540792,231361.6680968653 -182.80136400015166,-30.645536780881997,231562.13760134688 -182.81629622080544,-30.712902828689703,231762.722084125 -182.83124290547931,-30.780263780421095,231963.42127029583 -182.84620411260255,-30.84761963052671,232164.2348848618 -182.86117990083588,-30.91497037345045,232365.16265270984 -182.87617032907272,-30.982316003628334,232566.2042986396 -182.89117545644075,-31.04965651549045,232767.35954733795 -182.90619534230308,-31.116991903459287,232968.6281234044 -182.92123004625955,-31.184322161950494,233170.0097513376 -182.9362796281486,-31.251647285372602,233371.5041555297 -182.95134414804778,-31.318967268125572,233573.11106028646 -182.96642366627594,-31.38628210460343,233774.83018981092 -182.98151824339413,-31.453591789192142,233976.66126820422 -182.99662794020733,-31.52089631627007,234178.60401948565 -183.0117528177656,-31.588195680207857,234380.65816756806 -183.0268929373658,-31.655489875369028,234582.82343626433 -183.04204836055243,-31.722778896107908,234785.09954929177 -183.05721914912,-31.790062736772036,234987.48623028677 -183.07240536511367,-31.8573413917007,235189.98320278025 -183.0876070708311,-31.924614855224974,235392.59019021483 -183.10282432882394,-31.9918831216683,235595.30691593044 -183.11805720189895,-32.059146185344524,235798.1331031733 -183.13330575311997,-32.12640404056043,236001.06847510597 -183.1485700458089,-32.19365668161381,236204.11275478546 -183.163850143548,-32.26090410279399,236407.26566520517 -183.17914611018045,-32.328146298382116,236610.52692922295 -183.19445800981242,-32.395383262649396,236813.89626963937 -183.2097859068147,-32.46261498985934,237017.3734091468 -183.2251298658241,-32.529841474266206,237220.95807035203 -183.2404899517447,-32.597062710115324,237424.64997578372 -183.25586622975007,-32.66427869164317,237628.4488478459 -183.27125876528416,-32.73148941307599,237832.35440889257 -183.28666762406337,-32.79869486863186,238036.36638115495 -183.30209287207808,-32.865895052519136,238240.48448680516 -183.31753457559404,-32.93308995893659,238444.70844790793 -183.33299280115432,-33.00027958207392,238649.037986439 -183.34846761558035,-33.06746391610995,238853.47282429395 -183.3639590859745,-33.134642955214794,239058.01268327105 -183.3794672797207,-33.201816693548544,239262.6572851068 -183.39499226448706,-33.268985125261096,239467.40635140668 -183.4105341082269,-33.33614824449277,239672.25960375162 -183.4260928791805,-33.40330604537244,239877.2167635616 -183.44166864587703,-33.47045852202017,240082.27755223835 -183.45726147713634,-33.53760566854484,240287.44169104993 -183.47287144207039,-33.60474747904511,240492.70890120987 -183.48849861008497,-33.671883947609466,240698.07890383617 -183.50414305088168,-33.73901506831437,240903.55141996406 -183.51980483445962,-33.80614083522678,241109.12617052963 -183.53548403111702,-33.8732612424023,241314.802876429 -183.55118071145327,-33.94037628388567,241520.58125841903 -183.56689494637047,-34.007485953710656,241726.46103722128 -183.58262680707523,-34.07459024589877,241932.44193345073 -183.59837636508087,-34.14168915446138,242138.52366762876 -183.61414369220861,-34.20878267339804,242344.70596023038 -183.62992886059007,-34.27587079669662,242550.9885316269 -183.6457319426687,-34.34295351833379,242757.37110209413 -183.66155301120173,-34.410030832273286,242963.85339187417 -183.67739213926197,-34.477102732468154,243170.43512108194 -183.6932494002403,-34.54416921285893,243377.11600978038 -183.70912486784653,-34.611230267374076,243583.8957779306 -183.72501861611224,-34.678285889930194,243790.77414544916 -183.74093071939214,-34.745336074430455,243997.7508321372 -183.75686125236643,-34.812380814766634,244204.82555773924 -183.77281029004232,-34.87942010481755,244411.99804191547 -183.78877790775658,-34.94645393844931,244619.26800425135 -183.8047641811769,-35.01348230951557,244826.63516425874 -183.8207691863041,-35.080505211855915,245034.0992413576 -183.83679299947457,-35.147522639297925,245241.65995490694 -183.8528356973616,-35.21453458565576,245449.3170241858 -183.86889735697807,-35.28154104473007,245657.07016839224 -183.88497805567792,-35.34854201030866,245864.9191066561 -183.90107787115846,-35.41553747616443,246072.863558029 -183.91719688146296,-35.48252743605783,246280.9032414907 -183.93333516498163,-35.54951188373508,246489.0378759519 -183.9494928004549,-35.61649081292848,246697.26718022776 -183.9656698669747,-35.68346421735629,246905.59087309157 -183.9818664439873,-35.75043209072291,247114.00867321208 -183.99808261129448,-35.817394426717144,247322.52029920983 -184.01431844905682,-35.884351219014675,247531.12546961984 -184.03057403779522,-35.95130246127614,247739.82390291622 -184.0468494583933,-36.01824814714727,247948.61531748576 -184.0631447920997,-36.08518827025967,248157.4994316661 -184.07946012052972,-36.152122824228435,248366.4759636913 -184.09579552566873,-36.219051802654924,248575.54463176438 -184.11215108987307,-36.2859751991247,248784.70515400023 -184.1285268958736,-36.35289300720793,248993.95724841816 -184.14492302677695,-36.41980522045976,249203.30063301115 -184.1613395660686,-36.4867118324183,249412.73502568857 -184.17777659761467,-36.55361283660696,249622.26014428324 -184.19423420566463,-36.62050822653313,249831.87570655992 -184.21071247485347,-36.6873979956876,250041.5814302278 -184.2272114902042,-36.754282137545665,250251.3770329133 -184.24373133713019,-36.821160645564966,250461.26223218834 -184.26027210143735,-36.88803351318747,250671.23674555024 -184.27683386932716,-36.95490073383851,250881.3002904435 -184.29341672739832,-37.021762300926305,251091.45258421812 -184.31002076265014,-37.08861820784254,251301.6933441968 -184.32664606248406,-37.155468447960445,251512.0222876003 -184.34329271470688,-37.22231301463733,251722.43913160582 -184.3599608075329,-37.2891519012125,251932.94359332323 -184.37665042958645,-37.35598510100768,252143.5353898005 -184.39336166990506,-37.42281260732744,252354.2142380138 -184.41009461794093,-37.48963441345687,252564.97985487658 -184.42684936356443,-37.556450512664604,252775.83195724583 -184.4436259970666,-37.62326089820013,252986.77026191307 -184.46042460916095,-37.69006556329504,253197.7944856144 -184.4772452909876,-37.75686450116247,253408.90434499487 -184.49408813411455,-37.823657704995824,253620.09955668874 -184.51095323054085,-37.89044516797053,253831.37983722374 -184.52784067269963,-37.957226883243,254042.7449030867 -184.54475055346077,-38.02400284395014,254254.19447069452 -184.56168296613285,-38.09077304320993,254465.72825641578 -184.57863800446697,-38.15753747411961,254677.34597655726 -184.5956157626589,-38.22429612975802,254889.0473473539 -184.61261633535221,-38.29104900318346,255100.8320850051 -184.62963981764082,-38.35779608743456,255312.69990562758 -184.6466863050721,-38.424537375529695,255524.65052527896 -184.66375589364947,-38.491272860466,255736.68365999218 -184.68084867983552,-38.55800253522091,255948.7990257094 -184.69796476055475,-38.624726392751,256160.99633831438 -184.71510423319697,-38.691444425991804,256373.27531366373 -184.73226719561944,-38.75815662785793,256585.63566753129 -184.74945374615055,-38.824862991241844,256798.07711564627 -184.7666639835924,-38.891563509015576,257010.599373677 -184.7838980072242,-38.95825817402895,257223.20215723995 -184.80115591680476,-39.02494697911027,257435.885181887 -184.8184378125761,-39.09162991706538,257648.6481631309 -184.83574379526664,-39.15830698067876,257861.49081643362 -184.85307396609326,-39.22497816271086,258074.4128571796 -184.8704284267658,-39.291643455901195,258287.41400071338 -184.88780727948944,-39.35830285296564,258500.49396232134 -184.90521062696786,-39.42495634659724,258713.6524572543 -184.92263857240687,-39.49160392946637,258926.8892006803 -184.9400912195172,-39.55824559421873,259140.20390775113 -184.95756867251808,-39.62488133347765,259353.59629354297 -184.9750710361403,-39.69151113984226,259567.06607308477 -184.99259841562966,-39.75813500588782,259780.61296134547 -185.0101509167502,-39.82475292416559,259994.23667326663 -185.0277286457877,-39.89136488720142,260207.93692372172 -185.04533170955264,-39.957970887497915,260421.71342754137 -185.06296021538432,-40.024570917532095,260635.5658995053 -185.08061427115348,-40.09116496975627,260849.49405434052 -185.09829398526674,-40.15775303659784,261063.49760671673 -185.11599946666894,-40.22433511045755,261277.5762712945 -185.13373082484733,-40.29091118371174,261491.7297626298 -185.15148816983523,-40.35748124871053,261705.95779527593 -185.169271612215,-40.42404529777787,261920.26008370158 -185.18708126312254,-40.49060332321178,262134.63634237633 -185.20491723424954,-40.557155317282856,262349.086285677 -185.22277963784856,-40.62370127223573,262563.60962796677 -185.24066858673595,-40.69024118028803,262778.2060835316 -185.2585841942955,-40.75677503362995,262992.8753666436 -185.27652657448272,-40.82330282442477,263207.61719150597 -185.29449584182757,-40.88982454480707,263422.4312722854 -185.3124921114396,-40.95634018688451,263637.3173231086 -185.33051549901043,-41.02284974273632,263852.27505804686 -185.3485661208189,-41.08935320441349,264067.30419114954 -185.36664409373387,-41.15585056393866,264282.4044363942 -185.38474953521825,-41.2223418133045,264497.5755077394 -185.40288256333395,-41.2888269444761,264712.8171190725 -185.42104329674441,-41.35530594938843,264928.1289842775 -185.43923185471994,-41.42177881994713,265143.51081716997 -185.45744835714063,-41.488245548028424,265358.96233152197 -185.47569292450083,-41.55470612547733,265574.4832410692 -185.49396567791382,-41.62116054410975,265790.07325952535 -185.51226673911484,-41.68760879571055,266005.7321005297 -185.5305962304661,-41.75405087203397,266221.45947771333 -185.5489542749608,-41.82048676480351,266437.2551046363 -185.56734099622702,-41.886916465710215,266653.11869483045 -185.58575651853198,-41.9533399664146,266869.0499618224 -185.6042009667872,-42.01975725854526,267085.04861904384 -185.62267446655147,-42.08616833369838,267301.1143799367 -185.6411771440364,-42.152573183438314,267517.24695786106 -185.65970912610976,-42.21897179929565,267733.44606617594 -185.67827054030096,-42.2853641727693,267949.711418185 -185.69686151480468,-42.351750295324344,268166.0427271472 -185.71548217848604,-42.418130158392735,268382.4397063154 -185.7341326608842,-42.48450375337295,268598.9020688676 -185.7528130922179,-42.55087107162822,268815.42952797556 -185.77152360338945,-42.61723210448878,269032.02179676737 -185.79026432598982,-42.68358684324993,269248.6785883175 -185.80903539230295,-42.749935279172014,269465.39961569395 -185.8278369353103,-42.81627740348065,269682.1845919094 -185.8466690886964,-42.882613207365004,269899.0332299536 -185.86553198685252,-42.94894268197942,270115.9452427828 -185.88442576488282,-43.01526581844207,270332.920343305 -185.90335055860777,-43.081582607834704,270549.9582444145 -185.92230650457017,-43.14789304120235,270767.05865896656 -185.94129374003978,-43.21419710955375,270984.22129977826 -185.96031240301795,-43.28049480385914,271201.4458796202 -185.9793626322431,-43.34678611505222,271418.73211127677 -185.9984445671955,-43.41307103402871,271636.0797074549 -186.0175583481026,-43.47934955164603,271853.48838084703 -186.03670411594408,-43.545621658723626,272070.9578441356 -186.0558820124567,-43.61188734604089,272288.4878099267 -186.0750921801402,-43.678146604339275,272506.0779908399 -186.0943347622622,-43.7443994243205,272723.728099445 -186.1136099028633,-43.81064579664639,272941.4378482861 -186.13291774676296,-43.87688571193917,273159.20694987563 -186.15225843956432,-43.94311916077952,273377.03511671134 -186.17163212766033,-44.00934613370844,273594.92206122377 -186.19103895823855,-44.075566621225455,273812.86749586527 -186.21047907928704,-44.1417806137888,274030.8711330381 -186.22995263960033,-44.20798810181501,274248.93268511 -186.24945978878372,-44.27418907567779,274467.051864428 -186.26900067726064,-44.34038352570918,274685.2283833159 -186.28857545627758,-44.406571442198135,274903.4619540762 -186.30818427790933,-44.472752815390585,275121.7522889674 -186.32782729506607,-44.53892763548903,275340.0991002336 -186.34750466149765,-44.60509589265115,275558.50210011157 -186.36721653180095,-44.67125757699151,275776.96100078174 -186.38696306142518,-44.73741267857956,275995.4755144045 -186.40674440667766,-44.80356118744002,276214.04535314377 -186.42656072473082,-44.869703093552324,276432.6702291182 -186.44641217362687,-44.935838386849106,276651.3498544218 -186.46629891228525,-45.00196705721832,276870.0839411358 -186.48622110050837,-45.06808909450071,277088.872201306 -186.50617889898774,-45.13420448849031,277307.7143469627 -186.52617246931038,-45.20031322893418,277526.61009012535 -186.54620197396534,-45.26641530553065,277745.5591427633 -186.5662675763499,-45.33251070793122,277964.5612168606 -186.5863694407764,-45.39859942573854,278183.61602435017 -186.60650773247838,-45.464681448506134,278402.7232771641 -186.62668261761726,-45.53075676573899,278621.88268720545 -186.64689426328928,-45.596825366891316,278841.09396635176 -186.66714283753174,-45.66288724136806,279060.3568264723 -186.68742850933015,-45.728942378523556,279279.6709794111 -186.7077514486248,-45.79499076766124,279499.0361369928 -186.7281118263179,-45.86103239803346,279718.45201102586 -186.74850981428008,-45.927067258839784,279937.91831330146 -186.76894558535784,-45.99309533922877,280157.4347555906 -186.78941931338036,-46.05911662829584,280377.0010496519 -186.80993117316658,-46.12513111508339,280596.61690721626 -186.83048134053257,-46.19113878858079,280816.2820400039 -186.85106999229853,-46.25713963772231,281035.99615971686 -186.87169730629603,-46.32313365138891,281255.7589780536 -186.89236346137588,-46.38912081840642,281475.5702066732 -186.91306863741505,-46.455101127545234,281695.429557235 -186.933813015324,-46.521074567520124,281915.33674138464 -186.95459677705523,-46.58704112698998,282135.2914707586 -186.97542010560946,-46.653000794555794,282355.2934569434 -186.99628318504423,-46.718953558762706,282575.34241155465 -187.0171862004817,-46.784899408097544,282795.43804617063 -187.03812933811633,-46.85083833098965,283015.58007236506 -187.05911278522183,-46.91677031580858,283235.7682016964 -187.0801367301609,-46.982695350865946,283456.00214570825 -187.1012013623917,-47.04861342441316,283676.281615938 -187.12230687247674,-47.11452452464188,283896.6063238877 -187.14345345209065,-47.180428639682965,284116.9759810964 -187.164641294029,-47.246325757606556,284337.39029903885 -187.1858705922153,-47.3122158664202,284557.84898920864 -187.20714154171117,-47.37809895407031,284778.35176308325 -187.2284543387232,-47.443975008440326,284998.8983321327 -187.24980918061283,-47.50984401735046,285219.48840779625 -187.2712062659036,-47.575705968557735,285440.12170153746 -187.29264579429068,-47.64156084975366,285660.7979247901 -187.31412796664944,-47.70740864856625,285881.51678897796 -187.33565298504416,-47.773249352557634,286102.2780055191 -187.35722105273743,-47.83908294922425,286323.0812858201 -187.37883237419837,-47.904909425996415,286543.9263413 -187.40048715511182,-47.97072877023631,286764.81288333616 -187.42218560238825,-48.03654096923987,286985.74062333046 -187.44392792417207,-48.102346010234115,287206.70927265653 -187.4657143298515,-48.16814388037791,287427.7185426954 -187.48754503006774,-48.233934566760894,287648.7681448007 -187.5094202367243,-48.2997180564018,287869.85779035965 -187.53134016299708,-48.36549433625003,288090.98719071154 -187.55330502334328,-48.431263393183656,288312.1560572063 -187.57531503351186,-48.49702521400898,288533.3641011939 -187.59737041055286,-48.56277978546062,288754.61103402264 -187.61947137282735,-48.62852709419898,288975.8965670299 -187.64161814001767,-48.69426712681227,289197.22041154 -187.66381093313754,-48.75999986981414,289418.58227888495 -187.68604997454162,-48.8257253096436,289639.98188041477 -187.7083354879369,-48.89144343266466,289861.418927424 -187.73066769839153,-48.95715422516416,290082.89313124894 -187.75304683234694,-49.02285767335339,290304.4042031961 -187.7754731176272,-49.08855376336601,290525.95185460994 -187.79794678345013,-49.15424248125769,290747.53579678235 -187.82046806043803,-49.219923813006055,290969.15574103966 -187.8430371806282,-49.28559774450788,291190.81139869377 -187.86565437748447,-49.35126426158149,291412.5024810501 -187.88831988590772,-49.416923349963966,291634.22869943676 -187.9110339422473,-49.48257499531118,291855.9897651676 -187.93379678431216,-49.54821918319726,292077.7853895379 -187.95660865138206,-49.6138558991125,292299.615283875 -187.97946978421936,-49.6794851284648,292521.4791595008 -188.00238042508042,-49.74510685657763,292743.3767277225 -188.02534081772708,-49.81072106868941,292965.30769986566 -188.04835120743869,-49.87632774995361,293187.2717872466 -188.07141184102377,-49.94192688543578,293409.2687011889 -188.0945229668322,-50.00751846011601,293631.29815302545 -188.1176848347673,-50.073102458885714,293853.35985408345 -188.14089769629777,-50.13867886654804,294075.4535156975 -188.16416180447067,-50.20424766781691,294297.57884920307 -188.18747741392264,-50.26980884731512,294519.73556593567 -188.21084478089384,-50.335362389575636,294741.92337725434 -188.23426416323986,-50.4009082790394,294964.14199450554 -188.25773582044462,-50.466446500054595,295186.3911290338 -188.28126001363336,-50.53197703687657,295408.67049220833 -188.3048370055857,-50.59749987366658,295630.97979539906 -188.3284670607485,-50.66301499448995,295853.3187499834 -188.35215044524958,-50.72852238331731,296075.68706731853 -188.37588742691085,-50.794022024022524,296298.0844588219 -188.399678275262,-50.85951390038178,296520.51063585986 -188.42352326155398,-50.92499799607365,296742.96530985064 -188.44742265877287,-50.99047429467618,296965.4481921998 -188.47137674165373,-51.05594277966873,297187.95899431914 -188.49538578669492,-51.121403434429475,297410.497427637 -188.51945007217194,-51.186856242234704,297633.0632035879 -188.54356987815217,-51.25230118625849,297855.65603360557 -188.56774548650847,-51.317738249570255,298078.2756291592 -188.59197718093492,-51.38316741513621,298300.92170170246 -188.61626524696084,-51.44858866581657,298523.5939627091 -188.64060997196563,-51.51400198436563,298746.2921236638 -188.66501164519443,-51.57940735343056,298969.01589605387 -188.6894705577721,-51.644804755549345,299191.7649913903 -188.71398700271996,-51.710194173152004,299414.5391211896 -188.73856127497018,-51.7755755885582,299637.3379969682 -188.76319367138177,-51.840948983976254,299860.16133028537 -188.78788449075654,-51.906314341503176,300083.0088326775 -188.81263403385424,-51.97167164312174,300305.880215712 -188.83744260340967,-52.03702087070167,300528.77519097365 -188.86231050414824,-52.10236200599751,300751.6934700579 -188.88723804280235,-52.167695030647536,300974.6347645469 -188.91222552812837,-52.23301992617355,301197.5987860951 -188.93727327092245,-52.29833667397802,301420.585246301 -188.96238158403847,-52.3636452553453,301643.5938568293 -188.98755078240433,-52.42894565143919,301866.62432934734 -189.01278118303944,-52.494237843302265,302089.67637552175 -189.0380731050719,-52.55952181185504,302312.74970706546 -189.063426869756,-52.62479753789338,302535.8440356613 -189.0888428004902,-52.6900650020898,302758.95907306497 -189.1143212228349,-52.755324184990556,302982.09453099297 -189.13986246453018,-52.82057506701535,303205.2501212256 -189.16546685551458,-52.88581762845606,303428.42555553035 -189.19113472794277,-52.95105184947444,303651.6205457046 -189.216866416205,-53.01627771010298,303874.83480356424 -189.2426622569451,-53.081495190242684,304098.06804092566 -189.2685225890801,-53.14670426966146,304321.31996966107 -189.294447753819,-53.21190492799414,304544.59030162526 -189.3204380946818,-53.27709714473912,304767.8787487066 -189.34537734267715,-53.33949346487312,304981.63488465705 -189.34649395751984,-53.34228089925985,304991.18502282456 -189.37261569053496,-53.40745617078184,305214.50883588206 -189.39880364429945,-53.472622938391964,305437.8498998476 -189.42505817177667,-53.537781181037225,305661.2079266861 -189.45137962834045,-53.602930877522454,305884.58262837504 -189.4777683717965,-53.66807200651093,306107.97371693933 -189.50422476240277,-53.73320454652181,306331.3809043948 -189.5307491628905,-53.798328475929054,306554.8039028072 -189.55734193848522,-53.86344377296001,306778.24242425046 -189.58400345692837,-53.92855041569471,307001.69618082145 -189.61073408849845,-53.99364838206283,307225.16488464223 -189.63753420603337,-54.0587376498446,307448.64824784145 -189.66440418495225,-54.12381819666805,307672.1459826076 -189.69134440327772,-54.188890000008044,307895.6578011157 -189.71835524165803,-54.25395303718363,308119.18341558974 -189.74543708339036,-54.31900728535912,308342.72253827023 -189.77259031444333,-54.38405272154036,308566.2748814148 -189.79981532348046,-54.44908932257457,308789.8401573184 -189.82711250188328,-54.514117065148234,309013.4180782834 -189.85448224377546,-54.57913592578614,309237.00835666206 -189.8819249460459,-54.644145880848505,309460.6107048212 -189.90944100837376,-54.70914690653173,309684.22483514587 -189.9370308332524,-54.774138978865125,309907.8504600502 -189.96469482601407,-54.83912207370999,310131.48729199293 -189.99243339485494,-54.90409616675827,310355.1350434482 -190.0202469508598,-54.969061233529445,310578.79342690104 -190.04813590802817,-55.034017249371445,310802.4621548857 -190.07610068329967,-55.09896418945715,311026.1409399718 -190.10414169657977,-55.16390202878343,311249.82949473907 -190.1322593707663,-55.22883074216969,311473.5275317926 -190.1604541317757,-55.2937503042549,311697.2347637711 -190.18872640857015,-55.358660689497846,311920.95090336987 -190.21707663318406,-55.423561872174346,312144.675663274 -190.24550524075218,-55.488453826375476,312368.408756216 -190.2740126695366,-55.553336526006426,312592.1498949701 -190.30259936095456,-55.61820994478333,312815.8987923252 -190.3312657596074,-55.68307405623349,313039.65516109474 -190.36001231330835,-55.747928833692264,313263.41871414933 -190.38883947311177,-55.812774250301516,313487.18916437426 -190.4177476933422,-55.87761027900815,313710.9662246958 -190.44673743162303,-55.94243689256099,313934.7496080481 -190.47580914890762,-56.007254063510814,314158.53902742855 -190.50496330950833,-56.07206176420708,314382.33419584687 -190.53420038112708,-56.13685996679648,314606.1348263693 -190.56352083488648,-56.201648643221354,314829.94063206477 -190.59292514535986,-56.26642776521604,315053.7513260697 -190.62241379060393,-56.331197304307196,315277.56662152114 -190.65198725218937,-56.39595723181069,315501.3862316082 -190.68164601523353,-56.46070751882933,315725.2098695517 -190.71139056843262,-56.525448136251605,315949.0372486298 -190.74122140409398,-56.59017905474809,316172.8680821034 -190.7711390181699,-56.65490024477121,316396.70208332606 -190.80114391029065,-56.719611676552226,316620.53896564886 -190.8312365837984,-56.78431332009915,316844.3784424844 -190.86141754578128,-56.84900514519458,317068.2202272628 -190.8916873071075,-56.91368712139291,317292.0640334505 -190.92204638246142,-56.97835921801946,317515.90957458026 -190.95249529037758,-57.04302140416727,317739.7565641913 -190.9830345532772,-57.10767364869508,317963.6047158665 -191.0136646975037,-57.172315920224946,318187.4537432377 -191.04438625335987,-57.23694818714056,318411.3033599697 -191.07519975514353,-57.30157041758292,318635.15327978256 -191.1061057411859,-57.366182579450765,318859.00321638567 -191.137104753889,-57.43078464039628,319082.8528835791 -191.16819733976354,-57.49537656782365,319306.7019951941 -191.19938404946714,-57.559958328885024,319530.5502650726 -191.23066543784404,-57.62452989048016,319754.39740713866 -191.2620420639639,-57.689091219252816,319978.24313532235 -191.29351449116152,-57.753642281588164,320202.08716361684 -191.32508328707755,-57.81818304361025,320425.9292060424 -191.35674902369888,-57.882713471180146,320649.76897666475 -191.38851227739931,-57.94723352989146,320873.60618960427 -191.42037362898225,-58.011743185070166,321097.44055900135 -191.45233366372167,-58.07624240177025,321321.2717990582 -191.48439297140564,-58.14073114477172,321545.09962401335 -191.516552146378,-58.20520937857663,321768.92374814634 -191.54881178758328,-58.269677067408274,321992.7438857858 -191.58117249860982,-58.33413417520699,322216.5597512885 -191.61363488773443,-58.39858066562767,322440.37105907407 -191.64619956796744,-58.463016502037014,322664.1775236048 -191.67886715709824,-58.52744164751057,322887.97885938035 -191.71163827774058,-58.59185606482897,323111.7747809358 -191.74451355738026,-58.656259716476534,323335.5650028861 -191.7774936284214,-58.720652564637135,323559.3492398493 -191.81057912823408,-58.78503457119144,323783.12720652774 -191.84377069920274,-58.84940569771426,324006.8986176284 -191.87706898877408,-58.91376590546986,324230.6631879528 -191.9104746495075,-58.97811515541089,324454.4206323144 -191.94398833912388,-59.04245340817411,324678.1706655747 -191.97761072055644,-59.106780624077054,324901.9130026736 -192.01134246200164,-59.1710967631155,325125.64735857083 -192.04518423696985,-59.235401784958455,325349.37344827084 -192.07913672433895,-59.299695648947136,325573.09098684165 -192.11320060840592,-59.363978314090055,325796.79968940397 -192.1473765789405,-59.42824973906001,326020.4992711142 -192.18166533123923,-59.49250988219096,326244.18944717397 -192.2160675661795,-59.55675870147284,326467.86993285693 -192.2505839902755,-59.62099615455066,326691.54044347943 -192.28521531573347,-59.685222198718975,326915.20069438504 -192.31996226050848,-59.749436790918956,327138.85040098376 -192.35482554836156,-59.81363988773477,327362.48927875294 -192.38980590891683,-59.87783144538881,327586.117043199 -192.42490407772115,-59.94201141973938,327809.73340989475 -192.4601207963024,-60.00617976627632,328033.33809443936 -192.49545681222966,-60.07033644011687,328256.93081251846 -192.53091287917388,-60.13448139600236,328480.511279844 -192.56648975696856,-60.19861458829262,328704.07921220065 -192.6021882116725,-60.262735970964485,328927.6343254014 -192.63800901563218,-60.32684549760575,329151.1763353292 -192.67395294754516,-60.390943121412185,329374.7049579342 -192.71002079252452,-60.45502879518282,329598.21990919043 -192.74621334216323,-60.51910247131501,329821.7209051418 -192.78253139460085,-60.58316410180214,330045.20766188763 -192.8189757545896,-60.64721363822763,330268.6798955765 -192.85554723356114,-60.711251031761286,330492.13732241606 -192.89224664969603,-60.77527623315489,330715.5796586767 -192.92907482799095,-60.83928919273643,330939.00662065786 -192.96603260032984,-60.903289860408044,331162.41792475374 -193.0031208055542,-60.96727818563918,331385.813287392 -193.040340289534,-61.031254117463305,331609.19242504134 -193.0776919052407,-61.09521760447234,331832.55505427317 -193.11517651282009,-61.159168594812726,332055.9008916662 -193.15279497966583,-61.22310703617921,332279.229653891 -193.19054818049563,-61.28703287581157,332502.5410576636 -193.22843699742603,-61.35094606048905,332725.83481975563 -193.26646232005,-61.414846536525246,332949.1106569967 -193.3046250455136,-61.47873424976214,333172.36828628666 -193.34292607859578,-61.54260914556699,333395.6074245725 -193.38136633178752,-61.60647116882543,333618.8277888687 -193.41994672537223,-61.67032026393703,333842.029096234 -193.45866818750764,-61.73415637480954,334065.2110638166 -193.4975316543085,-61.79797944485394,334288.3734087964 -193.53653806992924,-61.86178941697767,334511.5158484241 -193.5756883866498,-61.9255862335812,334734.6381000034 -193.6149835649609,-61.98936983655071,334957.7398809279 -193.6544245736503,-62.053140167253126,335180.8209086175 -193.6940123898912,-62.116897166530556,335403.88090056606 -193.73374799933032,-62.180640774692996,335626.9195743335 -193.77363239617878,-62.2443709315145,335849.9366475462 -193.81366658330276,-62.308087576226,336072.9318378844 -193.85385157231556,-62.37179064750919,336295.9048630883 -193.8941883836714,-62.435480083491186,336518.855440977 -193.9346780467591,-62.49915582173663,336741.7832894207 -193.97532159999886,-62.5628177992434,336964.68812634156 -194.01612009093841,-62.62646595243511,337187.5696697607 -194.05707457635154,-62.690100217154665,337410.42763772473 -194.09818612233732,-62.75372052865833,337633.2617483713 -194.13945580442004,-62.81732682160752,337856.0717199043 -194.18088470765233,-62.88091903006399,338078.857270566 -194.22247392671713,-62.9444970874821,338301.6181186849 -194.2642245660331,-63.00806092670178,338524.35398266517 -194.30613773985968,-63.071610479941974,338747.06458095444 -194.3482145724039,-63.13514567879258,338969.74963207595 -194.39045619793,-63.19866645420844,339192.4088546284 -194.43286376086837,-63.26217273650157,339415.04196725506 -194.47543841592682,-63.32566445533361,339637.6486886893 -194.51818132820387,-63.389141539708845,339860.22873772436 -194.56109367330146,-63.45260391796516,340082.7818332218 -194.60417663744204,-63.516051517768375,340305.30769410054 -194.6474314175849,-63.579484266103215,340527.806039363 -194.6908592215444,-63.64290208926579,340750.27658808173 -194.73446126811075,-63.70630491285565,340972.71905938943 -194.7782387871702,-63.76969266176648,341195.1331724767 -194.82219301983002,-63.833065260179886,341417.5186466282 -194.86632521854196,-63.89642263155591,341639.8752011892 -194.91063664722896,-63.959764698624426,341862.2025555787 -194.95512858141316,-64.02309138337746,342084.5004292705 -194.999802308345,-64.08640260705873,342306.76854182 -195.04465912713562,-64.149698290157,342529.00661286 -195.08970034888887,-64.21297835239598,342751.2143620861 -195.1349272968366,-64.27624271272524,342973.3915092711 -195.18034130647504,-64.3394912893119,343195.537774247 -195.22594372570245,-64.40272399952929,343417.6528769458 -195.27173591496046,-64.46594075995019,343639.73653732863 -195.31771924737498,-64.52914148633553,343861.78847548034 -195.36389510890046,-64.59232609362523,344083.80841150845 -195.41026489846558,-64.65549449592858,344305.79606564605 -195.45683002811987,-64.71864660651292,344527.7511581489 -195.50359192318493,-64.78178233779565,344749.67340939475 -195.55055202240462,-64.84490160133257,344971.562539783 -195.59771177809907,-64.90800430780789,345193.4182698369 -195.6450726563201,-64.97109036702354,345415.2403201333 -195.69263613700906,-65.03415968788904,345637.02841131453 -195.74040371415552,-65.09721217840911,345858.7822641084 -195.78837689596065,-65.16024774567478,346080.50159932824 -195.83655720500008,-65.22326629585083,346302.18613785016 -195.88494617839035,-65.2862677341655,346523.83560062933 -195.93354536795692,-65.34925196489694,346745.4497086983 -195.98235634040546,-65.41221889136445,346967.02818316134 -196.0313806774942,-65.47516841591474,347188.5707452102 -196.0806199762094,-65.53810043991056,347410.07711611746 -196.13007584894277,-65.60101486371848,347631.5470172112 -196.17974992367166,-65.66391158669701,347852.9801699215 -196.22964384414047,-65.7267905071824,348074.3762957445 -196.27975927004704,-65.78965152247868,348295.7351162486 -196.33009787722878,-65.85249452884288,348517.05635309557 -196.380661357853,-65.91531942147232,348738.33972802456 -196.43145142060945,-65.9781260944921,348959.58496284403 -196.4824697909042,-66.04091444094017,349180.79177944944 -196.53371821105918,-66.1036843527555,349401.9598998184 -196.58519844051128,-66.16643572076318,349623.08904600923 -196.63691225601562,-66.22916843466078,349844.1789401368 -196.68886145185195,-66.2918823830042,350065.22930443316 -196.74104784003197,-66.35457745319208,350286.2398611978 -196.79347325051248,-66.41725353145321,350507.21033280296 -196.8461395314091,-66.47991050283005,350728.14044170175 -196.89904854921318,-66.54254825116442,350949.0299104564 -196.95220218901318,-66.60516665908203,351169.87846167467 -197.00560235471625,-66.66776560797615,351390.68581806443 -197.05925096927672,-66.73034497799333,351611.45170242526 -197.1131499749245,-66.79290464801633,351832.17583761964 -197.16730133339783,-66.85544449564837,352052.8579466127 -197.22170702617967,-66.91796439719677,352273.49775244604 -197.27636905473585,-66.9804642276547,352494.09497823217 -197.3312894407591,-67.04294386068673,352714.64934718644 -197.38647022641365,-67.10540316860977,352935.1605825923 -197.4419134745852,-67.16784202237623,353155.6284078497 -197.4976212691335,-67.23026029155652,353376.0525464013 -197.55359571514768,-67.29265784431936,353596.432721808 -197.6098389392078,-67.35503454741628,353816.76865769806 -197.666353089647,-67.41739026616074,354037.060077786 -197.72314033681906,-67.47972486441027,354257.3067058893 -197.78020287336943,-67.54203820454762,354477.50826589525 -197.83754291450882,-67.60433014745956,354697.66448177234 -197.8951626982933,-67.6666005525195,354917.7750776089 -197.95306448590554,-67.72884927756618,355137.8397775416 -198.0112505619417,-67.79107617888347,355357.8583058179 -198.0697232347018,-67.85328111118004,355577.83038676734 -198.12848483648318,-67.91546392756706,355797.7557448012 -198.18753772388087,-67.97762447953909,356017.63410443894 -198.2468842780892,-68.03976261695094,356237.46519025735 -198.30652690520924,-68.10187818799605,356457.2487269588 -198.3664680365603,-68.16397103918413,356676.98443929385 -198.426710128996,-68.22604101531908,356896.6720521557 -198.4872556652234,-68.28808795947448,357116.3112904742 -198.54810715412964,-68.35011171297215,357335.901879288 -198.60926713111036,-68.41211211535719,357555.44354374707 -198.67073815840436,-68.4740890043745,357774.93600906746 -198.73252282543132,-68.53604221594313,357994.37900055543 -198.7946237491372,-68.59797158413308,358213.7722436264 -198.85704357434193,-68.65987694113895,358433.115463783 -198.9197849740931,-68.72175811725481,358652.4083866025 -198.9828506500246,-68.78361494084751,358871.6507377603 -199.0462433327209,-68.84544723833125,359090.84224304935 -199.1099657820844,-68.90725483413858,359309.982628326 -199.17402078771187,-68.96903755069602,359529.0716195468 -199.23841116927272,-69.03079520839403,359748.10894276836 -199.30313977689406,-69.09252762555985,359967.09432413534 -199.36820949155202,-69.1542346184286,360186.0274898854 -199.43362322546616,-69.21591600111324,360404.9081663507 -199.49938392250363,-69.27757158557692,360623.73607994866 -199.56549455858516,-69.33920118160128,360842.5109572272 -199.63195814209917,-69.4008045967567,361061.2325247812 -199.69877771432107,-69.46238163637122,361279.9005093302 -199.76595634983786,-69.52393210349777,361498.5146376739 -199.8334971569814,-69.58545579888424,361717.07463673374 -199.90140327826487,-69.64695252093935,361935.5802334821 -199.96967789082737,-69.70842206570012,362154.0311550379 -200.0383242068846,-69.76986422679818,362372.4271285755 -200.10734547418446,-69.83127879542484,362590.7678813974 -200.17674497647297,-69.89266556029766,362809.05314087064 -200.24652603396288,-69.95402430762424,363027.28263449715 -200.31669200381117,-70.01535482106664,363245.4560898414 -200.38724628060362,-70.0766568817047,363463.57323459326 -200.45819229684386,-70.1379302679984,363681.6337965147 -200.52953352345412,-70.19917475575154,363899.63750348217 -200.60127347027858,-70.26039011807231,364117.5840834794 -200.6734156865967,-70.32157612533456,364335.4732645666 -200.74596376164328,-70.38273254513857,364553.304774925 -200.8189213251346,-70.44385914226952,364771.0783428183 -200.8922920478058,-70.50495567865833,364988.79369660607 -200.96607964195218,-70.56602191333883,365206.45056477404 -201.04028786198035,-70.62705760240583,365424.04867588537 -201.1149205049673,-70.68806249897236,365641.58775861416 -201.18998141122563,-70.74903635312421,365859.06754172174 -201.26547446488067,-70.80997891187828,366076.487754096 -201.34140359445257,-70.87088991913514,366293.84812468744 -201.41777277344795,-70.93176911563378,366511.1483825949 -201.49458602096084,-70.99261623890527,366728.3882569882 -201.57184740227993,-71.05343102322328,366945.5674771325 -201.64956102950856,-71.11421319955856,367162.6857724259 -201.72773106218992,-71.17496249552755,367379.74287234375 -201.80636170794284,-71.23567863534335,367596.73850647593 -201.88545722310738,-71.29636133976457,367813.6724045198 -201.96502191339695,-71.35701032604281,368030.54429625353 -202.0450601345644,-71.4176253078716,368247.3539115854 -202.12557629307352,-71.47820599533165,368464.10098052 -202.20657484678205,-71.53875209483682,368680.7852331476 -202.28806030563464,-71.59926330907898,368897.4063996884 -202.37003723236361,-71.65973933697029,369113.9642104508 -202.45251024320416,-71.7201798735878,369330.45839587064 -202.53548400861507,-71.78058461011412,369546.8886864601 -202.61896325401253,-71.84095323377817,369763.2548128468 -202.7029527605132,-71.90128542779493,369979.55650577025 -202.7874573656892,-71.96158087130439,370195.7934960828 -202.87248196433083,-72.0218392393076,370411.96551471786 -202.95803150922512,-72.08206020260565,370628.07229274587 -203.04411101194057,-72.14224342773305,370844.1135613257 -203.13072554362608,-72.20238857689299,371060.0890517235 -203.217880235818,-72.26249530788924,371275.9984953118 -203.3055802812636,-72.32256327405952,371491.8416235869 -203.39383093475118,-72.38259212420564,371707.6181681259 -203.48263751395433,-72.44258150252276,371923.32786065346 -203.57200540028757,-72.50253104852779,372138.970432954 -203.66194003977418,-72.56244039698726,372354.54561696225 -203.75244694392393,-72.6223091778408,372570.05314470374 -203.84353169062825,-72.68213701612851,372785.4927483113 -203.93519992506194,-72.74192353191197,373000.86416002887 -204.02745736060058,-72.8016683401971,373216.1671122258 -204.12030977975076,-72.86137105085398,373431.4013373496 -204.2137630350896,-72.92103126853527,373646.56656798435 -204.3078230502233,-72.98064859259529,373861.6625368204 -204.40249582075293,-73.04022261700483,374076.68897665734 -204.49778741525608,-73.09975293026613,374291.64562039566 -204.5937039762822,-73.15923911532619,374506.5322010532 -204.69025172135818,-73.21868074948706,374721.3484517779 -204.7874369440128,-73.27807740431774,374936.09410579846 -204.88526601481004,-73.33742864556108,375150.76889648574 -204.98374538239838,-73.39673403304097,375365.3725572858 -205.08288157457372,-73.45599312056775,375579.9048218014 -205.18268119935456,-73.51520545583985,375794.3654237142 -205.28315094607547,-73.57437058034805,376008.7540968443 -205.38429758649036,-73.6334880292732,376223.07057509804 -205.48612797589215,-73.69255733138542,376437.3145925092 -205.58864905424713,-73.75157800894023,376651.485883237 -205.69186784734103,-73.8105495775716,376865.58418153436 -205.79579146794504,-73.86947154618653,377079.6092217906 -205.9004271169909,-73.92834341685436,377293.5607384879 -206.00578208476412,-73.98716468469564,377507.4384662394 -206.11186375211093,-74.04593483776878,377721.2421397517 -206.21867959165823,-74.1046533569539,377934.97149388166 -206.32623716905354,-74.16331971583668,378148.62626357534 -206.4345441442146,-74.22193338058769,378362.20618390234 -206.54360827259637,-74.28049380984095,378575.71099004144 -206.65343740647364,-74.33900045457041,378789.1404173097 -206.764039496235,-74.39745275796189,379002.4942011114 -206.87542259169865,-74.45585015528731,379215.7720769892 -206.98759484343643,-74.51419207377205,379428.97378060204 -207.10056450411662,-74.57247793246243,379642.0990477127 -207.21433992986113,-74.63070714209024,379855.1476142175 -207.3289295816151,-74.68887910493359,380068.11921610916 -207.4443420265375,-74.74699321467874,380281.0135895279 -207.5605859393998,-74.8050488562752,380493.83047071024 -207.67767010400348,-74.86304540579071,380706.5695960246 -207.79560341461078,-74.92098223026332,380919.2307019457 -207.9143948773912,-74.97885868755058,381131.81352508947 -208.03405361187873,-75.03667412617483,381344.31780215434 -208.1545888524505,-75.09442788516866,381556.7432700018 -208.2760099498123,-75.15211929391472,381769.0896655822 -208.3983263725024,-75.20974767198435,381981.35672597255 -208.52154770840514,-75.26731232897116,382193.54418838245 -208.64568366628433,-75.32481256432555,382405.65179013717 -208.7707440773235,-75.38224766718196,382617.6792686756 -208.89673889668248,-75.4396169161862,382829.6263615639 -209.02367820506547,-75.49691957931765,383041.49280649197 -209.15157221030267,-75.55415491370975,383253.2783412662 -209.28043124893992,-75.61132216546538,383464.98270382563 -209.41026578784718,-75.66842056947229,383676.6056322067 -209.5410864258308,-75.72544934921154,383888.1468645941 -209.67290389526065,-75.78240771656505,384099.6061392907 -209.80572906370313,-75.83929487161758,384310.98319471674 -209.9395729355715,-75.89611000245867,384522.27776942257 -210.07444665377668,-75.95285228497707,384733.4896020693 -210.21036150139125,-76.00952088265441,384944.6184314529 -210.34732890331998,-76.06611494635376,385155.663996492 -210.48536042797792,-76.12263361410567,385366.6260362279 -210.62446778897117,-76.17907601088817,385577.50428983127 -210.76466284679054,-76.23544124840684,385788.29849658266 -210.90595761050213,-76.2917284248671,385999.0083959128 -211.04836423944545,-76.34793662474506,386209.63372736424 -211.19189504493426,-76.40406491855346,386420.1742305886 -211.33656249195448,-76.46011236260244,386630.62964538584 -211.48237920087172,-76.51607799876007,386840.99971168506 -211.6293579491287,-76.57196085420397,387051.2841695354 -211.77751167294616,-76.62775994117202,387261.4827590878 -211.92685346901965,-76.68347425670777,387471.5952206616 -212.07739659620785,-76.73910278240017,387681.6212946751 -212.2291544772235,-76.79464448412266,387891.5607216868 -212.38214070030784,-76.85009831176401,388101.4132423834 -212.53636902090025,-76.90546319895635,388311.178597567 -212.69185336329727,-76.96073806279952,388520.85652817733 -212.848607822294,-77.01592180357831,388730.446775292 -213.00664666481978,-77.07101330447834,388939.9490800906 -213.1659843315486,-77.12601143129542,389149.36318389664 -213.3266354384949,-77.18091503213984,389358.6888281798 -213.48861477858836,-77.23572293713755,389567.9257545189 -213.65193732322115,-77.29043395812428,389777.073704613 -213.81661822377794,-77.3450468883382,389986.1324203248 -213.98267281312877,-77.3995605021042,390195.10164360143 -214.1501166070953,-77.45397355451567,390403.9811165685 -214.31896530588295,-77.50828478111048,390612.7705814497 -214.48923479547173,-77.56249289754133,390821.46978061885 -214.6609411489761,-77.61659659924337,391030.07845655887 -214.83410062795238,-77.67059456109457,391238.59635189635 -215.00872968366394,-77.7244854370722,391447.0232094063 -215.18484495829583,-77.77826785990412,391655.3587719618 -215.36246328611077,-77.83194044071396,391863.6027825978 -215.54160169455685,-77.88550176866443,392071.7549844594 -215.72227740530278,-77.93895041059154,392279.81512084533 -215.90450783521234,-77.9922849106369,392487.7829351617 -216.088310597247,-78.0455037898735,392695.6581709774 -216.27370350128848,-78.09860554592598,392903.4405719667 -216.46070455489047,-78.15158865258836,393111.1298819587 -216.64933196393503,-78.20445155943443,393318.7258448998 -216.83960413320233,-78.25719269142408,393526.2282048916 -217.03153966684346,-78.30981044850473,393733.636706138 -217.22515736875147,-78.36230320520845,393940.95109301363 -217.42047624281872,-78.41466931024235,394148.1711099959 -217.61751549309062,-78.46690708607792,394355.2965017288 -217.81629452378678,-78.51901482853195,394562.3270129536 -218.0168329392015,-78.57099080634568,394769.26238858595 -218.21915054346087,-78.62283326075661,394976.10237365187 -218.42326734015094,-78.67454040507026,395182.84671332274 -218.62920353178183,-78.7261104242233,395389.4951528964 -218.83697951910153,-78.7775414743456,395596.04743783164 -219.0466159002416,-78.82883168231686,395802.503313691 -219.25813346968798,-78.87997914532012,396008.8625262024 -219.47155321706458,-78.93098193039089,396215.124821214 -219.68689632573341,-78.98183807396458,396421.2899447075 -219.9041841711817,-79.0325455814189,396627.35764282296 -220.12343831920228,-79.08310242661406,396833.32766182773 -220.34468052385185,-79.13350655143043,397039.1997481247 -220.56793272516995,-79.18375586530273,397244.9736482522 -220.79321704666503,-79.23384824475359,397450.64910889504 -221.02055579253607,-79.28378153292422,397656.22587687173 -221.24997144462992,-79.33355353910301,397861.70369914273 -221.48148665912282,-79.38316203825408,398067.0823228002 -221.71512426290315,-79.4326047705435,398272.36149509554 -221.95090724966272,-79.48187944086675,398477.5409633903 -222.18885877565972,-79.53098371837459,398682.6204752224 -222.42900215515644,-79.57991523599978,398887.5997782361 -222.67136085551323,-79.62867158998479,399092.47862024495 -222.91595849191825,-79.67725033940985,399297.25674917334 -223.162818821756,-79.72564900572472,399501.93391310493 -223.41196573857613,-79.77386507228101,399706.5098602679 -223.66342326566445,-79.82189598386785,399910.9843390206 -223.9172155491964,-79.86973914625193,400115.3570978704 -224.17336685094725,-79.91739192571983,400319.6278854748 -224.43190154056734,-79.96485164862848,400523.7964506059 -224.69284408737272,-80.0121156009576,400727.86254221044 -224.9562190516604,-80.05918102787088,400931.8259093516 -225.2220510755215,-80.10604513328393,401135.6863012552 -225.49036487312557,-80.15270507943828,401339.44346728455 -225.76118522048557,-80.19915798648815,401543.0971569422 -226.03453694465009,-80.2454009320929,401746.647119865 -226.3104449123323,-80.29143095102312,401950.09310585464 -226.58893401794487,-80.33724503477686,402153.4348648402 -226.87002917101935,-80.3828401312089,402356.67214691965 -227.1537552830104,-80.42821314417502,402559.8047022986 -227.44013725343996,-80.47336093319038,402762.83228135615 -227.72919995538058,-80.51828031310396,402965.75463460066 -228.02096822025612,-80.56296805379125,403168.5715126923 -228.31546682193186,-80.60742087986462,403371.2826664514 -228.61272046009873,-80.65163547040578,403573.88784680463 -228.9127537429031,-80.69560845871781,403776.3868048669 -229.21559116882673,-80.73933643210114,403978.7792918778 -229.5212571077923,-80.78281593165386,404181.0650592297 -229.8297757814774,-80.8260434520984,404383.2438584532 -230.14117124281333,-80.86901544163457,404585.315441228 -230.4554673546771,-80.91172830182454,404787.2795593967 -230.772687767727,-80.95417838750618,404989.1359649291 -231.092855897395,-80.99636200674091,405190.8844099516 -231.41599490000252,-81.03827542079475,405392.52464673703 -231.7421276480137,-81.07991484415814,405594.056427708 -232.07127670438064,-81.12127644460195,405795.4795054375 -232.40346429599686,-81.16235634327506,405996.79363264656 -232.73871228623915,-81.20315061484413,406197.9985621856 -233.07704214659498,-81.2436552876781,406399.09404707944 -233.41847492735744,-81.28386634407828,406600.07984049845 -233.7630312274145,-81.32377972055924,406800.95569575403 -234.11073116308984,-81.36339130817865,407001.7213663068 -234.46159433606928,-81.40269695292147,407202.37660577183 -234.8156398003899,-81.44169245613828,407402.9211679199 -235.17288602852872,-81.48037357504354,407603.35480666254 -235.53335087656072,-81.51873602327157,407803.6772760524 -235.89705154842386,-81.55677547149618,408003.88833032956 -236.26400455929493,-81.5944875481143,408203.98772384395 -236.63422569809518,-81.6318678399974,408403.975211113 -237.00772998913408,-81.66891189331048,408603.85054681136 -237.38453165294558,-81.70561521440557,408803.61348577205 -237.7646440663022,-81.74197327078636,409003.26378294267 -238.14807972146966,-81.77798149215079,409202.801193479 -238.53485018472537,-81.81363527151152,409402.22547263326 -238.92496605417142,-81.8489299663967,409601.5363758524 -239.31843691691554,-81.88386090013519,409800.73365871067 -239.71527130562748,-81.91842336322512,409999.8170769486 -240.1154766545538,-81.95261261479014,410198.7863864615 -240.51905925504008,-81.98642388412502,410397.64134329016 -240.9260242106102,-82.01985237233086,410596.3817036227 -241.33637539170653,-82.052893254045,410795.0072238227 -241.7501153901162,-82.08554167926307,410993.5176603931 -242.16724547319853,-82.11779277525798,411191.91276998847 -242.58776553798378,-82.14964164859575,411390.1923094299 -243.01167406522234,-82.18108338724883,411588.3560356833 -243.43896807351285,-82.21211306281064,411786.40370588074 -243.86964307356345,-82.2427257328082,411984.3350773026 -244.3036930227259,-82.2729164431166,412182.14990737214 -244.74111027990227,-82.30268023047466,412379.8479536863 -245.18188556092753,-82.332012125101,412577.428973992 -245.6260078945868,-82.36090715341311,412774.8927262055 -246.0734645793427,-82.38936034084563,412972.23896837566 -246.52424114094276,-82.4173667147699,413169.4674587225 -246.97832129102792,-82.44492130751283,413366.5779556186 -247.43568688687003,-82.47201915947316,413563.57021759957 -247.89631789242026,-82.4986553223361,413760.44400335284 -248.36019234076429,-82.52482486238102,413957.1990717159 -248.82728629817177,-82.55052286388258,414153.83518170344 -249.29757382988217,-82.5757444326019,414350.3520924824 -249.77102696776632,-82.60048469936399,414546.7495633629 -250.24761568006195,-82.62473882372049,414743.02735381934 -250.72730784328652,-82.64850199769101,414939.18522350397 -251.21006921652528,-82.67176944958108,415135.22293220466 -251.69586341823907,-82.69453644787171,415331.140239874 -252.18465190573426,-82.71679830517492,415526.9369066455 -252.67639395749055,-82.7385503822519,415722.612692769 -253.17104665844383,-82.75978809208559,415918.1673586918 -253.66856488841427,-82.78050690400353,416113.60066500946 -254.16890131380543,-82.80070234784378,416308.9123724776 -254.6720063827218,-82.82037001815736,416504.1022420028 -255.17782832361814,-82.8395055784393,416699.1700346753 -255.6863131476494,-82.8581047653822,416894.1155117254 -256.19740465478384,-82.87616339314273,417088.9384345446 -256.71104444383184,-82.89367735761402,417283.63856470695 -257.22717192645615,-82.91064264069442,417478.21566391666 -257.74572434529875,-82.92705531454547,417672.66949406895 -258.2666367962432,-82.9429115458279,417866.99981720996 -258.78984225491894,-82.9582075999078,418061.20639553503 -259.3152716074855,-82.97293984502306,418255.28899142134 -259.8428536857359,-82.98710475640048,418449.2473674172 -260.37251530652685,-83.00069892031308,418643.08128619177 -260.90418131558766,-83.01371903806931,418836.79051061696 -261.43777463564004,-83.02616192992221,419030.3748037013 -261.9732163188492,-83.0380245388901,419223.83392865414 -262.51042560355046,-83.0493039344779,419417.16764880583 -263.0493199751778,-83.05999731628972,419610.3757276833 -263.58981523136515,-83.07010201752288,419803.4579289497 -264.1318255510673,-83.07961550833346,419996.41401645384 -264.6752635676355,-83.08853539906426,420189.243754201 -265.2200404457066,-83.09685944332574,420381.9469063737 -265.7660659617453,-83.10458554092125,420574.52323729376 -266.31324858812667,-83.1117117406082,420766.972511462 -266.8614955805201,-83.11823624268641,420959.2944935539 -267.41071306842827,-83.12415740140634,421151.48894840607 -267.9608061486598,-83.12947372719002,421343.5556410004 -268.5116789814982,-83.13418388865736,421535.49433651916 -269.0632348893811,-83.13828671445229,421727.30480028805 -269.6153764577796,-83.14178119486245,421918.9867978139 -270.16800563806817,-83.14466648322767,422110.5400947472 -270.7210238521032,-83.14694189713283,422301.9644569158 -271.2743320982171,-83.14860691938115,422493.2596503395 -271.82783105839434,-83.14966119874488,422684.4254411717 -272.38142120627685,-83.15010455049102,422875.46159575594 -272.93500291575316,-83.14993695668032,423066.36788057676 -273.4884765698196,-83.14915856623864,423257.1440623205 -274.04174266940225,-83.14776969480022,423447.78990782105 -274.5947019418862,-83.14577082432376,423638.3051840931 -275.14725544899795,-83.14316260248182,423828.68965829856 -275.6993046937933,-83.13994584182625,424018.9430977889 -276.25075172644677,-83.13612151873147,424209.06527007534 -276.8014992485486,-83.13169077211981,424399.0559428539 -277.3514507156774,-83.12665490197173,424588.9148839615 -277.90051043792477,-83.12101536762671,424778.6418614269 -278.4485836781607,-83.11477378587936,424968.23664343904 -278.99557674778043,-83.1079319288767,425157.69899837597 -279.5413970996866,-83.1004917218233,425347.0286947486 -280.0859534183325,-83.09245524050085,425536.22550128057 -280.6291557065613,-83.08382470860981,425725.2891868384 -281.1709153690985,-83.07460249494106,425914.219520474 -281.7111452925036,-83.0647911103856,426103.01627139415 -282.2497599214312,-83.05439320479123,426291.6792089909 -282.78667533104067,-83.04341156367528,426480.2081028402 -283.3218092954778,-83.03184910480181,426668.60272264876 -283.8550813522585,-83.01970887463416,426856.8628383364 -284.38641286251556,-83.0069940446713,427044.9882199891 -284.9157270669981,-82.99370790767878,427232.978637835 -285.4429491378193,-82.97985387382299,427420.83386230114 -285.96800622585056,-82.96543546672018,427608.55366399937 -286.49082750378864,-82.95045631940917,427796.1378136815 -287.01134420487085,-82.93492017025814,427983.58608229953 -287.529489657255,-82.91883085881517,428170.89824096457 -288.04519931407174,-82.90219232161299,428358.07406095957 -288.5584107792336,-82.88500858793608,428545.1133137576 -289.06906382899535,-82.86728377556165,428732.0157709937 -289.57710042938015,-82.84902208648184,428918.7812044793 -290.08246474951477,-82.83022780261794,429105.4093861894 -290.5851031710109,-82.81090528153321,429291.90008830937 -291.08496429343586,-82.79105895215515,429478.25308314984 -291.5819989360259,-82.77069331051361,429664.4681432472 -292.07616013574585,-82.7498129155034,429850.5450412622 -292.5674031418243,-82.72842238467855,430036.4835500814 -293.0556854068859,-82.70652639008593,430222.2834427312 -293.54096657485866,-82.68412965414333,430407.94449243095 -294.0232084657475,-82.6612369455708,430593.46647256915 -294.50237505746475,-82.63785307537908,430778.84915671713 -294.97843246485525,-82.61398289292175,430964.0923186053 -295.4513489160582,-82.58963128201653,431149.1957321714 -295.9210947264032,-82.5648031571387,431334.15917150886 -296.38764226994283,-82.53950345969366,431518.9824108902 -296.8509659488219,-82.5137371543706,431703.6652247707 -297.31104216062545,-82.48750922558143,431888.20738778485 -297.7678492638505,-82.46082467398915,432072.6086747372 -298.2213675416935,-82.43368851312592,432256.8688606143 -298.67157916425526,-82.40610576610668,432440.9877205817 -299.11846814935154,-82.37808146243785,432624.9650299887 -299.5620203220627,-82.3496206349238,432808.80056434765 -300.0022232731526,-82.3207283166733,432992.494099366 -300.4390663165336,-82.29140953820472,433176.0454109226 -300.87254044586285,-82.26166932465372,433359.4542750834 -301.3026382904357,-82.23151269308214,433542.72046808637 -301.7293540704909,-82.20094464988836,433725.8437663459 -302.15268355203534,-82.16997018832076,433908.82394647086 -302.57262400133845,-82.13859428609084,434091.6607852296 -302.9891741391603,-82.10682190308931,434274.35405958747 -303.40233409485177,-82.07465797920175,434456.90354668116 -303.8121053604151,-82.04210743222376,434639.3090238407 -304.2184907446068,-82.00917515587551,434821.57026856474 -304.6214943272062,-81.97586601791166,435003.68705852906 -305.0211214134847,-81.94218485832884,435185.6591716132 -305.4173784889903,-81.90813648766658,435367.48638585233 -305.8102731747059,-81.87372568540053,435549.1684794724 -306.19981418263797,-81.83895719842772,435730.7052308988 -306.58601127193214,-81.80383573963834,435912.0964187105 -306.96887520552536,-81.76836598657668,436093.34182169184 -307.348417707423,-81.7325525801855,436274.4412187949 -307.7246514206354,-81.6964001236333,436455.3943891515 -308.09758986580636,-81.65991318122299,436636.2011121055 -308.4672474006053,-81.62309627737648,436816.86116715445 -308.8336391798723,-81.58595389569751,436997.3743339779 -309.19678111658146,-81.54849047810681,437177.7403924634 -309.5566898436332,-81.5107104240488,437357.9591226617 -309.913382676505,-81.47261808976691,437538.03030481865 -310.2668775767663,-81.43421778764672,437717.9537193497 -310.6171931165034,-81.39551378562084,437897.7291468846 -310.9643484436296,-81.35651030663796,438077.35636819963 -311.30836324811895,-81.3172115281902,438256.83516427036 -311.6492577291502,-81.27762158189881,438436.1653162814 -311.9870525631956,-81.2377445531527,438615.3466055739 -312.3217688730174,-81.19758448080178,438794.3788136745 -312.6534281976017,-81.15714535689979,438973.26172231353 -312.9820524630165,-81.1164311264954,439151.99511339597 -313.30766395419204,-81.07544568746923,439330.5787690115 -313.6302852876085,-81.03419289041618,439509.0124714397 -313.9499393849097,-80.99267653856717,439687.29600315145 -314.26664944739764,-80.9509003877532,439865.42914678465 -314.5804389314254,-80.90886814640619,440043.41168518295 -314.8913315246669,-80.86658347559586,440221.24340138637 -315.19935112324276,-80.82404998910177,440398.924078585 -315.504521809715,-80.78127125351567,440576.45350019354 -315.8068678319001,-80.73825078837638,440753.83144978515 -316.1064135825122,-80.69499206633266,440931.0577111537 -316.40318357961195,-80.6514985133332,441108.13206825603 -316.69720244783434,-80.60777350884304,441285.0543052291 -316.98849490040675,-80.56382038608255,441461.82420643343 -317.277085721901,-80.51964243229,441638.44155638345 -317.56299975173397,-80.47524288900544,441814.9061398008 -317.84626186838284,-80.43062495237338,441991.2177415936 -318.1268969742937,-80.38579177346523,442167.3761468428 -318.40492998148625,-80.34074645861654,442343.38114085497 -318.6803857978068,-80.29549206978255,442519.232509092 -318.95328931383153,-80.25003162490692,442694.93003720435 -319.2236653903958,-80.20436809830427,442870.4735110687 -319.49153884672387,-80.15850442105628,443045.8627167209 -319.75693444915987,-80.1124434814164,443221.09744038427 -320.0198769004567,-80.0661881252281,443396.1774684922 -320.280390829622,-80.01974115635045,443571.1025876608 -320.5385007823003,-79.97310533709314,443745.8725846864 -320.7942312116627,-79.92628338865954,443920.4872465807 -321.04760646981174,-79.87927799159478,444094.9463605202 -321.2986507996524,-79.83209178624195,444269.24971389055 -321.54738832723467,-79.78472737320214,444443.3970942473 -321.79384305454727,-79.73718731380004,444617.3882893736 -322.03803885273334,-79.68947413055363,444791.2230872253 -322.2799994557381,-79.64159030764489,444964.901275921 -322.51974845434194,-79.59353829139606,445138.4226438322 -322.75730929058784,-79.54532049074648,445311.7869794787 -322.99270525257714,-79.49693927773082,445484.9940715767 -323.2259594696158,-79.44839698795997,445658.04370906425 -323.4570949077152,-79.3996959210995,445830.9356810296 -323.68613436540784,-79.35083834135091,446003.6697767937 -323.91310046988605,-79.30182647793185,446176.2457858467 -324.13801567343893,-79.25266252555444,446348.66349787446 -324.36090225017483,-79.20334864490484,446520.9227027799 -324.58178229303223,-79.153886963118,446693.02319062717 -324.8006777110431,-79.10427957425392,446864.96475170314 -325.0176102268548,-79.05452853976979,447036.7471764621 -325.2326013744953,-79.00463588899017,447208.37025558105 -325.44567249736326,-78.95460361957562,447379.83377990895 -325.65684474644996,-78.904433697986,447551.13754049304 -325.866139078761,-78.85412805994274,447722.2813285989 -326.0735762559454,-78.8036886108874,447893.26493565843 -326.2791768431119,-78.75311722643565,448064.0881533072 -326.48296120783255,-78.7024157528284,448234.75077339663 -326.6849495193106,-78.6515860073795,448405.2525879424 -326.8851617477274,-78.60062977891735,448575.5933891769 -327.08361766373247,-78.54954882822432,448745.77296952246 -327.2803368380912,-78.49834488847107,448915.7911215989 -327.475338641465,-78.4470196656471,449085.64763823507 -327.6686422443383,-78.39557483898466,449255.34231242636 -327.86026661706063,-78.34401206138064,449424.87493739283 -328.0502305300139,-78.29233295981211,449594.2453065454 -328.2385525538934,-78.24053913574777,449763.45321348344 -328.4252510600954,-78.18863216555351,449932.49845201534 -328.6103442212037,-78.13661360089561,450101.3808161442 -328.7938500115792,-78.08448496913492,450270.1001000714 -328.9757862080304,-78.03224777371939,450438.65609817475 -329.1561703905758,-77.9799034945708,450607.04860507755 -329.3350199432826,-77.92745358846508,450775.2774155615 -329.51235205517685,-77.87489948940996,450943.34232462005 -329.6881837212357,-77.82224260901458,451111.2431274414 -329.86253174343136,-77.76948433685632,451278.9796194311 -330.0354127318455,-77.7166260408417,451446.5515961574 -330.2068431058384,-77.66366906756194,451613.95885343425 -330.3768390952675,-77.61061474264464,451781.20118724747 -330.54541674176687,-77.55746437109799,451948.27839377284 -330.7125919000596,-77.50421923765224,452115.19026941824 -330.87838023932204,-77.45088060709517,452281.9366107606 -331.0427972445848,-77.39744972460235,452448.5172145951 -331.20585821816604,-77.34392781606387,452614.9318779162 -331.36757828114804,-77.29031608840299,452781.180397913 -331.52797237487505,-77.23661572989327,452947.2625719736 -331.6870552624825,-77.18282791046875,453113.17819771374 -331.8448415304537,-77.12895378202977,453278.9270729108 -332.0013455901941,-77.0749944787454,453444.50899555977 -332.15658167963375,-77.02095111734774,453609.92376387183 -332.31056386484073,-76.96682479742465,453775.1711762376 -332.46330604165615,-76.91261660170692,453940.2510312666 -332.6148219373412,-76.8583275963496,454105.16312777234 -332.7651251122342,-76.80395883121139,454269.9072647429 -332.9142289614257,-76.74951134012576,454434.4832413999 -333.0621467164353,-76.69498614117116,454598.89085716713 -333.2088914468984,-76.64038423693455,454763.1299116356 -333.3544760622598,-76.58570661477123,454927.20020464365 -333.4989133134676,-76.53095424706169,455091.1015362235 -333.64221579467824,-76.47612809146092,455254.8337065764 -333.78439594495427,-76.42122909114674,455418.3965161365 -333.9254660499663,-76.36625817506241,455581.78976555885 -334.0654382436978,-76.31121625815491,455745.0132556696 -334.20432451013914,-76.25610424161148,455908.0667874978 -334.34213668498995,-76.20092301308784,456070.95016231143 -334.4788864573483,-76.1456734469366,456233.66318154783 -334.614585371401,-76.09035640442995,456396.20564686996 -334.7492448281055,-76.03497273397835,456558.57736014423 -334.88287608686693,-75.97952327134601,456720.7781234265 -335.01549026720426,-75.9240088398634,456882.80773899076 -335.1470983504175,-75.8684302506336,457044.6660093166 -335.27771118123576,-75.81278830273742,457206.352737081 -335.40733946946483,-75.75708378343427,457367.867725191 -335.5359937916159,-75.70131746836002,457529.2107767227 -335.6636845925368,-75.6454901217195,457690.3816949807 -335.7904221870206,-75.58960249647772,457851.38028347504 -335.91621676140903,-75.5336553345472,458012.2063459221 -336.0410783751833,-75.4776493669714,458172.85968623584 -336.16501696254306,-75.42158531410526,458333.3401085511 -336.2880423339701,-75.36546388579394,458493.64741720364 -336.41016417778644,-75.30928578154533,458653.7814167277 -336.53139206169203,-75.25305169070224,458813.7419118848 -336.6517354342918,-75.19676229261054,458973.5287076192 -336.7712036266124,-75.1404182567843,459133.1416090952 -336.88980585359724,-75.08402024306922,459292.58042170387 -337.00755121559797,-75.02756890180034,459451.84495101054 -337.12444869984364,-74.97106487395976,459610.93500280456 -337.2405071818991,-74.91450879133052,459769.8503830916 -337.35573542710756,-74.8579012766474,459928.59089807735 -337.4701420920191,-74.8012429437466,460087.1563541768 -337.58373572580655,-74.74453439770973,460245.54655800876 -337.6965247716626,-74.68777623500856,460403.7613164155 -337.8085175681839,-74.63096904364525,460561.8004364333 -337.9197223507437,-74.57411340329034,460719.6637253137 -338.03014725283987,-74.51720988542012,460877.3509905377 -338.13980030744165,-74.46025905344761,461034.8620397535 -338.2486894483087,-74.4032614628553,461192.1966808477 -338.3568225113028,-74.34621766132354,461349.35472193226 -338.4642072356814,-74.28912818885647,461506.33597129036 -338.57085126537544,-74.23199357790757,461663.1402374496 -338.67676215025665,-74.17481435349995,461819.7673291288 -338.7819473473843,-74.11759103334715,461976.2170552522 -338.88641422223975,-74.06032412797086,462132.48922499316 -338.99017004994766,-74.00301414081602,462288.5836476798 -339.09322201647626,-73.94566156836589,462444.50013290404 -339.1955772198319,-73.88826690025157,462600.2384904341 -339.29724267123146,-73.83083061936307,462755.79853027285 -339.3982252962631,-73.77335320195644,462911.1800626179 -339.4985319360326,-73.71583511775957,463066.3828978877 -339.59816934829183,-73.6582768300771,463221.40684671374 -339.6971442085615,-73.60067879589074,463376.25171993475 -339.79546311122795,-73.54304146596104,463530.9173286087 -339.8931325706346,-73.4853652849251,463685.4034840089 -339.99015902215683,-73.42765069139342,463839.7099975973 -340.0865488232593,-73.36989811804648,463993.83668108383 -340.1823082545453,-73.31210799172563,464147.7833463759 -340.27744352078975,-73.25428073352685,464301.5498055884 -340.3719607519561,-73.19641675889008,464455.135871046 -340.4658660042039,-73.13851647768786,464608.54135531734 -340.55916526087947,-73.08058029431359,464761.7660711503 -340.651864433497,-73.022608607765,464914.8098315209 -340.74396936270256,-72.96460181172965,465067.6724496234 -340.8354858192277,-72.90656029466724,465220.353738875 -340.92641950482994,-72.84848443989004,465372.85351287574 -341.0167760532183,-72.79037462564466,465525.1715854674 -341.1065610309701,-72.73223122518759,465677.307770703 -341.1957799384318,-72.6740546068643,465829.2618828454 -341.28443821060944,-72.61584513418393,465981.03373637696 -341.3229066473095,-72.590464233836,466047.1267146986 -341.37254121804494,-72.55760316589395,466132.62314599886 -341.46009426768387,-72.4993290560529,466284.0299266045 -341.54710260372633,-72.44102315410343,466435.2538933463 -341.6335714084714,-72.38268580494089,466586.2948615486 -341.71950580314524,-72.32431734898425,466737.15264677774 -341.8049108487214,-72.26591812224288,466887.8270648111 -341.8897915467257,-72.20748845638586,467038.3179316359 -341.9741528400347,-72.14902867880498,467188.6250634707 -342.05799961365915,-72.09053911268127,467338.7482767412 -342.14133669551813,-72.03202007704809,467488.6873880814 -342.224168857202,-71.97347188685355,467638.4422143592 -342.30650081472515,-71.914894853022,467788.0125726497 -342.38833722926654,-71.85628928251526,467937.39828025264 -342.4696827079022,-71.79765547839035,468086.59915468795 -342.5505418043266,-71.73899373985897,468235.6150136675 -342.63091901956176,-71.68030436234501,468384.445675154 -342.7108188026596,-71.62158763753969,468533.0909573113 -342.7902455513915,-71.5628438534595,468681.55067852786 -342.86920361293085,-71.50407329449777,468829.8246574095 -342.94769728452326,-71.4452762414801,468977.912712774 -343.0257308141492,-71.38645297171644,469125.81466366467 -343.1033084011765,-71.32760375905302,469273.53032934206 -343.1804341970023,-71.26872887392405,469421.05952929886 -343.25711230568993,-71.20982858340008,469568.4020832123 -343.33334678459124,-71.15090315123881,469715.5578110205 -343.4091416449646,-71.09195283793252,469862.52653285826 -343.4845008525817,-71.03297790075622,470009.3080690795 -343.5594283283252,-70.9739785938151,470155.90224026074 -343.63392794878195,-70.91495516808894,470302.30886721076 -343.7080035468219,-70.8559078714785,470448.52777094365 -343.7816589121737,-70.79683694884993,470594.558772701 -343.8548977919891,-70.73774264207829,470740.4016939363 -343.9277238913998,-70.67862519009158,470886.05635634303 -344.0001408740677,-70.6194848289115,471031.5225818167 -344.0721523627275,-70.5603217916962,471176.8001924793 -344.1437619397178,-70.50113630878094,471321.8890106818 -344.21497314751025,-70.44192860771851,471466.788858972 -344.2857894892255,-70.38269891331933,471611.49956016743 -344.3562144291469,-70.3234474476894,471756.02093725686 -344.4262513932235,-70.26417443026936,471900.3528134817 -344.4959037695669,-70.20488007787215,472044.49501228007 -344.56517490894123,-70.14556460471971,472188.44735735457 -344.6340681252455,-70.08622822248104,472332.2096725842 -344.7025866959903,-70.0268711403057,472475.78178209276 -344.77073386276675,-69.9674935648612,472619.1635102286 -344.83851283170816,-69.90809570036667,472762.35468155483 -344.9059267739477,-69.84867774862714,472905.35512086714 -344.97297882606523,-69.78923990906873,473048.1646531771 -345.03967209053275,-69.72978237876931,473190.7831037115 -345.10600963615013,-69.67030535249289,473333.2102979548 -345.17199449847544,-69.61080902272101,473475.4460615623 -345.23762968025,-69.55129357968455,473617.4902204566 -345.30291815181675,-69.49175921139418,473759.3426007743 -345.36786285153084,-69.43220610367268,473901.0030288573 -345.43246668616945,-69.37263444018262,474042.4713313014 -345.4967325313306,-69.31304440245758,474183.7473349033 -345.560663231829,-69.25343616993034,474324.8308666889 -345.6242616020846,-69.1938099199632,474465.72175392247 -345.68753042650826,-69.13416582787394,474606.419824072 -345.75047245987986,-69.07450406696518,474746.92490486 -345.81309042772136,-69.01482480855113,474887.2368241955 -345.87538702666484,-68.95512822198475,475027.355410255 -345.9373649248165,-68.89541447468368,475167.2804914051 -345.9990267621117,-68.83568373215772,475307.0118962569 -346.0603751506715,-68.77593615803288,475446.54945364344 -346.12141267514744,-68.7161719140773,475585.89299262076 -346.1821418930663,-68.65639116022595,475725.0423424812 -346.2425653351663,-68.5965940546063,475863.99733272626 -346.30268550573254,-68.53678075356055,476002.7577931087 -346.36250488292484,-68.4769514116706,476141.3235535847 -346.4220259191012,-68.41710618178102,476279.69444434077 -346.4812510411386,-68.3572452150222,476417.87029580516 -346.5401826507473,-68.29736866083275,476555.8509386201 -346.5988231247807,-68.23747666698296,476693.6362036613 -346.6571748155442,-68.17756937959481,476831.2259220238 -346.71524005109507,-68.11764694316507,476968.6199250409 -346.77302113554146,-68.05770950058617,477105.8180442733 -346.8305203493362,-67.99775719316683,477242.82011150353 -346.88773994956523,-67.93779016065426,477379.6259587325 -346.94468217023484,-67.87780854125224,477516.2354182203 -347.0013492225534,-67.81781247164257,477652.64832242066 -347.0577432952077,-67.7578020870046,477788.8645040357 -347.1138665546386,-67.69777752103434,477924.8837960004 -347.16972114530995,-67.63773890596475,478060.7060314596 -347.2253091899761,-67.57768637258278,478196.33104379685 -347.28063278994404,-67.51762005024935,478331.7586666326 -347.3356940253332,-67.45754006691689,478466.9887338123 -347.390494955331,-67.3974465491477,478602.0210793995 -347.4450376184438,-67.33733962213245,478736.8555377043 -347.49932403274704,-67.27721940970615,478871.49194325047 -347.55335619613106,-67.21708603436626,479005.93013081286 -347.6071360865403,-67.15693961728977,479140.169935381 -347.6606656622156,-67.09678027834926,479274.21119216434 -347.7139468619257,-67.03660813613092,479408.05373662536 -347.76698160520283,-66.97642330794875,479541.6974044429 -347.81977179256984,-66.91622590986191,479675.1420315395 -347.8723193057662,-66.85601605669,479808.3874540589 -347.9246260079719,-66.79579386202848,479941.4335083675 -347.9766937440259,-66.73555943826526,480074.2800310809 -348.0285243406438,-66.67531289659354,480206.92685903393 -348.0801196066319,-66.61505434702852,480339.3738293071 -348.13148133309744,-66.55478389842114,480471.620779178 -348.1826112936584,-66.49450165847264,480603.66754621646 -348.23351124464574,-66.43420773374987,480735.51396815403 -348.2841829253097,-66.37390222969732,480867.15988300514 -348.33462805801804,-66.31358525065245,480998.60512899613 -348.38484834845246,-66.2532568998588,481129.8495445835 -348.43484548580466,-66.19291727947918,481260.89296847204 -348.4846211429669,-66.1325664906101,481391.73523958743 -348.53417697672313,-66.07220463329323,481522.37619708467 -348.58351462793433,-66.0118318065288,481652.81568036246 -348.63263572172406,-65.95144810828873,481783.0535290459 -348.68154186765923,-65.89105363552896,481913.0895829894 -348.7302346599312,-65.83064848420085,482042.92368229106 -348.7787156775306,-65.7702327492655,482172.55566728 -348.8269864844252,-65.70980652470305,482301.98537851265 -348.87504862972975,-65.64936990352628,482431.2126567856 -348.92290364787806,-65.58892297779116,482560.237343122 -348.97055305878905,-65.52846583861015,482689.0592787895 -349.0179983680346,-65.46799857616087,482817.6783052777 -349.0652410670021,-65.40752127969932,482946.0942643327 -349.1122826330557,-65.3470340375699,483074.30699790077 -349.15912452969576,-65.28653693721672,483202.3163481963 -349.20576820671715,-65.22603006519348,483330.1221576576 -349.25221510036243,-65.165513507176,483457.7242689447 -349.2984666334766,-65.1049873479699,483585.1225249626 -349.34452421565794,-65.04445167152264,483712.31676887325 -349.39038924340696,-64.98390656093333,483839.3068440273 -349.4360631002739,-64.92335209846192,483966.0925940425 -349.48154715700355,-64.86278836554109,484092.67386278405 -349.52684277167924,-64.8022154427829,484219.0504943237 -349.57195128986467,-64.74163340999094,484345.22233296774 -349.61687404474293,-64.68104234616848,484471.1892232963 -349.6616123572555,-64.62044232952776,484596.9510100995 -349.706167536237,-64.55983343750057,484722.5075383931 -349.7505408785508,-64.49921574674525,484847.8586534502 -349.7947336692218,-64.43858933315687,484973.0042007677 -349.8387471815667,-64.37795427187585,485097.9440260889 -349.8825826773243,-64.31731063729617,485222.67797540827 -349.92624140678157,-64.25665850307534,485347.20589491463 -349.96972460890186,-64.19599794214088,485471.5276310635 -350.0130335114475,-64.13532902670018,485595.64303055505 -350.0561693311038,-64.07465182824775,485719.5519403067 -350.09913327360033,-64.01396641757376,485843.2542074879 -350.14192653382946,-63.953272864773126,485966.74967950094 -350.18455029596623,-63.892571239251154,486090.03820397996 -350.22700573358435,-63.83186160973292,486213.1196288083 -350.26929400977116,-63.77114404427075,486335.9938021031 -350.3114162772426,-63.710418610251146,486458.6605722225 -350.3533736784537,-63.64968537440388,486581.1197877465 -350.3951673457116,-63.58894440280717,486703.37129753624 -350.4367984012842,-63.528195760896566,486825.414950642 -350.4782679575083,-63.46743951347167,486947.2505963768 -350.51957711689676,-63.40667572470269,487068.87808429473 -350.56072697224306,-63.34590445813944,487190.29726418556 -350.6017186067275,-63.28512577671536,487311.5079860763 -350.6425530940184,-63.22433974275639,487432.51010024233 -350.68323149837425,-63.16354641798713,487553.3034571854 -350.7237548747447,-63.10274586353705,487673.88790766563 -350.7641242688681,-63.04193813994863,487794.2633026551 -350.8043407173713,-62.9811233071816,487914.4294933985 -350.8444052478651,-62.9203014246208,488034.38633135374 -350.8843188790403,-62.85947255108215,488154.13366823393 -350.92408262076174,-62.798636744818694,488273.67135598615 -350.96369747416196,-62.73779406352694,488392.99924681836 -351.00316443173205,-62.67694456435347,488512.1171931505 -351.0424844774139,-62.61608830389974,488631.0250476499 -351.08165858668946,-62.55522533822879,488749.72266324493 -351.1206877266693,-62.4943557228705,488868.2098930831 -351.15957285618015,-62.43347951282899,488986.4865905547 -351.19831492585155,-62.37259676258592,489104.5526093203 -351.23691487820173,-62.31170752610779,489222.40780324774 -351.27537364772127,-62.25081185685079,489340.0520264559 -351.3136921609573,-62.18990980776647,489457.48513332184 -351.3518713365954,-62.12900143130709,489574.7069784375 -351.38991208554086,-62.068086779431766,489691.71741666377 -351.4278153109997,-62.00716590361014,489808.5163030883 -351.4655819085579,-61.94623885482867,489925.10349304666 -351.50321276625976,-61.885305683595234,490041.4788421185 -351.5407087646852,-61.82436643994564,490157.64220612345 -351.5780707770273,-61.7634211734464,490273.5934411221 -351.6152996691671,-61.702469933201115,490389.3324034179 -351.6523962997489,-61.64151276785517,490504.8589495691 -351.6893615202539,-61.58054972560028,490620.1729363584 -351.72619617507354,-61.51958085417915,490735.27422084135 -351.76290110158106,-61.45860620089159,490850.16266026744 -351.7994771302038,-61.39762581259691,490964.8381121824 -351.8359250844926,-61.33663973571977,491079.30043435865 -351.87224578119225,-61.27564801625495,491193.54948479484 -351.90844003031026,-61.214650699770814,491307.5851217591 -351.9445086351833,-61.1536478314156,491421.40720374207 -351.9804523925472,-61.09263945591934,491535.01558948576 -352.0162720926007,-61.03162561759998,491648.41013799835 -352.05196851907266,-60.97060636036691,491761.59070850373 -352.0875424492865,-60.909581727725005,491874.557160475 -352.1229946542234,-60.848551762780254,491987.3093536462 -352.1583258985876,-60.78751650824152,492099.8471479852 -352.1935369408668,-60.726476006426296,492212.1704037099 -352.2286285333957,-60.665430299264166,492324.27898128296 -352.2636014224167,-60.60437942830059,492436.17274140613 -352.29845634813876,-60.54332343470204,492547.85154503223 -352.3331940448003,-60.48226235925782,492659.31525335694 -352.36781524072546,-60.42119624238524,492770.5637278268 -352.40232065838387,-60.36012512413338,492881.596830136 -352.4367110144477,-60.29904904418593,492992.4144222123 -352.4709870198487,-60.23796804186662,493103.0163662499 -352.5051493798353,-60.17688215614078,493213.4025246742 -352.53919879402764,-60.11579142562019,493323.5727601523 -352.5731359564728,-60.054695888566236,493433.52693562245 -352.6069615556992,-59.99359558289341,493543.26491424855 -352.64067627477027,-59.93249054617372,493652.78655943257 -352.67428079133856,-59.87138081563839,493762.0917348668 -352.70777577769707,-59.810266428182494,493871.1803044407 -352.7411619008319,-59.749147420367855,493980.0521323259 -352.77443982247416,-59.68802382842626,494088.7070829185 -352.8076101991494,-59.62689568826405,494197.1450208848 -352.8406736822293,-59.565763035462915,494305.3658111103 -352.87363091798073,-59.50462590528505,494413.36931876774 -352.9064825476147,-59.44348433267562,494521.1554092366 -352.93922920733536,-59.38233835226548,494628.7239481753 -352.97187152838745,-59.32118799837591,494736.0748014662 -353.0044101371045,-59.26003330501935,494843.20783526707 -353.03684565495524,-59.198874305903836,494950.1229159678 -353.0691786985902,-59.13771103443588,495056.8199101908 -353.1014098798875,-59.07654352372305,495163.2986848572 -353.13353980599885,-59.01537180657673,495269.55910707876 -353.1655690793931,-58.95419591551635,495375.60104426485 -353.19749829790203,-58.89301588277028,495481.4243640376 -353.22932805476364,-58.831831740279604,495587.02893429017 -353.26105893866526,-58.77064351970087,495692.41462315497 -353.29269153378686,-58.709451252409586,495797.58129902714 -353.3242264198438,-58.64825496950119,495902.52883052925 -353.355664172128,-58.587054701795125,496007.2570865668 -353.3870053615498,-58.525850479836926,496111.7659362508 -353.41825055467956,-58.46464233390128,496216.0552489922 -353.4494003137875,-58.40343029399356,496320.1248944142 -353.480455196884,-58.342214389854554,496423.97474239627 -353.51141575775966,-58.28099465096047,496527.60466309974 -353.54228254602447,-58.21977110652679,496631.0145268899 -353.5730561071463,-58.15854378551072,496734.20420442196 -353.60373698249003,-58.09731271661305,496837.1735665742 -353.63432570935487,-58.036077928281955,496939.9224844983 -353.66482282101197,-57.97483944871351,497042.45082958095 -353.6952288467423,-57.91359730585521,497144.75847346877 -353.7255443118731,-57.85235152740811,497246.8452880639 -353.7557697378136,-57.79110214082874,497348.71114549425 -353.7859056420918,-57.729849173332845,497450.35591817397 -353.81595253839015,-57.66859265189546,497551.779478752 -353.8459109365802,-57.607332603254626,497652.9817001265 -353.8757813427578,-57.54606905391325,497753.9624554647 -353.9055642592776,-57.484802030140926,497854.72161815595 -353.93526018478633,-57.42353155797746,497955.25906186865 -353.96486961425796,-57.36225766323304,498055.5746605187 -353.9943930390264,-57.300980371491654,498155.6682882665 -354.0238309468178,-57.239699708112646,498255.5398195318 -354.0531838217846,-57.17841569823298,498355.1891289826 -354.0824521445364,-57.11712836677017,498454.616091537 -354.1116363921728,-57.05583773842232,498553.82058238593 -354.1407370383153,-56.99454383767183,498652.802476945 -354.1697545531377,-56.933246688786596,498751.56165091356 -354.1986894033979,-56.87194631582184,498850.0979802102 -354.2275420524675,-56.81064274262363,498948.4113410308 -354.2563129603635,-56.74933599282828,499046.50160982786 -354.285002583777,-56.688026089866035,499144.3686632983 -354.31361137610367,-56.62671305696232,499242.01237838494 -354.3421397874733,-56.56539691713944,499339.4326323014 -354.3705882647774,-56.504077693219784,499436.6293024941 -354.39895725170004,-56.442755407825416,499533.6022667034 -354.4272471887446,-56.38143008338142,499630.35140287864 -354.455458513263,-56.3201017421173,499726.87658925314 -354.4835916594829,-56.25877040606829,499823.17770429107 -354.5116470585354,-56.1974360970786,499919.25462675135 -354.5396251384828,-56.13609883680091,500015.107235603 -354.56752632434484,-56.07475864669991,500110.73541009775 -354.59535103812647,-56.01341554805286,500206.1390297331 -354.6230996988429,-55.952069561951696,500301.317974262 -354.6507727225469,-55.89072070930553,500396.2721236949 -354.67837052235444,-55.829369010840466,500491.0013582912 -354.7058935084698,-55.76801448710258,500585.50555858255 -354.733342088212,-55.706657158459,500679.78460534505 -354.7607166660389,-55.64529704509939,500773.8383796077 -354.7880176435721,-55.58393416703871,500867.6667626578 -354.8152454196225,-55.52256854411685,500961.26963604544 -354.8424003902135,-55.461200196001286,501054.646881571 -354.86948294860616,-55.39982914218869,501147.79838129197 -354.89649348532214,-55.338455402005934,501240.72401752346 -354.92343238816767,-55.27707899461153,501333.4236728406 -354.9503000422569,-55.21569993899834,501425.89723006584 -354.9770968300356,-55.154318253993246,501518.1445722874 -355.0038231313026,-55.09293395825953,501610.1655828479 -355.03047932323454,-55.03154707029803,501701.96014533396 -355.05706578040605,-54.970157608449526,501793.52814363304 -355.08358287481394,-54.90876559089437,501884.86946183 -355.1100309758976,-54.84737103565526,501975.98398431274 -355.1364104505622,-54.785973960598064,502066.87159570627 -355.1627216631992,-54.72457438343314,502157.5321808914 -355.18896497570785,-54.66317232171677,502247.9656250198 -355.2151407475168,-54.601767792853195,502338.17181350244 -355.2412493356045,-54.540360814094434,502428.15063198487 -355.26729109452015,-54.47895140254268,502517.9019664065 -355.29326637640406,-54.41753957515132,502607.4257029204 -355.3191755310085,-54.356125348725804,502696.72172798257 -355.34501890571653,-54.29470873992644,502785.7899282808 -355.3707968455631,-54.23328976526732,502874.63019076857 -355.3965096932545,-54.17186844111907,502963.2424026613 -355.42215778918705,-54.110444783709816,503051.6264514263 -355.44774147146796,-54.04901880912598,503139.7822248027 -355.47326107593256,-53.98759053331476,503227.7096107664 -355.4987169361645,-53.9261599720832,503315.4084975849 -355.5241093835147,-53.864727141101206,503402.8787737543 -355.5494387471186,-53.803292055901636,503490.1203280524 -355.5747053539158,-53.74185473188191,503577.13304949994 -355.5999095286676,-53.68041518430564,503663.9168273769 -355.6250515939751,-53.61897342830251,503750.4715512541 -355.65013187029734,-53.557529478870315,503836.7971109192 -355.6751506759685,-53.496083350875736,503922.89339644415 -355.700108327216,-53.43463505905517,504008.7602981621 -355.72500513817704,-53.373184618017476,504094.3977066545 -355.7498414209166,-53.31173204224236,504179.8055127829 -355.77461748544357,-53.25027734608339,504264.9836076498 -355.79933363972856,-53.188820543768244,504349.9318826198 -355.8239901897198,-53.12736164939989,504434.65022932924 -355.84858743935956,-53.065900676958556,504519.1385396693 -355.8731256906012,-53.00443764030091,504603.3967058065 -355.8976052434249,-52.94297255316243,504687.42462013685 -355.9220263958536,-52.88150542915801,504771.22217533726 -355.9463894439694,-52.820036281782535,504854.7892643546 -355.9706946819283,-52.758565124413515,504938.1257803807 -355.9949424019769,-52.697091970309735,505021.23161687725 -356.0191328944673,-52.63561683261361,505104.1066675716 -356.04326644787227,-52.57413972435189,505186.750826444 -356.06734334880053,-52.51266065843622,505269.1639877312 -356.0913638820115,-52.45117964766549,505351.34604595986 -356.11532833043077,-52.38969670472454,505433.2968958861 -356.1392369751642,-52.328211842186846,505515.0164325469 -356.16309009551276,-52.266725072514376,505596.5045512412 -356.18688796898687,-52.2052364080593,505677.7611475118 -356.2106308713208,-52.14374586106398,505758.78611719963 -356.2343190764865,-52.0822534436634,505839.5793563796 -356.257952856708,-52.02075916788404,505920.1407613891 -356.2815324824756,-51.95926304564604,506000.4702288415 -356.30505822255856,-51.89776508876339,506080.5676556156 -356.3285303440195,-51.836265308946196,506160.4329388465 -356.35194911222817,-51.7747637177993,506240.0659759178 -356.37531479087414,-51.71326032682462,506319.46666450583 -356.39862764198057,-51.65175514742165,506398.63490253175 -356.4218879259171,-51.59024819088828,506477.5705881939 -356.4450959014125,-51.52873946842117,506556.2736199318 -356.46825182556864,-51.467228991117885,506634.74389646127 -356.49135595387196,-51.40571676997594,506712.9813167739 -356.51440854020717,-51.34420281589438,506790.9857801105 -356.53740983686913,-51.282687139675076,506868.75718598365 -356.56036009457557,-51.221169752022035,506946.29543415434 -356.5832595624792,-51.1596506635448,507023.60042467626 -356.60610848818015,-51.09812988475603,507100.67205784254 -356.62890711773787,-51.036607426074106,507177.510234229 -356.65165569568296,-50.97508329782391,507254.11485465703 -356.6743544650298,-50.91355751023639,507330.48582023184 -356.6970036672868,-50.85203007345132,507406.62303231057 -356.71960354246966,-50.79050099751576,507482.5263925113 -356.7421543291119,-50.72897029238592,507558.19580275327 -356.76465626427654,-50.667437967927995,507633.63116516755 -356.7871095835676,-50.605904033918186,507708.8323821936 -356.8095145211412,-50.54436850004464,507783.799356509 -356.8318713097163,-50.482831375906535,507858.5319910735 -356.8541801805867,-50.42129267101577,507933.0301891041 -356.8764413636307,-50.35975239479747,508007.29385409434 -356.8986550873231,-50.29821055659026,508081.3228897878 -356.920821578745,-50.23666716564825,508155.1172002028 -356.94294106359513,-50.17512223113969,508228.6766896341 -356.9650137661996,-50.11357576214898,508302.0012626157 -356.9870399095233,-50.05202776767713,508375.0908239717 -357.0090197151795,-49.990478256641715,508447.94527879 -357.0309534034402,-49.928927237879286,508520.564532414 -357.0528411932467,-49.86737472014347,508592.9484904691 -357.07468330221917,-49.80582071210751,508665.09705882706 -357.09647994666716,-49.744265222364,508737.01014364633 -357.1182313415986,-49.6827082594257,508808.68765134073 -357.13993770073074,-49.6211498317271,508880.1294886007 -357.161599236499,-49.55958994762287,508951.33556236944 -357.1832161600668,-49.49802861539053,509022.3057798694 -357.2047886813357,-49.43646584322981,509093.0400485968 -357.2263170089537,-49.37490163926341,509163.53827628883 -357.2478013503256,-49.313336011539086,509233.80037098104 -357.26924191162175,-49.251768968027456,509303.8262409582 -357.2906388977877,-49.19020051662495,509373.6157947842 -357.31199251255293,-49.128630665153,509443.16894127766 -357.3333029584402,-49.067059421359055,509512.48558952374 -357.3545704367738,-49.00548679291824,509581.56564890576 -357.3757951476897,-48.94391278743158,509650.4090290364 -357.39697729014324,-48.88233741242821,509719.01563982555 -357.4181170619185,-48.82076067536569,509787.38539142796 -357.4392146596366,-48.759182583629865,509855.5181942929 -357.4602702787644,-48.697603144536984,509923.4139591226 -357.48128411362296,-48.63602236533189,509991.07259688573 -357.5022563573961,-48.574440253190474,510058.49401883007 -357.52318720213884,-48.51285681521932,510125.67813646 -357.54407683878526,-48.45127205845639,510192.62486156274 -357.56492545715724,-48.3896859898712,510259.3341061884 -357.58573324597216,-48.32809861636678,510325.80578264967 -357.60650039285105,-48.26650994477782,510392.0398035389 -357.62722708432705,-48.204919981873,510458.03608171537 -357.6479135058527,-48.14332873435446,510523.79453030427 -357.6685598418083,-48.08173620885968,510589.3150627107 -357.68916627550914,-48.02014241195993,510654.59759259195 -357.7097329892143,-47.95854735016221,510719.64203389233 -357.7302601641328,-47.89695102990944,510784.4483008148 -357.7507479804326,-47.83535345758047,510849.0163078468 -357.77119661724726,-47.77375463949097,510913.3459697296 -357.79160625268366,-47.712154581894474,510977.4372014699 -357.8119770638296,-47.65055329098139,511041.28991838027 -357.8323092267609,-47.588950772880466,511104.9040360049 -357.85260291654885,-47.52734703365897,511168.2794701792 -357.87285830726717,-47.46574207932282,511231.4161370041 -357.8930755719994,-47.404135915818706,511294.31395284703 -357.91325488284605,-47.342528549031684,511356.9728343582 -357.9333964109312,-47.28091998478783,511419.3926984408 -357.9535003264102,-47.219310228853786,511481.5734622935 -357.97356679847593,-47.15769928693722,511543.5150433632 -357.99359599536587,-47.09608716468816,511605.2173593871 -358.013588084369,-47.034473867697855,511666.6803283433 -358.0335432318327,-46.972859401500145,511727.9038685292 -358.0534616031687,-46.911243771571876,511788.8878984668 -358.0733433628609,-46.849626983332755,511849.6323369891 -358.09318867447075,-46.78800904214711,511910.1371031684 -358.1129977006443,-46.726389953322375,511970.4021163652 -358.13277060311924,-46.664769722110734,512030.4272962103 -358.1525075427299,-46.603148353709315,512090.2125626126 -358.17220867941523,-46.541525853260126,512149.75783574115 -358.19187417222383,-46.47990222585173,512209.0630360417 -358.2115041793208,-46.418277476517886,512268.1280842353 -358.23109885799397,-46.35665161023892,512326.95290132414 -358.25065836465956,-46.29502463194199,512385.53740855696 -358.27018285486935,-46.233396546501126,512443.88152747886 -358.28967248331526,-46.171767358738904,512501.9851798997 -358.3091274038365,-46.110137073424724,512559.84828790586 -358.328547769425,-46.04850569527673,512617.4707738555 -358.3479337322314,-45.986873228961585,512674.85256036615 -358.36728544357135,-45.925239679094574,512731.9935703608 -358.38660305393023,-45.86360505024151,512788.8937269981 -358.4058867129699,-45.801969346916806,512845.5529537296 -358.4251365695342,-45.74033257358524,512901.9711742931 -358.4443527716545,-45.678694734661924,512958.14831266855 -358.46353546655524,-45.61705583451278,513014.0842931405 -358.4826848006594,-45.555415877455346,513069.77904023917 -358.50180091959436,-45.49377486775785,513125.23247880384 -358.5208839681974,-45.432132809640756,513180.44453390664 -358.53993409052055,-45.37048970727617,513235.41513092734 -358.55895142983684,-45.30884556478931,513290.14419549186 -358.577936128645,-45.2472003862571,513344.63165353646 -358.59688832867477,-45.18555417571133,513398.8774312338 -358.6158081708926,-45.123906937135644,513452.88145505765 -358.6346957955066,-45.062258674467905,513506.6436517418 -358.6535513419719,-45.000609391599866,513560.16394830385 -358.67237494899507,-44.93895909237849,513613.4422720297 -358.6911667545403,-44.87730778060453,513666.47855047084 -358.7099268958338,-44.81565546003412,513719.2727114971 -358.72865550936865,-44.75400213437855,513771.82468319463 -358.7473527309107,-44.69234780730484,513824.1343939526 -358.7660186955024,-44.63069248243573,513876.2017724457 -358.7846535374678,-44.569036163350866,513928.0267476124 -358.8032573904187,-44.50737885358578,513979.6092486604 -358.82183038725765,-44.445720556632885,514030.9492050801 -358.8403726601842,-44.38406127594182,514082.04654664587 -358.85888434069864,-44.32240101491943,514132.90120339935 -358.8773655596073,-44.260739776931004,514183.5131056332 -358.8958164470271,-44.199077565299014,514233.88218397304 -358.91423713238976,-44.13741438330453,514284.00836927176 -358.93262774444713,-44.07575023418701,514333.8915926752 -358.9509884112752,-44.01408512114451,514383.53178561013 -358.9693192602786,-43.952419047335404,514432.9288797762 -358.98762041819526,-43.89075201587607,514482.0828071333 -359.0058920111011,-43.82908402984328,514530.99349994137 -359.024134164414,-43.76741509227346,514579.660890734 -359.0423470028985,-43.70574520616294,514628.08491230774 -359.06053065066953,-43.64407437446962,514676.2654977392 -359.0786852311978,-43.58240260011118,514724.2025803944 -359.09681086731325,-43.52072988596651,514771.89609390823 -359.11490768120933,-43.45905623487581,514819.34597218153 -359.1329757944477,-43.39738164964049,514866.5521494058 -359.15101532796194,-43.335706133024715,514913.5145600576 -359.1690264020616,-43.274029687753796,514960.23313887056 -359.18700913643704,-43.212352316515336,515006.70782087033 -359.20496365016265,-43.15067402195996,515052.9385413574 -359.2228900617018,-43.08899480670033,515098.9252358877 -359.2407884889096,-43.02731467331346,515144.6678403445 -359.2586590490381,-42.96563362433838,515190.16629082395 0.7234981412603361,-42.903951662278224,515235.4205237607 0.7056829659287587,-42.842268789599665,515280.4304758383 0.6878953095023235,-42.780585008733276,515325.1960840144 0.6701350571040621,-42.71890032207463,515369.7172855318 0.6524020944409585,-42.65721473198305,515413.9940179184 0.6346963078001409,-42.59552824078268,515458.0262189738 0.6170175840452998,-42.53384085076273,515501.81382675876 0.5993658106129374,-42.472152564177286,515545.3567796394 0.5817408755086717,-42.410463383246764,515588.65501626313 0.5641426673029741,-42.3487733101562,515631.7084755265 0.5465710751286679,-42.287082347057016,515674.51709663146 0.5290259886759827,-42.22539049606647,515717.08081904036 0.511507298189656,-42.16369775926782,515759.3995825009 0.4940148944656926,-42.102004138712175,515801.47332705476 0.47654866884710145,-42.04030963641589,515843.3019930007 0.4591085132206558,-41.97861425436312,515884.8855209235 0.4416943200133687,-41.91691799450486,515926.22385170124 0.4243059821887982,-41.85522085875926,515967.3169264615 0.40694339324466,-41.793522849013165,516008.1646866447 0.3896064472076546,-41.731823967120015,516048.7670739385 0.3722950386315915,-41.67012421490192,516089.1240303545 0.35500906259323983,-41.60842359414903,516129.2354981297 0.33774841468942896,-41.546722106619896,516169.101419815 0.3205129910328992,-41.4850197540415,516208.72173823684 0.30330268825031226,-41.42331653811064,516248.0963964963 0.28611740347798786,-41.36161246049214,516287.22533797374 0.26895703435872065,-41.299907522820405,516326.10850632866 0.2518214790390516,-41.238201726699,516364.74584552704 0.23471063616580068,-41.17649507370209,516403.13729976513 0.21762440488271295,-41.114787565372744,516441.2828135728 0.2005626848277302,-41.05307920322422,516479.18233170547 0.18352537612952347,-40.991369988740345,516516.8357992452 0.16651237940436658,-40.929659923374935,516554.2431615377 0.14952359575335095,-40.8679490085524,516591.4043642124 0.13255892675925907,-40.80623724566889,516628.3193531708 0.11561827448309714,-40.744524636090404,516664.98807459814 0.09870154146187815,-40.68281118115459,516701.410474956 0.08180863070481337,-40.62109688217035,516737.5865010199 0.06493944569081123,-40.55938174041797,516773.51609979995 0.04809389036557832,-40.49766575715012,516809.19921861275 0.03127186913843616,-40.43594893359075,516844.63580505596 0.01447328687947902,-40.37423127093597,516879.82580700645 -0.0023019510830408763,-40.31251277035419,516914.7691726075 -0.01905393896612395,-40.250793432986015,516949.4658503054 -0.035782770534126485,-40.18907325994551,516983.9157888282 -0.05248853910222806,-40.1273522523187,517018.11893716606 -0.06917133753876215,-40.065630411164626,517052.0752446018 -0.08583125826851301,-40.00390773751586,517085.784660705 -0.10246839327498947,-39.94218423237752,517119.2471353143 -0.11908283410326703,-39.88045989672947,517152.4626185692 -0.13567467186271642,-39.81873473152399,517185.4310608833 -0.1522439972300731,-39.75700873768774,517218.15241293825 -0.1687909004514836,-39.695281916121175,517250.626625716 -0.1853154713455183,-39.63355426769845,517282.8536504658 -0.20181779930595667,-39.57182579326927,517314.833438747 -0.2182979733040611,-39.51009649365672,517346.56594235095 -0.2347560818913621,-39.448366369658594,517378.0511134146 -0.25119221320215956,-39.38663542204775,517409.2889043077 -0.26760645495642166,-39.32490365157149,517440.2792677183 -0.2839988944614902,-39.26317105895327,517471.0221565756 -0.3003696186158322,-39.2014376448908,517501.5175241269 -0.3167187139102907,-39.13970341005738,517531.76532389806 -0.3330462664317224,-39.077968355102065,517561.7655096903 -0.349352361864419,-39.01623248064913,517591.51803558326 -0.36563708549334706,-38.95449578729976,517621.0228559503 -0.3819005222061378,-38.89275827563014,517650.27992543404 -0.3981427564958153,-38.831019946193024,517679.2891989808 -0.4143638724630705,-38.76928079951737,517708.05063180794 -0.4305639538184778,-38.7075408361082,517736.5641794222 -0.4467430838851669,-38.645800056448394,517764.8297975993 -0.46290134560086926,-38.58405846099624,517792.8474424143 -0.4790388215204189,-38.522316050187584,517820.61707021965 -0.4951555938182537,-38.46057282443499,517848.1386376561 -0.5112517442905187,-38.39882878412842,517875.41210164456 -0.5273273543570554,-38.337083929634645,517902.43741938955 -0.5433825050643577,-38.275338261299076,517929.2145483787 -0.5594172770871069,-38.213591779443725,517955.7434463941 -0.5754317507308997,-38.1518444843684,517982.02407148166 -0.5914260059345793,-38.09009637635074,518008.05638198747 -0.6074001222717698,-38.02834745564725,518033.8403365422 -0.6233541789535479,-37.96659772249166,518059.3758940622 -0.6392882548308307,-37.90484717709615,518084.6630137275 -0.6552024283961373,-37.843095819651595,518109.7016550266 -0.6710967777858059,-37.78134365032716,518134.49177773326 -0.6869713807822109,-37.71959066927043,518159.0333418926 -0.7028263148155816,-37.657836876608854,518183.3263078279 -0.718661656967015,-37.596082272447724,518207.3706361734 -0.7344774839692718,-37.534326856871914,518231.16628782917 -0.7502738722100162,-37.47257062994489,518254.7132239797 -0.7660508977327822,-37.410813591710685,518278.01140611427 -0.7818086362401573,-37.34905574219166,518301.06079597137 -0.7975471630949755,-37.287297081390136,518323.8613556141 -0.8132665533224781,-37.22553760928803,518346.41304736485 -0.8289668816128142,-37.16377732584724,518368.7158338507 -0.8446482223222915,-37.10201623100925,518390.7696779643 -0.8603106494758777,-37.04025432469647,518412.57454288914 -0.8759542367689619,-36.978491606810714,518434.1303921065 -0.8915790575694018,-36.91672807723428,518455.437189381 -0.9071851849194559,-36.85496373582987,518476.4948987513 -0.9227726915373751,-36.793198582440596,518497.3034845352 -0.9383416498199608,-36.73143261689112,518517.8629113716 -0.9538921318436451,-36.66966583898591,518538.17314415117 -0.9694242093672187,-36.607898248510686,518558.23414805764 -0.9849379538330822,-36.546129845232024,518578.0458885811 -1.000433436369292,-36.48436062889758,518597.60833147087 -1.0159107277915496,-36.42259059923714,518616.9214427773 -1.0313698986045665,-36.36081975596089,518635.98518884374 -1.0468110190048492,-36.299048098760665,518654.7995362744 -1.062234158881381,-36.237275627310005,518673.3644519936 -1.0776393878179533,-36.17550234126389,518691.67990317603 -1.0930267750950975,-36.11372824026001,518709.74585732166 -1.1083963896914497,-36.051953323917004,518727.5622821935 -1.1237483002859676,-35.990177591835895,518745.1291458337 -1.1390825752593514,-35.92840104359986,518762.44641659467 -1.1543992826956924,-35.8666236787739,518779.5140630951 -1.169698490384576,-35.80484549690638,518796.33205426217 -1.1849802658223894,-35.74306649752722,518812.90035928576 -1.2002446762144814,-35.68128668014925,518829.21894767694 -1.2154917884763563,-35.61950604426786,518845.28778918774 -1.2307216692357201,-35.557724589360916,518861.10685388756 -1.2459343848337312,-35.49594231489028,518876.6761121369 -1.2611300013275013,-35.434159220299556,518891.99553457636 -1.2763085844905504,-35.372375305015986,518907.0650921185 -1.291470199815251,-35.310590568449946,518921.88475599414 -1.3066149125147035,-35.24880500999465,518936.4544976861 -1.3217427875230783,-35.187018629027875,518950.7742889946 -1.3368538894986273,-35.12523142490973,518964.844102009 -1.3519482828247078,-35.06344339698435,518978.66390906804 -1.3670260316109761,-35.001654544579516,518992.23368284764 -1.3820871996956612,-34.93986486700645,519005.5533962877 -1.397131850646531,-34.87807436356122,519018.62302260543 -1.4121600477628817,-34.81628303352292,519031.442535329 -1.4271718540767893,-34.75449087615506,519044.01190825773 -1.4421673323546997,-34.69269789070528,519056.3311154838 -1.4571465450991923,-34.63090407640558,519068.40013139934 -1.4721095545499452,-34.56910943247169,519080.21893066505 -1.4870564226859528,-34.50731395810519,519091.7874882489 -1.5019872112262078,-34.44551765249091,519103.1057794016 -1.5169019816320883,-34.383720514798746,519114.17377964605 -1.5318007951079835,-34.321922544182975,519124.99146481877 -1.5466837126029986,-34.26012373978382,519135.5588110355 -1.5615507948130016,-34.19832410072505,519145.8757946903 -1.5764021021812482,-34.13652362611632,519155.94239248184 -1.5912376949000873,-34.07472231505175,519165.7585813937 -1.606057632912723,-34.012920166611075,519175.32433869294 -1.6208619759140674,-33.95111717985878,519184.6396419296 -1.635650783352503,-33.88931335384584,519193.70446896664 -1.6504241144313028,-33.8275086876075,519202.5187979425 -1.6651820281098253,-33.765703180164856,519211.08260726853 -1.6799245831049348,-33.70389683052491,519219.3958756716 -1.6946518378925362,-33.64208963767958,519227.45858215605 -1.709363850708712,-33.580281600608004,519235.27070602175 -1.7240606795510303,-33.518472718273784,519242.832226847 -1.7387423821803623,-33.45666298962714,519250.14312450186 -1.7534090161217364,-33.39485241360415,519257.2033791594 -1.7680606386655882,-33.3330409891266,519264.01297127997 -1.7826973068695793,-33.271228715103696,519270.57188159326 -1.7973190775592798,-33.209415590429806,519276.8800911335 -1.811926007330385,-33.14760161398597,519282.9375812371 -1.8265181525488288,-33.08578678463972,519288.7443335067 -1.8410955693530013,-33.02397110124467,519294.300329856 -1.8556583136545441,-32.962154562642255,519299.6055524627 -1.8702064411397146,-32.90033716765946,519304.65998382715 -1.8847400072709206,-32.83851891511019,519309.4636067144 -1.8992590672875167,-32.77669980379554,519314.01640419697 -1.9137636762075658,-32.7148798325029,519318.31835962203 -1.9282538888281238,-32.65305900000785,519322.3694566432 -1.9427297597279107,-32.59123730507183,519326.169679186 -1.9571913432672545,-32.52941474644409,519329.71901148267 -1.9716386935899095,-32.46759132286075,519333.0174380517 -1.9860718646243072,-32.40576703304508,519336.06494371 -2.0004909100841815,-32.34394187570871,519338.86151353637 -2.0148958834704445,-32.28211584954968,519341.4071329344 -2.029286838072153,-32.22028895325392,519343.70178758306 -2.0436638269674177,-32.15846118549502,519345.74546345085 -2.0580269030249383,-32.0966325449337,519347.5381467979 -2.0723761189047423,-32.034803030219635,519349.07982419553 -2.08671152705989,-31.972972639989294,519350.3704824579 -2.1010331797369304,-31.91114137286725,519351.4101087476 -2.1153411289778887,-31.849309227466147,519352.19869047886 -2.1296354266206095,-31.78747620238612,519352.7362153754 -2.1439161243001763,-31.725642296216765,519353.0226714511 -2.1581832734503905,-31.66380750753464,519353.05804699054 -2.172436925303998,-31.601971834904788,519352.84233060066 -2.18667713089485,-31.540135276880697,519352.3755111719 -2.200903941058357,-31.478297832004202,519351.65757785673 -2.2151174064325687,-31.4164594988053,519350.6885201441 -2.229317577459369,-31.35462027580344,519349.4683278004 -2.2435045043857826,-31.29278016150567,519347.99699084763 -2.25767823726477,-31.230939154408013,519346.2744996459 -2.2718388259562516,-31.169097252994924,519344.3008448266 -2.285986320128245,-31.10725445574063,519342.0760173258 -2.300120769258342,-31.04541076110717,519339.60000835033 -2.3142422226337658,-30.983566167545938,519336.8728094183 -2.3283507293535877,-30.92172067349712,519333.89441232703 -2.342446338328614,-30.859874277390098,519330.6648091884 -2.356529098283488,-30.798026977643108,519327.1839923673 -2.370599057756692,-30.736178772664385,519323.45195454854 -2.384656265102194,-30.674329660850503,519319.46868872363 -2.3987007684906985,-30.61247964058764,519315.2341881369 -2.4127326159098743,-30.550628710251036,519310.748446358 -2.4267518551656053,-30.488776868206347,519306.0114572254 -2.4407585338835247,-30.42692411280779,519301.0232148818 -2.4547526995091857,-30.36507044239929,519295.78371378104 -2.468734399309767,-30.303215855314626,519290.29294862086 -2.482703680374584,-30.241360349877123,519284.55091445084 -2.496660589616056,-30.17950392439946,519278.5576065653 -2.5106051737707276,-30.11764657718536,519272.3130205795 -2.5245374794005784,-30.055788306527138,519265.81715239084 -2.538457552893476,-29.993929110707455,519259.0699981838 -2.5523654404642,-29.932068987998928,519252.071554456 -2.56626118815592,-29.870207936664062,519244.8218179752 -2.580144841840081,-29.808345954956184,519237.3207858191 -2.594016447218337,-29.746483041118026,519229.5684553492 -2.6078760498229485,-29.684619193382755,519221.5648242227 -2.6217236950180336,-29.62275440997371,519213.30989039235 -2.635559427999965,-29.56088868910442,519204.8036521055 -2.6493832937986213,-29.49902202897987,519196.0461078943 -2.663195337278353,-29.437154427794102,519187.0372565927 -2.676995603138664,-29.37528588373245,519177.77709732216 -2.690784135915237,-29.313416394970506,519168.265629507 -2.704560979980897,-29.251545959674203,519158.50285285886 -2.718326179546011,-29.18967457600134,519148.48876737594 -2.7320797786599087,-29.127802242099147,519138.2233733575 -2.745821821211507,-29.065928956106234,519127.7066714119 -2.7595523509303916,-29.004054716151824,519116.93866241694 -2.773271411387441,-28.942179520355822,519105.9193475485 -2.7869790459951673,-28.880303366830113,519094.64872828906 -2.8006752980100487,-28.818426253676613,519083.1268063957 -2.8143602105317314,-28.756548178988456,519071.3535839468 -2.82803382650485,-28.694669140849953,519059.3290632914 -2.8416961887195953,-28.632789137336303,519047.05324708176 -2.855347339812454,-28.570908166514926,519034.52613825904 -2.868987322267003,-28.509026226443407,519021.7477400711 -2.8826161784151623,-28.447143315171147,519008.7180560422 -2.896233950437477,-28.38525943073874,518995.43708999956 -2.909840680364141,-28.32337457117794,518981.90484608494 -2.92343641007551,-28.261488734512987,518968.1213286931 -2.937021181303578,-28.19960191875867,518954.0865425506 -2.9505950356321478,-28.13771412192166,518939.8004926552 -2.964158014498139,-28.075825342000158,518925.2631843037 -2.977710159191588,-28.013935576983965,518910.4746231033 -2.9912515108572393,-27.952044824855257,518895.4348149409 -3.0047821104946024,-27.890153083587315,518880.1437659886 -3.0183019989598847,-27.828260351145442,518864.6014827336 -3.0318112169651386,-27.766366625486715,518848.80797196546 -3.045309805080308,-27.704471904560307,518832.7632407318 -3.0587978037336825,-27.642576186306936,518816.4672964058 -3.072275253211899,-27.58067946866033,518799.920146641 -3.085742193661929,-27.518781749545415,518783.1217994089 -3.0991986650909666,-27.45688302687936,518766.07226293435 -3.1126447073673376,-27.3949832985713,518748.771545771 -3.126080360221465,-27.333082562523575,518731.2196567664 -3.1395056632462683,-27.271180816629755,518713.4166050418 -3.152920655898072,-27.20927805877606,518695.36240004253 -3.1663253774975146,-27.147374286841117,518677.05705148366 -3.179719867229892,-27.085469498695822,518658.500569386 -3.1931041641461206,-27.023563692203282,518639.69296406594 -3.206478307163252,-26.961656865220103,518620.6342461401 -3.2198423350654366,-26.899749015594267,518601.32442650775 -3.233196286504551,-26.83784014116701,518581.76351637486 -3.2465402000007657,-26.775930239771824,518561.9515272456 -3.259874113943283,-26.714019309234768,518541.88847090607 -3.2731980665910783,-26.652107347375498,518521.5743594399 -3.286512096073693,-26.590194352005575,518501.00920524437 -3.299816240391692,-26.528280320929575,518480.19302098965 -3.3131105374174012,-26.46636525194481,518459.1258196633 -3.3263950248959873,-26.40444914284153,518437.8076145358 -3.339669740445345,-26.34253199140354,518416.2384191604 -3.3529347215574035,-26.28061379540682,518394.4182474252 -3.3661900055986393,-26.21869455262067,518372.34711347084 -3.37943562981053,-26.156774260807516,518350.02503175836 -3.392671631310577,-26.09485291772228,518327.4520170553 -3.405898047092478,-26.032930521114462,518304.6280843864 -3.4191149140275456,-25.971007068725466,518281.5532491077 -3.4323222688643114,-25.90908255829036,518258.22752686235 -3.4455201482300026,-25.84715698753742,518234.6509335821 -3.458708588630941,-25.78523035418799,518210.8234855023 -3.47188762645294,-25.723302655957763,518186.74519915384 -3.4850572979624417,-25.661373890554767,518162.4160913616 -3.498217639306631,-25.599444055680888,518137.8361792504 -3.511368686514288,-25.53751314903146,518113.0054802352 -3.5245104754965837,-25.475581168295037,518087.92401202937 -3.5376430420471934,-25.41364811115459,518062.59179264726 -3.5507664218433774,-25.35171397528595,518037.0088404006 -3.563880650446606,-25.289778758358768,518011.17517389136 -3.576985763303071,-25.227842458036275,517985.090812017 -3.5900817957437425,-25.16590507197535,517958.75577398785 -3.6031687829860743,-25.10396659782747,517932.1700792889 -3.6162467601334924,-25.042027033236934,517905.3337477135 -3.629315762176873,-24.98008637584217,517878.2467993515 -3.6423758239944277,-24.918144623275698,517850.90925458644 -3.655426980353127,-24.856201773163285,517823.32113411033 -3.668469265908243,-24.79425782312608,517795.48245888145 -3.681502715204658,-24.73231277077771,517767.3932501966 -3.69452736267732,-24.670366613726628,517739.05352962355 -3.7075432426516954,-24.60841934957524,517710.4633190229 -3.720550389344737,-24.54647097591941,517681.622640579 -3.733548836864543,-24.48452149035058,517652.5315167355 -3.746538619211833,-24.42257089045317,517623.1899702725 -3.759519770280349,-24.36061917380616,517593.5980242457 -3.772492323856852,-24.29866633798287,517563.75570200087 -3.78545631362266,-24.23671238055046,517533.6630271968 -3.7984117731530205,-24.174757299071533,517503.3200237913 -3.8113587359186454,-24.11280109110192,517472.7267160215 -3.824297235285769,-24.050843754192417,517441.88312844106 -3.8372273045170004,-23.988885285887974,517410.78928588284 -3.850148976771436,-23.926925683728335,517379.44521350256 -3.8630622851056273,-23.864964945247017,517347.8509367214 -3.8759672624738073,-23.803003067973492,517316.00648128096 -3.8888639417288573,-23.74104004943066,517283.9118732209 -3.9017523556221363,-23.67907588713625,517251.56713886553 -3.9146325368047883,-23.617110578602436,517218.97230483865 -3.9275045178277423,-23.555144121337136,517186.12739807577 -3.9392706156221493,-23.498476694276768,517155.8728600539 -3.939270838030154,-23.498475105220432,517155.90010713186 -3.939270838030154,-23.498475105220432,517155.90010713186 -3.93926966932969,-23.498470964640624,517197.01712572714 -3.9521273365148204,-23.436493561964177,517164.06351148547 -3.9649794740802804,-23.374497519406322,517131.603626166 -3.977826107097883,-23.312482836295896,517099.64369801217 -3.990667260581006,-23.2504495120651,517068.18996139464 -4.00350295948482,-23.18839754624949,517037.2486567776 -4.016333228706401,-23.126326938488297,517006.82603072346 -4.029158093085414,-23.064237688524692,516976.92833593825 -4.041977577404168,-23.002129796205804,516947.56183122715 -4.054791706387675,-22.940003261483017,516918.73278152617 -4.067600504704558,-22.877858084412555,516890.4474578667 -4.08040399696705,-22.815694265154896,516862.7121374211 -4.09320220773111,-22.753511803975865,516835.53310347814 -4.1059951614967645,-22.69131070124627,516808.91664544924 -4.118782882708956,-22.629090957442212,516782.86905886943 -4.131565395756979,-22.566852573145628,516757.39664542105 -4.144342724975559,-22.504595549043977,516732.5057128774 -4.157114894644565,-22.442319885931024,516708.2025751588 -4.169881928989753,-22.380025584706456,516684.4935523404 -4.1826438521825935,-22.317712646376755,516661.3849705973 -4.19540068834101,-22.255381072054764,516638.88316226983 -4.208152461529494,-22.193030862960494,516616.99446580134 -4.220899195759159,-22.130662020420715,516595.7252257895 -4.233640914988484,-22.068274545869805,516575.08179297746 -4.246377643123367,-22.005868440849532,516555.0705242313 -4.259109404017067,-21.943443707009365,516535.6977825786 -4.271836221471347,-21.881000346106973,516516.9699371663 -4.284558119235783,-21.818538360007775,516498.89336330036 -4.297275121008624,-21.756057750685834,516481.4744424248 -4.309987250437075,-21.693558520223903,516464.7195621474 -4.322694531117406,-21.631040670813253,516448.63511619135 -4.335396986595185,-21.56850420475444,516433.2275044635 -4.348094640365673,-21.50594912445702,516418.5031329825 -4.360787515873994,-21.44337543244021,516404.46841394075 -4.373475636515764,-21.380783131332766,516391.1297656887 -4.38615902563663,-21.318172223873265,516378.4936127222 -4.398837706533527,-21.255542712910497,516366.5663856709 -4.411511702453879,-21.192894601403413,516355.3545213563 -4.424181036596906,-21.130227892421658,516344.86446271423 -4.436845732112886,-21.067542589145255,516335.10265886795 -4.4495058121043485,-21.004838694865597,516326.0755650781 -4.462161299625905,-20.942116212984835,516317.78964279604 -4.474812217684075,-20.879375147016617,516310.251359585 -4.487458589238656,-20.816615500586252,516303.467189201 -4.500100437201809,-20.753837277430627,516297.44361154916 -4.512737784439025,-20.691040481398677,516292.18711269734 -4.525370653769414,-20.628225116451613,516287.7041848842 -4.537999067965529,-20.56539118666291,516284.0013264877 -4.550623049753767,-20.502538696218785,516281.0850420847 -4.56324262181505,-20.439667649418194,516278.96184237394 -4.575857806784541,-20.376778050673074,516277.6382442562 -4.588468627252098,-20.313869904508667,516277.1207707701 -4.590313805257949,-20.304651206354567,516277.1130525334 -4.59031380527108,-20.30465120625565,516277.11297066073</coordinates>
      </LineString>
      <styleUrl>#19050</styleUrl>
    </Placemark>
    <Placemark>
      <name>Impact Point full_trajectory</name>
      <Point>
        <altitudeMode>relativeToGround</altitudeMode>
        <coordinates>-4.59031380527108,-20.30465120625565,516277.11297066073</coordinates>
      </Point>
      <Style>
        <IconStyle>
          <Icon>
            <href>http://maps.google.com/mapfiles/kml/shapes/placemark_circle.png</href>
          </Icon>
        </IconStyle>
      </Style>
    </Placemark>
  </Document>
</kml>
