Time (s),X (km),Y (km),Z (km),Vx (km/s),Vy (km/s),Vz (km/s)
243.179193923682,-405.528518866021,2904.39477963322,5768.9912441019,0.939215523782394,-2.13746078237077,1.69136045380097
243.18166125106407,-405.5262015120169,2904.389505804681,5768.995417216052,0.9392170027855938,-2.137471338270606,1.6913395341499828
243.20633452488485,-405.5030277712759,2904.3367660868385,5769.037145518718,0.9392317922188183,-2.1375768956880155,1.6911303372777404
243.45306726309266,-405.2712702993241,2903.8092256774576,5769.45414465581,0.9393796267871467,-2.138632312041552,1.6890383324683094
244.53658045280935,-404.2530888752881,2901.489479756465,5771.279262588643,0.9400275592617174,-2.1432637456767942,1.6798506469827703
245.65423696139234,-403.2020884597048,2899.091379985212,5773.151461880228,0.9406937655363131,-2.1480354525725334,1.6703721811967136
246.82330661694405,-402.1019456996672,2896.577262324689,5775.098447306666,0.9413883310268902,-2.1530206053256067,1.6604563754065753
248.04691739606238,-400.94960927871875,2893.939614188962,5777.12384934093,0.942112837348607,-2.158231804275602,1.6500765549691634
249.32871907936885,-399.7415224556467,2891.1696940911825,5779.23195063777,0.942869137588459,-2.163683774275182,1.639201592162791
250.67264972026243,-398.4738405005735,2888.2580163317384,5781.4272611730075,0.943659211284478,-2.1693923527071273,1.6277978818018433
252.0829594804748,-397.14240589892256,2885.1942817352474,5783.714520806881,0.9444851722387988,-2.1753745749051014,1.6158291334490498
253.56423932623886,-395.74271862708093,2881.967295156029,5786.098704110857,0.9453492782403063,-2.181648777875011,1.6032561212951042
255.12144050621657,-394.2699147548123,2878.564900022019,5788.585003929673,0.9462539343445692,-2.1882346623565523,1.5900365109875638
256.75990186258593,-392.7187372402923,2874.973892549453,5791.178820602216,0.9472016995869065,-2.1951533853127723,1.576124618465657
258.4853613312958,-391.0835212428066,2871.1799669434326,5793.885718303809,0.9481952832739616,-2.202427582599241,1.5614713012457064
260.3039765668244,-389.3581703483098,2867.1676368625613,5796.711387730894,0.949237545260845,-2.210081427139456,1.5460237701745003
262.2223251973237,-387.53615162948927,2862.9201976788304,5799.661568084462,0.9503314831196462,-2.2181405980644566,1.5297255717621245
264.2473765099933,-385.6105174568146,2858.4197485123973,5802.7419172558675,0.9514802018285665,-2.2266321272763374,1.5125168106093088
266.3864497602722,-383.57393979971175,2853.6472415260973,5805.95785569827,0.9526868750527809,-2.235584188449755,1.4943344827313607
266.65971773716325,-383.31357998734967,2853.036171868928,5806.36589203933,0.9528405326739718,-2.236726526235722,1.4920113297738515
266.93298571405427,-383.0531782005896,2852.4247900873347,5806.773293526146,0.9529940782617127,-2.2378685719662688,1.4896880967199464
267.17040706765744,-382.82690122920957,2851.89335453667,5807.126737669194,0.9531273912222692,-2.238860570080971,1.487669554405897
267.1955677457226,-382.80291972009155,2851.8370219642597,5807.164165752758,0.9531415140847364,-2.238965683975682,1.4874556362419813
267.22072842378776,-382.7789378556447,2851.7806867471436,5807.201588453988,0.953155635994282,-2.239070795389324,1.4872417173867436
267.24347579000084,-382.75725593013027,2851.729752702968,5807.235417086297,0.9531684025657035,-2.2391658227984714,1.4870483161781713
267.47094945213166,-382.54042070605595,2851.2202933807735,5807.573461441697,0.953296025663201,-2.2401159858965274,1.4851142732886171
269.74568607343986,-380.37047515394374,2846.1138214344187,5810.9297056096375,0.9545680034848867,-2.249606553461616,1.4657707250988647
272.2175033736351,-378.00925812553197,2840.540482502409,5814.526838216303,0.9559414497123068,-2.259896709857061,1.4447446819179386
274.822836955349,-375.5168365652119,2834.638596383019,5818.262002355133,0.9573792860065448,-2.2707173679739947,1.422575200140137
277.56782657142804,-372.8867734819591,2828.3898851355902,5822.134887897459,0.9588833717688597,-2.2820901908631828,1.399208453360364
280.45466195669445,-370.11636610257386,2821.7846390248897,5826.138689308908,0.9604532548579128,-2.294020134906136,1.3746239954534045
283.4817260562543,-367.2065374639069,2814.8216014750233,5830.2607327404985,0.9620863249056616,-2.3064962416784627,1.3488335838057088
286.6422872774407,-364.16312885934167,2807.51124100063,5834.481232890994,0.9637772008153677,-2.319486490294342,1.3218923884783873
289.92360095229833,-360.9978142590512,2799.8782040889555,5838.7728659615195,0.9655173817131998,-2.332934440611367,1.293906768375522
293.3073972130787,-357.72768684234745,2791.9606234522994,5843.102331673782,0.9672956610291483,-2.346761622657945,1.2650302705796315
296.7718414287181,-354.3734157208186,2783.805937326925,5847.433719315431,0.9690992987748809,-2.3608758966227965,1.2354470713235883
300.2941925913667,-350.956703841139,2775.464894097089,5851.732396523067,0.9709154965753849,-2.3751824982175633,1.205349414110902
303.8530427294729,-347.49812239827503,2766.9863197127956,5855.9679115008785,0.9727325761724063,-2.3895931781847115,1.1749185515612255
307.42902222149274,-344.0164130489697,2758.4153593135147,5860.114690838188,0.9745403115188178,-2.4040289728585735,1.1443187349955788
311.00432473732025,-340.5289325469492,2749.7944926233445,5864.151250270983,0.9763296450906135,-2.418418163827525,1.1137012782336644
314.56112302859935,-337.0531857323474,2741.1672736695577,5868.058257155167,0.9780918668856444,-2.4326898183447265,1.0832181380526225
318.079752816755,-333.6086011475035,2732.5827613496645,5871.816610884217,0.9798177236656749,-2.446766508793783,1.0530375410105492
321.5372615602782,-330.2179653688663,2724.0991902293536,5875.4061934044985,0.9814967528592142,-2.460558600413708,1.0233565479728322
324.9073237416604,-326.90752517162014,2715.7843557275646,5878.806186021279,0.9831173034989725,-2.473964043660546,0.9944019291567116
328.16286330363647,-323.7044200176158,2707.709236255156,5881.997939114214,0.9846678293477006,-2.4868788633009418,0.9664077413771981
331.28042743706806,-320.63235831994257,2699.936995462235,5884.968960775773,0.9861389194669674,-2.4992143692054256,0.9395776909151253
334.2441975646382,-317.70761219748863,2692.512556174916,5887.715829647881,0.9875250412717147,-2.510912665948425,0.9140504123419779
337.0471864737512,-314.937766210785,2685.4590200500375,5890.244044895469,0.988824896919783,-2.521950901397105,0.8898888352998965
337.70385044021486,-314.28834102488224,2683.802097806102,5890.826543496533,0.9891278671019595,-2.5245333133836048,0.8842256996450549
338.36051440667853,-313.6387170822168,2682.143480224955,5891.405322975914,0.9894302500732612,-2.527114386834416,0.8785615136284026
339.2997786439338,-312.70917789459605,2679.7681191187635,5892.226718822358,0.9898617466126639,-2.5308039255135495,0.8704578658626135
339.51526626741935,-312.4958642902509,2679.222671033284,5892.414091376049,0.9899605723026246,-2.5316500018858856,0.8685984066203041
339.55727549708104,-312.45427640468324,2679.116314902714,5892.450572911541,0.9899798309925806,-2.531814927488585,0.8682358923922722
339.57842577264057,-312.4333379559301,2679.0627654412483,5892.468934409789,0.989989526207876,-2.531897960088059,0.8680533766631379
339.5995760482001,-312.41239930212686,2679.009214223635,5892.4872920477665,0.9899992208201043,-2.531980991320163,0.8678708598313045
339.6194143226193,-312.39275933571696,2678.958983317407,5892.504507409931,0.9900083135056045,-2.5320588706899976,0.8676996639444996
339.81779706681147,-312.19634975258066,2678.456589285172,5892.676474235147,0.9900992110057215,-2.5328375977944986,0.8659876515187501
341.8016245087329,-310.2312641697703,2673.424156843757,5894.377458897397,0.9910052551247543,-2.540618231927128,0.8488621404631437
344.12436508120277,-307.9281904709471,2667.5123943933404,5896.325846590038,0.9920593373465587,-2.549712869551206,0.8287983484228185
346.31712569967317,-305.7517569285238,2661.9120849360374,5898.122424775108,0.9930477913185457,-2.558283674008806,0.8098446499659255
348.3774827043028,-303.70477220460754,2656.632822191077,5899.7726373539235,0.9939707223349541,-2.566323937792665,0.7920240212098734
350.31498395025267,-301.77811607690444,2651.6532510293337,5901.2909422554485,0.9948335006286719,-2.5738734269498442,0.775255787420982
352.13895062985057,-299.9628356274031,2646.9521176834483,5902.6905797339305,0.9956412275647155,-2.580970629566384,0.7594609743925644
353.858064808616,-298.2505631484187,2642.509390955716,5903.983377850788,0.9963985735011979,-2.5876512017970317,0.7445659031627847
355.48034315842176,-296.63354996842753,2638.3063919404212,5905.1798645523295,0.9971097879089614,-2.593947918163535,0.7305024467978827
357.0131469145697,-295.1046632911343,2634.325823417353,5906.289393367334,0.9977787230727169,-2.5998907563705673,0.7172079717975463
358.4632193635671,-293.65735466455334,2630.551720754149,5907.32027451379,0.9984088673395465,-2.6055070826113247,0.7046250383557128
359.8367247806741,-292.2856261357662,2626.969392190044,5908.279892619933,0.9990033765950828,-2.610821836558742,0.6927010852312437
361.1392952963976,-290.9839877290416,2623.56533237981,5909.174817131533,0.9995651070455376,-2.6158577418564284,0.6813880430791247
362.3760780459502,-289.7474139683297,2620.327129744318,5910.010901259253,1.0000966462159362,-2.6206355131241836,0.670641942686223
363.55177466617687,-288.57130747707794,2617.243389164467,5910.793365677868,1.0006003390218365,-2.625174029501139,0.6604225873170483
363.7853966545992,-288.3375335647057,2616.6299854826784,5910.94741765839,1.0007002475021243,-2.6260755092590244,0.6583914382637772
364.0190186430215,-288.1037363183658,2616.0163712092312,5911.100995099742,1.000800097424552,-2.626976870815971,0.6563601343462949
364.3684893542645,-287.75395991255056,2615.0980841633627,5911.329842753354,1.00094935285085,-2.6283249830568893,0.6533212561460306
364.4284404510894,-287.69395113384024,2614.9405062662195,5911.368994451564,1.0009749444414902,-2.6285562235037077,0.6527999070160214
364.48839154791426,-287.6339408209987,2614.782914506183,5911.408114894016,1.0010005322728766,-2.6287874564404805,0.6522785476878888
364.5086488510231,-287.61366316223933,2614.729661570503,5911.421326513924,1.00100917747943,-2.6288655876916476,0.6521023795660182
364.52890615413196,-287.59338532835557,2614.6764070521035,5911.43453456513,1.0010178222748567,-2.6289437181331308,0.6519262102906481
364.54806339705965,-287.5742085084539,2614.6260430309167,5911.44702207808,1.0010259972256754,-2.629017604962553,0.6517596067056695
364.73963582633655,-287.38243169733147,2614.122324971144,5911.571721662143,1.001107725604356,-2.6297564310648096,0.6500935134717476
366.0059008961917,-286.1144223566712,2610.789265191523,5912.387938736688,1.0016469867579356,-2.634638074930947,0.6390782596906754
367.23994944966813,-284.8780178676454,2607.535059989936,5913.16996631485,1.0021709877597853,-2.639392509441104,0.6283388594296523
368.42965224778396,-283.6854324218671,2604.3922420936774,5913.911341985305,1.0026747911876084,-2.6439734845669713,0.6179812649452442
369.5788114395052,-282.53292043902115,2601.351354302359,5914.615750541315,1.0031602266037918,-2.64839612882262,0.6079728065475642
370.6911401519316,-281.4168156755499,2598.403087234818,5915.286626534834,1.0036290612799854,-2.6526751765766714,0.5982815301898764
371.77013061265654,-280.3336645470744,2595.5386373779465,5915.9270933868565,1.0040829484763396,-2.6568244699868413,0.5888773519027892
372.81915297461444,-279.28012795983915,2592.749453717971,5916.540041911929,1.0045234729475492,-2.6608573483010245,0.5797312025237934
373.84155123695757,-278.2528856964647,2590.026988882165,5917.128199970146,1.0049521946281457,-2.6647870249489465,0.5708141956035679
374.8407296241734,-277.2485500727243,2587.362472875627,5917.6941903309635,1.0053706880086348,-2.6686269276519,0.5620968766864204
375.82031794006036,-276.2634998895496,2584.746473326328,5918.2406267832375,1.0057806145524464,-2.672391342502905,0.553547781708308
376.7843125571315,-275.2937384507797,2582.1685168636304,5918.77018778362,1.0061837851660957,-2.6760959658971406,0.545132205483709
377.73739207595276,-274.33457538455855,2579.616239018166,5919.285776190267,1.0065822965746676,-2.679759130953743,0.5368094426325608
378.6854024886459,-273.380136980011,2577.074072003761,5919.790752129702,1.0069787403155697,-2.683403691922179,0.5285285431642536
379.6362828667044,-272.42243152044176,2574.5207375629125,5920.289369621548,1.0073765997808963,-2.6870606155201067,0.5202202116956318
380.6019316965368,-271.4494642490659,2571.924186815009,5920.7876449373425,1.0077810495749189,-2.690776219531208,0.5117804713175618
381.60174530201385,-270.4416614371351,2569.2319879043803,5921.2949606395905,1.0082004765602295,-2.6946259156416152,0.5030396803832476
381.6603959281878,-270.3825291255842,2569.0739397817856,5921.324449193142,1.0082251074241524,-2.6948518431686566,0.5025268560418459
381.7190465543618,-270.32339536932096,2568.9158784080523,5921.35390766898,1.008249741596831,-2.6950777825766914,0.5020140233878796
381.80266346723397,-270.23908716999904,2568.690510856014,5921.395853963757,1.0082848678335246,-2.695399920300218,0.501282874766278
381.8379354296502,-270.2035227226863,2568.595436414714,5921.413529755123,1.0082996871602277,-2.695535814491916,0.5009744506962261
381.8549053752551,-270.18641187134193,2568.549692763798,5921.422030005224,1.0083068174407284,-2.6956011971079943,0.5008260615253327
381.8584070124494,-270.1828811441107,2568.540253722764,5921.42378366278,1.008308288763893,-2.695614688512065,0.500795442305175
381.8619086496437,-270.1793504117274,2568.5308146344883,5921.425537213118,1.008309760099558,-2.6956281799604214,0.5007648230555829
381.8651417907654,-270.1760904017824,2568.522099268033,5921.427156210757,1.008311118651138,-2.6956406370214223,0.5007365515924763
381.8680788230895,-270.1731289576218,2568.51418206773,5921.42862685248,1.008312352791187,-2.6956519532367618,0.500710869364682
381.8974491463305,-270.14351431665165,2568.435008236695,5921.443329121075,1.008324694718923,-2.6957651172203554,0.5004540459688384
382.1911523787403,-269.84734796464284,2567.643087105711,5921.589936931339,1.0084481684416642,-2.696896944782506,0.49788570072900507
382.9614546014942,-269.0704132231416,2565.5645175781797,5921.970864715715,1.0087725279350606,-2.6998671782380916,0.49114869673096717
383.71888629046316,-268.3062158871065,2563.5184456569887,5922.340367110927,1.0090923353142625,-2.7027906294665582,0.48452296062448724
384.4598127304038,-267.55843649568374,2561.514816213394,5922.696961508927,1.009406176507218,-2.7056535720775203,0.4780404128353945
385.18495951316726,-266.82635714820975,2559.551803251721,5923.041310302117,1.0097144720766213,-2.7084590899701118,0.47169483489833924
385.89506162327746,-266.1092492085055,2557.6275441577727,5923.374055243456,1.0100176481569878,-2.71121031011256,0.4654799187070915
386.59080670635876,-265.4064306555199,2555.740293964691,5923.695792059984,1.0103161129932379,-2.7139101847348384,0.4593897635402037
387.2728419525852,-264.71725924118977,2553.888407690574,5924.007075915594,1.0106102603023335,-2.7165615189701873,0.4534188165441071
387.9417763336306,-264.0411303270739,2552.070335146692,5924.308424426477,1.0109004706399336,-2.719166980487571,0.4475618538014012
388.5981862068076,-263.3774713068881,2550.284606499333,5924.600321981601,1.0111871142158724,-2.7217291222251463,0.4418139318519134
389.2426172223585,-262.72573975398643,2548.529827775653,5924.883222166266,1.0114705521212095,-2.7242503907878572,0.4361703715178211
389.8755884173382,-262.0854193492704,2546.8046703430196,5925.157550984043,1.0117511385193232,-2.7267331434209257,0.43062672253218465
390.49758661135337,-261.4560256134447,2545.1078867641186,5925.423705749675,1.0120292185292143,-2.7291796269312636,0.4251788130643903
391.1090719406009,-260.8371003700393,2543.438296280243,5925.682058776759,1.0123051309771787,-2.7315920001116347,0.41982270166454994
391.71049142767896,-260.22819805944886,2541.7947482176214,5925.932964156837,1.0125792149102286,-2.733972388267256,0.41455455876646613
392.3022686556612,-259.62889623105553,2540.176150565265,5926.176754280678,1.012851805401104,-2.7363228436887646,0.4093707574674907
392.8847909093529,-259.0388086161685,2538.581505617137,5926.413735618154,1.013123227844878,-2.7386452951021627,0.4042679864877767
393.45843840892263,-258.45755556360695,2537.0098303994814,5926.644201646975,1.013393811729103,-2.7409416645536493,0.39924299437555677
394.023568445623,-257.8847801400801,2535.4602003903656,5926.868427075802,1.0136638836867473,-2.743213805338665,0.3942927287317027
394.5805301289858,-257.3201332167428,2533.931709400281,5927.086674432132,1.0139337748779624,-2.745463562164671,0.3894142072716561
394.6336786536164,-257.2662434428322,2533.7857863425816,5927.107358851756,1.0139597348097646,-2.745678823122279,0.388948683456161
394.68682717824703,-257.2123522882069,2533.639851841325,5927.128018529544,1.013985731768758,-2.745894187885183,0.3884831622322784
394.687652365096,-257.2115155603493,2533.637585964172,5927.128339097758,1.0139861356924766,-2.7458975324729007,0.38847593454557955
394.688477551945,-257.2106788321584,2533.6353200842595,5927.128659660008,1.0139865396296484,-2.7459008770979048,0.38846870686122964
394.68923384872545,-257.2099119572631,2533.6332433671078,5927.128953455136,1.0139869098571543,-2.7459039425347127,0.38846208257677106
394.6967968165297,-257.2022431929087,2533.6124760680746,5927.131891130864,1.0139906125486833,-2.7459345980701233,0.3883958397621092
394.772426494572,-257.1255540080754,2533.404790323069,5927.161240333644,1.0140276813004945,-2.7462412706782873,0.38773341465569694
395.2765695526235,-256.6142763488783,2532.0197755515837,5927.355600401401,1.014276786048053,-2.748291152925064,0.38331788431424707
395.77774738817425,-256.10588048874774,2530.6418801565355,5927.546610919955,1.014528093519595,-2.7503392410343657,0.3789286478192054
396.26996819075976,-255.60644712586412,2529.2876087228665,5927.732066630344,1.0147787683039156,-2.7523615077421253,0.37461824304537666
396.75345210249884,-255.11575758743376,2527.9564037727746,5927.912165102821,1.0150290241460271,-2.7543591279626365,0.3703847967225911
397.2284509089973,-254.63356079254996,2526.6476180602476,5928.0871097431145,1.0152790934180047,-2.756333414298335,0.3662261565526476
397.6952098865306,-254.15961196482752,2525.3606195681314,5928.257095493516,1.0155292082949576,-2.7582856619497744,0.362140225490296
398.15394290523193,-253.69369793651802,2524.0948603650527,5928.422300230021,1.0157795872019937,-2.7602170439615645,0.3581251797608244
398.6048928612702,-253.23557579260978,2522.8497100528166,5928.58290695873,1.0160304675822476,-2.762128865026557,0.3541789399947069
399.04825586730396,-252.78504988339165,2521.624665090358,5928.739076843704,1.0162820644811519,-2.764022242175012,0.3502998348294565
399.48422991730314,-252.3419224184333,2520.4192146924406,5928.890967122832,1.016534596820434,-2.7658983088424263,0.3464861750090404
399.91301377383627,-251.9059945998359,2519.232843942742,5929.038730818696,1.0167882872222034,-2.767758211361383,0.34273626326066897
400.334796123694,-251.47707765418468,2518.06506387019,5929.182513173137,1.017043355857243,-2.7696030626354453,0.33904848924574066
400.7497532118416,-251.054995255672,2516.915418145036,5929.322451159088,1.0173000187354924,-2.771433930996933,0.33542135026683007
400.8314141051009,-250.9719195380371,2516.689085588239,5929.349812826091,1.0173512305915682,-2.7717961814720886,0.33470767198564155
400.91307499836023,-250.88883962868897,2516.4627234228296,5929.37711621515,1.0174026807228738,-2.772159092583808,0.33399403453975046
400.9939515186897,-250.80655357151167,2516.238506284863,5929.404099910786,1.0174538746515844,-2.7725191776473825,0.3332872926725684
401.07482803901917,-250.72426336426398,2516.014259997624,5929.431026449268,1.0175053085733572,-2.7728799280317857,0.33258059219275143
401.0777420269776,-250.7212983633406,2516.0061798399474,5929.431995548011,1.0175071662614514,-2.772892938427713,0.3325551304948775
401.0790322882312,-250.71998551273802,2516.002602079912,5929.4324246237375,1.0175079889130716,-2.772898699475748,0.33254385653223967
401.0792773651604,-250.7197361449855,2516.0019225062797,5929.432506122303,1.01750814517752,-2.772899793769629,0.33254171511586095
401.0795224420896,-250.71948677719467,2516.0012429323792,5929.432587620343,1.017508301444203,-2.772900888069704,0.3325395736998688
401.07957234632073,-250.71943599922446,2516.0011045528868,5929.4326042154635,1.0175083332645616,-2.7729011108992867,0.332539137650228
401.07962225055184,-250.71938522125265,2516.0009661733834,5929.432620810562,1.0175083650820718,-2.772901333721111,0.332538701599642
401.07967198283615,-250.71933461823656,2516.0008282706603,5929.432637348461,1.0175083967865957,-2.772901555766048,0.33253826705037215
401.08016930567925,-250.71882858798895,2515.9994492428227,5929.432802726257,1.0175087138365868,-2.7729037762286106,0.33253392155844846
401.0851425341103,-250.71376827683986,2515.9856589037095,5929.434456385355,1.0175118848119262,-2.7729259821736028,0.3324904667167339
401.13487481842054,-250.66316429717043,2515.8477494363397,5929.450981090368,1.01754364223578,-2.773148173913175,0.33205592607698925
401.51702738477815,-250.27426035848745,2514.7876564089433,5929.577239157661,1.0177906266760424,-2.7748637361001682,0.32871731512603364
401.95901006335487,-249.82435017749214,2513.5607728178165,5929.721673404136,1.0180830829379082,-2.7768667649706895,0.32485713195695504
402.39524734832963,-249.3801600408647,2512.348964964619,5929.862557393576,1.0183793448928316,-2.7788648590897727,0.32104839593918605
402.82546009659313,-248.94197600970782,2511.153034107824,5929.999868773615,1.0186794015960028,-2.7808572322069023,0.31729358455487744
403.2497658648868,-248.50968024310566,2509.9726794751755,5930.1337128580035,1.0189835038815933,-2.782844894474913,0.3135917085946242
403.6682709289571,-248.0831662561422,2508.807630491302,5930.264188788038,1.019291896961571,-2.7848288105984778,0.3099418758264094
404.08109615747964,-247.66231255812914,2507.657574806882,5930.39139772144,1.0196048393165167,-2.786810021993379,0.3063430653458032
404.4883520133951,-247.2470081281104,2506.5222278919437,5930.515435056808,1.0199225846940216,-2.7887895294355003,0.3027943456936489
404.89014543902266,-246.83714540813682,2505.4013139448716,5930.63639273551,1.0202453868046162,-2.7907683246432438,0.2992948147758029
405.28660467973003,-246.43259497585092,2504.2944966205077,5930.754366699301,1.0205735199848094,-2.792747514518125,0.295843383806997
405.67780930477846,-246.0332769522458,2503.2015744102882,5930.869436113401,1.0209072215878716,-2.7947279726470513,0.2924393866062224
406.06383746580934,-245.63911282126256,2502.1223489732706,5930.981677904532,1.0212467281251734,-2.7967105669727124,0.289082167704888
406.4448093032415,-245.24998109067857,2501.056503685672,5931.0911792244615,1.0215923150543142,-2.7986963871864616,0.28577070515414615
406.8207947842225,-244.86581140469227,2500.0038613562915,5931.198010762767,1.0219442153290728,-2.8006862702909023,0.2825044120059492
407.1919011506611,-244.48649523454495,2498.964139651455,5931.302252030688,1.0223026980713183,-2.802681254601288,0.27928237612127543
407.55820305377995,-244.11195726167068,2497.9371466874463,5931.403971508527,1.0226680036727696,-2.8046822113404493,0.2761039672256632
407.9197882021365,-243.74210873788994,2496.922653249709,5931.50323966262,1.023040386609679,-2.806690086470862,0.2729684403984568
408.2767427830911,-243.376862381901,2495.920433621207,5931.600124839918,1.02342010200074,-2.8087058240909704,0.269875062785461
408.62914010008626,-243.01614401559704,2494.9302975466985,5931.694690295295,1.0238073929054214,-2.810730300555157,0.26682321199855175
408.97703608629075,-242.65989718444163,2493.952102993376,5931.786993236665,1.0242024830166092,-2.8127642920943776,0.2638124146139889
409.3205386296814,-242.30801216237194,2492.9855612025513,5931.877103194809,1.0246056561424086,-2.8148088822060857,0.26084174636953467
409.6596836536836,-241.96045286636664,2492.0305852318916,5931.965069323506,1.025017113703258,-2.8168647322208997,0.2579109043498944
409.99456332830636,-241.61712553253778,2491.086929286435,5932.050954178111,1.0254371239061595,-2.81893284079569,0.25501909801835504
410.32524544861553,-241.27796130577053,2490.154415581258,5932.1348125963505,1.0258659272551922,-2.8210140644091783,0.25216574650198204
410.65180831214496,-240.94288049649487,2489.2328361396235,5932.216700772722,1.0263037791641816,-2.823109329603958,0.24935017726402453
410.97430918663196,-240.6118249331527,2488.322041775783,5932.296668362477,1.0267509081202668,-2.825219431888187,0.2465718980724365
411.29277845848577,-240.28476401990474,2487.4219588684864,5932.374757371458,1.027207502474636,-2.8273449832802346,0.24383064666364485
411.6073169589792,-239.96159478046675,2486.532314273957,5932.451026007776,1.0276738505573684,-2.8294870634796796,0.24112555313024644
411.91799010177016,-239.6422505361128,2485.6529343427815,5932.52552250847,1.0281501933745671,-2.831646525732857,0.2384560518529408
412.2248388040402,-239.32668975395896,2484.783714356408,5932.5982882167,1.0286367336512892,-2.8338240513308888,0.23582178653407684
412.52793913184183,-239.01483472412104,2483.924449645633,5932.669371833059,1.0291337288310953,-2.8360205684898907,0.23322209795407053
412.82734554989355,-238.70662990457282,2483.0749962806253,5932.738815888487,1.0296414030784977,-2.8382368551371693,0.23065651149497401
413.12310797093545,-238.40202441136393,2482.2352228857026,5932.806660932444,1.0301599718720036,-2.840473653103912,0.22812459045433378
413.4152815759316,-238.10096190899506,2481.404982779652,5932.872947823221,1.0306896588926182,-2.842731741464848,0.225625851970796
413.70393015133544,-237.80337715491137,2480.584104426662,5932.937718423749,1.031230704130101,-2.8450119680385892,0.22315973881108211
413.9890914038137,-237.50923176287628,2479.772490100964,5933.001007858489,1.0317832985404827,-2.8473149744618254,0.2207259156988536
414.2708432279144,-237.2184458635504,2478.969927352308,5933.062859314519,1.0323477107756074,-2.849641726675388,0.21832370352715427
414.54924547764386,-236.9309581353683,2478.176254607378,5933.123311002107,1.0329241782834526,-2.851993055611448,0.2159525768993795
414.82429837892306,-236.64676883502185,2477.3914800866864,5933.18238750606,1.033512811245105,-2.8543692782441057,0.21361251701615167
415.0960984322827,-236.36577875360112,2476.6153371424334,5933.240133434999,1.0341139218629523,-2.8567715323179983,0.21130268476943642
415.36466981718513,-236.08796337716657,2475.847765153369,5933.296577083384,1.034727667899033,-2.859200331912396,0.2090228557139866
415.63009512159124,-235.81323775496818,2475.0885362988884,5933.351758305019,1.0353543398627059,-2.8616567174829304,0.2067723088538533
415.8924026034242,-235.54157311120227,2474.3375777406704,5933.405704810393,1.0359941043885392,-2.864141239127099,0.20455078381200106
416.1516323236466,-235.27292846003914,2473.5947827158093,5933.458446168543,1.0366471525072494,-2.8666545466793654,0.20235791911550519
416.4077999097253,-235.0072881562504,2472.860114362601,5933.510006432802,1.0373136086471428,-2.8691970391741446,0.20019355881444106
416.6609828808633,-234.74457237284523,2472.13335813089,5933.560421510209,1.0379937559251802,-2.871769723582255,0.19805702324908064
416.9112535441379,-234.48470658910233,2471.414313867258,5933.609725364224,1.0386878739654846,-2.874373583354685,0.19594767754188527
417.1586539763333,-234.22764760688233,2470.702867850863,5933.657945239871,1.0393961648480352,-2.8770093051255636,0.19386514189332135
417.1705593521139,-234.21527299872338,2470.668615209636,5933.660252681076,1.0394308187877224,-2.8771377298200393,0.19376499313534523
417.1824647278945,-234.2028979776806,2470.634361038584,5933.662558930008,1.0394655257686227,-2.87726630246014,0.19366485056554922
417.19601980424176,-234.188807674935,2470.5953584810222,5933.6651832991165,1.0395051067157555,-2.877412871581112,0.19355083901310324
417.20145042267444,-234.18316247623633,2470.579732190067,5933.666234275849,1.0395209834210797,-2.8774716457848744,0.19350516439480403
417.2064178050115,-234.17799874197533,2470.565438554658,5933.667195386222,1.0395355153108767,-2.877525432950053,0.19346338694608278
417.2560916283819,-234.12635742048593,2470.422487481377,5933.676795077097,1.0396813337569475,-2.8780646982808906,0.19304566972126574
417.518197204497,-233.8537488753211,2469.667753764383,5933.727104734112,1.0404660273953068,-2.8809527761314246,0.19084331135881205
417.76666431558345,-233.5951323460904,2468.9515845687997,5933.774263935767,1.0412342744379386,-2.883758619032364,0.18875829825708612
418.01225825905567,-233.33931579560354,2468.243003455121,5933.820369032638,1.0420178500529247,-2.8865995926220425,0.186700082250899
418.2551424011893,-233.0861295960669,2467.541546062864,5933.865468597244,1.0428173363775828,-2.889477769062192,0.1846672604109541
418.4953188980672,-232.8355719570922,2466.8472126926868,5933.9095802043885,1.0436328102273402,-2.892393380959054,0.1826597815172781
418.73287834042634,-232.58754882933323,2466.159747830425,5933.952737175471,1.0444646475840293,-2.89534773150299,0.18067685474387993
418.9678005766675,-232.3420817359438,2465.4792161185874,5933.9949521165,1.0453128415490853,-2.898340760418772,0.17871861387470753
419.2001607984475,-232.0990926388364,2464.805406081479,5934.036254443813,1.0461777203388363,-2.9013735967471908,0.17678439672566074
419.4299866119208,-231.85855318107633,2464.138243809776,5934.076664474044,1.0470594445720078,-2.9044467751000167,0.17487393797352146
419.65732311718546,-231.62041669183031,2463.4776044608584,5934.116205148817,1.0479582416651956,-2.9075610631933,0.1729868266249393
419.8821994167444,-231.3846532342089,2462.823409467865,5934.154896147014,1.048874278096456,-2.910717016103942,0.17112278452036897
420.1046531113019,-231.1512239604501,2462.1755554098286,5934.192758189142,1.0498077544293414,-2.9139153067388763,0.16928146283498602
420.32475431279755,-230.92005583863107,2461.5338438234667,5934.229816987979,1.0507590162321092,-2.9171570994589295,0.1674622443079221
420.5425054164455,-230.69114690510236,2460.898273374356,5934.266086360617,1.051728123067793,-2.9204425799178484,0.16566507187250215
420.75796236522865,-230.46443893312323,2460.268686414941,5934.301588718996,1.0527153686608122,-2.923772730133723,0.16388944599584465
420.9711336178268,-230.23992362673226,2459.6450638266974,5934.336338219974,1.0537208333465033,-2.927147809942467,0.1621352587583954
421.1820673142752,-230.01755091990998,2459.0272703728842,5934.370355170348,1.0547447813553912,-2.930568698323081,0.16040207532146558
421.39081253886224,-229.7972696700821,2458.415167673511,5934.403659541806,1.055787492441496,-2.93403632019543,0.15868945399228607
421.59736572268287,-229.57908429221683,2457.8087716220616,5934.436262558325,1.0568489841218776,-2.937550727997803,0.15699738507647246
421.8017949778244,-229.362923500829,2457.207887629484,5934.468186458674,1.0579296400474227,-2.9411131875323173,0.15532527143772104
422.00409808142246,-229.14879031913878,2456.612527539769,5934.499442079644,1.0590294808467022,-2.944723763507205,0.15367309196578607
422.20434965029364,-228.93660643604943,2456.0224769665874,5934.530051820271,1.0601489453923447,-2.948383893414986,0.15204019803348068
422.4025638337135,-228.7263574949382,2455.43769922278,5934.560028366957,1.0612881510246783,-2.952093955738851,0.1504264354256925
422.5987751338111,-228.51800756532464,2454.8580975362443,5934.589387218632,1.0624473305422102,-2.9558547056708777,0.14883148409303978
422.7929668471063,-228.31157513485422,2454.2837264534933,5934.618135991762,1.0636264085423066,-2.9596659010163817,0.14725543979553554
422.98517893205246,-228.10701855255402,2453.7144731517005,5934.6462905417475,1.0648256409249761,-2.9635283759441178,0.14569793748593454
423.17550547477987,-227.9042383915475,2453.1500638677294,5934.673874158555,1.0660456462076866,-2.9674441220749066,0.14415817548430554
423.3639115675983,-227.70327255137477,2452.590606941825,5934.700891042482,1.0672862321108438,-2.971412522118841,0.1426363969465668
423.5504406385295,-227.50407551368247,2452.0359784749794,5934.72735655201,1.0685477032121828,-2.9754345556406596,0.14113221094702363
423.73514835973805,-227.3065885570229,2451.4860176804,5934.753287386082,1.069830466007296,-2.9795115197613087,0.13964512928923684
423.918082037607,-227.11076174686306,2450.9405881081566,5934.778698653978,1.0711348925824786,-2.9836445933332327,0.13817473288007304
424.09921255479435,-226.91662697152876,2450.3997811436675,5934.803594640673,1.0724608094544033,-2.9878332267833545,0.13672121692003117
424.27852609304756,-226.72419995709114,2449.863643169648,5934.82798177257,1.073808122383294,-2.9920771324821946,0.1352846516610687
424.4561159308395,-226.53338147305095,2449.331900201142,5934.851880792558,1.0751775470245777,-2.996378572056951,0.13386424982761475
424.6319561356155,-226.34420022910217,2448.8046346578135,5934.875296029342,1.076568902958504,-3.0007369846685816,0.13246017930369
424.80613945285006,-226.15655725963924,2448.281573057499,5934.898247420621,1.0779829492490989,-3.005154752231838,0.13107166047002333
424.9786644904442,-225.97045479726373,2447.762723879562,5934.920742092653,1.0794197135659127,-3.0096319611280906,0.12969866636623004
425.1494917343804,-225.785936395245,2447.2482108122267,5934.94278220286,1.0808788784327805,-3.014167630767404,0.12834147177162378
425.3187751587726,-225.60283652725735,2446.737574460822,5934.964394609842,1.0823617931946585,-3.0187659574087125,0.1269988152291602
425.4863851226628,-225.4212962590781,2446.23121035802,5934.985569625161,1.0838673497389693,-3.023423509052455,0.125671686549035
425.6524608455246,-225.24116572874772,2445.728702594746,5935.006331603037,1.085396815391258,-3.028144213630718,0.12435894444029202
425.8169790575253,-225.0624709475218,2445.230125730863,5935.0266840942295,1.0869500177901803,-3.0329275395524053,0.12306073551840757
425.97994659684286,-224.8852054031645,2444.735463585232,5935.046634363263,1.0885270439007657,-3.0377737606171897,0.12177696748961235
426.14137616987625,-224.7093562514484,2444.2446822723605,5935.066190273027,1.0901280316629158,-3.042683308766012,0.12050750166129359
426.301293506748,-224.53489645725102,2443.757708251623,5935.085361102372,1.0917532506801157,-3.047657018996058,0.1192520972370508
426.45976029554237,-224.36175961013066,2443.274357986705,5935.104160173686,1.0934033604720523,-3.052696913351714,0.11801023264975354
426.61675188722546,-224.1899735419861,2442.7947109719903,5935.122590353917,1.0950781370355942,-3.057802311492091,0.11678206393059122
426.77231835533047,-224.0194844011424,2442.3186186094695,5935.140663200679,1.0967781433815262,-3.062974934596115,0.11556716215386544
426.9264663274739,-223.8502858248217,2441.8460648405858,5935.158384995778,1.0985034892165724,-3.0682151195025456,0.11436543896924785
427.07918102146886,-223.68239506375753,2441.3770995435275,5935.175759504119,1.100254029388184,-3.073522432416882,0.11317697232099684
427.23050095739706,-223.51577083795547,2440.9116090797834,5935.192796468406,1.1020302213937212,-3.0788982684661033,0.11200142510571855
427.38049513791617,-223.3503380516164,2440.4493852433907,5935.209508768191,1.1038329220434535,-3.0843452222862564,0.1108382256387224
427.5291300761532,-223.1861345287868,2439.9905352651017,5935.225897664132,1.1056617775861286,-3.0898622262054896,0.10968759822380308
427.6764107915205,-223.02315579284223,2439.535048187884,5935.241968695004,1.1075168730516416,-3.0954495433736002,0.10854946756884665
427.8223589949046,-222.86137891653962,2439.0828614574243,5935.257729113486,1.1093985030762188,-3.101108068316434,0.10742362956249228
427.9670047989641,-222.7007715759989,2438.633886201279,5935.273186912701,1.111307086501118,-3.1068390658949845,0.10630981620790322
428.1103712478452,-222.5413091878991,2438.1880551290064,5935.2883491551065,1.113242968855845,-3.1126435769524234,0.10520781502125001
428.2524534257683,-222.38299827102864,2437.7453878742317,5935.303219839571,1.115206120424152,-3.11852151671733,0.10411762871885225
428.39328573206814,-222.2258015608943,2437.3057816165833,5935.317806986942,1.1171970539473068,-3.124474424692235,0.10303895850411458
428.5328908962903,-222.06969467944865,2436.8691695147313,5935.332117230815,1.119216142685454,-3.1305034187324554,0.10197159622974938
428.67121444383645,-221.91473972821325,2436.4357265979766,5935.346149269758,1.121262621863343,-3.136606222192375,0.10091592331707819
428.8083343365314,-221.76085058772614,2436.0052132847295,5935.359915210289,1.1233376662797527,-3.1427863457285907,0.09987130983580952
428.9442899743022,-221.60798399070478,2435.5775097679684,5935.37342297549,1.1254419401011153,-3.1490457670277707,0.09883742276538962
429.07902636560516,-221.45620286487932,2435.152793345652,5935.386671049945,1.127574639416994,-3.1553820978994866,0.09781464678962747
429.21257705006377,-221.30547068946785,2434.730963058828,5935.399666669152,1.1297363180110613,-3.161796990751228,0.09680269305930284
429.3449599661888,-221.15576841346285,2434.3119667872365,5935.412415394484,1.1319273032570143,-3.1682914220101024,0.09580139215363934
429.47620884735926,-221.00705901330008,2433.8957020630596,5935.424924170858,1.1341482058237202,-3.1748672044767012,0.09481045620005778
429.60629319819384,-220.85937825049348,2433.4822701333605,5935.43719374269,1.1363985508481347,-3.1815229365895004,0.0938300825072871
429.7352611415796,-220.7126727388993,2433.07152266829,5935.449232233831,1.1386792090413305,-3.1882611985402503,0.09285987556411547
429.8631078027002,-220.56694921996979,2432.6634796342883,5935.461042671709,1.140990144269537,-3.19508188689571,0.09189983983648677
429.98979964609487,-220.4222473451335,2432.2582531621106,5935.472625457506,1.1433307643336375,-3.2019832621498296,0.09095019392144864
430.11541879318526,-220.27847467402054,2431.8555854466354,5935.483991490518,1.145702615972582,-3.2089698911441538,0.0900102897892592
430.23993923283996,-220.13566223114856,2431.4555644076286,5935.495141691953,1.1481052583357545,-3.2160404788360686,0.08908029050668292
430.36336820343536,-219.99380313258033,2431.058171792177,5935.506079974904,1.1505388565202785,-3.223195517878952,0.08816010986752489
430.4857294806861,-219.85287145524973,2430.6633359858356,5935.516811632427,1.1530039107362635,-3.2304364849906007,0.08724953890209339
430.6070319255712,-219.7128583729841,2430.2710332401884,5935.527340548018,1.1555006384622937,-3.2377640241421806,0.08634848041885704
430.72728238217223,-219.57375740327424,2429.881246354558,5935.5376703667,1.1580292164442763,-3.2451786595975194,0.08545685246036751
430.84647945904004,-219.43557164934492,2429.493984976257,5935.547803978921,1.1605896412673296,-3.2526803880718083,0.08457463416052792
430.964636859387,-219.2982867692334,2429.109209849451,5935.5577455100365,1.1631822275822263,-3.260270138802878,0.08370169299580889
431.0817536106711,-219.1619054864667,2428.7269295301185,5935.567497788981,1.1658069689236874,-3.2679479007889345,0.08283800514858299
431.19787045397845,-219.02638189339336,2428.3470162332924,5935.577067035349,1.1684648073033763,-3.275716435905657,0.0819832398149774
431.3129498351824,-218.8917614411018,2427.969598257974,5935.586452945808,1.171154900055661,-3.283573288764095,0.08113764300687118
431.42699520661665,-218.75804194820148,2427.5946703826953,5935.595658605455,1.173877305033882,-3.2915186400501817,0.08030115811096492
431.5400395334172,-218.62518657367113,2427.222130180352,5935.604689401419,1.176632797916549,-3.299554763980541,0.07947351269596589
431.6521027214876,-218.49317361634974,2426.851917635585,5935.613549553975,1.1794218776826335,-3.307683123575714,0.0786545313120066
431.7631776712142,-218.36201317786882,2426.484061900741,5935.622241086811,1.1822443765564956,-3.3159032380945432,0.07784423627586506
431.8732519082584,-218.2317219086483,2426.1186104993076,5935.630765603594,1.185099955852779,-3.324214132229524,0.07704268852908021
431.98234684614494,-218.102276446049,2425.7554987158073,5935.63912730253,1.187989140629158,-3.3326173458575643,0.0762497021634389
432.0904798163437,-217.97365814381857,2425.3946750343443,5935.647329977082,1.1909123749235988,-3.3411141806518128,0.07546512189616729
432.1976295959334,-217.84589428232965,2425.0362167708568,5935.655374459032,1.1938690506732554,-3.3497028809748373,0.07468907225133643
432.3038198142282,-217.71895881483698,2424.6800516237604,5935.663264933564,1.1968597711128257,-3.358385212028462,0.07392135259912207
432.40902787972686,-217.59288097512257,2424.326262387939,5935.671002104218,1.1998838346911456,-3.367159151261342,0.07316209673135056
432.5132655229621,-217.46764908947418,2423.974817071847,5935.678589200718,1.2029414859856369,-3.376025424459768,0.07241119018545453
432.61656721989533,-217.34322401711563,2423.625606572057,5935.686031020079,1.2060336665626923,-3.384986775936204,0.07166835563903744
432.7189228416783,-217.2196202294826,2423.2786722265473,5935.693329066729,1.2091600075701294,-3.394042150243322,0.07093363738359186
432.8203259369234,-217.09684797128227,2422.9340435134322,5935.700485107221,1.212320212932999,-3.403190705714902,0.07020705282135645
432.92078220164404,-216.9749029114207,2422.591708991815,5935.707501744862,1.215514341357497,-3.4124326294570584,0.06948853218296352
433.0202932542362,-216.85378572477165,2422.251671263398,5935.714381260233,1.2187423127039845,-3.421767707412225,0.06877803504888563
433.118867245397,-216.7334891928884,2421.9139107589676,5935.721126348339,1.2220042490912968,-3.4311963110314325,0.06807547454413394
433.216509415535,-216.6140096672989,2421.5784179193997,5935.727739459919,1.2253001743262373,-3.4407185276235586,0.06738078487624952
433.31322489978146,-216.49534367033792,2421.2451836539076,5935.734222999259,1.2286301017297043,-3.4503344145719548,0.06669390125203517
433.40899970480757,-216.37751133302618,2420.9142651654015,5935.740578069258,1.2319933590115832,-3.4600420511412753,0.06601489462344169
433.5038548613902,-216.26048982009485,2420.585598986222,5935.746808074653,1.235390479406111,-3.4698429977109213,0.06534358759344232
433.59778731608264,-216.14428595994573,2420.259204943926,5935.752914781714,1.2388211444786392,-3.479736356692515,0.06467997381673704
433.69079960889263,-216.0288997879704,2419.935083781356,5935.75890029904,1.2422852144598981,-3.489721747255362,0.06402400739527025
433.7829024425172,-215.91432125038202,2419.6132078896117,5935.764767222123,1.2457828462990599,-3.499799644208977,0.06337558515648536
433.8740911905523,-215.80055940918018,2419.293603349834,5935.77051713374,1.2493136053753546,-3.5099688182967084,0.06273471211213673
433.964368600013,-215.68761426955524,2418.9762707953987,5935.776152063263,1.2528773124811645,-3.520228777578488,0.06210134138950387
434.0537446200037,-215.57547686532615,2418.661185642942,5935.781674452806,1.2564740640611713,-3.5305798240991066,0.061475375883942085
434.1422199908062,-215.464149807989,2418.348355828693,5935.787086136547,1.2601035803640748,-3.5410211774443554,0.060856783337000786
434.22979728232593,-215.35363350324533,2418.037783084128,5935.792389034721,1.2637656351068465,-3.5515522121055514,0.0602455188069031
434.3164800400614,-215.24392720055218,2417.729465883604,5935.797585097315,1.2674600254410924,-3.562172370792255,0.05964153072812231
434.4022738738559,-215.1350275912045,2417.4233955029817,5935.802676365732,1.2711866232267601,-3.5728813115598292,0.059044753406170596
434.487181715884,-215.0269348152682,2417.1195729019178,5935.8076646898635,1.2749451713934932,-3.5836783224964615,0.05845514004358887
434.5712092262855,-214.91964559918222,2416.817989436682,5935.812552049232,1.2787355186182,-3.5945629961094507,0.057872625142615076
434.65436060919427,-214.81315856986535,2416.5186417962063,5935.817340305718,1.2825574365110302,-3.605534704037001,0.057297153599112666
434.73664267904,-214.7074690509961,2416.221517374212,5935.822031438866,1.2864108053713563,-3.616593130360382,0.05672865254858579
434.8180553429424,-214.60258129242692,2415.9266286500997,5935.826627004378,1.2902951671445884,-3.6277369887392905,0.05616709711277831
434.8986085346974,-214.49848668801556,2415.6339519512117,5935.831129095567,1.2942105251352314,-3.6389663171060724,0.05561239349169236
434.97830843168333,-214.39518147126378,2415.3434772002192,5935.835539557029,1.298156700205854,-3.65028062999855,0.05506447421553081
435.05715744544653,-214.29266680000939,2415.0552081575397,5935.839859995055,1.302133313373692,-3.661678869444046,0.05452329799508631
435.1351647340869,-214.19093510010003,2414.769124020829,5935.844092355759,1.3061403130523528,-3.673160916333873,0.05398877753692787
435.2123342372791,-214.0899856054427,2414.4852231225705,5935.848238267859,1.3101773750566403,-3.6847258704901567,0.053460861708188465
435.28867189814645,-213.98981497074362,2414.2034965336024,5935.852299439301,1.3142442660210942,-3.6963730923750973,0.0529394859608759
435.36418912647486,-213.89041266424493,2413.923915102285,5935.856277833998,1.3183410425237387,-3.708102772740963,0.052424548847952376
435.4388866837357,-213.791782165319,2413.646489074877,5935.860174821784,1.3224671800691534,-3.719913438645573,0.05191602194221485
435.5127769496899,-213.6939116435552,2413.37118562645,5935.863992350769,1.3266227836734406,-3.731805419428412,0.051413798030395814
435.5273934803781,-213.67451495192546,2413.3166222129776,5935.864743116731,1.3274537070287071,-3.7341828942562887,0.051314546522929334
435.54201001106634,-213.65510609339603,2413.262023987891,5935.865492432211,1.3282875997388108,-3.736568747369228,0.0512153266014888
435.5562972274288,-213.63612272107858,2413.208622113614,5935.866223464026,1.3291055884984608,-3.738908983708176,0.05111837268577436
435.5591546707013,-213.6323246430574,2413.197937723276,5935.866369504177,1.3292695296010246,-3.7393779997764,0.05109898552981728
435.56201211397376,-213.62852609641993,2413.1872519922886,5935.866515488932,1.3294335854127293,-3.7398473395093776,0.05107959958343107
435.5631673274206,-213.62699027853867,2413.1829315607065,5935.8665744922455,1.3294999428438827,-3.740037177156198,0.05107176253381809
435.56432254086747,-213.62545438398956,2413.1786109097907,5935.866633486506,1.3295663190491094,-3.7402270677762464,0.05106392568195243
435.565336615566,-213.62410607487536,2413.1748179556175,5935.866685265652,1.3296246011895396,-3.7403938020971204,0.051057046464158345
435.565881186281,-213.62338199173217,2413.1727810223065,5935.866713068819,1.3296559053977295,-3.740483357357212,0.05105335230160989
435.5662216167357,-213.6229293330364,2413.171507638326,5935.866730448542,1.3296754768888828,-3.740539347509333,0.05105104297199726
435.56656204719036,-213.62247666767763,2413.170234235284,5935.866747827478,1.3296950500370073,-3.740595342336583,0.05104873366051648
435.56689095266904,-213.6220393205806,2413.1690039240852,5935.86676461732,1.3297139621909364,-3.740649446127914,0.05104650254842815
435.57018000745586,-213.61766550739097,2413.1566998330804,5935.866932475374,1.3299031724094261,-3.741190734219131,0.0510241924952681
435.5959598429594,-213.58336165522854,2413.060197720475,5935.868245617244,1.3313918196665118,-3.7454491988654204,0.0508493921053887
435.66618561101444,-213.4897199017721,2412.7967595395894,5935.871799851422,1.33549802107145,-3.757193497087949,0.05037383405556247
435.73606583823346,-213.39625003349252,2412.5337914754496,5935.8753034779975,1.3396596633180835,-3.76909342139922,0.0499015058780982
435.8052049006838,-213.30348268816098,2412.272786693887,5935.878737491753,1.3438533747824672,-3.7810821395323173,0.04943506915810102
435.8735966483571,-213.21143017205847,2412.0137802009685,5935.882102689548,1.348078289105484,-3.7931571976799137,0.0489745451903107
435.94126107957516,-213.12006963942662,2411.756708090129,5935.885401133707,1.3523351390203504,-3.80532071282896,0.04851977934945774
436.00819174258856,-213.02941389074093,2411.501606746217,5935.888633564568,1.3566230058729962,-3.8175700827381074,0.048070795258431116
436.0744024176342,-212.93944840681732,2411.2484356738064,5935.891801683669,1.3609422391199497,-3.829906328730022,0.047627480845779356
436.13989544492347,-212.85017415301326,2410.9971979424135,5935.894906614561,1.3652924525383556,-3.842328370470027,0.04718980108703711
436.20468062777366,-212.76158193511404,2410.747868023563,5935.897949812228,1.369673746146067,-3.8548365163053306,0.04675767131255371
436.2687623284633,-212.67366996602644,2410.500441226593,5935.900932449488,1.3740858551965973,-3.867430033011416,0.04633104350787025
436.33213867163647,-212.58644508238623,2410.2549371278847,5935.90385539247,1.3785280606384116,-3.880106891347459,0.045909911258401735
436.39482139184855,-212.49989543414526,2410.0113227029906,5935.906720116819,1.3830005781960824,-3.892867730185404,0.04549417784638921
436.4568243352206,-212.41400613327738,2409.769556364954,5935.909528161334,1.3875038020874586,-3.905713696696001,0.04508373315171408
436.5181388951931,-212.32879339724536,2409.529684078009,5935.912280026867,1.3920364879973461,-3.918641264087869,0.044678615929664614
436.57879020380545,-212.2442265808996,2409.2916198836365,5935.914977710079,1.396599871247181,-3.931653978024841,0.04427864219289055
436.6387643017237,-212.1603294535771,2409.0554309960544,5935.917621440381,1.4011922648377693,-3.944747050371813,0.04388388624456036
436.6980821872267,-212.0770769964215,2408.82104727801,5935.920212978139,1.4058146180072313,-3.9579232100819235,0.04349419222220698
436.7567506733606,-211.99446390821066,2408.58845409133,5935.922753428259,1.4104668230673618,-3.9711821718311535,0.04310949821093562
436.81477137266154,-211.91249221690703,2408.3576574272774,5935.925243652133,1.415148350456163,-3.984522448113064,0.04272977661026795
436.8721477073384,-211.8311614470946,2408.1286562248733,5935.927684574678,1.419858792725737,-3.9979428999572146,0.042354988061827956
436.92889105905647,-211.75045981603455,2407.9014175790076,5935.930077439316,1.4245983950734213,-4.011444247765919,0.041985041506179634
436.98501538976757,-211.67037173206415,2407.675897849498,5935.932423569768,1.429367652125212,-4.025027921484473,0.04161982964773724
437.0405192043802,-211.59090359825794,2407.4521153238497,5935.93472362178,1.4341657557138852,-4.038691640111899,0.041259346149691054
437.0954093352524,-211.51204995607657,2407.230054884107,5935.936978584191,1.4389925902791334,-4.052435095615965,0.04090353064163175
437.1497113289364,-211.43377828705258,2407.00962519819,5935.939190185482,1.4438497319528498,-4.066262795487613,0.04055220210007
437.20339903867745,-211.356130555795,2406.7909446885305,5935.94135803092,1.4487341332697823,-4.080166084302855,0.04020551422692344
437.2565090411105,-211.27905815138618,2406.573876687897,5935.943484253222,1.4536484004641133,-4.094152400899033,0.039863215527567074
437.309042932718,-211.20256285460508,2406.358426437453,5935.94556954371,1.458592011837376,-4.108220279163377,0.03952528108930567
437.3609956180338,-211.12665629567175,2406.144626918175,5935.947614320951,1.4635637737939395,-4.1223663418890055,0.03919172896912208
437.4123814865043,-211.05132167899882,2405.932431043425,5935.949619759172,1.4685643346123025,-4.136592452962184,0.038862452202172035
437.4631988426484,-210.9765657104392,2405.7218579168325,5935.951586385638,1.4735927939280895,-4.150896070079968,0.038537447275455265
437.5134464552339,-210.90239452971056,2405.5129250464333,5935.953514739555,1.4786482495438398,-4.165274646699585,0.03821670759829982
437.5631714128539,-210.828742694371,2405.3054482893867,5935.9554071850225,1.4837347360145785,-4.1797396755427965,0.03789991894791841
437.61234319267714,-210.75565943741864,2405.099566531399,5935.957263102063,1.4888484330259146,-4.194280309673303,0.037587262403826566
437.6609872737849,-210.68311103258765,2404.8951849584746,5935.9590839892535,1.4939912433084217,-4.208901977486466,0.037278562454521165
437.7091038887999,-210.61110115981668,2404.69231412634,5935.960870373147,1.4991624740935021,-4.223602726463282,0.036973804560700776
437.75669666248916,-210.53962847175745,2404.490950425249,5935.962622897541,1.504361771164512,-4.23838156697424,0.0366729527363999
437.8037757453166,-210.46868177488113,2404.2910625006675,5935.964342432459,1.5095894995029595,-4.253239553496838,0.03637593000783022
437.85034865570873,-210.3982537297201,2404.092629850481,5935.966029734316,1.5148457610536603,-4.268176992285858,0.03608267642253915
437.89642524463926,-210.32833337092578,2403.895621750914,5935.967685627838,1.5201309459383872,-4.2831950080090655,0.03579311771811257
437.94199883425375,-210.2589348153451,2403.7000781467837,5935.969310333313,1.5254435388255119,-4.298289311045433,0.03550728364624213
437.9870899052893,-210.19003082481095,2403.5059224542542,5935.97090502919,1.5307851802378996,-4.313464578409267,0.03522503375692284
438.0316937745359,-210.12163245458117,2403.3131859848613,5935.972469985545,1.5361545767242506,-4.328717150966561,0.03494638562200021
438.07584033852527,-210.05369762884243,2403.121750329395,5935.974006670833,1.5415546257687867,-4.3440552740016445,0.03467114115850021
438.11950852448064,-209.98626254664546,2402.931717645413,5935.975514761929,1.5469820382961221,-4.359469619799723,0.034399420559599665
438.1627052677525,-209.9193204564792,2402.743069059328,5935.976994909145,1.5524368872371677,-4.374960411039438,0.03413116917614428
438.20546477904304,-209.85282203602856,2402.555665720069,5935.978448673616,1.557922790873402,-4.390537936796286,0.03386616378962352
438.2477457218863,-209.7868353948612,2402.3696997148086,5935.979875036568,1.5634336862006162,-4.40618499536109,0.03360464963988724
438.2500390314072,-209.78324961194477,2402.359593987711,5935.979952086183,1.5637350917014674,-4.40704073385208,0.033590480219323586
438.25076381402556,-209.78211620939237,2402.3563997431293,5935.979976430357,1.5638304024154148,-4.4073113353637865,0.033586002407722075
438.2514885966439,-209.78098273775103,2402.353205302394,5935.980000771285,1.5639257390120023,-4.407582009942106,0.03358152475152185
438.25181499871195,-209.7804722621474,2402.3517666386138,5935.980011732035,1.5639686818456968,-4.4077039308069255,0.033579508314041974
438.25214140078,-209.77996177252626,2402.3503279350357,5935.980022692126,1.5640116301456577,-4.407825867101991,0.033577491912681355
438.25540542146024,-209.77485610495697,2402.3359387092673,5935.980132256848,1.564441415293228,-4.409046082954235,0.03355732991385021
438.2760644861521,-209.7425080155414,2402.244771898929,5935.980824202353,1.5671744702282318,-4.416805371782389,0.033429803166126267
438.3170574576365,-209.67815266739484,2402.0633953698702,5935.982189409753,1.572663871533501,-4.432388997965683,0.03317719574665468
438.3579544999396,-209.61372185454766,2401.881801549706,5935.983541115586,1.5782300882390659,-4.448189254758581,0.032925767941671055
438.39843362243494,-209.54972345711755,2401.7014219337666,5935.984868894891,1.583829779635705,-4.464083109463554,0.03267749651070185
438.4384702055663,-209.48619994440972,2401.522376349233,5935.98617228428,1.5894588485418428,-4.480058945369698,0.032432522099534414
438.4780617027675,-209.42315920048762,2401.3446871485144,5935.9874515503825,1.5951161146219281,-4.496113426847745,0.03219084925103187
438.51723559059536,-209.3605611773422,2401.168241575936,5935.988707916765,1.6008047278615019,-4.512255506425689,0.03195229965721308
438.5559884226643,-209.29841494875978,2400.99306532804,5935.989941595514,1.6065234563186508,-4.528481700776984,0.03171688415264308
438.5943333465406,-209.23670298093145,2400.819109098454,5935.991153320079,1.6122735051211534,-4.5447954415878336,0.03148451283884122
438.6322799429907,-209.17541327533533,2400.6463391780494,5935.992343696023,1.6180556197970368,-4.5611988554796925,0.03125511803844209
438.6698109258185,-209.1145773049501,2400.474844399129,5935.993512482496,1.6238664092282225,-4.577682334282537,0.031028794368063852
438.70693634073604,-209.05418246798143,2400.3045893505855,5935.994660292157,1.6297066060306413,-4.594247969070046,0.0308054711108894
438.7436687824448,-208.9942118253256,2400.13552638895,5935.995787802571,1.6355774136221934,-4.610899185353726,0.030585062778645936
438.7800070105433,-208.93467091668876,2399.967671236857,5935.996895256197,1.6414778598008062,-4.627633237477904,0.03036756724784654
438.81597618364776,-208.87552188519874,2399.8009172709562,5935.997983688791,1.6474113096592014,-4.644459679938285,0.030152824817713867
438.851570601109,-208.81677736024764,2399.635300193532,5935.999053187048,1.6533761411109233,-4.661373922918019,0.0299408607524525
438.88678851703116,-208.7584436055825,2399.4708377613024,5936.000103956665,1.6593713137348078,-4.678373026990692,0.029731676417092442
438.92162130947446,-208.70053843969902,2399.307580308652,5936.00113599833,1.665394531822891,-4.695450494419464,0.029525313657735832
438.95610320751695,-208.64300832840607,2399.145376995097,5936.002150572763,1.6714509511331646,-4.712620953861175,0.029321560816126822
438.9902174585823,-208.58588449146797,2398.984315933342,5936.003147424968,1.6775368992654378,-4.729874003850054,0.029120508318116942
439.02398188381716,-208.5291404059055,2398.824322430799,5936.0041273101715,1.6836547929787224,-4.74721650596656,0.028922042501349977
439.05738665391823,-208.47279589511228,2398.665452467969,5936.00509017207,1.6898020839705519,-4.764641246686049,0.028726212598201514
439.0904425965887,-208.4168360492538,2398.5076640910806,5936.006036548378,1.6959799637517274,-4.782151613800357,0.028532946516424434
439.1231605027887,-208.361245811855,2398.3509149283386,5936.006966964379,1.7021897030545143,-4.799751218645217,0.02834217296103338
439.15552666310134,-208.30605177218368,2398.195280036306,5936.007881244496,1.708427902984031,-4.817430438109864,0.028153963498921408
439.18756549413524,-208.2512155448095,2398.0406512565914,5936.008780286873,1.7146984822270368,-4.835200387599594,0.027968167934805614
439.2192709849761,-208.19675055348077,2397.8870665186737,5936.009664123345,1.720999521321883,-4.853055636738609,0.027784813256020138
439.25066237541415,-208.14262681231574,2397.7344413403544,5936.010533484506,1.7273341246436726,-4.8710049911044075,0.02760378055144075
439.28172619273676,-208.08887061502273,2397.5828499410322,5936.011388187367,1.733698843823493,-4.8890386882798245,0.02742513991458986
439.31247956920464,-208.0354553968276,2397.432217480432,5936.012228889981,1.7400964403232537,-4.907164561275652,0.02724878521352884
439.34291303288967,-207.98240067240698,2397.282599060743,5936.013055515584,1.7465241937010982,-4.925374911045419,0.027074763246077303
439.3730518833904,-207.9296652992953,2397.1338787246664,5936.013868927029,1.752986737132812,-4.94368287181927,0.026902922122360007
439.4028693278907,-207.8772991875287,2396.9861972919466,5936.014668574936,1.7594775709385098,-4.9620700387923655,0.02673340724679496
439.432388758951,-207.8252643682737,2396.8394477509814,5936.015455258965,1.7660009794877236,-4.980548557413492,0.026566078090995045
439.46161859796604,-207.77354885125305,2396.6935963491374,5936.0162293655985,1.772558136711585,-4.99912176047539,0.026400880076399583
439.49055958693475,-207.72215413744235,2396.54864738048,5936.016991072182,1.7791485330203332,-5.017788211797822,0.02623780230395641
439.519217185707,-207.67107333215898,2396.4045814595293,5936.017740676564,1.785772732627987,-5.036549516592582,0.02607680736688833
439.54758357098115,-207.62032325352476,2396.2614460787477,5936.018478126827,1.7924282004345413,-5.055398502312279,0.025917932418760614
439.57568037966035,-207.56986797480243,2396.119139967755,5936.019204132931,1.7991193234445129,-5.074347600427187,0.02576104973832762
439.60346355857826,-207.51978966312788,2395.977894933443,5936.019917707314,1.8058347647551618,-5.093364713350102,0.025606398086786036
439.6309810033642,-207.47000505590006,2395.837476193458,5936.020620227979,1.8125852386212695,-5.112480190484267,0.025453703642942586
439.6582332449506,-207.42051581947655,2395.6978885002036,5936.021311843288,1.8193702377759,-5.131692601632136,0.02530295740648915
439.6852297923358,-207.37130725548758,2395.5590904467854,5936.021992925397,1.8261915143559886,-5.151006914107478,0.025154100897603008
439.7119442374827,-207.32243028790907,2395.421225722047,5936.02266294098,1.8330416516224843,-5.170402134466585,0.025007273305081006
439.73840296552953,-207.27383947622218,2395.2841662061164,5936.0233226829805,1.8399266355944843,-5.1898952183810065,0.02486232309159822
439.7646229056308,-207.22550616272332,2395.1478311112337,5936.0239726936015,1.8468503041811324,-5.209497037220534,0.024719152058437818
439.79056078069846,-207.17751287346758,2395.0124532700233,5936.024612024144,1.853800475409892,-5.2291731088779265,0.02457799025415915
439.8162441700288,-207.12981153617804,2394.8778971322267,5936.0252414802635,1.860783657181346,-5.248941864879019,0.02443868079785839
439.84170370187064,-207.08234765929308,2394.7440090316063,5936.025861924662,1.8678076039344826,-5.2688252624396945,0.02430105226462652
439.8668922426306,-207.03521172406457,2394.6110442466447,5936.026472322704,1.8748586054599943,-5.288784496685101,0.02416535360381399
439.8918431610088,-206.98834408540247,2394.478834571954,5936.027073598353,1.881945177915256,-5.308843681024811,0.024031398726686293
439.91657164531136,-206.94171853992995,2394.347306130837,5936.027666221701,1.8890710737595597,-5.329013441913123,0.023899101027332875
439.94105045067715,-206.8953889539378,2394.2166109192585,5936.028249644954,1.896227772451635,-5.349269667527559,0.023768600770319274
439.9652976443721,-206.84932376818037,2394.086659951271,5936.028824404307,1.9034197950052778,-5.3696251601012595,0.0236397957862103
439.98931951840234,-206.80351344398642,2393.957426357582,5936.029390748408,1.9106483671165384,-5.39008339380602,0.02351264739750542
440.0131019078501,-206.7579875353702,2393.828993551764,5936.029948443012,1.9179085005195604,-5.410630256493261,0.023387225003325497
440.0366673058728,-206.71270547521993,2393.70124712907,5936.030498112436,1.9252063564498492,-5.431283190411601,0.023263404549499517
440.0599935569203,-206.66771236500878,2393.574314364939,5936.031039335405,1.9325343347365642,-5.452020692581759,0.023141296926493082
440.0831038013661,-206.62296612773378,2393.4480765914764,5936.031572742912,1.9398989380570315,-5.472861170580977,0.02302077540891271
440.10598756520056,-206.57848950193363,2393.32259799503,5936.032098183749,1.9472961116267962,-5.493793155311028,0.022901889301089117
440.1286636037141,-206.53424844070346,2393.1977825570607,5936.032616176459,1.9547312242891157,-5.514831844109793,0.022784535997935864
440.15113198943186,-206.49024503700147,2393.0736362157613,5936.033126806144,1.9622037036982742,-5.535975621745876,0.022668710427013208
440.17338397829985,-206.44649878481817,2392.9502140032782,5936.033629957962,1.9697099516904675,-5.557214311825444,0.02255445261077089
440.19543178521735,-206.40298803808778,2392.8274548824797,5936.034125990314,1.9772533898745235,-5.578557600462693,0.022441694785618565
440.2172700430941,-206.35972571707924,2392.7053953384616,5936.034614862416,1.9848314982540172,-5.599998362237547,0.022330459468822703
440.238895924757,-206.31671988174674,2392.584058144383,5936.035096591257,1.992442517467513,-5.621531624478326,0.022220755776244498
440.26034442232464,-206.2739030746059,2392.463253004684,5936.0355720302605,2.00009818973277,-5.643190612375956,0.02211240182576505
440.2815734257808,-206.23136160556746,2392.3432234679844,5936.03604032013,2.0077828245622236,-5.664930939584839,0.022005605653532156
440.3026049281141,-206.1890539170048,2392.223852312364,5936.036502022407,2.015503536907707,-5.686772740003594,0.021900251189007843
440.32345066982816,-206.14695855312797,2392.105079028854,5936.036957464877,2.023264014334134,-5.708726449655291,0.021796275166021516
440.3440943405836,-206.10511070124312,2391.9870029281706,5936.037406361029,2.0310574933601906,-5.730772939501667,0.02169375424020932
440.3645562705362,-206.06347138754415,2391.8695140716472,5936.037849221261,2.03889095651596,-5.752931966188621,0.021592582784925356
440.38482615194437,-206.02206374435934,2391.7526777561934,5936.038285888378,2.0467598109715803,-5.775190541577636,0.021492807332475942
440.40491231033064,-205.9808729781729,2391.636452267281,5936.03871660707,2.0546665934102126,-5.797555845255681,0.0213943823081454
440.4248164471646,-205.9398977295353,2391.5208337950307,5936.039141476821,2.062611326808102,-5.82002794599686,0.02129729501779991
440.44454796580754,-205.89912067125343,2391.4057734727744,5936.0395607589235,2.070597177896558,-5.842615804497279,0.021201495518298072
440.464103116316,-205.85855154896385,2391.2912988239414,5936.039974432673,2.0786220584739623,-5.865313517609087,0.021106998040307554
440.48347468444064,-205.81820749005823,2391.1774582021512,5936.0403824052255,2.0866823124161917,-5.888110748139223,0.021013833000281465
440.50267961304223,-205.7780552847151,2391.0641579217463,5936.04078509103,2.0947843448338688,-5.911025615544824,0.02092191470874186
440.52170197144653,-205.73813033681557,2390.951497908034,5936.041182212773,2.1029207655635695,-5.934037221944847,0.02083131514395913
440.5405501804788,-205.69841719391175,2390.839434581487,5936.04157400324,2.1110944074950795,-5.957153583403609,0.020741989568420417
440.5592322327718,-205.65890106924812,2390.7279262391953,5936.041960682594,2.119308079622416,-5.980382647658293,0.020653895952948774
440.5777454960935,-205.6195895504019,2390.6169943141817,5936.042342248951,2.127559983071605,-6.003719330652765,0.020567042653594346
440.59609067475213,-205.5804832173149,2390.506640465007,5936.042718768979,2.135849739828165,-6.027162566856057,0.020481422143748068
440.6142698805532,-205.5415796407336,2390.3968578582408,5936.043090337113,2.144177604663773,-6.050713080245543,0.020397020347843672
440.63228857091764,-205.50286915132898,2390.287619228781,5936.043457114348,2.1525454156668515,-6.07437607206045,0.020313807888251618
440.65015768094435,-205.46433009109316,2390.1788634786103,5936.043819370028,2.1609577129344073,-6.0981643837627315,0.02023173073904205
440.6678648337204,-205.42599103639944,2390.0706712686765,5936.044176899562,2.169408086874207,-6.1220598931476555,0.020150842077881828
440.68540643044184,-205.38786189444062,2389.9630705774603,5936.044529677927,2.177894049662835,-6.146055568864079,0.020071153972882536
440.70280155581764,-205.3499031308272,2389.8559498579148,5936.044878134081,2.186424181965356,-6.170175677426122,0.019992575843709847
440.72003777748824,-205.31214376925206,2389.7493910343737,5936.045222062731,2.1949917683996936,-6.194401233052206,0.019915160124502906
440.73713289830806,-205.27454666320273,2389.643289295628,5936.045561861669,2.2036050628743515,-6.218755577088169,0.019838823245511873
440.7540692983224,-205.23715244561748,2389.5377593287303,5936.045897222619,2.212254561576442,-6.243211840042568,0.019763640187566857
440.77085672571934,-205.19994160589337,2389.432746091334,5936.04622838089,2.220944503580216,-6.267782011013865,0.019689563570486273
440.78748679212475,-205.16293476309326,2389.3283077909477,5936.046555212544,2.2296697861002586,-6.292451665496646,0.019616626250560355
440.8039668341744,-205.12611766023292,2389.2244042105326,5936.046877902838,2.238433451772288,-6.317229409534682,0.01954479174472483
440.8203137018945,-205.08945443444318,2389.1209341558165,5936.047196819604,2.2472438790945892,-6.342138934376637,0.019473983180327607
440.836529838507,-205.05294115925696,2389.017886560517,5936.04751204586,2.256101982184209,-6.367182826302545,0.019404187250060122
440.85259753763313,-205.01661948581202,2388.915378988096,5936.0478232738915,2.2649974900149754,-6.392332049250804,0.019335476720847306
440.8685204962633,-204.980483053806,2388.81339350504,5936.048130612738,2.2739316628779096,-6.4175901694038044,0.019267831657784954
440.8843107649736,-204.9445063296254,2388.711858064975,5936.048434330299,2.2829106183653662,-6.442974484598969,0.01920119730238122
440.8999424739953,-204.90875028476236,2388.6109447611675,5936.048733965159,2.2919188097900958,-6.468441046142736,0.019135678564889968
440.91546230653887,-204.87310991129635,2388.5103572474377,5936.049030445796,2.300982510270962,-6.494064131772865,0.019071076314367212
440.93083550548357,-204.83766666874916,2388.4103254402,5936.049323140232,2.310080896806177,-6.519784876922754,0.019007532180516623
440.94609305116853,-204.8023508491619,2388.31065261607,5936.049612670256,2.319231708000756,-6.545653430137284,0.018944914810196563
440.96121447594373,-204.76721142867876,2388.2114770150915,5936.049898677979,2.32842216467768,-6.571633667730509,0.018883305272086284
440.9762042999395,-204.73223974915152,2388.1127742151803,5936.050181280467,2.337654288107419,-6.597731306196033,0.018822681415345714
440.99106588872297,-204.6974297223705,2388.014527046808,5936.050460571571,2.3469294876833735,-6.623950332038248,0.01876302614713363
441.0058023232919,-204.66277583216444,2387.916719954358,5936.050736638591,2.3562490701293903,-6.650294441298999,0.01870432381378784
441.02041740595683,-204.62827076687978,2387.8193323140413,5936.051009581138,2.365614878909747,-6.67676884699896,0.018646556204118953
441.0348965874337,-204.59395068280335,2387.722466187101,5936.051279156405,2.3750168605929645,-6.703345133513061,0.018589777162577124
441.0492574561235,-204.55977567961466,2387.626008970462,5936.051545720089,2.3844657122194697,-6.730053540266581,0.018533914096317976
441.063491906608,-204.52576672783076,2387.530019864586,5936.051809148763,2.393955465297918,-6.7568771986879765,0.01847899525742527
441.07761436769437,-204.49189097053141,2387.4344061437187,5936.052069735576,2.403495155904881,-6.7838416520421765,0.01842496190801569
441.0916104998732,-204.45818444446567,2387.339269532636,5936.052327241676,2.4130744833225006,-6.810917786816605,0.018371865747953953
441.1054907877803,-204.42462361986674,2387.244543630448,5936.052581885643,2.4226999259924566,-6.838123916668692,0.01831966355467019
441.11925494595954,-204.39121078509896,2387.150234907263,5936.052833686745,2.4323706939501886,-6.865457810686534,0.018268353354743125
441.13290230237055,-204.35794920785602,2387.0563525973894,5936.05308265691,2.4420856783150198,-6.892916336682738,0.018217934462140983
441.1464303072252,-204.32484681039617,2386.962919073008,5936.053328773734,2.4518423495024195,-6.920492347198685,0.018168412842660152
441.15984641255,-204.29188701873144,2386.869887563928,5936.053572196181,2.4616454033524717,-6.948199116497588,0.018119757909331784
441.17315398946005,-204.259063076803,2386.7772390108817,5936.053813007669,2.471496746391992,-6.976042034785626,0.01807195458428084
441.1863442447005,-204.22639830334168,2386.68503924355,5936.054051071391,2.4813892024089297,-7.004000821856875,0.018025031223899753
441.1994298029002,-204.19386303056623,2386.5932045316595,5936.054286636916,2.491331597107565,-7.032100423449006,0.017978939789085182
441.2124147834935,-204.16144838597376,2386.5017098407,5936.054519798643,2.5013266344288914,-7.06034848286546,0.017933663431367857
441.2252804959809,-204.12920263774683,2386.4106914240183,5936.054750241889,2.511359253249017,-7.088702436139882,0.017889264111176525
441.2380420521107,-204.0970895985217,2386.320047147437,5936.054978258183,2.521440476829802,-7.1171934390521585,0.017845686175632855
441.25069707153597,-204.06511677762484,2386.2297982165455,5936.055203824688,2.531567824255662,-7.145814481854782,0.01780293483700427
441.26325458641463,-204.03326279596084,2386.139884293958,5936.055427121375,2.541747995949398,-7.174584502194471,0.017760976939240093
441.27570209898823,-204.0015608719483,2386.0503991539845,5936.055647944919,2.551970246669389,-7.203473134781095,0.017719851307062055
441.2880483870801,-203.96999024506442,2385.961284204954,5936.055866469891,2.5622410809741436,-7.232498763699559,0.01767952569948459
441.3002841725398,-203.9385762669884,2385.8726110165826,5936.056082550648,2.5725520331907465,-7.2616374666751105,0.017640027044180894
441.31242457395126,-203.9072816813298,2385.7842744328655,5936.056296472122,2.5829151580417777,-7.290923312057036,0.017601303391802086
441.3244717344991,-203.87610227646093,2385.696262573274,5936.056508288735,2.5933318511381724,-7.320360244973848,0.017563345661837756
441.33640788817405,-203.84508561110573,2385.608709693033,5936.056717705411,2.6037860262507566,-7.349902808530308,0.017526206576206918
441.3482474193808,-203.81419596017238,2385.52151495711,5936.05692499172,2.614289466735626,-7.379584303404141,0.01748983782002762
441.3599961599111,-203.7834194661046,2385.4346392562516,5936.057130265584,2.6248468409377983,-7.409417923075431,0.017454219021228727
441.37164101606606,-203.7527919225873,2385.348183636557,5936.0573333141865,2.6354457209077413,-7.439368549541667,0.017419386882107323
441.3832010732098,-203.72226455204563,2385.262010415948,5936.057534485706,2.646102889496559,-7.469483609696501,0.017385281590489826
441.39465640295487,-203.69189143560018,2385.1762722631543,5936.057733448525,2.656799337943553,-7.49970939002452,0.017351959059573235
441.4060297289851,-203.66161375306137,2385.0908031461327,5936.057930612125,2.667555667648322,-7.5301041069309385,0.017319350388239094
441.4173045857429,-203.63147668956537,2385.0057306224157,5936.058125705318,2.6783557689094297,-7.56062223966175,0.017287500274485546
441.42848947645746,-203.60145901647596,2384.9209947740196,5936.058318889643,2.689207073824473,-7.591284790881849,0.017256381587132545
441.43958280697154,-203.57156642122692,2384.8366116627876,5936.058510151403,2.700107416365557,-7.622085641429434,0.017225995988438356
441.450588999098,-203.5417883718348,2384.7525515650377,5936.0586995803205,2.711060543323687,-7.6530353798546145,0.017196328678768427
441.4615063260434,-203.51213089962,2384.6688315131537,5936.058887159811,2.722064157329896,-7.684127515863276,0.017167381702338076
441.4723346984252,-203.4825956568278,2384.585456177938,5936.0590729013375,2.7331175229612916,-7.71535997280303,0.01713915246675168
441.4830693201608,-203.4531972363444,2384.5024667606503,5936.059256735609,2.744214970392148,-7.746716731577418,0.017111650212467886
441.4937306585822,-203.42388085554077,2384.419708620374,5936.059439025248,2.755377159844197,-7.7782561704365865,0.01708482019950925
441.50430028370994,-203.3946984490769,2384.3373283710916,5936.059619466958,2.7665843053918224,-7.809922384104358,0.017058706546201365
441.5147802294744,-203.36564595218897,2384.2553145448724,5936.059798107724,2.7778377135099936,-7.841719065743624,0.017033300735872465
441.5251781811279,-203.3367034675656,2384.1736109787435,5936.059975090221,2.7891449479296706,-7.873667588161017,0.017008581212634908
441.53549802496434,-203.30786140906835,2384.0921906170493,5936.060150491631,2.800509751333253,-7.905778527279001,0.016984536527501013
441.54573111043925,-203.27914528484135,2384.011125474428,5936.060324175942,2.811921983815265,-7.93802323427639,0.016961184189241262
441.55587418729766,-203.25056577063197,2383.9304456946284,5936.060496099218,2.823377122832087,-7.970388932587426,0.01693852800423857
441.5659476162538,-203.22206677808728,2383.8499929461336,5936.060666617012,2.8348975944336168,-8.002938986552538,0.016916520020630633
441.57593584186014,-203.19369353279714,2383.769894906228,5936.060835476103,2.846465110694058,-8.035621726253595,0.016895192000836154
441.5858443852447,-203.16543176048694,2383.690111284127,5936.061002780066,2.858085319164422,-8.068453109575852,0.016874529092273063
441.5956808054556,-203.1372611014522,2383.610584609031,5936.061168666173,2.8697665931269243,-8.101456795068252,0.01685451334796359
441.60543268852297,-203.10921841257397,2383.53141893437,5936.061332934681,2.8814935586505284,-8.134589347135968,0.01683516737596415
441.6151104208822,-203.0812751847697,2383.45253378314,5936.0614957700345,2.893277996568623,-8.167884051768887,0.016816467663428657
441.62470911929694,-203.05344679826416,2383.3739725795617,5936.0616570992215,2.905113342094905,-8.201322362491574,0.016798421055730095
441.6342330314274,-203.02572224838258,2383.2957042618364,5936.061817002629,2.917004167252753,-8.234917197751571,0.016781016825704043
441.6436795473271,-202.99811043249252,2383.217753952807,5936.061975445213,2.928946552266803,-8.26865748423446,0.01676425702481988
441.65305723727823,-202.97058751091592,2383.1400543559016,5936.062132579176,2.940950779520647,-8.302572273248709,0.01674812410761177
441.6623533202592,-202.9431923003198,2383.0627150587707,5936.062288198751,2.952999801763439,-8.336613403398559,0.016732637274989897
441.6715877436785,-202.91586720940418,2382.985573480197,5936.062442645929,2.9651189297658096,-8.370852384074835,0.016717760999216003
441.6807465574057,-202.88865461938167,2382.908749271028,5936.062595695163,2.977289425946475,-8.405236278572255,0.016703515851382387
441.68982904954856,-202.86155803203766,2382.832252321995,5936.062747342492,2.989509521457201,-8.439760090845278,0.016689899714366786
441.69883888168937,-202.83456787486506,2382.7560556134054,5936.062897656756,3.0017833570411914,-8.474435520394637,0.01667690400853182
441.7077784768372,-202.80767814732573,2382.6801422093613,5936.063046685799,3.014113566096766,-8.509270007999538,0.016664522556368508
441.71664751014356,-202.78089106350427,2382.604518364821,5936.063194431431,3.0264990530279507,-8.544260459448354,0.01665275319985501
441.725451921836,-202.7541898320227,2382.5291366793367,5936.063340999584,3.038947579217962,-8.579428802388945,0.016641585837770177
441.7341887664132,-202.72758449658193,2382.454025511748,5936.063486348007,3.0514544933581944,-8.614761897163786,0.016631022154024344
441.7428533441307,-202.70109063981843,2382.379228858539,5936.063630405277,3.064012346548553,-8.65023870104719,0.016621064996889652
441.7514494843105,-202.67469785779178,2382.3047173518034,5936.063773241685,3.0766259092953137,-8.685872692159348,0.016611706943072423
441.75998215141897,-202.64839206439464,2382.2304512278056,5936.063914946076,3.089301890495158,-8.721682824334037,0.016602940257032902
441.7684456891531,-202.6221918842266,2382.156483071083,5936.064055430734,3.1020312593706163,-8.757643586173554,0.0165947682508761
441.7768445186794,-202.59608485767905,2382.0827777096247,5936.064194775144,3.114819970493398,-8.793771800445477,0.01658718393797469
441.7851778366991,-202.5700746563688,2382.009345512855,5936.064332971895,3.1276661727282775,-8.830062238549111,0.01658018555741259
441.7934535126953,-202.54413777245654,2381.9361201167135,5936.064470157203,3.140581538953731,-8.866547876949582,0.01657376458837094
441.8016623681392,-202.5183040685808,2381.8631858333197,5936.064606184512,3.1535512175401474,-8.903186760836443,0.01656792601559167
441.80980383994665,-202.4925766185733,2381.7905513445658,5936.064741050044,3.166573475638116,-8.93997399605879,0.016562667052254232
441.81788489837885,-202.46693458992587,2381.7181578390487,5936.064874874627,3.1796587710356294,-8.976939126250398,0.016557980523723863
441.8259047579718,-202.44138156417674,2381.6460154316123,5936.065007650443,3.1928052904493374,-9.01407702972019,0.016553864719596224
441.83386523377544,-202.4159128427018,2381.574110860159,5936.065139412602,3.2060154676511883,-9.051394582396682,0.016550316547626797
441.8417613925202,-202.3905453713217,2381.5024919703237,5936.065270084403,3.2192804465198743,-9.088866767382223,0.016547335624917767
441.849594788443,-202.36527540274955,2381.431148185986,5936.065399696412,3.2326020296346405,-9.126498677757452,0.016544918325958075
441.85736848514057,-202.34009422448128,2381.360054912712,5936.065528304017,3.2459847257917063,-9.164303051197457,0.016543061030127
441.86508257458473,-202.31500266198856,2381.289214484172,5936.065655913305,3.259428056599196,-9.202278537082826,0.01654176126077656
441.87274612042285,-202.2899721879388,2381.2185463626392,5936.065782678644,3.2729474415084154,-9.240468693650243,0.016541015909509932
441.8803412161878,-202.26506243661157,2381.1482189156777,5936.065908308167,3.286510597770322,-9.27878232797651,0.01654082408481417
441.8878806771787,-202.24023264515876,2381.0781170611885,5936.066033018069,3.3001395173012824,-9.317281564532335,0.016541182171747975
441.8953601757053,-202.2154981773596,2381.0082841786207,5936.066156740858,3.313825724105352,-9.3559424609126,0.01654208747835112
441.90278303503186,-202.1908491907204,2380.938692482601,5936.066279535486,3.3275745788026727,-9.3947801606462,0.016543537701817285
441.91015026857133,-202.1662833938118,2380.8693355065293,5936.066401422591,3.341387349210832,-9.433798245749339,0.016545530709158433
441.9174604347439,-202.1418066915278,2380.800229924588,5936.066522382088,3.3552606747695406,-9.472987224096165,0.016548063623716573
441.92471525180184,-202.1174144381743,2380.7313626232763,5936.066642446062,3.369197133914603,-9.512354379922924,0.01655113447730905
441.93191319431537,-202.09311288164525,2380.6627512452,5936.066761592816,3.3831930849927407,-9.551889427193496,0.016554739970420437
441.93905705339824,-202.06889370647764,2380.594372315747,5936.0668798719935,3.3972532533482696,-9.591605714561828,0.01655887888386231
441.9461532697625,-202.0447360052606,2380.5261668086378,5936.066997393631,3.4113899102296577,-9.631537905546688,0.016563553318475425
441.9531926399966,-202.02067211007108,2380.4582260109405,5936.067114008591,3.425584184901417,-9.671632696053331,0.016568755151427927
441.9601773501923,-201.9966957124398,2380.3905321143134,5936.067229756216,3.4398396599431806,-9.711900206676708,0.016574482986330158
441.96711357593114,-201.97278661454556,2380.3230280955413,5936.06734474194,3.4541683870133593,-9.752374480369795,0.01658073978262184
441.97399407353623,-201.9489708240833,2380.2557873861742,5936.067458848666,3.4685547755746278,-9.793011479262349,0.016587516660613606
441.98082622223285,-201.92522384905752,2380.188740838743,5936.067572201662,3.483013600633963,-9.833852938724926,0.016594818456401893
441.98760316368606,-201.90157058134957,2380.1219587346777,5936.067684689937,3.4975296772767175,-9.874855966985452,0.016602635358423802
441.99432827321596,-201.87800038452227,2380.05541104577,5936.067796372174,3.5121093947809836,-9.916038612391057,0.01661096822237711
442.00100144297426,-201.85451472480338,2379.9891019141064,5936.067907249177,3.5267517678568328,-9.957398092543546,0.016619814175583086
442.0076300475518,-201.8310885908827,2379.9229607252005,5936.068017446076,3.541472479666033,-9.99897870726753,0.016629181093075034
442.0142071783666,-201.80774734503893,2379.8570590888635,5936.068126850533,3.5562556750347456,-10.040735672002205,0.016639057268058904
442.02073553735806,-201.7844824519728,2379.7913729087713,5936.068235509858,3.571106712046602,-10.082684121966812,0.016649444151510585
442.0272121978343,-201.76130541465332,2379.725934664666,5936.068343377603,3.5860181714266486,-10.124803101249535,0.01666033433203452
442.0336410935994,-201.7382032208817,2379.660707619974,5936.068450521476,3.6009983538058625,-10.16711605651726,0.016671731690456014
442.04002121457916,-201.71518051435683,2379.595704887865,5936.068556926789,3.616044234377029,-10.20961444450439,0.01668363198642546
442.04635332975494,-201.69223555370124,2379.5309215537845,5936.06866260842,3.6311569096616885,-10.25230136304921,0.016696034058316756
442.0526349245043,-201.669378538353,2379.466386417178,5936.068767526332,3.646329548756725,-10.295157518433543,0.01670893001999968
442.05887959177846,-201.6465608560789,2379.401962226722,5936.068871909618,3.661594600813802,-10.3382745658584,0.016722346284149023
442.0650759241941,-201.62382500084706,2379.3377689630256,5936.068975569621,3.6769238611717916,-10.38157283988557,0.01673625706290317
442.0712236756947,-201.6011729678061,2379.273812261304,5936.0690785039305,3.692315855214416,-10.425048176082823,0.016750658734228537
442.07732342758356,-201.57860371423968,2379.2100891795253,5936.0691807239,3.707771147414553,-10.46870216953309,0.01676554951230957
442.08337713305576,-201.556111068149,2379.1465822933214,5936.069282263851,3.72329387074199,-10.512546494592534,0.016780931267578274
442.08938727949374,-201.5336867530995,2379.083268236403,5936.0693831671115,3.738889753040291,-10.556597330220615,0.01679680796931806
442.0953522848748,-201.51133762955695,2379.0201663807757,5936.069483408667,3.7545540450391055,-10.6008412625318,0.01681317311127832
442.1012752411083,-201.48905304848319,2378.957246661045,5936.069583041983,3.7702942586368913,-10.645299509428739,0.016830032971879037
442.10715423136037,-201.466841142703,2378.894532041651,5936.069682036272,3.7861047130644345,-10.689956026032583,0.016847379961736495
442.1129886748368,-201.44470509975162,2378.8320315242504,5936.069780383071,3.801983104997867,-10.734804307176933,0.016865209731437368
442.1187849584763,-201.4226215553027,2378.7696791419016,5936.069878191433,3.817946321731146,-10.779892051158852,0.016883539973631925
442.12453498559114,-201.40062227915615,2378.70756459754,5936.069975326007,3.833971451188904,-10.825154543799819,0.01690234287256956
442.13024291530337,-201.37869238794417,2378.645645869972,5936.070071858137,3.8500692414174087,-10.87062214323134,0.016921629069850733
442.13590916613344,-201.35683120606896,2378.5839210532567,5936.070167796043,3.866240219848433,-10.916296339637402,0.01694139764627747
442.14153851455995,-201.33502112403363,2378.522340428633,5936.07026322182,3.882497595256523,-10.962214440927426,0.016961663687247195
442.14712261101823,-201.31329540944463,2378.460997928515,5936.070357994975,3.8988166141484766,-11.008306532616135,0.01698239484783688
442.15266601515793,-201.2916373461198,2378.3998463564267,5936.070452193749,3.915209729626666,-11.054607788334545,0.017003605016002055
442.15816885105284,-201.27004737147882,2378.3388869489286,5936.070545821176,3.9316766422084144,-11.10111736267217,0.017025292301175356
442.1636262681708,-201.24854556829885,2378.278176411452,5936.070638795427,3.9482018809544317,-11.14779155973184,0.01704743427973603
442.1690463822714,-201.22710094543672,2378.2176272417423,5936.070731255497,3.9648091999750754,-11.194697471609855,0.01707006101670439
442.1744336065265,-201.2056967270631,2378.1571920742604,5936.070823277756,3.9815119442037767,-11.241872790055343,0.01709319017440437
442.1797751197949,-201.1843847603233,2378.097017301698,5936.070914643932,3.998269692793287,-11.289203350653374,0.017116764342876463
442.1850784938685,-201.16313588573018,2378.0370205931695,5936.071005484021,4.015105204075927,-11.336753432621784,0.017140813512874827
442.19034259198776,-201.1419555601008,2377.977217357499,5936.07109577919,4.032014190940867,-11.384510927911768,0.017165330142190103
442.1955695626786,-201.12083602752912,2377.917585697011,5936.071185566899,4.049002897577613,-11.432493472936248,0.017190321921960953
442.20075916050683,-201.09977913223497,2377.8581308202106,5936.071274843546,4.066069942039145,-11.480697164923814,0.017215785603564595
442.205911579165,-201.0787849540954,2377.7988529539193,5936.071363613011,4.0832153391584045,-11.529122046154765,0.017241719941274738
442.21102577425125,-201.05785864845188,2377.7397666557385,5936.071451857751,4.100434905014781,-11.577756300132593,0.017268117203519666
442.216104198159,-201.03699105611696,2377.6808460655798,5936.07153962052,4.117736235109927,-11.626621379686759,0.017294987728648206
442.22114143204516,-201.01620540851997,2377.622156779749,5936.071626807929,4.13509998923325,-11.67566266172337,0.017322299820562808
442.2261429020366,-200.99548029257252,2377.5636383386577,5936.071713514084,4.152543953115164,-11.724930379852147,0.017350079750019304
442.23110581712706,-200.97482819505123,2377.505326000614,5936.071799690831,4.170057592323857,-11.774394781689441,0.017378309253106263
442.2360347612056,-200.95423092740305,2377.4471684104346,5936.071885418007,4.187656356004054,-11.824099501222504,0.017407011881863065
442.24093500886846,-200.93366708538537,2377.389105132983,5936.071970787959,4.205358933991783,-11.87409732483783,0.017436217730071996
442.2457951956534,-200.91318516963432,2377.3312731139113,5936.072055602986,4.223123710895257,-11.924270717487866,0.01746585708930488
442.2506219385683,-200.89275824190065,2377.273596292526,5936.0721399785825,4.240973974549029,-11.974685451920111,0.01749596724095394
442.25541474152715,-200.87238919752156,2377.216082845081,5936.072223906306,4.258907347636276,-12.025334814151796,0.017526543176455422
442.26016927393215,-200.8520973785228,2377.158787386327,5936.0723073102745,4.276906729543319,-12.076170507256595,0.01755755420741943
442.26489072752435,-200.83186155320604,2377.101649968124,5936.072390281491,4.294990894803847,-12.127245556644233,0.017589031192017088
442.26958255458004,-200.8116676287662,2377.0446307993116,5936.0724728809,4.313172727082271,-12.178596349806584,0.017620995898694793
442.2742397550878,-200.79153788186008,2376.9877927808093,5936.072555020628,4.331432373528178,-12.230166816768424,0.01765341257174101
442.2788580353209,-200.77149189327218,2376.9311912017574,5936.072636624588,4.3497518481256625,-12.281906160432925,0.01768624744614181
442.28344895711285,-200.7514803122537,2376.8746867170735,5936.072717897015,4.368176323897298,-12.333941962456674,0.01771958034580784
442.28800273851635,-200.7315465750089,2376.818401973734,5936.072798664708,4.386665936853125,-12.386161636243047,0.01775333814123801
442.29252605355623,-200.71166236071252,2376.762257006311,5936.0728790458,4.405246923901802,-12.438639282340821,0.017787567377004026
442.2970171899926,-200.691835963986,2376.7062752363877,5936.072959009817,4.4239117039289395,-12.491353489943034,0.017822253185196087
442.3014710141198,-200.67209101853175,2376.6505233970884,5936.0730384649,4.442637859031059,-12.544240945539793,0.017857352274050386
442.3058986991837,-200.65237880288663,2376.5948639193994,5936.073117610178,4.461471686027456,-12.597432403524222,0.017892950355918397
442.3102930017728,-200.63273227802165,2376.5393898728876,5936.073196316135,4.480381943429718,-12.650839630303176,0.01792898766858616
442.31465308680475,-200.61315613014537,2376.484114490562,5936.073274567285,4.4993639667785175,-12.704449452768989,0.017965453765345793
442.31898693524136,-200.5936152864784,2376.4289387414847,5936.073352506668,4.5184519304553445,-12.758358387904595,0.018002413417027886
442.3232870367406,-200.57414436862229,2376.3739603844588,5936.073429999,4.537612181329663,-12.812471391556949,0.018039800587058202
442.3275548687306,-200.55473762905405,2376.3191631916557,5936.073507070295,4.556850223677272,-12.86680400954199,0.018077624503094462
442.3317960222692,-200.53537039382735,2376.264477494137,5936.073583821255,4.576190691633399,-12.92142581453235,0.018115932752031723
442.33600945038165,-200.516048072326,2376.2099185666857,5936.0736602328825,4.595628566570908,-12.976322632933893,0.01815471496432941
442.3401891205444,-200.49679917371375,2376.1555669092604,5936.073736195266,4.61513517394256,-13.031413481897909,0.01819391275998552
442.34433890712455,-200.47760677395664,2376.101374735643,5936.073811778129,4.634727534988315,-13.086746433494781,0.01823355892290135
442.3484595765911,-200.45846812233148,2376.047334279628,5936.073886994965,4.654408542018277,-13.142329656521305,0.01827365830787492
442.3525503030298,-200.43938786155974,2375.9934586513477,5936.073961830173,4.67417347869495,-13.198149831384786,0.018314200265337473
442.35661423716283,-200.42035204414813,2375.9397084689817,5936.074036340964,4.694036952170716,-13.254248211892339,0.018355213913700805
442.36065035727904,-200.40136615113835,2375.88609920971,5936.074110508258,4.713993495169499,-13.310609357577668,0.01839668729698088
442.36465540127114,-200.38244636114408,2375.832676556848,5936.07418427145,4.7340261012220815,-13.367185239218397,0.018438583947165237
442.3686350480256,-200.3635666187114,2375.779366939952,5936.0742577345745,4.754162467142654,-13.424054078154906,0.0184809608705983
442.37258591259723,-200.34474369527453,2375.726217716239,5936.074330834686,4.774384917249141,-13.481165955198753,0.01852378014038898
442.37650606778425,-200.32598765687234,2375.6732573094014,5936.074403535281,4.794682530404699,-13.538490027465347,0.018567017345809827
442.3804025188808,-200.307265726979,2375.6203931708465,5936.0744759657055,4.815090932691038,-13.59612690959994,0.018610747557785315
442.38426854763065,-200.28861092827003,2375.5677185456766,5936.07454800048,4.835574274262211,-13.653975355646283,0.018654893132729944
442.3881055634121,-200.2700173757094,2375.5152168173836,5936.074619664869,4.85613883602127,-13.712053104365411,0.01869946622685771
442.39191629889353,-200.25147262637353,2375.462852852182,5936.074691009143,4.876798411825171,-13.770399112215141,0.018744495729249994
442.39570373120034,-200.2329628246157,2375.410587527124,5936.07476208861,4.897568782835379,-13.829057947912665,0.018790015556859545
442.3994638474113,-200.21450825634233,2375.3584781232676,5936.0748328274185,4.918427450402596,-13.88796607187561,0.01883597579062505
442.4031976358161,-200.19610484925744,2375.3065131425064,5936.074903243368,4.939379080650901,-13.94713666225039,0.018882385774805343
442.40690080785413,-200.177774633905,2375.2547547923414,5936.07497325451,4.960398428229225,-14.006498422720838,0.018929188293333694
442.4105823721335,-200.15947377313412,2375.2030792920723,5936.075043030374,4.981535861550204,-14.066193601430914,0.01897649463493634
442.4142382659856,-200.14122307014335,2375.151545383523,5936.075112493482,5.002767735489118,-14.126155421243489,0.019024251467858147
442.41786651991714,-200.12303316600165,2375.100183114179,5936.075181605462,5.024081656178135,-14.186348880434124,0.01907242988434246
442.4214724166069,-200.10487828968758,2375.048919715799,5936.075250466181,5.0455079923806325,-14.246859744814275,0.019121097794334
442.42504974396263,-200.08679047103868,2374.9978456307144,5936.075318956143,5.067009029411856,-14.307581503287597,0.019170168672950526
442.42860377870176,-200.0687438228899,2374.946887762653,5936.075387175391,5.088615543585651,-14.368601072513297,0.019219711781451994
442.4321354034657,-200.05073446708315,2374.8960351614805,5936.075455140303,5.110332560330494,-14.429932645071144,0.01926973823385425
442.43563857013737,-200.03279402699147,2374.8453771219793,5936.075522733491,5.1321219654355765,-14.491468581947649,0.019320159291259808
442.4391191504217,-200.01489322921512,2374.7948309860676,5936.075590067198,5.154019296895526,-14.553309247073242,0.019371056204119826
442.4425746398906,-199.99704565090755,2374.744435091834,5936.0756570921385,5.176008130013277,-14.615408255362809,0.01942239010565785
442.44600903077156,-199.9792313289955,2374.6941330704185,5936.075723884985,5.19811332518044,-14.67783581561218,0.01947421846221038
442.44941735213064,-199.96147674671343,2374.643999702645,5936.075790348183,5.220302194776006,-14.7404996145109,0.01952646393833855
442.45280328484836,-199.9437634806128,2374.593982967024,5936.075856552491,5.242597826987316,-14.803464855887567,0.019579180051288687
442.4561665352886,-199.92609371437393,2374.544089030084,5936.075922491376,5.264997750071378,-14.866724559443249,0.019632360410105694
442.4595035627857,-199.90848683564332,2374.4943726370684,5936.0759880942815,5.287477367151402,-14.930209261337634,0.019685945673523064
442.4628188757596,-199.89091981992786,2374.444768774444,5936.076053448736,5.310066099788648,-14.994002051289726,0.019740005096031594
442.4661130873749,-199.8733900173851,2374.3952699603265,5936.076118566099,5.332767727075927,-15.058113601952876,0.01979454730950995
442.46938204689604,-199.85592024431259,2374.345940621482,5936.076183363266,5.355552791843461,-15.122460723720716,0.019849500761652407
442.47262633199125,-199.83850827399974,2374.296774470905,5936.0762478502975,5.378423997781606,-15.187051052414633,0.0199048708227475
442.4758508689908,-199.82112834867246,2374.2476987768846,5936.076312124139,5.4014153618507015,-15.25198065516721,0.019960739197433294
442.4790509606734,-199.80380646930996,2374.198786958851,5936.076376090165,5.424492662951937,-15.317152888832117,0.020017022074660887
442.48223108515407,-199.78651909600308,2374.1499725475933,5936.076439836836,5.447687399361912,-15.382656707397116,0.02007379557621356
442.4853891798915,-199.7692780661449,2374.1012889688286,5936.076503321922,5.470983987261558,-15.448448101042617,0.020131021063947742
442.48852516963944,-199.75208449924997,2374.052739384195,5936.076566542806,5.494381024199191,-15.514523109355194,0.020188694370436733
442.49163998474927,-199.73493398251932,2374.0043113336883,5936.076629517175,5.517884668197404,-15.580899123261034,0.02024683000944974
442.4947376615495,-199.71780481298507,2373.9559435348456,5936.0766923259625,5.541525190651459,-15.647661631464656,0.020305502643801047
442.4978115972987,-199.70073412256494,2373.9077408378257,5936.07675483436,5.565251646720173,-15.714666762276726,0.02036458535299891
442.50086395680864,-199.6837106766164,2373.859671519709,5936.07681708503,5.589079570533834,-15.781958385424169,0.02042411589101233
442.5038948483968,-199.66673458708487,2373.8117358970308,5936.076879078983,5.613008881864231,-15.8495362745623,0.02048409331921617
442.50690181678846,-199.64982041598688,2373.763975089222,5936.076940764554,5.637018906371407,-15.917342044348421,0.020544464830168346
442.5098905424877,-199.6329369138249,2373.716300857009,5936.077002257078,5.661154098582833,-15.98550123728737,0.020605341496450907
442.5128579002336,-199.61610235569907,2373.668764804487,5936.077063491253,5.685388618587613,-16.053940880109746,0.020666657653770074
442.5158061816702,-199.599304399455,2373.6213320812794,5936.077124513262,5.709740426210992,-16.122711692547966,0.020728458154536947
442.5187355974411,-199.58254242119943,2373.574000926046,5936.0771853265505,5.734210812138054,-16.191817319679693,0.02079074590142932
442.52164421726275,-199.56582811362293,2373.526804356066,5936.077245889941,5.758782920719257,-16.261210160454716,0.02085347743147764
442.5245349889463,-199.5491451557886,2373.4796962859036,5936.077306263769,5.783481028481102,-16.330958773122525,0.020916714239371952
442.52740479517735,-199.53251217170111,2373.432729304975,5936.077366381834,5.808277806821714,-16.40098598059091,0.020980385831739043
442.5302554661182,-199.51591924397005,2373.385875409671,5936.077426281222,5.833188144728773,-16.471333830227397,0.02104452977515003
442.5330834590839,-199.49938775693357,2373.339194983918,5936.07748588604,5.858179856098006,-16.54191142736947,0.021109062339140654
442.53589343471054,-199.48289119673058,2373.2926131601603,5936.077545293137,5.883293016039523,-16.61283194597252,0.02117408623612988
442.5386841988061,-199.46643718358183,2373.24615145618,5936.0776044761815,5.9085163103653136,-16.684063434480954,0.021239571706647774
442.5414554620181,-199.45002809744804,2373.1998165927007,5936.077663427779,5.933846213734988,-16.755595937397626,0.021305508972800265
442.5442093618188,-199.43365189434806,2373.153574561077,5936.077722192286,5.959301592248009,-16.82748273336866,0.021371946673897527
442.54694475062155,-199.41731598139637,2373.1074462773454,5936.07778074417,5.984871278307577,-16.8996922848684,0.021438855263488345
442.5496603782826,-199.40102850766056,2373.0614547526543,5936.077839055352,6.010542606217391,-16.97218882379185,0.02150620095335931
442.5523601169334,-199.38476683987994,2373.015536076966,5936.07789720789,6.03635157225534,-17.045074004749402,0.021574077756922615
442.5550401940802,-199.3685542965647,2372.9697560959344,5936.077955119414,6.062261475543514,-17.11824418365337,0.02164238872132481
442.5577031331685,-199.35237626430975,2372.92407354545,5936.0780128431825,6.088295831575899,-17.191765768986922,0.021711195278297086
442.56034747707866,-199.3362422142115,2372.8785151697325,5936.078070346419,6.11443964125043,-17.265596403109615,0.02178045729886457
442.56297369357696,-199.32014995808223,2372.8330747902255,5936.078127637967,6.14069656639099,-17.339746427267308,0.021850183884002606
442.56558244569953,-199.30409606301527,2372.7877427135913,5936.078184731049,6.167072414526334,-17.414232242181477,0.02192038994138153
442.56817181896173,-199.28809299848442,2372.7425541507387,5936.07824158236,6.193546746402695,-17.48899612727317,0.021991020414044524
442.5707446876863,-199.2721236587644,2372.6974607997777,5936.0782982536675,6.220147982338564,-17.56411834209856,0.022062150541808035
442.57330171716325,-199.25618444009726,2372.6524524848787,5936.078354758633,6.2468825993175034,-17.63961717782082,0.022133797372874454
442.57584081250315,-199.24028899152873,2372.607567747769,5936.078411049789,6.273728002107158,-17.715428825398245,0.02220589993090289
442.5783607324597,-199.22444581674043,2372.5628306010126,5936.078467098047,6.300669736948085,-17.79151246752008,0.02227841864162738
442.58086318217835,-199.2086449185479,2372.518212815379,5936.078522939782,6.327724731240665,-17.86791590750279,0.022351398337336438
442.5833488889053,-199.19288233856233,2372.4737032136472,5936.0785785899,6.35489992875609,-17.944658754751167,0.022424857223714997
442.5858201210564,-199.17714421150404,2372.429262643968,5936.078634098167,6.3822197124715325,-18.02180986695337,0.022498860948286133
442.5882731619641,-199.16145479357488,2372.3849596001037,5936.078689379889,6.4096422669404935,-18.099251157349734,0.02257329582480269
442.5907130196991,-199.14578259422686,2372.3407051607664,5936.078744546833,6.437223052090144,-18.177139244862712,0.022648312080113742
442.5931352690073,-199.13015656312402,2372.296581072933,5936.078799497883,6.464911583100005,-18.255331560534607,0.022723772125458543
442.59554006670027,-199.11457639786087,2372.252586482966,5936.078854235026,6.4927083350752595,-18.333829446271046,0.02279967656609421
442.59792937012946,-199.09903004682852,2372.2086873603175,5936.078908801453,6.520634968273312,-18.412694070684577,0.022876084037339223
442.60030282064895,-199.0835204145101,2372.1648919067857,5936.078963187763,6.548686587684938,-18.491911610418608,0.02295298076411806
442.6026610673258,-199.06804382578662,2372.1211897449607,5936.0790174076255,6.576870174394136,-18.57150178010965,0.02303038551142785
442.60500276730846,-199.05260969691835,2372.077607464339,5936.079071428851,6.605168804516782,-18.651416787014895,0.023108251345020373
442.60733074302874,-199.03719997350666,2372.034094083854,5936.079125315381,6.633615963647565,-18.731751194171103,0.023186670070449014
442.60964206418436,-199.0218346129504,2371.9907059586653,5936.079178998174,6.662175152724252,-18.812401928811365,0.023265540712535483
442.6119381496616,-199.00650481556312,2371.947418240791,5936.079232508766,6.690862856410308,-18.89341554354281,0.023344908280545414
442.6142176939272,-198.99121993408042,2371.9042573403817,5936.0792858152945,6.719661684762993,-18.974742929605902,0.023424724139806535
442.61648209515846,-198.97597123379532,2371.8611985929215,5936.079338949001,6.748588190693359,-19.05643083229325,0.023505033634687145
442.6187325975367,-198.96075087000847,2371.8182198470336,5936.079391937912,6.777657666544917,-19.138522436985163,0.023585878916632958
442.62096734785774,-198.94557194394167,2371.775358097719,5936.079444737125,6.806845396193848,-19.220947945969087,0.023667190869918347
442.62318702187815,-198.93043049264008,2371.732602154743,5936.0794973611655,6.836159123927082,-19.303729229094586,0.023748990567051143
442.6253941864677,-198.91530949825415,2371.6899039638433,5936.079549869818,6.865632329172253,-19.386960831550827,0.023831371213234538
442.62758449550915,-198.90023931355128,2371.647349234426,5936.079602158369,6.895206115738411,-19.47047643207329,0.023914167788528937
442.62976245382674,-198.8851895217323,2371.6048520766662,5936.079654333037,6.924940439052251,-19.55444534334174,0.023997547749711398
442.6319264908268,-198.87017143072038,2371.5624444217233,5936.079706355211,6.9548136023859275,-19.638806294437614,0.024081450110733316
442.6340735730655,-198.85520676051127,2371.520187602119,5936.079758150377,6.984782378199825,-19.723437212214254,0.024165752879201755
442.6362076302129,-198.8402687581539,2371.4780060738267,5936.079809811826,7.0149004161264115,-19.808489601770678,0.02425060645679696
442.6383257463292,-198.8253784332669,2371.4359591634416,5936.079861267559,7.045125539739469,-19.893844358343365,0.02433589157618371
442.64043218877697,-198.81050633085076,2371.393963696895,5936.079912619982,7.0755178920364505,-19.97967132388303,0.024421777609936222
442.6425235801432,-198.79567680806505,2371.352088453498,5936.079963785582,7.106028152068013,-20.06583121779308,0.02450812491600671
442.64460124417707,-198.78088109108856,2371.3103086581455,5936.080014795276,7.13667450042389,-20.152375381557437,0.02459498448062378
442.6466631878738,-198.7661340241887,2371.2686662279307,5936.0800655985495,7.167426185959645,-20.239216975238115,0.02468226860250756
442.6487138395681,-198.7514044824135,2371.227073273106,5936.080116303218,7.198348446104673,-20.326540226964145,0.024770162112023125
442.6507511289542,-198.73670778118253,2371.185573041174,5936.080166857082,7.229409792909448,-20.41425621604074,0.024858575371283508
442.6527741313574,-198.72205118176737,2371.1441860365426,5936.080217235766,7.2605950629521265,-20.502322121705774,0.024947464796434338
442.65478305397875,-198.70743381502103,2371.1029098051213,5936.080267442877,7.291906146667734,-20.590743282622455,0.025036835273011634
442.65678034133026,-198.69283840915494,2371.0616955753403,5936.0803175382825,7.323380467934314,-20.679625382305446,0.025126793343358107
442.65876334658526,-198.67828483804203,2371.0205994668313,5936.080367454317,7.354975536656638,-20.7688484306878,0.02521721725590212
442.66073508641085,-198.6637514829636,2370.9795604332135,5936.080417265663,7.386738689615457,-20.858546104789955,0.025308242199388552
442.662692403814,-198.6492621487272,2370.938645694249,5936.080466891268,7.418618252150388,-20.9485724778583,0.025399719772637712
442.664638559102,-198.63479323732932,2370.897788614453,5936.080516412484,7.45066649021853,-21.039075146574383,0.025491799633850835
442.666569857365,-198.6203727844127,2370.857068360588,5936.080565733897,7.482821547313825,-21.12987943128108,0.025584303686739758
442.6684909950041,-198.60596624709686,2370.8163873911535,5936.080614974161,7.515160833005116,-21.2212039328467,0.025677454330972217
442.67039768095236,-198.59160631563458,2370.7758380165583,5936.080664022042,7.547611387184585,-21.312842615712285,0.0257710411394675
442.6722922853384,-198.57727575163844,2370.7353715594504,5936.080712936962,7.580212235740615,-21.404905687103092,0.025865176204814995
442.67417373056935,-198.56298326241534,2370.695012607563,5936.080761689712,7.612943828108784,-21.49733793736793,0.025959802719431137
442.6760444446969,-198.5487109002303,2370.6547104804513,5936.080810341982,7.64584773330118,-21.590256755228165,0.02605504061340673
442.67790291404145,-198.5344706723451,2370.6144990842145,5936.08085885329,7.678896870212475,-21.683585665185895,0.026150811326962994
442.6797480818942,-198.52027126849796,2370.5744029569933,5936.080907194541,7.712071191147362,-21.77726805380149,0.02624705634523076
442.6815813669401,-198.506102353467,2370.5343929144487,5936.0809554014195,7.745394995209021,-21.87137254047737,0.026343845763997068
442.68340350895767,-198.49195869128394,2370.49445417144,5936.081003492181,7.778881109776736,-21.965935349054128,0.026441216621722344
442.685212586997,-198.47785574030647,2370.454630379278,5936.081051414733,7.812493205138486,-22.0608538866751,0.02653906294084323
442.68701100821806,-198.46377526514917,2370.4148700451765,5936.081099231496,7.846275074280059,-22.156251822194005,0.0266375118987867
442.68879749720645,-198.4497277312503,2370.375202721486,5936.081146907354,7.880202121788558,-22.25205969973291,0.026736491601302956
442.69057048451043,-198.4357261109022,2370.335665039421,5936.081194398772,7.9142429648790875,-22.34818889640208,0.026835910005938372
442.69233411261075,-198.4217381971954,2370.2961660534565,5936.081241815418,7.948476311771059,-22.444861679336395,0.02693599671904333
442.6940844917958,-198.4077953420648,2370.2567942951237,5936.081289051435,7.982825855561928,-22.541862562800027,0.027036528388206728
442.695823706087,-198.39388154588806,2370.2175045849167,5936.081336161486,8.017331057973777,-22.639302984267356,0.02713762007721393
442.69755101415933,-198.38000327827564,2370.17831519182,5936.081383124094,8.051976146993184,-22.737138404708567,0.027239225255150976
442.69926811349865,-198.36614739655806,2370.1391890037416,5936.081429984133,8.086794365221007,-22.835462699086804,0.02734144116568924
442.70097567012675,-198.35230890530786,2370.1001119147177,5936.081476758843,8.121799149153272,-22.934313811172913,0.027444307207007003
442.7026705948562,-198.33851335230204,2370.061156066604,5936.08152336227,8.15692624450213,-23.03351029134324,0.027547634284202205
442.70435453847705,-198.3247478957887,2370.0222851970248,5936.081569838228,8.192208396270546,-23.13314460934087,0.027651518302305656
442.7060297037359,-198.31099492686934,2369.98344958211,5936.081616246508,8.22769155082116,-23.23334651449104,0.027756094463142075
442.70769263043763,-198.29728332412742,2369.944730769277,5936.081662490032,8.263301725611292,-23.33390708541693,0.027861144519568257
442.70934473977405,-198.2836019550308,2369.906097322616,5936.0817086067555,8.299067901480097,-23.43490816204397,0.027966753567321725
442.71098514494525,-198.26995872792543,2369.8675715738336,5936.08175457042,8.334969548709456,-23.536291770053516,0.02807286062422189
442.712615957047,-198.25633659032582,2369.8291053702287,5936.081800438846,8.371051917395238,-23.638185692464745,0.028179599162163036
442.71423550964585,-198.24274995018223,2369.7907393970927,5936.081846163874,8.407277285405442,-23.74048340485784,0.028286857355351382
442.7158474408304,-198.22916867399505,2369.752388563503,5936.08189184723,8.443726851081552,-23.84341420525813,0.028394875551130183
442.71744739250494,-198.21562991324126,2369.7141577779703,5936.0819373642735,8.480301575588788,-23.946698415575163,0.028503360103428264
442.71903641820757,-198.20212537268552,2369.6760236165105,5936.081982743291,8.51702376950791,-24.050399039310623,0.028612376739260297
442.7206147200322,-198.18865389289215,2369.6379828052177,5936.0820279885465,8.553896730981915,-24.154525390270617,0.028721934900719545
442.7221845154051,-198.17519697801768,2369.5999831155614,5936.082073162474,8.590971754911847,-24.259222321276162,0.02883218685277692
442.7237430110684,-198.16177904221314,2369.562093488417,5936.0821181834435,8.628182085488293,-24.364301319271807,0.028942933874026616
442.72529089734104,-198.14839473503653,2369.5242988152945,5936.082163069775,8.665542546787723,-24.46980424638688,0.02905421968174839
442.72682866594846,-198.1350403384445,2369.4865885972695,5936.082207834279,8.70306374421612,-24.57576105152616,0.02916607555699015
442.7283576323477,-198.12170486727777,2369.448931814481,5936.082252514081,8.740777169919983,-24.6822606659946,0.02927859522304148
442.7298772762849,-198.1083932587787,2369.41134240883,5936.082297092923,8.778669655522629,-24.789265903408694,0.029391739293318328
442.73138590033636,-198.09512091349242,2369.3738638685754,5936.08234151956,8.816697589269229,-24.89665360788175,0.029505377242091648
442.73288503565334,-198.0818749085724,2369.3364597021946,5936.08238583758,8.85489815078756,-25.004528771673446,0.029619619843321853
442.73437333453893,-198.0686676962113,2369.2991650723807,5936.082430005646,8.893235587910096,-25.112790433776947,0.029734359852405703
442.7358528686539,-198.0554814015555,2369.261929504076,5936.082474083845,8.931762095259895,-25.221585987451252,0.029849753212642816
442.73732438440413,-198.04230972485254,2369.2247352080635,5936.082518093487,8.970497073179818,-25.33097021761057,0.029965858000943108
442.7387851318856,-198.02917775532845,2369.187653031608,5936.082561951033,9.009367195900177,-25.440736058684145,0.03008245421306686
442.7402359128976,-198.01607887929174,2369.150664299007,5936.082605678899,9.048391959556362,-25.550938566181514,0.030199599932570882
442.7416780324249,-198.0030017922281,2369.1137370885504,5936.082649315108,9.087605475417675,-25.661674067401133,0.03031739733338617
442.7431106148097,-197.98995489368676,2369.0768951190535,5936.082692831906,9.126983069573827,-25.77287288546145,0.030435772100807435
442.7445348533355,-197.97692776235795,2369.0401089627935,5936.082736264319,9.166556766585986,-25.884625454923686,0.030554820330497955
442.74595080815135,-197.9639202257877,2369.003378132867,5936.082779613164,9.206327973642123,-25.99693574958271,0.030674546182501688
442.747357547921,-197.9509412748084,2368.9667280177673,5936.082822848737,9.246269822974963,-26.10972789733996,0.030794868616864077
442.7487536834866,-197.93800430655116,2368.9301964485635,5936.08286592671,9.286341035315631,-26.222885329409955,0.030915662910459753
442.7501411254234,-197.92509217291186,2368.8937350023175,5936.082908904472,9.326594780564347,-26.33655819282146,0.031037089007858974
442.7515202775548,-197.91220153848477,2368.857334260543,5936.08295179337,9.367042124719072,-26.450777736975276,0.03115918014770024
442.752891702446,-197.89932751477392,2368.82098041911,5936.082994609894,9.407699324901433,-26.565589870493202,0.03128198533725393
442.75425308722873,-197.88649229552803,2368.784736149103,5936.083037280488,9.448496679733479,-26.680797763267513,0.03140529381579129
442.7556069155809,-197.87367294193695,2368.748536675669,5936.083079881665,9.489507510567751,-26.79660846796861,0.03152932697395967
442.7569519293982,-197.86088177537556,2368.712416792152,5936.083122372708,9.530693133441654,-26.91291274478475,0.03165396769366182
442.75828839488895,-197.84811673947732,2368.676370691829,5936.083164760694,9.572060583222095,-27.02973045957634,0.03177923704752066
442.759615910609,-197.83538215849512,2368.640410585666,5936.08320703151,9.61359618471819,-27.14702299498706,0.03190509338625498
442.76093647557485,-197.8226592525038,2368.6044834426866,5936.083249247712,9.655361983113337,-27.26496556066719,0.032031724606024575
442.76224768202746,-197.80997164661565,2368.5686559759247,5936.083291331133,9.697281060107759,-27.38334094684087,0.032158897345042695
442.7635506237741,-197.79730927279923,2368.532899755185,5936.083333315413,9.739386882727603,-27.502243661210017,0.032286712861524916
442.7648451499988,-197.78467405959603,2368.497220226385,5936.083375194387,9.781673496047123,-27.621656887709097,0.03241515287919005
442.7661313848945,-197.7720652653874,2368.461615295398,5936.0834169707405,9.824143798379133,-27.74158881095183,0.03254422599101124
442.76740908636725,-197.75948574760102,2368.4260930311484,5936.083458635234,9.866788508409355,-27.862013221496692,0.03267390376070098
442.76867899252414,-197.74692869778363,2368.390634207872,5936.083500210638,9.909631175317887,-27.982996619940177,0.03280425760468148
442.76994045469945,-197.73440098890836,2368.3552582336606,5936.083541674413,9.952648811965664,-28.104474092964264,0.032935217387248215
442.77119392114844,-197.7218986469954,2368.3199538867834,5936.083583039931,9.995855427603997,-28.22648520135067,0.03306682553713261
442.7724393550497,-197.70942249643812,2368.2847234952424,5936.083624304675,10.039248636744444,-28.349023208780224,0.033199074595604686
442.7736774011578,-197.6969665017442,2368.2495500159603,5936.083665488808,10.082850066417445,-28.47214918783127,0.033332030327914236
442.77490634105936,-197.68454845141818,2368.2144836805273,5936.083706533732,10.126597685342421,-28.59568796858621,0.033465503330394906
442.7761283855608,-197.6721464790429,2368.179462742187,5936.083747511928,10.170568897063085,-28.71985813076434,0.03359972954592031
442.7773433068683,-197.65976324468102,2368.14449471253,5936.08378841478,10.21475528969916,-28.84463592009929,0.033734683247089496
442.77855061350414,-197.64740415877776,2368.109594869739,5936.083829224604,10.259138302918458,-28.969968924174356,0.03387030762860431
442.77975085804286,-197.63506396691238,2368.074748376327,5936.083869958932,10.303737546350135,-29.09591251857528,0.03400666249304511
442.78094284580203,-197.62275540294314,2368.0399911904906,5936.083910575924,10.348507477290571,-29.222338095530766,0.03414360841772604
442.7821288912206,-197.61045494876603,2368.005256901358,5936.08395115336,10.393534492569676,-29.34948963063121,0.03428140958767012
442.78330619035427,-197.59819210382238,2367.9706288101456,5936.083991594109,10.438711249026701,-29.477063998172582,0.03441973734555899
442.7844758243428,-197.585956148913,2367.9360766478076,5936.084031933727,10.48407721540386,-29.60517265378698,0.03455871224240493
442.78563809050627,-197.57374442835604,2367.901592915226,5936.084072181155,10.529642682526442,-29.73384465772598,0.03469836561510982
442.7867923971855,-197.5615636393877,2367.8671965242656,5936.084112314508,10.575382956789465,-29.863010277958693,0.03483862155894058
442.7879405558723,-197.54939506901837,2367.832834632809,5936.084152395612,10.621369030876378,-29.99286999023322,0.03497969763992163
442.7890817187695,-197.53724804423712,2367.798533578671,5936.084192393899,10.66756671786316,-30.12332725437838,0.03512148893286602
442.79021544563665,-197.52512768712597,2367.76430782576,5936.084232292673,10.713957075555806,-30.254328579740072,0.03526393713570342
442.79134210570885,-197.5130304968227,2367.7301474883106,5936.084272103632,10.760553979621891,-30.38591314974863,0.03540708467844321
442.7924620472241,-197.5009531362533,2367.6960431430616,5936.08431183792,10.807371008255902,-30.518119307780196,0.03555097315161404
442.79357394434794,-197.48891037944455,2367.6620365093236,5936.084351447104,10.854351189760012,-30.65078617206902,0.03569542724329207
442.794679596943,-197.47688318096976,2367.628073806202,5936.084390993995,10.901569276233364,-30.784124834374378,0.035840676620727596
442.7957779524116,-197.46488339246181,2367.59418850068,5936.084430439777,10.94897945626781,-30.918005928375635,0.035986580238989804
442.7968696643735,-197.45290430815217,2367.560361656889,5936.084469806654,10.996608747222117,-31.05250574814942,0.0361332210800229
442.7979545243284,-197.44094862489118,2367.5266008903104,5936.084509085917,11.044447097786346,-31.187595909954705,0.03628056806603112
442.7990329870308,-197.42901172771414,2367.492893169133,5936.084548292875,11.092513717160838,-31.32333065846458,0.03642868024635126
442.80010411436643,-197.417104437067,2367.4592690484615,5936.084587392145,11.140765537987257,-31.459588376334086,0.03657742474817301
442.80116828641087,-197.4052230107809,2367.4257179611104,5936.084626396178,11.189217952347425,-31.59641252913906,0.03672684880030745
442.8022260462385,-197.39336180718973,2367.3922239760386,5936.084665323641,11.237894551795373,-31.733869736811965,0.03687702501002606
442.80327750540573,-197.3815199547123,2367.358784632094,5936.084704177536,11.28679974903402,-31.871972460356222,0.03702796689360746
442.804321828926,-197.36970729495278,2367.32542772031,5936.084742925718,11.335893382995538,-32.01060728952747,0.037179550330988215
442.80536059863425,-197.35790632327144,2367.292103810648,5936.084781625745,11.385248986568634,-32.149981872858895,0.037332002257217695
442.8063928024581,-197.3461288884895,2367.2588463621755,5936.084820238886,11.434818009663267,-32.2899591104653,0.03748517264292629
442.8074184974034,-197.33437476721417,2367.2256547441134,5936.084858766017,11.484601936425447,-32.43054319345149,0.03763906592114502
442.8084375525838,-197.32264589746256,2367.1925344291317,5936.084897200926,11.534593029945897,-32.57171227372615,0.03779365800953129
442.80945107817973,-197.3109298715278,2367.1594503800347,5936.084935584401,11.58484506569474,-32.71361820703922,0.037949115115105896
442.81045770596745,-197.2992429003376,2367.1264483737436,5936.084973863462,11.635289247531645,-32.85606672108759,0.0381052242974227
442.81145799467294,-197.2875789581985,2367.093511394775,5936.085012057988,11.685951902773203,-32.99913216121561,0.03826206684013944
442.81245252584904,-197.27593164392795,2367.0606213673204,5936.085050189064,11.736861658735425,-33.14289536766132,0.03841973126831046
442.81344068564545,-197.26430853427524,2367.0277996868654,5936.085088232009,11.787986171670656,-33.28726500549105,0.03857811730656563
442.8144221337211,-197.25271409862697,2366.9950589742375,5936.085126172334,11.839306054732083,-33.43218632857945,0.03873716469733692
442.8153980593812,-197.2411346933169,2366.962360702084,5936.085164054808,11.89088234810629,-33.57783170728481,0.0388970624828603
442.8163677593531,-197.2295790368309,2366.929729489963,5936.085201851028,11.942677071763148,-33.72409389050347,0.03905769282234499
442.81733131334363,-197.21804660692075,2366.8971638631724,5936.085239562826,11.994693073326177,-33.87098091963465,0.039219064393983726
442.8182889414325,-197.20653517913914,2366.864657540287,5936.0852771976,12.046941005572469,-34.01852287690014,0.03938121011289643
442.8192407969297,-197.19504329617612,2366.8322064061463,5936.085314760228,12.099428257161394,-34.1667406270295,0.03954415280160496
442.82018689014757,-197.18357121131731,2366.7998111760194,5936.085352249997,12.152154496062764,-34.31563323243915,0.03970789133039735
442.8211268845327,-197.17212341422203,2366.7674845279826,5936.085389652353,12.205099706048959,-34.46514416973172,0.03987236340761762
442.8220614997716,-197.16069152350485,2366.735202794451,5936.08542699479,12.258303436133668,-34.61538512062127,0.040037691785535935
442.8229898510853,-197.14928676328228,2366.7029976704735,5936.0854642407585,12.311714108347237,-34.76621043514741,0.04020371606280167
442.82391326295846,-197.13789323378018,2366.6708242577956,5936.0855014422905,12.365407048262771,-34.91783282369723,0.040370670292490016
442.8248297631411,-197.1265356986527,2366.6387524848506,5936.085538518645,12.419266023216869,-35.069924059290386,0.04053819290398137
442.82574100162117,-197.1151941709635,2366.6067259119204,5936.085575535187,12.473386066899193,-35.22275250563697,0.04070657930325097
442.8266473589773,-197.10386421474172,2366.5747320125956,5936.085612506487,12.527789686727322,-35.376381720963266,0.04087589949918533
442.8275469754616,-197.09256950409696,2366.5428376386317,5936.085649355405,12.58236368085596,-35.53049203705187,0.04104580102361861
442.8284422399212,-197.08128043475594,2366.510959192543,5936.085686178627,12.637251834453101,-35.68548948574772,0.0412167314030284
442.829331771301,-197.07001473162757,2366.4791467265395,5936.0857229184285,12.692369247795849,-35.84113432060151,0.0413884262157776
442.8302154695511,-197.05877409889266,2366.4474050529766,5936.085759569361,12.747707976526298,-35.997404107767025,0.04156086055395262
442.8310928950365,-197.04756461617126,2366.415751339723,5936.085796111714,12.803238118069327,-36.15421440610194,0.041733941029490934
442.8319657366004,-197.0363650965762,2366.3841257585664,5936.085832614657,12.859065349825642,-36.31186363563842,0.04190799691375782
442.8328334293803,-197.02518308771494,2366.352549622721,5936.085869053674,12.915153401756932,-36.47024937426022,0.042082915103466116
442.8336959979833,-197.01401862198423,2366.3210230236987,5936.085905428751,12.97150311425492,-36.62937399515183,0.04225869814750618
442.83455276919807,-197.00288082216935,2366.2895717227607,5936.085941710263,13.028069013105869,-36.78910908479641,0.04243520405707656
442.83540489427486,-196.99175509590333,2366.2581545135095,5936.085977945838,13.084926036962813,-36.94966626069429,0.04261266657146256
442.836250675472,-196.9806640351551,2366.226835191955,5936.086014061994,13.141959173634826,-37.110720742743574,0.04279072656580583
442.837091555735,-196.96958917036739,2366.1955616031532,5936.086050118975,13.19926363940625,-37.27254140993783,0.04296968113527649
442.8379275505887,-196.95853062952068,2366.164334108525,5936.086086116449,13.256839890030085,-37.435129549283985,0.043149531646416474
442.83875848844696,-196.9474910328509,2366.1331601072106,5936.086122045971,13.314675269589753,-37.59844942207729,0.04333023849165619
442.83958379478224,-196.9364784334459,2366.102062339831,5936.086157881426,13.37272805342458,-37.76238320314189,0.043511671159994415
442.840404716601,-196.92547655814278,2366.070994853679,5936.086193675851,13.431084890177829,-37.92717557740708,0.043694100364806296
442.8412201189266,-196.91450097945796,2366.0400016230064,5936.086229378667,13.48966407544439,-38.09259582192542,0.04387727060429672
442.84203106761,-196.90353772302325,2366.0090431865183,5936.086265035414,13.54854101181872,-38.258856864160244,0.04406141755778099
442.8428377837536,-196.89258406311248,2365.9781118472333,5936.086300655028,13.607731989024872,-38.426004704235176,0.04424659218209042
442.84363982340795,-196.88164631481501,2365.94722543795,5936.086336217045,13.667204360411146,-38.593947152135556,0.0444326923301541
442.8444355005488,-196.87074795281558,2365.9164502473604,5936.086371645236,13.726830460346589,-38.76232369634187,0.0446193183139499
442.845226286828,-196.85986932624263,2365.88573078465,5936.086407003579,13.786717572569584,-38.93143729259268,0.044806805703525694
442.8460125427002,-196.84900582384395,2365.8550540284195,5936.086442307137,13.846892081128788,-39.101362446111516,0.04499523702599741
442.8467942932311,-196.83815741649536,2365.8244198964485,5936.0864775560785,13.907355385218994,-39.272103108060044,0.045184616618031914
442.84757055997113,-196.82733809050816,2365.793867883823,5936.08651270504,13.968030049680605,-39.44344061145964,0.045374701812448924
442.8483428979411,-196.81652653309038,2365.7633378067167,5936.086547823336,14.02903649226334,-39.61571500068234,0.045565869776072
442.84910985396726,-196.80574344274942,2365.732888114365,5936.086582843807,14.090258841292224,-39.78859906896647,0.04575775733538348
442.8498723773116,-196.79497588031884,2365.7024822686917,5936.086617808556,14.151771077357909,-39.96230172805867,0.04595059623807857
442.8506298757423,-196.78423258804932,2365.6721449564143,5936.086652689269,14.213523990468286,-40.13668401528901,0.04614423210969229
442.85138269140197,-196.7735091208208,2365.6418636252592,5936.086687500455,14.275543632600508,-40.31181949813056,0.04633874651228604
442.85213167405414,-196.7627936754411,2365.611604944947,5936.086722280495,14.337899634489055,-40.48790480482072,0.046534357798782275
442.85287567267346,-196.75210305313968,2365.5814163594464,5936.086756974925,14.400495324594688,-40.66466694742019,0.04673076264790432
442.85361554265523,-196.7414253285517,2365.55126419348,5936.086791622516,14.463401366430741,-40.84230547058964,0.04692818268845793
442.85434980791644,-196.730782233973,2365.521209815557,5936.086826152826,14.526490027020339,-41.020459672973715,0.04712621690491286
442.8550805718289,-196.7201436561971,2365.491168190874,5936.086860663622,14.589940561474968,-41.19963574780911,0.04732542787752459
442.8558071810643,-196.7095193483143,2365.4611668605976,5936.086895123323,14.65369667113868,-41.37967471499218,0.04752563886778639
442.85652895786643,-196.69891959327776,2365.4312348621493,5936.086929498643,14.717697417729925,-41.560404492765485,0.047726658417006594
442.8572463498771,-196.68833821694363,2365.4013547607633,5936.086963809675,14.781980618864006,-41.741931873188655,0.04792860518662662
442.85795912952807,-196.67777895948888,2365.3715371181174,5936.086998044358,14.846524221172773,-41.92419458045701,0.048131409789820855
442.85866774593325,-196.66723553454028,2365.341764182526,5936.0870322231385,14.911367459084536,-42.10730340750223,0.04833519541503209
442.85937238708783,-196.65670545447722,2365.312028929366,5936.08706635414,14.976526935466635,-42.29130523866408,0.048540014198590276
442.8600727282873,-196.6461938988514,2365.2823459848773,5936.087100420633,15.041971752178966,-42.476112821657324,0.0487457689596038
442.8607685888363,-196.63570396102918,2365.2527240842487,5936.087134412656,15.107683329131325,-42.66167368877445,0.048952401180043896
442.8614603022364,-196.62523098450498,2365.2231500782755,5936.0871683453615,15.173691601612804,-42.84807237337097,0.04916000489786352
442.86214761876727,-196.61477911766696,2365.1936356813585,5936.087202205369,15.239971214797407,-43.03523727677916,0.04936850027746419
442.86283098049097,-196.60434199109753,2365.164162907302,5936.0872360133735,15.306563478556532,-43.223285052662575,0.0495780171875649
442.8635099925059,-196.59392598910512,2365.134749784388,5936.087269748753,15.373428574177117,-43.41210325824795,0.049788430268356484
442.86418495045933,-196.58352694383743,2365.105384543287,5936.087303425065,15.440594040572112,-43.60176965981896,0.0499998260885728
442.8648559515786,-196.5731436897347,2365.0760638926613,5936.08733704614,15.50806850258629,-43.79230861281665,0.050212231731201165
442.8655229171517,-196.562777779759,2365.046792217844,5936.087370607005,15.575842942131501,-43.98369465137306,0.050425618742965146
442.86618584354875,-196.5524296180648,2365.017570660121,5936.087404106406,15.643915672973238,-44.1759230138083,0.050639981739445984
442.86684464495943,-196.54210090555935,2364.988404022599,5936.087437538894,15.712276333684382,-44.368964440852956,0.05085528800571269
442.86749952450816,-196.53178881161304,2364.959284312048,5936.087470913685,15.78094455244221,-44.5628743598974,0.05107159928150236
442.8681503714543,-196.52149542904434,2364.930217438271,5936.0875042240605,15.849907329262958,-44.75761606073943,0.05128887453910512
442.86879752138896,-196.5112157805375,2364.901189346136,5936.087537486179,15.919199122890998,-44.95328685030444,0.05150722228339777
442.8694404605369,-196.5009583803543,2364.87222407858,5936.087570672544,15.988763434102445,-45.14972718233909,0.05172646439785094
442.8700800319135,-196.49071010221837,2364.8432845691004,5936.087603825673,16.05869046228104,-45.34719176788369,0.051946885103147517
442.87071542953964,-196.4804841846131,2364.8144082010863,5936.087636902788,16.128891047691987,-45.545428831775894,0.052168203297588735
442.871347120023,-196.47027348175075,2364.7855747959834,5936.0876699270575,16.199415035763664,-45.7445791308654,0.05239057603874005
442.8719751309726,-196.46007786332635,2364.7567839858457,5936.087702898948,16.27026457204478,-45.944648723909886,0.052614010041256244
442.872599099632,-196.44990357453105,2364.7280534061183,5936.0877357983145,16.34139711630781,-46.14551748303429,0.052838371066767344
442.8732187986004,-196.43975474686331,2364.699394723515,5936.087768611853,16.412783975324242,-46.34710438245281,0.0530635684789743
442.87383580071275,-196.42960590591537,2364.6707360023547,5936.087801421971,16.484605891777232,-46.54991981522891,0.053290172423443194
442.87444896518014,-196.41947605772648,2364.642130912697,5936.087834167263,16.556730337697918,-46.75358954020034,0.053517764769596896
442.8750581547552,-196.40936785325272,2364.613586940439,5936.0878668392115,16.62913901582996,-46.958061888409844,0.05374628767703113
442.875663868941,-196.39927335310358,2364.5850816660095,5936.087899463525,16.701889716974186,-47.16350005331343,0.05397592345837031
442.8762660824279,-196.38919328057045,2364.556617131883,5936.087932037908,16.774978617957213,-47.36989323879756,0.054206660005555185
442.8768647662253,-196.37912843242358,2364.5281955880255,5936.087964559829,16.84840123335737,-47.57722877865179,0.054438483110565
442.8774595729598,-196.36908500581703,2364.4998345342374,5936.08799700931,16.92211318269174,-47.785381348417225,0.05467125256515788
442.87805146550414,-196.35904703582372,2364.471488888093,5936.088029437973,16.99623311736206,-47.99468600360625,0.05490534301530588
442.8786392772498,-196.3490346274303,2364.4432154229207,5936.088061780909,17.07061378428437,-48.20472692147338,0.05514028934196286
442.87922329089946,-196.33904338846347,2364.4150017359298,5936.088094052356,17.145287952418215,-48.415596637156945,0.05537619492192614
442.8798039160868,-196.32906666148503,2364.386829027575,5936.088126273859,17.220306260301722,-48.627438147039236,0.055613219651867496
442.8803813443004,-196.31910144343558,2364.358688817701,5936.088158455158,17.29569282762492,-48.84031956185753,0.05585143970846504
442.8809552107631,-196.30915434047319,2364.330599761072,5936.0881905749575,17.371398972962215,-49.054103411900506,0.05609070121122495
442.8815258188069,-196.29922041666384,2364.3025479193975,5936.088222649237,17.44746344379746,-49.268899114805706,0.056331126561514254
442.882092954958,-196.28930370433437,2364.274544679348,5936.0882546650155,17.523856607203786,-49.484622991240556,0.056572622043445764
442.8826563728121,-196.27940888486302,2364.246603260414,5936.0882866072225,17.600543033353294,-49.70117499223056,0.056815075562829706
442.88321657202,-196.26952753150178,2364.2186998667926,5936.088318503101,17.67758892264947,-49.918742058702804,0.05705869634523786
442.8837730728951,-196.25966845589105,2364.190859381188,5936.0883503242485,17.754926429349574,-50.1371326035713,0.05730326978410401
442.8843264246449,-196.24982227482374,2364.1630553069053,5936.08838210099,17.83263005617477,-50.35655701235677,0.057549031414000924
442.8848765391878,-196.23999085289864,2364.13529290929,5936.088413827344,17.910686520001228,-50.57697777534724,0.05779593918354321
442.88542318593045,-196.2301786498717,2364.107584782007,5936.0884454889565,17.98906139140068,-50.79829766857373,0.05804388411730169
442.8859670276672,-196.22037406065377,2364.0798981541097,5936.088477123309,18.067848861038538,-51.02078267357465,0.05829316415891612
442.8865075466871,-196.21058669760413,2364.052260169409,5936.08850869942,18.146973327567427,-51.24421930252531,0.058543540082278564
442.8870446916371,-196.20081784086383,2364.024674442834,5936.088540213199,18.226425290862394,-51.468580728400504,0.058794981749738164
442.8875783838043,-196.19106929219203,2363.9971460622837,5936.088571658871,18.306190714594596,-51.69382731456389,0.05904744465062769
442.8881087486069,-196.18133912985908,2363.9696696011047,5936.088603042673,18.386285943119567,-51.92000521525479,0.0593009804267255
442.88863615593044,-196.17162088196278,2363.942226783665,5936.088634385514,18.46676548959284,-52.14726836813676,0.05955576158389096
442.8891605405206,-196.16191603230075,2363.9148217999873,5936.088665682639,18.547618677792656,-52.375586625039226,0.05981175429390133
442.88968188696145,-196.15222516116393,2363.8874562887327,5936.08869693221,18.628842133592777,-52.604950457906696,0.06006894783505296
442.8902000277932,-196.1425517025839,2363.860139947082,5936.088728123187,18.710408233256878,-52.835281861136195,0.06032725468055658
442.89071520393037,-196.13289147513657,2363.8328609673545,5936.088759269086,18.792353449367713,-53.06668382828166,0.06058679028017079
442.89122750689774,-196.12324304213593,2363.8056152925815,5936.088790374568,18.874691613756855,-53.29919541853292,0.06084759841321441
442.89173639672595,-196.11361691196421,2363.7784325968105,5936.0888214057895,18.95733399834871,-53.53256607609482,0.06110939796334244
442.8922426921498,-196.10399790581363,2363.751270017457,5936.088852411712,19.040412226220628,-53.76716748633763,0.06137260584634161
442.89274535783414,-196.09440603351197,2363.7241840591764,5936.088883327869,19.12375440487856,-54.00251424868394,0.061636677405026145
442.893245282311,-196.0848247021734,2363.6971278662454,5936.088914207775,19.207505369322526,-54.239015357126775,0.06190207146934205
442.8937424796838,-196.07525389458314,2363.6701013900606,5936.088945051513,19.29166723233804,-54.47667677788319,0.06216879472206343
442.8942368543979,-196.06569571703707,2363.643110578483,5936.0889758523235,19.37622327641176,-54.715451303022135,0.0624367941612879
442.89472825222,-196.05615345377961,2363.6161647057193,5936.089006599652,19.46114582796015,-54.95526078620047,0.06270598203186353
442.8952167200829,-196.0466265133885,2363.589262101693,5936.089037295434,19.546441316178154,-55.19612338258809,0.06297637865776103
442.89570201360925,-196.03712001155765,2363.5624172123407,5936.089067923217,19.632064738672273,-55.43791201170698,0.06324784130199816
442.89618455175196,-196.02762607255158,2363.5356077978145,5936.089098508406,19.71808804914793,-55.68082986082671,0.06352059802583242
442.8966645050908,-196.01814159942722,2363.508825112834,5936.089129061003,19.804541217695288,-55.92496156131351,0.06379474383915378
442.8971415473756,-196.0086733223814,2363.4820881624423,5936.089159559355,19.891364513896796,-56.170138442801615,0.06407008930263847
442.89761543277365,-195.9992264821841,2363.4554117457724,5936.08918998661,19.97851051347154,-56.41622658575953,0.06434648393691185
442.89808686308714,-195.98978739456123,2363.4287572205576,5936.0892203868725,20.066106779869138,-56.66358621158377,0.06462433227900188
442.8985556080141,-195.98036091879007,2363.402138308654,5936.089250744515,20.15411027973642,-56.91209580009677,0.0649034978196332
442.8990210637464,-195.97095955941916,2363.3755903209835,5936.089281019297,20.242404885902985,-57.161427424418356,0.0651836120979801
442.8994839277573,-195.96156958249804,2363.349074475,5936.089311255474,20.331120294357063,-57.4119473279111,0.06546508649804761
442.8999436001117,-195.95220350404492,2363.3226261140157,5936.089341412771,20.420139059724935,-57.66332386129015,0.06574754832057762
442.9004016180611,-195.94283022542317,2363.296157420284,5936.089371591344,20.509759142867928,-57.91639842432118,0.06603194301610199
442.9008561948925,-195.93348657258457,2363.2697723846222,5936.08940167265,20.59963034264329,-58.17018209803062,0.06631715925861884
442.9013087901681,-195.92414285309508,2363.24338716018,5936.089431752305,20.69003955228644,-58.42548502872501,0.0666041074877459
442.90175844682744,-195.91481906970316,2363.217058231645,5936.0894617659405,20.780795359528156,-58.68176669499926,0.06689218017340721
442.90220493375926,-195.90552042441212,2363.1908002886817,5936.089491696838,20.871847073484837,-58.938883952943286,0.06718121630658234
442.90264917666815,-195.89622795760098,2363.164559792247,5936.089521606052,20.963381483544794,-59.19736426958398,0.06747180878000086
442.90309077842136,-195.88695022722658,2363.1383609087006,5936.089551466058,21.05531633989692,-59.4569753830124,0.06776369646232691
442.9035293944742,-195.8776948287668,2363.112225086512,5936.089581252437,21.147577001888,-59.71750651853757,0.06805664229720843
442.90396586341603,-195.8684443593021,2363.086103182519,5936.089611021219,21.240338440552243,-59.97945176976711,0.06835120181325763
442.90439937995416,-195.85921617804905,2363.0600442164878,5936.089640716564,21.333428076125738,-60.2423237957416,0.0686468269528051
442.9048306704629,-195.84999512934473,2363.0340053911623,5936.089670387263,21.427000092362558,-60.50655798969138,0.06894400731065105
442.9052593339415,-195.84079005155488,2363.008011664736,5936.089700004899,21.520966669792227,-60.77190636180859,0.06924246395293009
442.90568573163836,-195.83159346121678,2362.9820419050657,5936.089729593571,21.61540595340843,-61.038589582551225,0.06954244505533666
442.9061096497471,-195.82241022650248,2362.9561098591284,5936.089759137637,21.710269947346468,-61.306472118370614,0.06984379814300469
442.9065309000241,-195.81324474287905,2362.9302279390554,5936.089788622978,21.805514392661635,-61.575428988267035,0.07014638256592896
442.90694967814807,-195.80409307328858,2362.904385027206,5936.089818062282,21.90118130396803,-61.84557883559711,0.07045033174649618
442.9073660247468,-195.79495462045915,2362.878579436982,5936.089847457491,21.99727844584546,-62.11694358644929,0.0707556703159472
442.9077798243809,-195.78583222338906,2362.852819185286,5936.089876799495,22.09377727541784,-62.38944263978853,0.07106230753598995
442.90819118088535,-195.77672390374465,2362.8270986856137,5936.089906094678,22.19069994900149,-62.6631385619351,0.07137031376171887
442.90860008479353,-195.76763017212215,2362.8014193798167,5936.089935341418,22.288042398749397,-62.93801986587776,0.07167967602209535
442.9090066869911,-195.75854795705806,2362.7757725945585,5936.089964549614,22.385839111817198,-63.21418393847462,0.0719905038854191
442.90941087228674,-195.7494801142139,2362.750166393796,5936.089993710101,22.48406096935786,-63.49154855223436,0.07230270476916444
442.9098127265914,-195.7404250068239,2362.724596155559,5936.0900228281635,22.5827272161863,-63.7701680518002,0.07261633980522013
442.910212567584,-195.7313757110149,2362.6990423278944,5936.090051926082,22.68191564357504,-64.05026210870467,0.0729316562646651
442.9106098378133,-195.72234511681287,2362.6735413102697,5936.090080962428,22.78148673762902,-64.33143675549601,0.0732482106088151
442.911004510445,-195.71333419883672,2362.6480958548664,5936.090109934089,22.881430168845295,-64.61366282314678,0.07356596992028731
442.9113972129032,-195.7043289107665,2362.6226662970294,5936.090138886245,22.981903426494846,-64.89738503902001,0.07388543488730909
442.9117874220228,-195.69534151637666,2362.5972872677894,5936.0901677794855,23.082771553854755,-65.18222230449719,0.07420617637558476
442.91217521890275,-195.68637048502075,2362.5719544448407,5936.090196618751,23.184052536945423,-65.46822540956461,0.07452825151418366
442.9125606562781,-195.67741491777912,2362.546665289777,5936.0902254069515,23.285757567465073,-65.75542595800444,0.07485169583837317
442.9129441989493,-195.66846426090532,2362.5213900004346,5936.090254178028,23.388008694480913,-66.04416859903728,0.07517689747610945
442.9133253950573,-195.6595293066869,2362.4961590525913,5936.090282897306,23.490684803022443,-66.33411132121563,0.07550347121502177
442.9137042386044,-195.65061051700064,2362.4709737505227,5936.090311563319,23.593781620783183,-66.6252420601704,0.07583140341221235
442.91408096017886,-195.64170275374642,2362.4458195850225,5936.0903401926,23.69736005192727,-66.9177328006039,0.07616088775443863
442.9144551541386,-195.63281593008935,2362.420724549364,5936.0903687533055,23.801305842894177,-67.21126090674703,0.07649156074517248
442.9148276028015,-195.623931733009,2362.395636930373,5936.090397304307,23.90583507864247,-67.50643657174844,0.07682410976920502
442.91519764893366,-195.61506609043968,2362.3706017061136,5936.090425794432,24.010762487346675,-67.80273661438208,0.07715794538520243
442.9155656258386,-195.60621132192327,2362.345597188147,5936.09045424838,24.11618024651105,-68.10042133079212,0.07749336081823349
442.9159314882353,-195.5973687802688,2362.3206271966055,5936.09048266182,24.222074190679333,-68.39945071975792,0.07783031097249564
442.91629531226005,-195.58853688707637,2362.295687274332,5936.090511039837,24.328465190564817,-68.69988371720316,0.07816886223394562
442.9166569516428,-195.57971946955846,2362.2707882287973,5936.090539370151,24.43530887505675,-69.00159502545414,0.07850887337618886
442.91672881531025,-195.57796269130685,2362.265827354259,5936.090545014529,24.456671601311776,-69.06192031320344,0.07857685878041504
442.9168006789777,-195.57620437627833,2362.260862140082,5936.090550663797,24.478078130258606,-69.12236929326504,0.07864498434836655
442.91685543049255,-195.57486371725298,2362.257076322917,5936.090554971152,24.494416829007907,-69.1685074445753,0.07869698222856934
442.91691018200737,-195.57352216295945,2362.2532879776427,5936.090559281357,24.5107810965956,-69.21471779849716,0.07874906192617853
442.916931180647,-195.5730074039404,2362.2518343764655,5936.09056093519,24.517064018475853,-69.23245987229333,0.07876905760279017
442.9169418643454,-195.57274545393986,2362.251094669505,5936.090561776789,24.520262094798245,-69.24149078293506,0.07877923564716804
442.91694753712216,-195.57260635114966,2362.2507018643823,5936.090562223701,24.521960590569464,-69.24628709233554,0.07878464120526371
442.9169509361577,-195.5725229984037,2362.250466488905,5936.0905624914985,24.52297843364811,-69.24916133577368,0.0787878805502617
442.9169543351933,-195.5724396421979,2362.250231103658,5936.0905627593065,24.523996375453134,-69.25203585800048,0.07879112021116987
442.91695855375264,-195.57233618359857,2362.2499389523086,5936.0905630917005,24.52525988460063,-69.25560382731817,0.0787951414072443
442.9170007393462,-195.57130130432165,2362.2470166106245,5936.090566416568,24.537903307844076,-69.29130704817514,0.07883538002793164
442.9171968714361,-195.56648285528496,2362.2334100433145,5936.090581897108,24.596885609417406,-69.45786463989101,0.07902309896155664
442.9175539568493,-195.55768037424616,2362.2085531752323,5936.090610176505,24.705122223717133,-69.76350936838891,0.07936759083223395
442.9179085305618,-195.54890137071544,2362.183762603714,5936.090638379331,24.81369953968628,-70.07011618398501,0.07971318583717447
442.918261408688,-195.5401259305669,2362.1589820942995,5936.090666569576,24.92286529324224,-70.3783846575,0.08006067246548891
442.9186123699319,-195.53135975568745,2362.134227748255,5936.090694728935,25.032551534888132,-70.68812290927208,0.08040983443232678
442.91896126895847,-195.52260673814436,2362.1095105561913,5936.0907228449205,25.14271151361324,-70.9991989211439,0.08076052289161195
442.9193081338468,-195.51386645827657,2362.084829333054,5936.0907509188955,25.253352081847442,-71.3116320434074,0.08111275962222741
442.9196529178705,-195.50514038503417,2362.0601882269393,5936.090778946155,25.364456098823016,-71.6253738730007,0.08146649001589412
442.91999590410387,-195.49642160983439,2362.0355677290627,5936.090806948903,25.476113586164516,-71.9406786181036,0.08182200065968499
442.92033663589586,-195.4877220291987,2362.011001433399,5936.090834888945,25.58817369355319,-72.2571202990423,0.08217881121817412
442.92067568478683,-195.47902732298374,2361.986448902041,5936.090862812285,25.700822658250782,-72.57522482315835,0.08253751465974664
442.9210128819681,-195.4703420281443,2361.961922946664,5936.090890704365,25.81400458254076,-72.89483434331504,0.0828979329920699
442.9213478709119,-195.46167562818553,2361.9374503472523,5936.090918534743,25.92759718495633,-73.21560355420232,0.08325967677753979
442.9216809190778,-195.45302152288906,2361.913012465795,5936.090946324628,26.041687947623135,-73.53777949280665,0.08362302455802109
442.9220121396806,-195.44437702823535,2361.888601723031,5936.090974082653,26.156314285646314,-73.86146781402185,0.08398809546736825
442.9223415269283,-195.4357425381125,2361.864219231245,5936.091001807565,26.271473275017346,-74.18666026087256,0.08435488017688986
442.92266875513235,-195.42712689347502,2361.8398899559566,5936.091029470988,26.387048234852355,-74.5130273433138,0.08472300701075597
442.9229943453354,-195.41851664877416,2361.8155759289766,5936.0910571161085,26.503221299382812,-74.84108338225796,0.0850930560689562
442.9233178619816,-195.40992358417827,2361.7913104157205,5936.091084705115,26.6198354867691,-75.17038508355758,0.08546452728816784
442.92364001849677,-195.40132896636828,2361.7670405161352,5936.091112298163,26.73714781253215,-75.50165822209776,0.08583823937973277
442.92396023200905,-195.39274854200772,2361.7428106964176,5936.09113984471,26.854946495088353,-75.83430475713912,0.08621351769305996
442.92427854518223,-195.38418146280276,2361.718618561118,5936.091167347489,26.973244571432645,-76.16836150329212,0.08659040372141427
442.92459508847026,-195.37562448553842,2361.694454951892,5936.091194816927,27.092088705023816,-76.5039602314585,0.08696904610253757
442.92490946474715,-195.3670886645855,2361.670351084614,5936.0912222175475,27.211326302355342,-76.84067003955376,0.08734895861699166
442.9252220966223,-195.35856284360227,2361.6462754554664,5936.091249585178,27.33111415071547,-77.1789336723222,0.08773064076767027
442.9255330416119,-195.35004568975705,2361.6222243007373,5936.091276924107,27.451473434514313,-77.51881095149132,0.08811416004117437
442.9258424514197,-195.34153324868313,2361.5981864538962,5936.0913042470365,27.572463150601447,-77.86046847566513,0.08849970442970698
442.9261498870892,-195.33303785309178,2361.574196740659,5936.091331514393,27.693910105015235,-78.20341717005927,0.08888672201293485
442.9264555817604,-195.3245533575832,2361.5502378073484,5936.091358745912,27.8159034829515,-78.54790888082418,0.089275496959145
442.92675932669056,-195.3160858520874,2361.5263268510103,5936.09138592206,27.938357054589215,-78.89370010738968,0.08966575442674318
442.9270614190399,-195.30762733627188,2361.502441279918,5936.091413068525,28.061388088482456,-79.24112199925099,0.09005786811425161
442.9273618019214,-195.29917964580895,2361.4785862777358,5936.091440179425,28.184972229525812,-79.590105781109,0.09045176038214099
442.9276606861985,-195.29073706796157,2361.4547457125595,5936.091467273105,28.309195896218235,-79.940895486337,0.09084770666060082
442.9279575578853,-195.28231439842662,2361.430961365207,5936.0914943020925,28.433843079877622,-80.29288113760339,0.09124501841939235
442.92825300730533,-195.2738951549838,2361.4071866923796,5936.09152131929,28.559159616118347,-80.64675693919992,0.09164447923048566
442.92854672075293,-195.26548849476723,2361.383447552444,5936.091548295322,28.685012062426473,-81.00214606873946,0.09204566372392026
442.9288385163582,-195.25709993761245,2361.359759532587,5936.091575212488,28.811318749464085,-81.35881790382281,0.09244831151247579
442.92912899234386,-195.24871252469265,2361.3360747436423,5936.091602125214,28.93833747891514,-81.71750043916236,0.09285324441573824
442.9294176469582,-195.2403409679081,2361.3124347298008,5936.0916289863035,29.065848202842528,-82.07757229118776,0.09325976091621135
442.9297045928071,-195.231982302919,2361.2888311202164,5936.091655805278,29.19389728512727,-82.43916438480944,0.09366800878518385
442.9299899515502,-195.2236332458865,2361.2652546418267,5936.091682592683,29.322537066609165,-82.80242452299841,0.0940781548720716
442.9302736143175,-195.21529724316514,2361.24171502662,5936.091709337472,29.451716461000267,-83.16720844547349,0.09449003627213
442.9305557307603,-195.20697015335782,2361.2182005799186,5936.091736052939,29.58150175627022,-83.53370333987863,0.09490386431799261
442.93083623046465,-195.19865429917306,2361.1947178607033,5936.091762731643,29.71185910835463,-83.90181363547859,0.09531953107778375
442.9311152189274,-195.19034679362005,2361.1712587165503,5936.091789382855,29.842836213511706,-84.27167401960853,0.09573718862260634
442.93139240846546,-195.18205648288497,2361.147848127759,5936.091815978203,29.974295234574008,-84.64289526007133,0.09615639738743358
442.931668222149,-195.17377096994977,2361.1244510870206,5936.091842557468,30.106434870893292,-85.01603845507205,0.0965777909803646
442.9319425251532,-195.16549450756247,2361.1010796034575,5936.091869107014,30.239190540772277,-85.39092123525155,0.09700116344850432
442.93221523457134,-195.15722984607672,2361.077741443657,5936.091895618027,30.372520415594472,-85.7674254826624,0.09742638137589696
442.93248629580063,-195.14897891991333,2361.054442070135,5936.091922084311,30.506394927593824,-86.14546770222728,0.09785335043257759
442.9327555645305,-195.14074644499112,2361.031194799939,5936.091948490748,30.640738264299735,-86.52483381053156,0.09828182877917514
442.9330233797389,-195.13252234520698,2361.0079711796734,5936.091974869669,30.77571630422755,-86.90599222446737,0.09871234543808996
442.93328995522086,-195.12430023437224,2360.9847531757046,5936.092001241563,30.911437634198766,-87.28924957747226,0.09914524675709077
442.9335551972978,-195.1160831590577,2360.961549391092,5936.092027596665,31.04785623363008,-87.67447591408848,0.09958038596247026
442.9338186859612,-195.10788439591062,2360.9383973170925,5936.0920538924,31.18475364120403,-88.06105433125234,0.10001706619438662
442.93408072521817,-195.09969477744946,2360.91527106612,5936.092080158181,31.32228429752655,-88.44942094683898,0.10045578005666102
442.9343411766892,-195.09151889004735,2360.8921835894052,5936.092106379305,31.460373204970452,-88.83936397844015,0.10089628828688851
442.93460037346824,-195.0833465018166,2360.8691059936373,5936.092132588595,31.599196025745343,-89.23137947064242,0.10133915124259495
442.9348579228339,-195.0751902351209,2360.8460739224765,5936.092158745578,31.738540849670354,-89.6248690198643,0.10178369288585475
442.93511376448106,-195.06705233769372,2360.823093723187,5936.092184843054,31.87836959952351,-90.01972510157616,0.10222979168842167
442.93536843957634,-195.0589158365643,2360.8001174666524,5936.092210935462,32.018976399413255,-90.41677827954867,0.10267838598395489
442.9356215714747,-195.0507929742829,2360.777179723997,5936.092236983549,32.16015287669402,-90.8154401397012,0.10312881097127205
442.93587345323056,-195.04267457660367,2360.7542545885312,5936.092263016741,32.30206123062384,-91.2161687091763,0.10358158413571468
442.9361240553986,-195.034561769191,2360.731345238964,5936.092289031434,32.44468575150002,-91.61891962605453,0.10403665536023313
442.93637290737,-195.02647007365198,2360.708495505985,5936.0923149778655,32.58775503434218,-92.0229264821296,0.10449315864084141
442.93662039401846,-195.0183872836317,2360.6856709206836,5936.092340895183,32.73148586270488,-92.42880144265732,0.10495178564565609
442.9368666276907,-195.01030993453884,2360.662861699576,5936.092366794503,32.875943190434285,-92.8367279278561,0.10541274363007225
442.93711115724943,-195.00225310641278,2360.640110426431,5936.092392627478,33.020858893381096,-93.24594879413108,0.10587517698814392
442.93735446114664,-194.99420131349115,2360.6173733717833,5936.09241844377,33.16651314391275,-93.65725520750452,0.10633997973343425
442.93759624932204,-194.98616439575406,2360.5946783222616,5936.092444211835,33.31273044230623,-94.07015158229602,0.10680659180480183
442.93783679750015,-194.97813343524095,2360.5720000948854,5936.092469960273,33.45967540182675,-94.48510276241987,0.10727553850044406
442.93807595058803,-194.97011383355718,2360.54935394298,5936.092495671772,33.60725210723141,-94.90183789719255,0.10774651371389725
442.9383137467148,-194.9621045646431,2360.5267369691087,5936.0925213496275,33.75548167950488,-95.32041662920695,0.10821958482905948
442.93855017160104,-194.95410635992772,2360.5041512387197,5936.092546991502,33.904352869572065,-95.740807192719,0.10869471592402642
442.9387852814084,-194.94611756377762,2360.481592076554,5936.09257260271,34.053898931764586,-96.16310349312471,0.1091720131133325
442.9390192271303,-194.93813324644915,2360.459045561757,5936.09259819906,34.20421564766531,-96.58757600366596,0.10965178209374006
442.93925199670366,-194.93015399191611,2360.436513343385,5936.092623778687,34.35529623879091,-97.01420558289131,0.11013400123649594
442.9394832773394,-194.9221907710939,2360.414026401659,5936.092649306426,34.506935340578046,-97.44241231119837,0.11061801503890765
442.93971325133697,-194.91423758866202,2360.391567806696,5936.092674801504,34.659248673034945,-97.87252296503847,0.11110419283425631
442.9399418166204,-194.90629824133873,2360.3691482798604,5936.092700251754,34.812165431608136,-98.30433760267908,0.11159230859126365
442.94016922479796,-194.89836422485337,2360.3467438063685,5936.092725684444,34.965852097880315,-98.73832634384877,0.11208289370953733
442.9403953680118,-194.89043950771756,2360.324365592704,5936.09275108686,35.12023523915043,-99.17428182530641,0.11257571377815187
442.9406201780945,-194.88252672783256,2360.3020210879063,5936.09277645055,35.27526581802599,-99.61206557261153,0.11307061224041125
442.9408435906178,-194.87462843612383,2360.279717495409,5936.092801767346,35.4308953398556,-100.05154064394995,0.11356743425713071
442.9410658056209,-194.86673781549962,2360.257435564768,5936.092827059103,35.58726032803451,-100.49309256148487,0.11406661563504635
442.94128672892435,-194.8588584435003,2360.2351853984233,5936.09285231436,35.744292633080576,-100.93652888102432,0.11456793879798326
442.9415064561716,-194.85098714491699,2360.2129580300616,5936.0928775433,35.90205821957358,-101.38203587692266,0.11507161432097923
442.94172493231764,-194.84312612109744,2360.1907596759615,5936.092902738873,36.060515820706925,-101.82949701774366,0.11557751044369463
442.941942200348,-194.8352740606903,2360.168586633065,5936.092927905287,36.219694579580974,-102.2789945993545,0.11608572019356152
442.94215827316475,-194.82743072243827,2360.146438220099,5936.09295304332,36.37960237086316,-102.73055085867038,0.11659626869971146
442.9423727613902,-194.8196105591282,2360.124355249571,5936.092978106658,36.539945049858225,-103.18333517402397,0.11710821678379199
442.9425863709593,-194.81178807825748,2360.1022657344724,5936.0930031770085,36.701247745730754,-103.63883043351267,0.11762324107874869
442.9427986845486,-194.80397874159735,2360.080213336532,5936.093028204822,36.86319582575021,-104.09614816024795,0.11814033699404332
442.9430100138381,-194.79617129211883,2360.0581662675854,5936.093053226181,37.02602621456103,-104.55595739482675,0.11866026101702436
442.9432201026844,-194.78837538950705,2360.0361518051404,5936.093078210132,37.18954122414798,-105.01769989516997,0.11918238191841922
442.94342895616137,-194.78059110642678,2360.0141701543926,5936.093103156448,37.353741379161214,-105.48137714282018,0.11970670134980077
442.9436365620765,-194.7728191632916,2359.9922233496836,5936.093128062825,37.51861338694284,-105.9469516012613,0.12023317684013357
442.9438431261227,-194.76505208103197,2359.9702902712415,5936.093152953235,37.684319030608975,-106.41488012237654,0.12076232499003138
442.9440485661233,-194.75729314311116,2359.9483801910765,5936.0931778171625,37.85079215354041,-106.88497588954235,0.12129393453871909
442.94425264915054,-194.74955142167252,2359.9265187275664,5936.093202625539,38.01783975691526,-107.35669390230326,0.12182738914243389
442.94445574527407,-194.74181312224192,2359.9046669271806,5936.093227422573,38.18576200860461,-107.83088179085402,0.1223636473475642
442.94465777132524,-194.73408158834727,2359.8828342315433,5936.0932521975565,38.35449080054081,-108.30734722796807,0.12290249165445666
442.94485847590306,-194.72636670315106,2359.861048549229,5936.093276918823,38.52381245743638,-108.78548682588419,0.12344323965598049
442.945058116556,-194.7186588303397,2359.8392826687304,5936.093301617257,38.69394043572641,-109.26590335436717,0.12398657302532831
442.9452565725524,-194.7109628632304,2359.817550408045,5936.093326277181,38.86476957833509,-109.74829986521924,0.12453215591028396
442.94545417607503,-194.70326610057936,2359.7958159007603,5936.0933509393,39.03658615082467,-110.2334847305147,0.12508090256774604
442.9456505954172,-194.69558164572456,2359.774116148745,5936.09337556163,39.209101916586135,-110.72064401223652,0.12563189242941694
442.94584578392517,-194.68791160766347,2359.752457107495,5936.093400137419,39.38227091727623,-111.20964793075665,0.1261849786811114
442.94604009766476,-194.6802422011125,2359.7307998494302,5936.093424710841,39.556408012760556,-111.70138560426496,0.12674116694990162
442.9462331017697,-194.6725908200756,2359.70919349262,5936.093449226168,39.73112119833137,-112.19475006883916,0.12729920517123902
442.94642502306465,-194.66494876000723,2359.68761345673,5936.093473711294,39.906610493549884,-112.6903061504541,0.1278597321815617
442.94661592330374,-194.65731377694402,2359.6660534051443,5936.0934981734135,40.08293080936152,-113.18820890958487,0.12842292336110628
442.946805895845,-194.6496823137828,2359.6445032931356,5936.093522623927,40.26016882369133,-113.68870311200199,0.12898905557238918
442.9469945704568,-194.64206949635664,2359.6230058337987,5936.093547014377,40.43797551025315,-114.19080315858186,0.12955701393771651
442.9471821843861,-194.634466043652,2359.6015348189385,5936.093571374502,40.61656874894475,-114.69512431026126,0.13012749438730084
442.9473687253843,-194.6268726868903,2359.5800923134166,5936.093595701965,40.7959341633869,-115.20162597025544,0.13070045098307828
442.9475542702273,-194.6192865212285,2359.5586701143916,5936.093620006075,40.97614360909901,-115.71051104803047,0.13127611324553168
442.947738751846,-194.61171050955716,2359.5372765886245,5936.0936442773445,41.15712993686508,-116.22158992403989,0.13185426666118064
442.9479221084781,-194.60414744688637,2359.515919628808,5936.093668506823,41.3388284513066,-116.73467990801912,0.13243470454096942
442.94810450252106,-194.59659086897082,2359.4945809808805,5936.093692715223,41.52139727355788,-117.25022751088974,0.1330179319891352
442.94828606283403,-194.58903559453663,2359.473246013698,5936.0937169191475,41.70496679447385,-117.76860093731847,0.13360436555349
442.9484664614806,-194.58149548474444,2359.45195386911,5936.093741074194,41.889203677675624,-118.28885889422213,0.13419294034340146
442.9486458701047,-194.573963626094,2359.4306850244257,5936.093765202515,42.07427887195949,-118.81148411595456,0.1347842024600439
442.9488242563249,-194.56644160325408,2359.409443954514,5936.093789299037,42.26015656304879,-119.33637546825176,0.13537803747420274
442.94900164286315,-194.55892868894955,2359.3882286056587,5936.093813366093,42.44685767482838,-119.86359203710181,0.1359745122182901
442.9491780747131,-194.55142319235253,2359.3670342032165,5936.093837409103,42.63442769115802,-120.39326226225968,0.13657377199460521
442.949353453342,-194.5439295378628,2359.3458732410327,5936.093861413898,42.822758937021725,-120.9250820852718,0.13717547278169312
442.9495279242365,-194.53644173143388,2359.3247287928157,5936.093885399682,43.01200529083361,-121.45948603621987,0.1377801061946436
442.94970150203187,-194.52895932471702,2359.303599592496,5936.093909367895,43.202182703554065,-121.99651915827707,0.13838772319543205
442.9498740760127,-194.52148730007508,2359.2824997095245,5936.093933302581,43.39316820499278,-122.53583420166346,0.13899793088550272
442.95004557350654,-194.51402906921743,2359.2614387780604,5936.093957192813,43.58487645228519,-123.07719017065426,0.1396104565668548
442.95021616011724,-194.5065776717755,2359.240397143062,5936.093981060892,43.77748898365569,-123.62109970257092,0.14022588025378221
442.95038577068743,-194.49913616949763,2359.2193834504515,5936.0940048970115,43.97093013200333,-124.16734912462404,0.1408439601690608
442.95055468148877,-194.4916925981039,2359.198363914887,5936.0940287395,44.16551635498573,-124.71683206680777,0.14146570745805884
442.95072239768086,-194.48426898759595,2359.177400745809,5936.094052517795,44.36067499799934,-125.26793143655073,0.14208929234656315
442.95088928351186,-194.4768494795361,2359.1564491613553,5936.094076282696,44.55682485013819,-125.82182983280721,0.1427160529565251
442.9510551659917,-194.46944197613172,2359.135531476182,5936.094100008894,44.75376065115125,-126.37794763075429,0.14334533340746877
442.9512201580803,-194.4620416649061,2359.114634100574,5936.094123711809,44.95161331630396,-126.93665451589172,0.14397755200603363
442.95138416218987,-194.4546531531423,2359.093770044812,5936.094147376684,45.15026268407324,-127.49761116972016,0.14461232477379757
442.95154730066145,-194.44727115498037,2359.072924382417,5936.094171020455,45.34985404916388,-128.06122788316137,0.14525011597873733
442.9517096074091,-194.43989431755782,2359.052093293107,5936.094194647457,45.55042868671822,-128.62762121115836,0.14589105751316755
442.95187109925155,-194.43252204541565,2359.0312750953963,5936.094218259599,45.75200795315387,-129.19685146109845,0.14653521762355579
442.95203141973974,-194.42517088517894,2359.0105165144882,5936.0942418038885,45.95414092123436,-129.7676452806845,0.14718115531633819
442.95219081687077,-194.4178297758547,2358.9897863157885,5936.094265315755,46.157131960769526,-130.34086216557463,0.14782984320378162
442.9523495784778,-194.41048561155768,2358.969047490231,5936.094288837177,46.36134930317462,-130.91754194720627,0.1484824580296599
442.95250738303247,-194.4031534290859,2358.9483424994933,5936.094312319998,46.56638023371408,-131.49651917978062,0.14913768088920523
442.9526643118444,-194.3958296898968,2358.9276613512593,5936.094335775552,46.77232643369405,-132.0780809963761,0.14979583671179772
442.95282026041343,-194.3885195205941,2358.907018522295,5936.094359187426,46.979046094224444,-132.6618269495236,0.15045647229056858
442.95297539848474,-194.3812151966644,2358.8863921997263,5936.094382580359,47.18676062312492,-133.24838226238438,0.15112029518698192
442.9531296858399,-194.37391880666962,2358.865788281342,5936.094405947665,47.395414947597004,-133.83759141746833,0.1517871293915967
442.95328321298655,-194.36662625216627,2358.845195193748,5936.094429302474,47.60513109309591,-134.42979899673264,0.1524573648809161
442.95343580924214,-194.35934585021297,2358.824636423081,5936.094452618151,47.81567369952739,-135.02434037785764,0.1531302494544985
442.95358755511205,-194.35207400068788,2358.8041018031327,5936.094475906229,48.027149562613616,-135.62151713627406,0.15380612441007896
442.9537384736463,-194.34480980993447,2358.783588810352,5936.0944991695715,48.23958845224344,-136.22141333777583,0.1544850848826016
442.95388848104284,-194.33755754473802,2358.763109493505,5936.094522394518,48.45286854663549,-136.82368497556135,0.15516674151165855
442.95403771451157,-194.33031079039748,2358.742645738433,5936.094545601614,48.66718198873626,-137.42887463307298,0.15585170838695506
442.95418620075156,-194.32306841932325,2358.722194360991,5936.094568794472,48.88256750164907,-138.03709165866226,0.15654010927190742
442.95433377970795,-194.3158384526697,2358.7017780117253,5936.094591947408,49.098790214323905,-138.64767281101442,0.15723119347703213
442.95448053600956,-194.30861698615743,2358.681385665533,5936.094615072927,49.315969541378216,-139.2609552994583,0.15792534265496685
442.9546265644919,-194.30139953933843,2358.6610046702967,5936.094638185379,49.53424499749248,-139.87733309294026,0.1586230027193284
442.9547717519832,-194.29419190048927,2358.6406513712486,5936.094661266231,49.75344598224724,-140.49632444096213,0.15932362838513778
442.95491603693847,-194.28699737984488,2358.6203351159998,5936.094684304885,49.97347396750784,-141.11765111456583,0.16002690471025538
442.9550596055013,-194.27980691239466,2358.6000303063106,5936.094707330372,50.19460980386866,-141.742106194532,0.1607337293678184
442.9552023163156,-194.2726277825568,2358.5797575122942,5936.094730319368,50.416633545618524,-142.36906858652162,0.16144339932918392
442.9553442031067,-194.2654585370703,2358.559512630159,5936.0947532765285,50.63959271622991,-142.99867248983645,0.16215606648012032
442.95548537098966,-194.2582940644353,2358.539281225791,5936.094776218224,50.86365057049777,-143.6313789120068,0.1628722526416733
442.9556257271283,-194.25113927456619,2358.5190771640578,5936.094799128735,51.08865791198713,-144.26676654424872,0.16359148091065642
442.955765363262,-194.2439896922079,2358.4988878075055,5936.094822022393,51.314759737010185,-144.90524483482014,0.1643142147555625
442.9559042771498,-194.23684560562972,2358.4787139701652,5936.094844898276,51.541952308482415,-145.54680323074442,0.16504044222976147
442.9560422626263,-194.22971786470382,2358.4585862904614,5936.094867721647,51.769893012652325,-146.19047424120006,0.16576906814120956
442.95617965360606,-194.22258942700932,2358.4384566431345,5936.094890547076,51.99913094765594,-146.83780843853404,0.16650184770614065
442.956316196622,-194.2154736249414,2358.418362676885,5936.094913331875,52.22924246064681,-147.48760948944707,0.16723742667739372
442.9564519322522,-194.208368601234,2358.3982991470702,5936.094936081995,52.46028962022805,-148.14005266654672,0.16797600344503885
442.9565869700768,-194.20126882830976,2358.3782504446353,5936.094958815135,52.692456187832576,-148.7956568850794,0.16871816542105747
442.95672133191624,-194.19417332416404,2358.358213796546,5936.094981534443,52.92578007893378,-149.45452921276174,0.1694640338095422
442.95685491266954,-194.1870878358772,2358.338205431702,5936.095004221518,53.16007682702114,-150.1161487433199,0.17021301891852625
442.95698764474423,-194.1800162089496,2358.3182362092257,5936.09502686405,53.39522114658459,-150.78016168892026,0.17096472022310466
442.9571198093774,-194.1729436474305,2358.2982643475534,5936.095049509415,53.63170994679597,-151.4479712479213,0.17172072622105675
442.9572511746261,-194.1658827362281,2358.2783253845946,5936.095072117319,53.86912796528878,-152.11840478052986,0.1724797094027818
442.95738178938694,-194.15883108761423,2358.2584125777607,5936.095094695412,54.1075581924231,-152.7916966393102,0.17324193505800134
442.9575118150728,-194.1517801552079,2358.2385017933434,5936.095117271057,54.34729539584498,-153.468679204698,0.1740083455143192
442.9576409894588,-194.14474436558328,2358.218633769843,5936.095139798065,54.58785320390547,-154.1479790347688,0.17477738589262165
442.9577694968425,-194.13771391805986,2358.198780831596,5936.095162307819,54.82956954522167,-154.83055039018512,0.17555013650350787
442.95789731264796,-194.13069033968475,2358.178947290757,5936.095184795431,55.072397127667635,-155.51625972494801,0.17632644615378842
442.9580243750723,-194.12367724312122,2358.1591433489502,5936.0952072493355,55.316214793244704,-156.20476490671385,0.17710592749581427
442.9581506605608,-194.116676179025,2358.1393733849973,5936.09522966457,55.56097087983979,-156.89592004928872,0.17788841534896488
442.9582762618235,-194.10968223582995,2358.1196235293664,5936.095252056863,55.806840317077935,-157.59021912817522,0.1786744689521372
442.95840119541725,-194.10269468222603,2358.0998917169477,5936.095274428555,56.05385369145716,-158.28774851514063,0.1794641860861668
442.9585255096813,-194.09571098363574,2358.0801707904716,5936.095296787765,56.3021064616744,-158.9887777714854,0.18025787193754417
442.95864909541444,-194.0887374689037,2358.0604786216545,5936.09531911423,56.55137841065426,-159.69268503662755,0.18105482244696214
442.9587720263792,-194.08177018578522,2358.0408040499456,5936.095341420606,56.80181488007477,-160.3998807340593,0.18185550227893924
442.9588942901943,-194.0748100255645,2358.0211495921994,5936.095363704041,57.053388824729566,-161.1102884921035,0.18265982496112085
442.9590158541227,-194.067859061014,2358.001521101618,5936.095385957901,57.306029438436234,-161.82370836453487,0.18346756410561976
442.9591368187452,-194.060911726977,2357.9819028630263,5936.095408200005,57.559944177912094,-162.54072617856056,0.18427938298582555
442.95925708713827,-194.0539737772282,2357.962311124229,5936.095430411933,57.814927893486356,-163.26076262173723,0.18509462569038085
442.9593766694373,-194.04704484998143,2357.9427448635965,5936.095452594845,58.07099739013423,-163.98386514884234,0.1859133459370051
442.9594956135949,-194.0401223700536,2357.9231968091954,5936.095474756987,58.32825225432882,-164.71031497740447,0.1867358621214727
442.95961380007566,-194.03321352806088,2357.903687266257,5936.095496875339,58.586428258890265,-165.4393659688072,0.1875613294212948
442.9597314233587,-194.02630716267387,2357.8841847168464,5936.095518985638,58.84594672292947,-166.17220786613575,0.18839109491327188
442.95984833797587,-194.01941200628417,2357.8647138199403,5936.095541059926,59.1064845057654,-166.90792816772966,0.18922412540529526
442.9599645466764,-194.01252814619406,2357.845274822068,5936.095563097928,59.368040544176516,-167.6465238712131,0.19006041748104585
442.9600802234661,-194.00564545766866,2357.825839132483,5936.095585132057,59.63100493757317,-168.38909655982803,0.19090121842962776
442.96019531778717,-193.99876708547248,2357.8064156315336,5936.095607152247,59.89526517769056,-169.13532852681578,0.19174616852254092
442.9603097598442,-193.9918973872191,2357.7870166244734,5936.095629144549,60.1606591342189,-169.88476194008038,0.19259474935696375
442.96042351893504,-193.98503843488032,2357.7676479622432,5936.095651102331,60.42710999600952,-170.63717989626412,0.193446715321237
442.9605366794389,-193.9781853511944,2357.748295872181,5936.09567304121,60.694811372796764,-171.39312912071955,0.19430268546553303
442.9606491722264,-193.97134252959484,2357.7289727606912,5936.095694947121,60.9635959461829,-172.15213713095963,0.19516212478381814
442.96076104587644,-193.96450723287577,2357.709670898311,5936.095716828829,61.23357500397998,-172.91451818736246,0.19602538910851836
442.96087233429023,-193.95767757681162,2357.6903849642677,5936.095738692366,61.50482826090018,-173.68049739252442,0.19689273332437815
442.96098299397994,-193.95085642371328,2357.6711230413025,5936.095760528571,61.77724701946483,-174.44976780079347,0.1977638098603263
442.96109300892897,-193.94404498125053,2357.651888539696,5936.09578233358,62.05078669628378,-175.22220351525266,0.19863847614703423
442.961202506085,-193.93723556706877,2357.6326597656202,5936.095804131987,62.32576162051124,-175.99869215508727,0.1995177372754268
442.96131136326346,-193.93043595759377,2357.613458678547,5936.0958258988985,62.601863567589156,-176.7783633395953,0.20040060766189383
442.96141964267326,-193.92364247223338,2357.594274885031,5936.095847646099,62.87924643431845,-177.56165165065144,0.20128757940241002
442.9615273465008,-193.9168551548208,2357.5751085088514,5936.095869373449,63.157914116780034,-178.3485680902148,0.20217866495140244
442.9616345327551,-193.91007050789545,2357.5559496736987,5936.095891092145,63.43801709898777,-179.13953760294828,0.20307434550641762
442.96174102044586,-193.903300200006,2357.5368313298222,5936.095912764837,63.71907775740557,-179.9332114504278,0.20397309376931463
442.96184688652704,-193.896539597339,2357.517740392021,5936.0959344063585,64.00129015309481,-180.73013763247522,0.2048755302718066
442.96195224412315,-193.88978165696398,2357.4986569721063,5936.095956039257,64.28495400785059,-181.53116251923527,0.20578261343660886
442.9620570900648,-193.88302671895508,2357.479582030397,5936.095977662444,64.57006312718646,-182.33626861839073,0.20669432345925615
442.96216131237554,-193.87628218581966,2357.460536470475,5936.095999252225,64.85631047783166,-183.1445889132742,0.20760967851641934
442.9622649208008,-193.86954766148642,2357.441519173894,5936.0960208098695,65.14371582780333,-183.95617922585424,0.20852874180849898
442.9623679599217,-193.86282046215072,2357.422522561989,5936.096042343969,65.43239775446094,-184.77137440110533,0.20945189251183582
442.9624704575136,-193.85609895969182,2357.4035420371883,5936.096063859737,65.7224317051288,-185.59038749114302,0.21037937188810862
442.9625723723014,-193.8493860544425,2357.384585789602,5936.09608534789,66.01369767127888,-186.41287960959,0.2113107961642205
442.96267378230664,-193.8426767872937,2357.365639815443,5936.096106824304,66.30641672358196,-187.2394750274076,0.2122468722867411
442.96277458717555,-193.8359779899494,2357.346723406429,5936.096128267111,66.60029603964475,-188.06934685736002,0.21318666384312449
442.9628748448768,-193.8292860236724,2357.327826287307,5936.096149687961,66.89549934795232,-188.9029574445358,0.2141306944082992
442.96297455482596,-193.82260111819454,2357.3089491068054,5936.096171086118,67.19202185751605,-189.74029325989162,0.2150789486554678
442.96307364489115,-193.81592833514617,2357.2901061582174,5936.096192445383,67.48964245969817,-190.5807299252624,0.2160307194860441
442.9631722576782,-193.80925826815238,2357.2712708793374,5936.096213795865,67.78878571688377,-191.42546634217967,0.21698736461547216
442.9632703402449,-193.80259465729057,2357.252453831589,5936.096235125594,68.08929102093701,-192.27404897696724,0.21794837042653753
442.9633679350366,-193.79593478487175,2357.2336473406217,5936.096256443269,68.39128771459838,-193.12684307443828,0.21891415055136515
442.96346491407024,-193.78928759165228,2357.2148766538053,5936.096277720274,68.69437484317362,-193.98271639770743,0.2198834227354448
442.96356146022623,-193.7826407271395,2357.196106895182,5936.096298996142,68.99912131652093,-194.84327546425922,0.22085800634696737
442.96365741247837,-193.77600545465634,2357.1773698707034,5936.09632023482,69.30501692618635,-195.70707952071686,0.22183626972844261
442.9637528343885,-193.7693776030755,2357.1586538017264,5936.096341449663,69.61225748319072,-196.574681508508,0.22281883907823277
442.96384771951153,-193.76275782078758,2357.1399605192096,5936.096362638595,69.92081779145526,-197.44601027762718,0.22380563381076674
442.9639421600664,-193.7561398374522,2357.1212723166427,5936.096383821687,70.23099716531691,-198.3219110475854,0.22479761115028607
442.9640360864147,-193.74952868825693,2357.102603412649,5936.0964049828235,70.54256715774082,-199.20173871767463,0.22579404050571722
442.9641295263531,-193.74292259362142,2357.083948781957,5936.096426127702,70.85561795493075,-200.08574796042362,0.22679521029732136
442.96422236319125,-193.73633002460235,2357.0653323455745,5936.096447229209,71.16975184034213,-200.97281568301952,0.22779984857466545
442.96431462978705,-193.72974891131335,2357.0467482584495,5936.09646829397,71.48506863286279,-201.8632237592724,0.2288082745533856
442.96440641845123,-193.7231728766169,2357.0281785124926,5936.0964893424,71.80187838434665,-202.7578477298516,0.2298214798131066
442.96449778399113,-193.71659813362635,2357.0096124140982,5936.096510386618,72.12037209191095,-203.65722694242046,0.23084007519361233
442.9645886776852,-193.71002832721956,2356.9910602558607,5936.096531414961,72.44038185022976,-204.56088725712482,0.23186352370838048
442.9646790682307,-193.7034658992657,2356.972528933257,5936.096552419613,72.76179497473551,-205.46851046938264,0.23289146496805546
442.9647689027258,-193.6969149128526,2356.9540299198434,5936.096573387569,73.08441610768249,-206.37954491776458,0.23392327417020078
442.9648582794389,-193.6903684049835,2356.9355435531515,5936.096594341118,73.40859298393569,-207.29497255419292,0.23496006343531034
442.96494715117933,-193.68383001299094,2356.9170801044684,5936.096615268619,73.73415167095767,-208.21430221886294,0.23600127648448743
442.96503554579226,-193.67729788087115,2356.8986343327156,5936.096636176012,74.06119005774464,-209.13781033584883,0.23704722638368197
442.96512338317854,-193.67077814856972,2356.880223576188,5936.096657043647,74.38940445371864,-210.0646393278016,0.23809694184473587
442.9652108210314,-193.6642592964029,2356.861815305009,5936.096677908395,74.71938073066688,-210.9964436101433,0.23915229663392
442.96529779127803,-193.65774654269543,2356.843424254953,5936.096698753555,75.0508633367745,-211.93250154228272,0.2402124734277344
442.96538420156224,-193.65124702871222,2356.825070591893,5936.096719556271,75.38349224491003,-212.87179646076638,0.24127632074484912
442.9654702361142,-193.6447470790391,2356.806715698489,5936.096740360314,75.71797353461749,-213.8163222299637,0.24234609683565578
442.96555577802155,-193.63825567700385,2356.7883849423256,5936.0967611369315,76.05385313815712,-214.76479662962993,0.2434203494493077
442.9656409078242,-193.63176688166732,2356.770061547072,5936.09678190514,76.39144540901795,-215.71810734759697,0.24450008398810355
442.96572553889325,-193.6252874724485,2356.7517646568026,5936.096802643243,76.730404250946,-216.67527705915552,0.24558419351528388
442.9658096917336,-193.6188160918005,2356.7334904380064,5936.096823355584,77.07080498509151,-217.63651846011302,0.24667291892548315
442.96589339739717,-193.61235054040156,2356.715232680125,5936.096844049204,77.41276914360495,-218.60217473931542,0.24776664891733294
442.96597661923477,-193.60589384302023,2356.6969999246567,5936.096864714424,77.75614224348256,-219.57180965957755,0.24886488938988896
442.9660593965319,-193.59944314673638,2356.678784115378,5936.096885360374,78.1010814417211,-220.54586700904923,0.2499681429858869
442.96614171035964,-193.59300011362924,2356.660589945755,5936.096905981735,78.44750383001713,-221.52411266692832,0.2510761445261951
442.9662235879934,-193.5865627937754,2356.6424119094927,5936.09692658475,78.79552036301283,-222.50685995273787,0.25218924888456273
442.96630498034244,-193.5801352456388,2356.624261467092,5936.0969471564285,79.14491681819221,-223.49350393373632,0.25330677087969083
442.96638599427536,-193.57370920076613,2356.606115269667,5936.096967723237,79.49614974804875,-224.48533384672993,0.2544301707623239
442.966466550742,-193.5672910881031,2356.5879914716074,5936.096988264599,79.84887569353732,-225.4813798141083,0.25555834999574334
442.96654671667716,-193.56087574195274,2356.5698754857513,5936.097008797047,80.20338595354828,-226.48246442090945,0.2566922402849299
442.9666263597753,-193.55447395452876,2356.5517977877093,5936.097029286043,80.55908901642488,-227.4869173255939,0.25782994969021167
442.9667056274852,-193.54807407238815,2356.533725469888,5936.097049768884,80.91663765535863,-228.49658186322807,0.2589735660872871
442.96678444429887,-193.54168235450464,2356.5156762067004,5936.097070225538,81.27568994293148,-229.51049248129505,0.26012199582229223
442.9668627993362,-193.53529989462498,2356.497653086725,5936.097090652506,81.63618882388339,-230.52848806417174,0.2612750563952542
442.9669407575574,-193.5289215860505,2356.4796416894033,5936.097111066133,81.99842898924851,-231.551400775805,0.2624336903745771
442.96701828352445,-193.52255049927564,2356.4616506853554,5936.097131456591,82.36224327130358,-232.57875855924172,0.2635973630672137
442.9670953870904,-193.5161860118714,2356.443678316935,5936.097151825875,82.72767330535434,-233.61067898643577,0.26476620763991165
442.9671720844883,-193.5098269592532,2356.4257212955276,5936.0971721777105,83.09479290872103,-234.64737050659477,0.2659404601971119
442.96724835965284,-193.50347485101386,2356.4077838840003,5936.097192507268,83.46352173793025,-235.68860624162133,0.2671198637518079
442.967324202222,-193.497130744659,2356.3898690685915,5936.097212811163,83.83380401135112,-236.7342286724333,0.268304239876556
442.96739967224784,-193.49078978626545,2356.371963142543,5936.0972331049325,84.2059304723936,-237.78505881546383,0.269494518533535
442.9674747128827,-193.48445692201437,2356.3540800731366,5936.097253372745,84.57961826366471,-238.8402979232292,0.2706897949760187
442.9675493341396,-193.47813150526082,2356.3362180343433,5936.097273616672,84.95491090303989,-239.90006888378159,0.27189020839344347
442.9676235780234,-193.47181014690452,2356.3183674558463,5936.097293847561,85.33201680348768,-240.96496022455014,0.27309642541372137
442.96769742409316,-193.46549474894175,2356.3005337086015,5936.097314059323,85.71083058587575,-242.03467437043687,0.27430810896762614
442.96777087859465,-193.45918494906752,2356.2827157695137,5936.097334253121,86.0913813447868,-243.10929348024501,0.27552535211466955
442.9678438624745,-193.4528877538321,2356.264933424042,5936.09735440653,86.47325060099128,-244.1876358304711,0.2767468162834372
442.96791647439113,-193.44659485786124,2356.247163219041,5936.097374546132,86.85694674242019,-245.2711370335095,0.2779741276186473
442.9679887413042,-193.44030406192215,2356.2293989442037,5936.097394678966,87.24261385305644,-246.36020396123564,0.27920774699640527
442.9680605702743,-193.43402363385312,2356.2116639466794,5936.097414778572,87.62975204420441,-247.45342500184637,0.2804460754369534
442.96813201244765,-193.42774930567307,2356.193946174323,5936.097434858609,88.01862939240173,-248.55155716386992,0.28168997042211535
442.968203094768,-193.42147887202572,2356.1762393995355,5936.097454926136,88.40939086271477,-249.65500980723093,0.282939895647199
442.9682737761833,-193.41521612570787,2356.1585543326128,5936.097474969016,88.80180759326771,-250.7631366598155,0.28419511905058303
442.9683441013258,-193.40895728359436,2356.1408802905703,5936.097494999356,89.19612415392415,-251.87662835077487,0.2854564229347079
442.96841403209504,-193.4027059065395,2356.123227328733,5936.097515005761,89.59212386462193,-252.99487300763775,0.2867231142001348
442.96848363885937,-193.39645585696783,2356.105578115498,5936.097535007873,89.99020454733039,-254.1189940208504,0.28799646536616347
442.96855280755085,-193.3902175584181,2356.087962085393,5936.097554972335,90.38970912471217,-255.24713590112682,0.2892743746177995
442.9686216082115,-193.38398490376306,2356.0703619927967,5936.097574918692,90.7910332856815,-256.38041601548093,0.2905581076510543
442.96869002238077,-193.37775974681446,2356.0527830725987,5936.0975948410105,91.19406448028215,-257.5185165394728,0.29184730444304813
442.9687581102283,-193.37153677107995,2356.035210311813,5936.097614756306,91.5991555873094,-258.66243395066385,0.2931430937638778
442.9688258469969,-193.36531837838317,2356.0176504928336,5936.097634656893,92.00616052081399,-259.81175572392567,0.29444500832036674
442.9688932010416,-193.35910764937364,2356.0001123149577,5936.097654532913,92.41488502227574,-260.96593330191143,0.2957524267207908
442.96896017896694,-193.3529041682761,2355.9825946040983,5936.097674385696,92.82536241647325,-262.12506078887196,0.2970654555578472
442.969026762856,-193.34670979719948,2355.965102618575,5936.097694209285,93.23747467448263,-263.28880488857465,0.2983837172754413
442.9690930031977,-193.34052002404812,2355.947623616899,5936.0977140181185,93.65152861778603,-264.4580320195333,0.2997081933270753
442.9691588501914,-193.33433968936248,2355.9301712680385,5936.097733796708,94.06720690578938,-265.63184605882066,0.30103786859833565
442.9692243587161,-193.32816382832675,2355.9127315520905,5936.097753560941,94.48485000845857,-266.81120844329337,0.3023738321824857
442.96928950639085,-193.32199471903587,2355.8953109020567,5936.097773303528,94.90431190843856,-267.99570684152644,0.3037156169939593
442.9693543658052,-193.31582562625815,2355.8778902986423,5936.097793046024,95.32606111337117,-269.1866642498426,0.3050647217068912
442.969418834311,-193.30966647306738,2355.860497763136,5936.097812756673,95.74942804633636,-270.3821898820026,0.30641900445555614
442.9694829302063,-193.30351572675661,2355.8431289674013,5936.097832440381,96.17452220037079,-271.58259293015806,0.30777881548220676
442.9695467154546,-193.2973676079366,2355.8257675912996,5936.097852115644,96.60175126405716,-272.7890246465977,0.3091454589174107
442.9696101532485,-193.29122581724565,2355.8084240848852,5936.097871770618,97.03086754582185,-274.0007855869353,0.3105181424308573
442.9696732216548,-193.28509267096496,2355.7911049889926,5936.097891397892,97.46171528019684,-275.21743589251895,0.31189636774469326
442.96973600373127,-193.27896024760167,2355.773787934501,5936.097911022817,97.894860245226,-276.44057323690066,0.31328194470714005
442.96979844329667,-193.27283417508448,2355.756488813846,5936.097930627382,98.32991558436211,-277.6691051943845,0.3146736358124383
442.969860482099,-193.26672038566787,2355.7392243788354,5936.097950192604,98.76646400445789,-278.90185339081927,0.3160701061802354
442.96992222390054,-193.26060884346603,2355.721966289616,5936.0979697506,99.2052284935579,-280.1408594375536,0.3174736685644303
442.9699836631497,-193.25450022536407,2355.7047164576106,5936.097989299204,99.64617233217426,-281.38601964418217,0.31888420550485014
442.97004474135133,-193.2484005189569,2355.6874917909,5936.098008819255,100.08887132052386,-282.63613613323645,0.32030036002389445
442.9701054562566,-193.2423101631256,2355.670293528819,5936.098028309349,100.53329783296648,-283.89113089399535,0.3217220437415753
442.9701658844937,-193.2362216383668,2355.653100437405,5936.098047793549,100.98000902025736,-285.1525772378155,0.32315103893436226
442.9702259969131,-193.23013801922502,2355.635921198717,5936.098067262018,101.42879042461081,-286.41986956761883,0.32458665956853794
442.9702857454864,-193.2240643578865,2355.618770079379,5936.098086698588,101.87927563285336,-287.69197318678243,0.3260277335082613
442.9703452136101,-193.21799234667458,2355.6016236197443,5936.098106129845,102.33208909426205,-288.9706514477342,0.3274762583245294
442.97040436275415,-193.21192606135097,2355.5844933291596,5936.098125542747,102.78693772238313,-290.25507671766536,0.32893129645021757
442.970463207949,-193.20586412004707,2355.567375305433,5936.098144941716,103.24393439735269,-291.54556775338983,0.3303932089812888
442.9705217596126,-193.19980559383535,2355.550266925411,5936.098164329725,103.70315987489778,-292.84235259713984,0.33186225425149224
442.97057996005304,-193.19375663122463,2355.5331855515715,5936.098183687098,104.1641556510018,-294.1441365013719,0.3333369655194349
442.97063782721926,-193.18771557544557,2355.516126505443,5936.098203019138,104.6270527609001,-295.45128949021665,0.33481776195556234
442.9706953949344,-193.18167907074863,2355.4990803108867,5936.098222336584,105.09211623373876,-296.76455996679334,0.3363054913779098
442.97075264094326,-193.17564962024687,2355.482054036323,5936.0982416314255,105.55916167067583,-298.083427216041,0.3377995638949431
442.9708095473042,-193.1696293135157,2355.4650535824035,5936.098260896977,106.02803278339532,-299.40744990286845,0.3392994795360213
442.9708662087827,-193.1636082730859,2355.4480510566186,5936.098280164847,106.4995093649888,-300.73883004765264,0.3408077328533511
442.97092253649316,-193.15759609032193,2355.43107354356,5936.0982994043425,106.97285109987861,-302.0754771086799,0.3423219555771876
442.9709785131041,-193.15159483870852,2355.414126898442,5936.098318608829,107.44789804795086,-303.41693943872326,0.3438416360495654
442.9710342517642,-193.14559254526293,2355.3971773113362,5936.098337816621,107.92560763823047,-304.7659206757624,0.34536983709473096
442.97108969693164,-193.1395953096518,2355.3802420067964,5936.0983570082,108.40550791455276,-306.1210880853826,0.3469050489191052
442.97114484356143,-193.13360384153685,2355.3633229888023,5936.098376181294,108.88755123677288,-307.4823071388609,0.3484471191182964
442.97119963998006,-193.12762396229863,2355.3464366960707,5936.098395317276,109.37127414036304,-308.8482690809139,0.3499945650492735
442.9712541346602,-193.1216505941692,2355.329568789737,5936.098414432395,109.85709177586948,-310.22014623528975,0.35154871478527766
442.97130835905443,-193.11568044573391,2355.312709975334,5936.098433537183,110.34528175623508,-311.5987225398832,0.3531104564192836
442.97136234418366,-193.1097102139853,2355.2958509256587,5936.098452642212,110.83612852307837,-312.9848012157572,0.3546806998954376
442.9714159850675,-193.1037516775173,2355.2790249017144,5936.098471709789,111.32867244146335,-314.37567239577845,0.3562563752903443
442.97146935640757,-193.09779673155288,2355.2622090168124,5936.09849076585,111.82358978828795,-315.77324578588934,0.35783964604598834
442.9715224797018,-193.09184310155487,2355.2453968479967,5936.098509817675,112.32108293670487,-317.1780928579421,0.35943115956784893
442.9715752846707,-193.08589882632285,2355.228611095646,5936.098528839539,112.82048963552792,-318.5883435125343,0.3610287972681629
442.9716278378334,-193.0799565850452,2355.211831086873,5936.098547854868,113.32243397675337,-320.0057600931604,0.36263455565896896
442.97168009222355,-193.07402184307438,2355.195072255024,5936.098566846175,113.82646462712299,-321.4290681014531,0.3642469908889839
442.9717320400743,-193.06809568082502,2355.1783376510293,5936.098585810002,114.33249567832851,-322.85802494505776,0.3658658281246462
442.97178373505125,-193.06217214194507,2355.1616104550335,5936.09860476541,114.84104497512398,-324.2940929409684,0.3674927239935499
442.97183509344643,-193.05626100924275,2355.1449182922374,5936.098623681093,115.35127922197277,-325.73491898584183,0.3691250127016476
442.9718861986208,-193.05035288173136,2355.128234615648,5936.098642587136,115.86401621869383,-327.1828124254084,0.37076531046427846
442.9719370230656,-193.04445109257824,2355.1115688376362,5936.098661472873,116.37897729160198,-328.63698632640035,0.37241272577448936
442.97198760952404,-193.03855082153987,2355.094907346548,5936.098680353728,116.89659473083452,-330.0986614122247,0.3740686415738945
442.9720379285247,-193.03265564091024,2355.078260230013,5936.098699218272,117.41656778297474,-331.5669883997182,0.3757320957190528
442.9720879670334,-193.02676724762972,2355.0616322799387,5936.098718061073,117.93875569740497,-333.0415698299565,0.3774026379293024
442.97213776079974,-193.02088158901398,2355.045012052146,5936.0987368951,118.46352852068146,-334.523450659679,0.37908145202665167
442.97218722950913,-193.015008349827,2355.028426894973,5936.098755689363,118.99002934843533,-336.0102111177009,0.3807657966613968
442.972236448987,-193.0091387248996,2355.011851943927,5936.098774472039,119.51905348818366,-337.5040970348111,0.38245821612008607
442.9722854520918,-193.00326890906373,2354.995276453777,5936.0987932553035,120.05095908778195,-339.0061197675752,0.3841598561680666
442.97233412764615,-192.9974123973873,2354.9787385325953,5936.098811995973,120.58453140018071,-340.5128490500146,0.38586683065662236
442.972382562269,-192.99155896762207,2354.9622093142675,5936.098830726759,121.12070750089015,-342.02693104475645,0.38758213741913317
442.97243076590274,-192.98570754239856,2354.945685756462,5936.098849451109,121.65960020857999,-343.54868433503503,0.3893061373803023
442.97247869191204,-192.97986393850996,2354.929184284941,5936.098868150411,122.20068448040116,-345.07662627751273,0.39103715084617074
442.9725263741404,-192.97402419755156,2354.9126937217566,5936.0988868373315,122.7443361546244,-346.6118181838701,0.39277638017940064
442.9725737822763,-192.96819219930384,2354.8962250228333,5936.098905499454,123.29020343238254,-348.15326662614837,0.39452269991583966
442.9726209188755,-192.962367821745,2354.8797778436,5936.098924137172,123.83830430162469,-349.7010223996564,0.3962761675968056
442.9726678580789,-192.95654203520658,2354.8633266856114,5936.0989427793775,124.38950205051155,-351.2575233024526,0.3980395450279473
442.9727145282172,-192.95072386621848,2354.8468970384497,5936.098961397187,124.94295625744307,-352.82039610826405,0.3998101435547842
442.9727609256876,-192.944913959704,2354.8304907232837,5936.098979988537,125.49861180003943,-354.3894851596462,0.40158778682564916
442.9728071013005,-192.9391061118857,2354.8140902215646,5936.098998573281,126.05707253757087,-355.966495665847,0.40337440669422714
442.9728530142056,-192.93330561330245,2354.7977104729903,5936.099017134488,126.61784102285624,-357.55002290961767,0.40516841173282014
442.97289866827674,-192.9275121602278,2354.7813506198827,5936.099035673132,127.18095403158654,-359.1401707400705,0.40696991958941
442.9729440861497,-192.9217230457143,2354.765003018223,5936.099054197873,127.74668446292847,-360.73770978408083,0.40877980331872427
442.97298925993664,-192.9159394303245,2354.7486709452687,5936.099072704998,128.31492993961174,-362.3423509433835,0.4105977353937904
442.97303421145574,-192.91015866592272,2354.7323469230764,5936.099091202983,128.8859629078328,-363.95486356573156,0.41242458742408117
442.9730789134699,-192.90438440711682,2354.7160412717176,5936.099109680132,129.45943386545198,-365.5742607087892,0.41425924127877195
442.9731233760632,-192.8986155200128,2354.6997507892434,5936.099128140074,130.035464952288,-367.2008872773357,0.4161020877058039
442.9731676033357,-192.8928516312032,2354.6834744212065,5936.099146584003,130.61410422190988,-368.8348789675413,0.41795328043670854
442.97321161453533,-192.8870903725304,2354.6672054802807,5936.099165019499,131.19560244986548,-370.476943932452,0.4198136217563934
442.9732553884073,-192.88133467035985,2354.650952230089,5936.099183437198,131.77967690419717,-372.1262837788492,0.42168220714198784
442.9732989309005,-192.87558390186942,2354.6347129118735,5936.099201839092,132.36640158623825,-373.7831074755504,0.42355927333823035
442.9733422129205,-192.8698420915352,2354.618498890159,5936.099220212303,132.9553739165177,-375.446278197692,0.4254435323974573
442.97338529341886,-192.86410157645665,2354.6022885260495,5936.099238581353,133.5473909832391,-377.1180468044321,0.42733753438765276
442.97342810833095,-192.8583710576959,2354.586106390055,5936.099256918399,134.14156566142486,-378.795908186086,0.42923844118455184
442.9734707054326,-192.85264432168862,2354.569934935991,5936.099275243324,134.73855037920333,-380.48170470316114,0.4311483400577239
442.9735130777933,-192.84692244677825,2354.5537772089397,5936.099293552677,135.3382452221187,-382.17515421201733,0.4330669113554659
442.973555224873,-192.8412056612052,2354.537633853418,5936.09931184573,135.94063771133943,-383.87622147428124,0.43499411515308734
442.9735971660882,-192.83549147154682,2354.52149782837,5936.09933013046,136.5460040012971,-385.5856863092091,0.4369308349368682
442.9736388659136,-192.82978487472562,2354.505383244364,5936.099348390877,137.15382603704205,-387.30208580627345,0.4388754133161109
442.9736803416461,-192.82408367915147,2354.489283912675,5936.0993666339955,137.76434620202855,-389.0261044204876,0.44082862573411136
442.97372154310847,-192.81839499007665,2354.4732198974825,5936.099384837079,138.37680832511356,-390.7556068364276,0.44278805299711715
442.9737625913251,-192.81270224260263,2354.4571444219673,5936.099403053134,138.99300876176932,-392.49566569615934,0.4447594421172637
442.97380339335484,-192.80701844738698,2354.441094226299,5936.099421240528,139.61155525551115,-394.2423494733688,0.4467383388965216
442.9738439859369,-192.80133866158243,2354.425055352609,5936.099439415077,140.23299478749396,-395.99720276190635,0.4487264932714794
442.9738843723114,-192.79566257173605,2354.4090269157527,5936.099457577784,140.85737537689664,-397.7603611608283,0.45072405886792544
442.9739245467316,-192.7899911296519,2354.393011603484,5936.099475725605,141.48460553978504,-399.5315663330413,0.4527307430025581
442.973964507352,-192.78432474911955,2354.377010584283,5936.099493857215,142.114651565542,-401.310723084751,0.45474643782402696
442.9740042269822,-192.77866746848096,2354.3610352618302,5936.099511959692,142.74707252261055,-403.09658629048414,0.45676973266401755
442.9740437767048,-192.7730093066052,2354.3450574508893,5936.099530064975,143.38299766425695,-404.89234479437357,0.45880424032457123
442.97408309201734,-192.76735963049214,2354.329103602481,5936.09954814309,144.02138829313427,-406.695065468805,0.4608466377131436
442.97412218706563,-192.76171659648026,2354.3131685103785,5936.099566199938,144.66246001362225,-408.5053571486455,0.46289761460644907
442.974161072,-192.75607890747128,2354.297248511768,5936.099584239669,145.30637033111236,-410.3236646058155,0.46495767490770484
442.9741997586842,-192.75044499226104,2354.281339169802,5936.09960226731,145.95331151592669,-412.15053078325485,0.4670274337453806
442.97423824954745,-192.74481463401168,2354.2654398721625,5936.099620283556,146.60332298647978,-413.9860669927335,0.46910701723032056
442.9742765406622,-192.73918854749147,2354.249552637249,5936.099638286119,147.25633634518084,-415.83008008957626,0.4711962065371904
442.97431459877185,-192.73357179773933,2354.233691767982,5936.099656258794,147.91177246305006,-417.6809346992405,0.4732931488517836
442.97435245391324,-192.72796013583124,2354.2178452660282,5936.099674215176,148.57013517264312,-419.54005357031076,0.4753994560858555
442.97439010196916,-192.72235433276546,2354.2020153085737,5936.099692152797,149.23134531426655,-421.40721316752695,0.4775148749806292
442.97442753849856,-192.71675522106156,2354.18620424653,5936.099710068994,149.8953144920556,-423.2821638740484,0.4796391227269149
442.9744647542456,-192.71116437212407,2354.1704165173105,5936.099727958739,150.56186388033223,-425.1644007126235,0.481771627200494
442.9745018283891,-192.70557001023892,2354.1546188680436,5936.099745859712,151.23241472309203,-427.05793706598433,0.4839169354157781
442.97453868311743,-192.69998399659812,2354.1388447929785,5936.09976373396,151.90556262457577,-428.9588071283259,0.4860705542588934
442.9745753506484,-192.69440161536454,2354.123080975289,5936.099781596572,152.58188635537596,-430.8686452621566,0.48823433540226013
442.97461185558683,-192.68881923236728,2354.107317152616,5936.099799459178,153.26184486298422,-432.78874746727763,0.49040974717048996
442.97464814282324,-192.68324541963585,2354.0915775311005,5936.099817294349,153.94440793770775,-434.7162045839676,0.49259349358152466
442.9746842525615,-192.67767416348528,2354.0758451289867,5936.0998351213275,154.6303234576049,-436.6531285091922,0.49478796734382396
442.9747201292905,-192.67211420823313,2354.060144638933,5936.099852912133,155.31852360242252,-438.5965038765754,0.4969897521387113
442.9747558396188,-192.66655540159977,2354.0444473924044,5936.099870699252,156.01027518076978,-440.5499079661651,0.49920290091203084
442.974791354728,-192.66100236283586,2354.0287664334815,5936.099888467904,156.70501908330544,-442.51176193592045,0.501425624882343
442.97482668585025,-192.65545348911158,2354.0130972360103,5936.099906223217,157.40296860497193,-444.4826680991951,0.5036586064515652
442.9748618392407,-192.64990793510233,2353.997437412919,5936.099923967896,158.10424535670487,-446.4629698672749,0.5059022346944785
442.97489679590257,-192.64436884998722,2353.9817958570234,5936.099941691864,158.8084641024812,-448.45157939064075,0.5081552771053859
442.974931544241,-192.63883825778012,2353.9661782838384,5936.099959388645,159.5153752687865,-450.4477919106224,0.5104169352071614
442.97496611555835,-192.6333113443651,2353.9505710990143,5936.099977073645,160.22560480700736,-452.4533750213038,0.512689211636268
442.97500050220196,-192.62778947812853,2353.934978166671,5936.099994742484,160.9389910651111,-454.4678722412677,0.5149715892092874
442.9750347216484,-192.6222699889464,2353.9193919467743,5936.100012403706,161.65589460795672,-456.4923017523164,0.5172652215014667
442.9750687609149,-192.61675510422788,2353.9038187291976,5936.100030050185,162.3760422560153,-458.52589213588806,0.5195692345128462
442.9751026036738,-192.61124763618128,2353.8882664552007,5936.1000476729205,163.09907769334535,-460.56763720849597,0.521882488257092
442.9751362680825,-192.60574479688339,2353.872727252101,5936.100065280835,163.82537783618847,-462.6186013258271,0.5242061886239023
442.9751697581438,-192.60024607691912,2353.857199681386,5936.100082875559,164.5550243452867,-464.6790150857323,0.526540596874738
442.975203060723,-192.59475378971365,2353.8416902758263,5936.100100449688,165.28772279519293,-466.748047074322,0.5288847710320373
442.97523619741605,-192.5892645231419,2353.8261894000857,5936.100118014143,166.02394215272568,-468.8270215844887,0.5312402114931373
442.97526920022904,-192.58377306732027,2353.8106823422245,5936.100135585592,166.76440428628968,-470.9179770657749,0.5336092277867427
442.97530196999327,-192.57829609169363,2353.7952161742865,5936.100153110699,167.50687231921628,-473.01459690951333,0.5359846633020637
442.9753345917045,-192.57281957660433,2353.7797513068344,5936.100170634321,168.25325476149376,-475.1222704654629,0.5383726240791347
442.9753670243852,-192.5673505405202,2353.7643075589826,5936.1001881340035,169.00261068882364,-477.23834070265735,0.5407700997430996
442.9753992867156,-192.56188599953717,2353.748876504628,5936.100205619293,169.75536019431837,-479.36399390187495,0.543178434329621
442.97543139843765,-192.55642273447225,2353.7334490532735,5936.10022310049,170.51196485365134,-481.50053348450564,0.5455991045965409
442.9754633297385,-192.5509659554404,2353.718039917513,5936.100240560925,171.271719113322,-483.6459670718842,0.548029853205197
442.9754950994911,-192.54551258942507,2353.702640419603,5936.10025801043,172.03506451444918,-485.8015415107834,0.5504720928152543
442.9755267007813,-192.54006396379134,2353.6872543078257,5936.100275444756,172.80183093732884,-487.96677640833695,0.5529252791465215
442.9755581297123,-192.5346209052459,2353.6718839166783,5936.100292861261,173.5719153524429,-490.1413808244344,0.5553890825653595
442.9755893972761,-192.52918165872194,2353.6565242901124,5936.100310265559,174.3455804732939,-492.3260966231261,0.5578643435943262
442.97562050272035,-192.5237464937663,2353.641176189288,5936.100327656788,175.12280410979477,-494.52086114289034,0.5603509912377377
442.97565143881815,-192.51831682299098,2353.625843603213,5936.100345030429,175.90339854318734,-496.72514429373706,0.5628484249070901
442.97568220567763,-192.51289278755578,2353.610526930501,5936.100362386029,176.6873560185127,-498.9389241768108,0.5653566197890196
442.975712784814,-192.50747783009024,2353.595235892628,5936.100379712573,177.47418736554414,-501.1608194477906,0.5678740108278485
442.9757432143466,-192.50206536319578,2353.579951887756,5936.100397031139,178.26486185176364,-503.3935671745921,0.5704036990991215
442.97577349029274,-192.4966562196144,2353.564677267426,5936.100414339064,179.05927665380392,-505.63687699924435,0.5729453556292299
442.97580360749294,-192.49125145811226,2353.549415021436,5936.100431632958,179.85729296788932,-507.89035696042856,0.575498536327621
442.97583359383,-192.48584618639245,2353.5341513346643,5936.100448928477,180.65965445761702,-510.1561070540776,0.5780656204792286
442.9758633955363,-192.4804502408939,2353.5189139837576,5936.100466194146,181.46491651836308,-512.4300479305422,0.5806419861989884
442.97589304173755,-192.47505852410453,2353.503688574097,5936.1004834462765,182.2738498019297,-514.7143557964521,0.5832300991170359
442.97592251721,-192.46967396611188,2353.4884833798155,5936.100500675493,183.0860272215913,-517.0078246221062,0.5858285928036792
442.9759518326905,-192.46429477436186,2353.473293339006,5936.100517887531,183.90173033481838,-519.3112494841299,0.5884383680758297
442.97598098392956,-192.45892189163544,2353.4581211139425,5936.100535079374,184.72082839596112,-521.62426117616,0.5910590066211845
442.976009976141,-192.45355452085747,2353.4429644538027,5936.1005522535725,185.54345498330375,-523.9472369035011,0.5936909358103883
442.9760388266261,-192.44818959707953,2353.427814703626,5936.100569419933,186.37009667040184,-526.2815506778579,0.596335712396494
442.9760675319665,-192.44282787867996,2353.4126740049614,5936.10058657603,187.2006563394168,-528.6269282528284,0.5989930256584933
442.9760960998669,-192.43746804556045,2353.397538630046,5936.100603726087,188.03535901559553,-530.9840050664039,0.6016635955480313
442.9761244970541,-192.43211649314478,2353.382426638609,5936.10062084964,188.8732230180827,-533.3500089971477,0.6043442812476397
442.97615272463827,-192.42677320748538,2353.3673379912657,5936.100637946735,189.7142568778124,-535.7249641351561,0.6070351100472873
442.9761808305829,-192.42142924483727,2353.3522474322044,5936.10065504599,190.55988594653772,-538.1128954628132,0.6097406422591595
442.9762087988074,-192.4160877595222,2353.337163868762,5936.10067213731,191.4096360793206,-540.512464064992,0.6124593608905504
442.9762365927583,-192.4107558981902,2353.322107482021,5936.100689197829,192.26238237213076,-542.9204933792104,0.615187666883954
442.9762642667484,-192.40542338639182,2353.3070492584566,5936.100706260422,193.1197841257418,-545.3416690252571,0.6179308690624545
442.97629181202075,-192.40009199944572,2353.2919942113067,5936.10072331941,193.9815829367367,-547.7752613101288,0.6206881406827914
442.97631919549076,-192.3947682844232,2353.2769608285307,5936.1007403538415,194.84673693347858,-550.2183281425338,0.6234561483404042
442.9763464500196,-192.38944599827423,2353.26193148068,5936.100757383695,195.71627679163808,-552.6737799980124,0.6262381896182312
442.976373525206,-192.3841351539661,2353.246934442891,5936.100774376931,196.5885778409756,-555.1370290482826,0.629029066477404
442.97640048038943,-192.37882427272086,2353.231937300795,5936.100791370279,197.46553864347607,-557.613436551376,0.6318348532553036
442.97642726867645,-192.37352274037235,2353.2169665585966,5936.100808333706,198.34562530073893,-560.0986710052497,0.6346506423289121
442.97645389861106,-192.3682290651539,2353.2020180037684,5936.100825271986,199.2290909840941,-562.5934473282673,0.6374772437018205
442.97648041024615,-192.3629354219538,2353.187069539353,5936.100842210157,200.11725954763557,-565.1015038884393,0.6403188929738415
442.9765067793033,-192.35764677624914,2353.172135187123,5936.100859132331,201.00931968378683,-567.6205496732563,0.6431729944086714
442.9765330152922,-192.35236135986955,2353.1572099540267,5936.1008760441655,201.90558725123003,-570.1514766208845,0.6460405585793094
442.9765591024061,-192.34708250668947,2353.1423032544317,5936.100892934994,202.8055124622047,-572.6927322120667,0.6489198264652594
442.97658506829254,-192.34180475741195,2353.1273996720925,5936.100909822284,203.71004450908467,-575.2469968255701,0.6518138349616216
442.97661090295145,-192.3365302578126,2353.112505266361,5936.10092669917,204.61883874491494,-577.8132972294073,0.6547214813868365
442.97663658550493,-192.3312634273891,2353.0976325172446,5936.100943551511,205.53114787735103,-580.389523180611,0.6576403748106617
442.9766621401054,-192.3259994675114,2353.0827678741225,5936.10096039466,206.44781786981446,-582.9780635546657,0.6605732218545612
442.97668756211056,-192.3207394639988,2353.067914403188,5936.1009772251455,207.36867958388427,-585.5784407297066,0.6635194813668459
442.97671283845887,-192.31548627518623,2353.053080175955,5936.100994033819,208.29324712957253,-588.1892826243294,0.6664775987604958
442.9767379740871,-192.31023904412882,2353.038262772539,5936.101010823424,209.22168306937706,-590.8110482909661,0.6694480941453068
442.9767630135714,-192.30498856720058,2353.0234362032625,5936.101027623409,210.15564185156424,-593.448409646629,0.672436260866406
442.97678790595523,-192.29974564192204,2353.0086309587246,5936.101044399225,211.09322663181504,-596.096010283733,0.6754360300406972
442.97681266983363,-192.2945065114004,2352.9938364300165,5936.101061162894,212.03512316904775,-598.7557866839574,0.6784495957274733
442.97683728425915,-192.28927577240202,2352.979065597726,5936.101077899707,212.98051777467455,-601.425441111174,0.6814743545557173
442.9768617744788,-192.28404822068114,2352.964303765833,5936.101094626316,213.93036468210963,-604.1076681792979,0.6845133595616772
442.97688614243964,-192.27882356477167,2352.949550111281,5936.101111343653,214.8847384603161,-606.8026784600431,0.6875668493261918
442.9769103771939,-192.27360429074295,2352.9348116543615,5936.101128043765,215.84320349201204,-609.509241834687,0.6906334301041364
442.97693449767496,-192.26838645009317,2352.9200772450904,5936.101144739286,216.8065056086998,-612.2294644209921,0.6937154881611047
442.9769584820931,-192.263174891448,2352.9053605752683,5936.1011614147,217.77376915110884,-614.9608734867966,0.6968102218491232
442.97698232074055,-192.25797190676377,2352.8906681170406,5936.101178062676,218.74457771771768,-617.7022931758421,0.69991629889961
442.9770060373088,-192.25277248945955,2352.8759857325645,5936.101194699231,219.71987847975103,-620.4563981594638,0.7030367497603434
442.9770296258764,-192.24757807803223,2352.8613174839415,5936.101211319765,220.69941995047108,-623.2224782763406,0.7061707698046518
442.97705311190737,-192.24238317840855,2352.846647856723,5936.1012279418555,221.68426270159654,-626.0035284240149,0.7093217523072727
442.9770764382978,-192.23720058333717,2352.8320129757362,5936.101244524571,222.67199508261535,-628.7927384584265,0.712481981243893
442.9770996886047,-192.23201185266367,2352.8173607687163,5936.1012611269125,223.66615377244872,-631.6000954373301,0.7156627721439502
442.9771227713368,-192.22683754255877,2352.8027492832452,5936.101277683108,224.66281925093665,-634.4145312159845,0.7188515845799424
442.9771457589211,-192.22166158579293,2352.788133147846,5936.101294244567,225.66509863326377,-637.2448198277375,0.7220583597060456
442.97716863827657,-192.21648700888463,2352.7735209089587,5936.101310801607,226.67243822984383,-640.0893977351576,0.7252813260040588
442.9771913729283,-192.21132221876476,2352.7589363065113,5936.101327327327,227.68321628137886,-642.9436853300518,0.7285152946802239
442.9772140025615,-192.20615835431263,2352.7443543180107,5936.101343850081,228.69918254807573,-645.8126236762329,0.7317658640634589
442.97723650492503,-192.20100062290507,2352.7297896483183,5936.1013603532065,229.7193338263254,-648.6933798752107,0.7350298244177916
442.97725888990374,-192.1958469094039,2352.7152363245973,5936.101376843471,230.74410502479455,-651.5871820446819,0.7383085672261775
442.9772811745417,-192.19069340068276,2352.7006835791435,5936.101393333076,231.7742803410431,-654.4962446424721,0.7416046015193973
442.97730332746283,-192.1855474875247,2352.6861522824333,5936.1014097983725,232.8084027816457,-657.4164533348251,0.744913265662678
442.9773253689037,-192.18040462297492,2352.6716295945403,5936.10142625391,233.84740205839122,-660.3504334902088,0.7482375342577136
442.977347282701,-192.17526872781875,2352.657126587181,5936.101442687144,234.89050304565464,-663.2959962686,0.7515749272957793
442.9773690872438,-192.17013564005447,2352.64263150748,5936.101459111391,235.9385684746117,-666.2555778951296,0.7549282050768196
442.97739077645446,-192.1650069208143,2352.6281487638425,5936.101475521656,236.99130128760262,-669.22833952294,0.7582964171664295
442.97741234336524,-192.15988437045118,2352.613683440199,5936.101491912177,238.0483482278502,-672.2132836071855,0.7616784333201579
442.97743380633057,-192.15476376597758,2352.5992236114585,5936.101508296469,239.11060102834747,-675.2129282698352,0.7650771066322005
442.9774551687433,-192.14964440154998,2352.5847672844225,5936.101524676788,240.1782346343106,-678.2277675302819,0.7684929968396721
442.97747641006634,-192.1445313314162,2352.570328731539,5936.101541036964,241.25021644131695,-681.2548854664939,0.7719228001274508
442.9774975539333,-192.13941899600704,2352.555892253408,5936.101557394784,242.32773444143393,-684.2976367922097,0.7753703174728633
442.9775185625308,-192.13431669229323,2352.5414841032975,5936.1015737205025,243.40884532082057,-687.3505338768146,0.77882933124434
442.97753945241965,-192.12922058874665,2352.52709346154,5936.101590026378,244.49436796395895,-690.415889128866,0.7823024614591635
442.97756022921794,-192.1241294714334,2352.512716900166,5936.101606316296,245.58457646703755,-693.4944765554256,0.7857905850864716
442.9775809247451,-192.1190356405085,2352.4983326759534,5936.101622614892,246.68115039907602,-696.5910390107742,0.7892990759105629
442.9776015022732,-192.11394824267765,2352.4839666178445,5936.101638892901,247.78214910242147,-699.7000963649807,0.7928217247932494
442.97762197306145,-192.10886464470286,2352.469611289965,5936.101655158748,248.8881598184358,-702.8233069007202,0.7963604106136991
442.97764233582586,-192.10378530114792,2352.4552679759363,5936.101671410978,249.99910481671643,-705.9604511188429,0.799914884672353
442.97766258244917,-192.0987123900303,2352.440942826157,5936.101687642623,251.11452438651477,-709.1102308642479,0.8034836761208044
442.97768273833765,-192.09363967173638,2352.426618220882,5936.101703873647,252.2358142887719,-712.2765875592131,0.8070712507039572
442.97770278662256,-192.08857150516997,2352.4123064690107,5936.101720090103,253.36203821400136,-715.4568772043544,0.8106746126934461
442.9777227177194,-192.08351047308983,2352.3980148638707,5936.101736283728,254.49263730747327,-718.6495216766448,0.8142919740274793
442.9777425483648,-192.07845247523153,2352.383731826923,5936.101752467641,255.6285453341881,-721.8571577902165,0.8179263222936409
442.97776226806684,-192.0734003285407,2352.3694653128046,5936.101768632828,256.76914978383223,-725.0780559066172,0.8215756977584581
442.97778188106975,-192.06835309905415,2352.3552126841414,5936.101784782278,257.9146783169202,-728.3128589054385,0.8252408288224778
442.9778014018386,-192.0633071873994,2352.340963776839,5936.101800927508,259.06597286314474,-731.5639442714977,0.8289244092486575
442.9778208268312,-192.05826361505729,2352.3267214754082,5936.10181706525,260.2228301429546,-734.8307379734345,0.8326257886421026
442.97784013621305,-192.05322767999704,2352.3125007405297,5936.101833178552,261.38405336955594,-738.1098604625106,0.8363411378671024
442.977859354514,-192.04819312641453,2352.2982839067386,5936.10184928743,262.551105296664,-741.405442338678,0.8400751370226405
442.97787847065285,-192.0431629771851,2352.2840795101874,5936.101865382212,263.7233114329026,-744.7155789381395,0.8438256280638363
442.97789749646364,-192.0381342385514,2352.269879096949,5936.1018814724775,264.90139575124067,-748.0423146533851,0.8475949273528308
442.9779164264174,-192.033108482608,2352.255687106385,5936.101897553196,266.0850190354252,-751.3846915879328,0.8513819495620917
442.97793523885906,-192.02809161925433,2352.2415202271764,5936.101913605458,267.2728046573014,-754.7388223476657,0.8551822901453145
442.9779539532969,-192.02307861247593,2352.2273642383643,5936.101929645378,268.4659585465723,-758.1081122995437,0.8589998074933245
442.97797257847697,-192.01806723724295,2352.213212856794,5936.101945680073,269.66503759962796,-761.4941340365302,0.8628362834060418
442.9779910856312,-192.01306538958252,2352.199088379677,5936.1019616842805,270.86816917280953,-764.8915994901553,0.8666857263233481
442.97800951209047,-192.00806312206984,2352.184962716958,5936.101977689828,272.0777666192452,-768.3073236123857,0.8705558578145434
442.97802782832366,-192.00306858124338,2352.1708588732563,5936.101993670651,273.29188412414874,-771.7358117103199,0.8744404522052779
442.97804607137056,-191.9980717844424,2352.1567486590156,5936.102009658688,274.5129761391429,-775.1839947919876,0.8783473625648294
442.97806420775566,-191.99308201337868,2352.1426582844156,5936.102025624243,275.7388036703581,-778.6455502701588,0.8822694251838757
442.97808224802156,-191.9880965239791,2352.1285800006,5936.102041576094,276.9700575033862,-782.1224288210819,0.8862088502447448
442.9781001887856,-191.98311639622926,2352.1145168572884,5936.102057510787,278.2064908394931,-785.6139335216682,0.8901648481079945
442.97811804606914,-191.9781373063056,2352.1004566446436,5936.102073442156,279.44920354085866,-789.123170219891,0.8941409378084736
442.9781357962148,-191.97316599000882,2352.086418383569,5936.10208934865,280.6965361298309,-792.6454527965295,0.8981318098058485
442.9781534797786,-191.9681911981977,2352.0723703081553,5936.102105266262,281.9513418589335,-796.1888384143163,0.902146593153534
442.97817106434655,-191.96322214545364,2352.0583384390166,5936.102121165507,283.21133146718796,-799.7468625391493,0.9061779633025897
442.97818855054004,-191.95825881353366,2352.0443227246374,5936.102137046445,284.4765262643035,-803.3195853464937,0.910225988432357
442.9782059350801,-191.95330229750158,2352.030326257315,5936.1021529055715,285.746661628021,-806.9062595822645,0.9142898218748221
442.97822323842263,-191.94834689866948,2352.0163329447996,5936.102168761121,287.0232217566979,-810.5110764029024,0.918374212363193
442.97824044798125,-191.94339634180847,2352.0023533052927,5936.102184601175,288.30527508188845,-814.1314051970263,0.9224761793174517
442.9782575683689,-191.9384494371246,2351.9883839789923,5936.102200429541,289.59315263091224,-817.7681807367816,0.9265967818682717
442.97827460679355,-191.93350421797012,2351.9744194123764,5936.102216252511,290.8873958945517,-821.422932111975,0.9307377525314373
442.97829154709774,-191.92856550897704,2351.9604732294915,5936.102232054649,292.18676587771307,-825.0921605838846,0.9348951271036856
442.97830838955906,-191.92363339708203,2351.946545675834,5936.102247835675,293.4912532480535,-828.775839799356,0.9390688757238902
442.97832515661514,-191.91870143697741,2351.9326185508094,5936.102263616213,294.80258957085067,-832.4788594423901,0.9432645385895088
442.978341823915,-191.91377692224418,2351.91871245041,5936.102279372926,296.11886073411017,-836.1958143440833,0.9474759914368217
442.97835842551194,-191.90884990470312,2351.904799282451,5936.102295137644,297.4427566848315,-839.9343005165371,0.9517118408396593
442.97837491156923,-191.9039353212455,2351.890921226502,5936.102310862576,298.7702842350693,-843.6830417881542,0.9559593104583355
442.9783913241533,-191.8990207951504,2351.8770433325353,5936.102326587321,300.10480159363664,-847.4515212434663,0.9602291449945224
442.9784076407802,-191.89411318530978,2351.8631849690464,5936.102342289934,301.44447306731377,-851.2345551565818,0.9645154710836525
442.9784238784883,-191.88920750596992,2351.849332057005,5936.102357986369,302.79068255799945,-855.0360514615863,0.9688227165676784
442.97844003956743,-191.88430316697932,2351.835482929911,5936.102373678512,304.1436270779395,-858.8565664918958,0.9731515117947211
442.9784561119477,-191.8794039541568,2351.8216482783555,5936.102389354251,305.502290512612,-862.693230890529,0.9774986056690169
442.97847208901203,-191.87451204734185,2351.8078342578833,5936.10240500661,306.8660836413937,-866.5443807856766,0.9818621129556294
442.97848797713294,-191.86962566062923,2351.794035825362,5936.102420641305,308.2355187786295,-870.4114628772046,0.9862436728216668
442.97850379182825,-191.86474014369472,2351.7802398489644,5936.102436273215,309.6119278791872,-874.2982384084721,0.9906475469070888
442.9785195260238,-191.85985778830002,2351.7664528002865,5936.102451895007,310.99469931534617,-878.2029802333439,0.9950717782855674
442.978535172232,-191.8549810559897,2351.7526816303653,5936.102467498805,312.3831595009058,-882.1237862441097,0.9995142117907578
442.97855073903696,-191.85010740881523,2351.7389191724105,5936.102483092729,313.7780548389549,-886.0627641725927,1.0039772355680971
442.9785662180005,-191.84523962769728,2351.7251732793297,5936.102498667881,315.17861272395317,-890.0177322951264,1.0084583776341198
442.97858162454304,-191.84037298935897,2351.711430613289,5936.1025142393755,316.5862199647642,-893.992606754633,1.0129620751398403
442.9785969422613,-191.83551280526075,2351.697706173066,5936.102529790216,317.9993668609114,-897.9831243804693,1.0174834977355973
442.9786122042811,-191.83064866078993,2351.683970549336,5936.102545353726,319.4211199991491,-901.9979447596379,1.0220324570944872
442.9786273725199,-191.8257928013482,2351.6702583213014,5936.102560890725,320.84793449990195,-906.027057677019,1.026597611224336
442.97864248001815,-191.82093476983331,2351.656539959653,5936.102576434671,322.28291345660585,-910.079225809078,1.031188888605257
442.9786574844388,-191.81608832243973,2351.6428543098473,5936.1025919415515,323.72201633233686,-914.1430392777241,1.0357933613631691
442.97867242254773,-191.8112417395343,2351.6291682773754,5936.102607448863,325.16874130111074,-918.22837640849,1.040422222057761
442.97868729104283,-191.8063961774803,2351.615485127636,5936.102622952905,326.62278622514515,-922.3343840090082,1.0450745039866576
442.97870206281266,-191.80156062459935,2351.6018302423186,5936.102638424921,328.0814731304641,-926.4534998772332,1.0497416388506777
442.97871677606327,-191.79672270431922,2351.588168671816,5936.102653904509,329.54856289062906,-930.5963441633215,1.054435659734603
442.97873140497745,-191.79189101048257,2351.5745246838674,5936.1026693641725,331.02148591407735,-934.7556607211176,1.0591483451127301
442.9787459568695,-191.78706327444507,2351.560891872157,5936.102684811171,332.50095524706626,-938.9334630876886,1.063881976408382
442.9787604270363,-191.7822411997069,2351.5472750471167,5936.102700240052,333.98647170053806,-943.1283416270388,1.0686349564417803
442.97877480757336,-191.77742759359668,2351.5336821362275,5936.102715641836,335.4771823600102,-947.3378878349412,1.073404556270751
442.9787891380147,-191.77260932703234,2351.5200760649054,5936.10273105853,336.977190274468,-951.573688114288,1.0782039037963436
442.97880339174475,-191.76779542558234,2351.506482320019,5936.102746461254,338.4837329956222,-955.8279417200813,1.0830241604333515
442.97881756219374,-191.76298826107208,2351.4929075992527,5936.102761842422,339.99608776151666,-960.09860767956,1.0878630136684262
442.97883166298124,-191.75818335203803,2351.4793392476163,5936.102777216372,341.5156892491266,-964.3897373081029,1.0927250538200002
442.97884569487115,-191.75338054594542,2351.4657768343745,5936.10279258359,343.0426221106207,-968.7015696509018,1.0976105517369477
442.97885964624464,-191.74858395388665,2351.452231968644,5936.1028079309235,344.5756059725782,-973.0304891229723,1.1025154107998343
442.9788735248037,-191.7437910727732,2351.4386975820726,5936.102823266382,346.11546350929774,-977.3788188347393,1.1074422631954175
442.9788873298964,-191.73900225819605,2351.4251746787972,5936.102838588828,347.6621086443276,-981.7463157190468,1.1123908335170776
442.9789010617558,-191.7342175624265,2351.411663406424,5936.102853898093,349.21555172063586,-986.133008982906,1.117361154856947
442.9789147324624,-191.72943288218968,2351.3981521779124,5936.102869207307,350.7771626456909,-990.5427670421955,1.1223576103048198
442.97892831258116,-191.72465866796853,2351.384670503879,5936.102884483032,352.34355212472366,-994.9660190302656,1.1273693556344562
442.9789418402396,-191.7198816452212,2351.3711808989833,5936.102899767741,353.91910436124476,-999.4151452887583,1.1324104183344261
442.97895529848,-191.7151078834794,2351.3577005026837,5936.1029150420145,355.5018652057318,-1003.88462758873,1.1374745460008397
442.97896868418974,-191.71033861702526,2351.3442328004103,5936.102930301903,357.09145432960975,-1008.3733919385921,1.1425605217515267
442.9789819943164,-191.7055750800342,2351.330781277292,5936.102945543458,358.6874828943086,-1012.88034031579,1.147667101475484
442.9789952351205,-191.70081517270125,2351.31734000379,5936.102960773398,360.2906792822525,-1017.4075295644541,1.152796615670733
442.9790084161476,-191.6960555679083,2351.3038995846155,5936.102976002368,361.9022034218947,-1021.9582351508104,1.157952775591696
442.97902151125123,-191.69130585320374,2351.290487093586,5936.102991199692,363.51883188802117,-1026.5233545992787,1.1631252677114048
442.9790345479064,-191.6865562077505,2351.2770747981112,5936.103006396793,365.1439308126117,-1031.1123933682186,1.168324862154103
442.97904751386784,-191.6818112022226,2351.2636756050983,5936.103021579046,366.77597396229226,-1035.721041600539,1.1735466756511561
442.97906042702743,-191.67706438583076,2351.2502712984733,5936.103036767092,368.41722303508925,-1040.3556859966238,1.178797944632462
442.9790732551615,-191.67232773762692,2351.236895705305,5936.1030519226015,370.0635642386794,-1045.0047098159962,1.1840655067867156
442.979086017664,-191.66759426371257,2351.22352907586,5936.103067067954,371.7174430244711,-1049.6750186513864,1.1893571864728492
442.97909871796895,-191.66286280282347,2351.2101681308995,5936.103082206863,373.3793020616074,-1054.367862534918,1.1946744000359637
442.97911134172506,-191.65813884277077,2351.19682836719,5936.103097321771,375.04723893620445,-1059.0778693314342,1.2000110605924812
442.9791239131745,-191.6534134299383,2351.183484501045,5936.103112441327,376.7244498303601,-1063.814064585986,1.2053773945117081
442.979136413431,-191.64869376968306,2351.170156879326,5936.103127542474,378.4084171353199,-1068.5693389441824,1.2107653465578825
442.97914886545516,-191.6439712902078,2351.1568212965467,5936.103142652641,380.1022431729447,-1073.35245290366,1.2161848427918505
442.9791612302069,-191.6392609374566,2351.14351995784,5936.103157724005,381.8005933028031,-1078.1483422296335,1.221618814716255
442.97917354308896,-191.63454937539765,2351.1302152042267,5936.103172799237,383.5082975656969,-1082.9706462422405,1.227082716331788
442.979185779311,-191.62984621560176,2351.11693417736,5936.103187847583,385.2219044578289,-1087.809618405753,1.2325655043457473
442.97919795518925,-191.6251453355507,2351.1036595881546,5936.103202888635,386.94366710209016,-1092.6716212056408,1.238074387758797
442.97921007372423,-191.6204456774835,2351.09038844965,5936.1032179257745,388.67401598512816,-1097.5578702724622,1.2436107439391122
442.97922211551565,-191.61575490983392,2351.0771424163686,5936.103232934467,390.41015180534424,-1102.460460792941,1.2491656163504468
442.97923410534634,-191.61106351114046,2351.0638946011118,5936.103247945178,392.15562821858595,-1107.38942776507,1.254750375130668
442.97924603608175,-191.60637436097716,2351.050653135371,5936.103262948693,393.90942293630536,-1112.3418843973402,1.2603617494054238
442.9792579011704,-191.6016901596144,2351.0374256443097,5936.103277936371,395.6705589768258,-1117.3150718381398,1.2659966132611433
442.979269702353,-191.59701035951682,2351.0242105817692,5936.1032929099665,397.4392689098811,-1122.3096468299652,1.2716557108182174
442.97928144732793,-191.59233202419392,2351.010999655535,5936.103307878874,399.21669970187395,-1127.3288482361284,1.2773427118668153
442.97929312894024,-191.58765812012422,2350.9978012425036,5936.103322833602,401.00176148647176,-1132.3695984354617,1.2830541293111475
442.97930475604454,-191.58298521792298,2350.9846056586,5936.103337785123,402.7958027735021,-1137.4357054200702,1.2887942777930437
442.9793163112111,-191.57832046070516,2350.971433074923,5936.103352710582,404.59610882282004,-1142.5195031657054,1.294554471329006
442.9793278067997,-191.5736590124347,2350.958269835223,5936.103367625452,406.4045668203465,-1147.6263208060077,1.300340748089001
442.9793392491845,-191.5689983928728,2350.945108935673,5936.10338253767,408.2221820754837,-1152.7589971858918,1.3061563246246624
442.97935062553694,-191.56434395086896,2350.931965480632,5936.10339743012,410.04690303425167,-1157.9117390206538,1.3119946368570565
442.9793619524259,-191.55968902244982,2350.9188206520257,5936.103412324125,411.88138092288455,-1163.0920329806609,1.3178641675550573
442.97937321516844,-191.5550397530923,2350.9056918037713,5936.103427200022,413.72323426734107,-1168.2931541358018,1.323757297038255
442.97938442327376,-191.55039234446838,2350.8925682099525,5936.103442069965,415.5740011437038,-1173.519445785219,1.3296789464805048
442.97939557099795,-191.5457492965912,2350.8794569302368,5936.103456925955,417.432723440534,-1178.7682023640596,1.3356260503414001
442.97940666054427,-191.5411098215547,2350.8663557396935,5936.103471770511,419.2997488372487,-1184.040405667523,1.3415997210434296
442.9794176859256,-191.5364765662169,2350.853272112658,5936.103486595165,421.17403865011363,-1189.333122606523,1.3475966352486688
442.9794286555322,-191.5318461417427,2350.840196479562,5936.103501410761,423.05699265330423,-1194.6503059360919,1.353621271626372
442.9794395767533,-191.52721552311624,2350.8271202982087,5936.103516226976,424.94989040528907,-1199.9955689399033,1.3596777242091271
442.9794504360908,-191.522590546419,2350.8140600488273,5936.103531025139,426.85038689415114,-1205.362289651488,1.3657584899747524
442.9794612461907,-191.51796594252414,2350.8010008521846,5936.103545822108,428.76068635767797,-1210.7566925120157,1.3718706215293615
442.9794719977863,-191.51334578440301,2350.7879542097485,5936.103560604851,430.67914941792895,-1216.1741481608958,1.37800887357295
442.97948269330516,-191.50872915873006,2350.7749175424224,5936.10357537629,432.6061882917543,-1221.615820637484,1.3841745650205537
442.97949333595056,-191.50411479804922,2350.761887271098,5936.103590140481,434.54237225399186,-1227.0833174896395,1.3903695173053512
442.97950391624323,-191.49950694735585,2350.7488753830144,5936.103604883841,436.48595066321326,-1232.5716951651561,1.396588129130289
442.979514435376,-191.4949052480745,2350.735880865607,5936.103619607519,438.437092541079,-1238.0814309561792,1.4028309412903521
442.9795249039135,-191.49030520695743,2350.7228910306103,5936.10363432589,440.3977369301862,-1243.6180004319228,1.4091041578846577
442.9795353215623,-191.48570705266798,2350.709906523735,5936.103649038223,442.36783460619495,-1249.1812645901384,1.41540762141667
442.97954569583976,-191.48110754691166,2350.6969182005164,5936.103663754879,444.3488316640499,-1254.775306988851,1.4217459587676151
442.9795560048001,-191.4765165434652,2350.683953886562,5936.1036784443295,446.33652066838874,-1260.3882464535216,1.4281057079560615
442.9795662641985,-191.4719271698292,2350.6709941749505,5936.103693128564,448.3339037116694,-1266.028560448782,1.4344964743846578
442.9795764664257,-191.4673429512944,2350.6580490205815,5936.103707796305,450.3394845644424,-1271.6920238441887,1.440913470762476
442.9795866189129,-191.46276067220884,2350.6451093429296,5936.103722457839,452.3547072133769,-1277.3827142443088,1.4473613172255366
442.9795967181138,-191.45818204647782,2350.6321799818097,5936.103737107682,454.3788603502471,-1283.098623020024,1.4538377378929868
442.97960676904654,-191.45360490938504,2350.6192548243835,5936.103751752761,456.41294517779295,-1288.8425774196403,1.4603459361834454
442.97961676336496,-191.44903318379488,2350.606344948239,5936.103766380525,458.4552566227427,-1294.6097625686807,1.4668804565939597
442.9796267014057,-191.44446686390117,2350.593450336981,5936.103780990991,460.50582195492274,-1300.400255473098,1.473441386375259
442.97963658630107,-191.43990464982218,2350.580567319935,5936.10379558832,462.5652541861252,-1306.2157871874344,1.4800306869014075
442.9796464267385,-191.43534263642528,2350.5676848695857,5936.103810185006,464.6353639005116,-1312.0614705332987,1.486654151265751
442.97965621511696,-191.43078445010212,2350.5548132263257,5936.103824769446,466.71455450696214,-1317.9327969737496,1.4933066710606329
442.97966594753456,-191.4262320477758,2350.541957916216,5936.103839335378,468.8019626045913,-1323.8273283925168,1.4999854837720423
442.97967564007877,-191.42167800774683,2350.529097981476,5936.103853906549,470.9010402271667,-1329.7548128218725,1.506701634430927
442.97968527337866,-191.4171315466941,2350.5162594486424,5936.10386845347,473.00758181574054,-1335.7033743859986,1.5134416670470299
442.9796948639726,-191.41258498490384,2350.5034206313408,5936.103883000712,475.1251829785385,-1341.6831665501795,1.5202170860291975
442.9797044048208,-191.40804175681114,2350.4905912279073,5936.103897537287,477.25229699134945,-1347.6898215942424,1.5270229425209367
442.9797138991247,-191.40350044858062,2350.47776724588,5936.103912067718,479.3896315817692,-1353.7253380361356,1.5338615009481773
442.9797233381992,-191.39896534434192,2350.464960783007,5936.103926578297,481.5352058168079,-1359.7841220143814,1.5407264231702782
442.9797327220322,-191.3944366094375,2350.4521723061903,5936.103941068497,483.6889604483422,-1365.866006221052,1.5476175196172854
442.97974205804434,-191.3899108000082,2350.439392090482,5936.103955549335,485.8525644349739,-1371.9757035481423,1.554540130244322
442.9797513476646,-191.38538733367207,2350.4266184913217,5936.103970022677,488.0263424513872,-1378.1141308288913,1.5614952938718436
442.97976058893966,-191.3808672751815,2350.4138545154124,5936.103984485113,490.2098274687619,-1384.2799692430563,1.5684815162063508
442.9797697811029,-191.37635112350782,2350.4011015717756,5936.103998935048,492.4028173681739,-1390.4726480367203,1.5754981505528942
442.97977893031276,-191.37183596080976,2350.388351420859,5936.104013381819,494.6067772788895,-1396.6963045180125,1.5825498847014667
442.97978802595986,-191.36732714693355,2350.375619198075,5936.104027808275,496.81913003905544,-1402.94366116342,1.5896284728300085
442.9797970744004,-191.36282167082487,2350.3628964006525,5936.10404222405,499.04138333985685,-1409.2189754696292,1.5967387389084444
442.9798060748087,-191.35832006663674,2350.3501845369597,5936.104056627436,501.2733135523483,-1415.5216159416077,1.6038799674187596
442.9798150345325,-191.35381876214436,2350.337473519563,5936.104071029862,503.5167435890055,-1421.8567302142956,1.6110579909064626
442.97982394392335,-191.3493227166329,2350.3247773527496,5936.104085415461,505.7692483429906,-1428.2174701450322,1.6182650500592488
442.9798328121533,-191.34482741649515,2350.312083290761,5936.104099798674,508.033134191407,-1434.610348601287,1.6255085243046619
442.97984163931113,-191.34033290177013,2350.2993914466615,5936.104114179373,510.3084438468565,-1441.0354861971232,1.6327885503052713
442.9798504065729,-191.33584890747278,2350.286729310692,5936.104128526411,512.5902734936851,-1447.4790352831692,1.6400894379295596
442.97985913387913,-191.33136538331297,2350.274068502321,5936.104142871944,514.883763327394,-1453.9555110104886,1.6474276336233011
442.9798678191518,-191.32688348542976,2350.261412286314,5936.104157212272,517.1883832394867,-1460.4634164311722,1.6548014412641974
442.9798764603872,-191.32240435184335,2350.248763876272,5936.104171543755,519.503600470414,-1467.0012471111309,1.6622091562472934
442.9798850548008,-191.31792954792567,2350.2361276925726,5936.104185861384,521.8286476269028,-1473.5668360453783,1.6696483232385861
442.97989360567675,-191.31345748564343,2350.2234992508456,5936.104200170241,524.1643918077091,-1480.1626317924229,1.677121716586754
442.9799021048627,-191.30899256928734,2350.2108909881563,5936.1042144562325,526.5085632512106,-1486.7822248814941,1.6846220740139404
442.979910571584,-191.30452480224736,2350.1982746755575,5936.104228751345,528.8664640245962,-1493.4405875653333,1.692166359893236
442.97991899023714,-191.30006251026865,2350.1856738237207,5936.104243028938,531.2337608594597,-1500.1254833355256,1.6997407095974455
442.9799273712992,-191.29560025131985,2350.173073065155,5936.104257306425,533.6133899608362,-1506.8452036003687,1.707354517741964
442.9799357014531,-191.2911452388316,2350.160492769521,5936.1042715607255,536.0015464590203,-1513.589003971147,1.7149956103502046
442.9799439932307,-191.28669089809878,2350.1479143708248,5936.104285812876,538.4017942182824,-1520.3669482729097,1.7226753902827994
442.97995223730004,-191.28224235982384,2350.1353523574103,5936.10430004646,540.8114140896595,-1527.1713580315713,1.7303851574102216
442.97996043567514,-191.2777986828557,2350.122804071606,5936.1043142644885,543.230943878446,-1534.0037519296586,1.7381266324816822
442.97996859536687,-191.27335618167197,2350.1102591060426,5936.104328478755,545.6624380204346,-1540.8699313896784,1.7459063888251556
442.9799767122505,-191.26891720749293,2350.0977241002183,5936.104342681736,548.1046632114909,-1547.7664137433535,1.7537204803871829
442.97998478715516,-191.26448142592795,2350.085198109863,5936.104356874501,550.557848593375,-1554.6938460530882,1.7615696403244987
442.9799928224639,-191.26004763663488,2350.072677745389,5936.104371060891,553.0227099746057,-1561.6542496561608,1.7694561589227165
442.98000081338324,-191.25561860373284,2350.060170812258,5936.104385232062,555.4977560871585,-1568.6434134324606,1.7773752647517018
442.9800087625977,-191.25119296784408,2350.04767347179,5936.104399392363,557.9837860083541,-1575.6635938580334,1.7853295145220276
442.98001666844857,-191.24677177879866,2350.0351886885487,5936.104413538435,560.4802508831638,-1582.71324104754,1.7933171521280422
442.98002453069165,-191.2423553082158,2350.0227172295467,5936.10442766941,562.9870324985543,-1589.7920211848766,1.8013377993371071
442.9800323613198,-191.23793691177195,2350.0102403321985,5936.104441806547,565.507965655111,-1596.91076317913,1.8094037258989304
442.9800401493965,-191.2335228501795,2349.9977756758285,5936.1044559298125,568.0395437571567,-1604.0595649232814,1.8175037121813544
442.9800478986952,-191.22911110303968,2349.9853175551298,5936.104470045672,570.5829724419233,-1611.2418309583716,1.825641615716641
442.9800556088675,-191.22470197553798,2349.9728668319012,5936.10448415315,573.1381305316066,-1618.4572190962226,1.8338170487865957
442.98006328372355,-191.2202933836311,2349.960417621113,5936.104498258914,575.7062888427774,-1625.7093179346778,1.8420340774707784
442.9800709105771,-191.2158927451521,2349.947990869627,5936.104512339229,578.2831653139469,-1632.9860355660796,1.8502790009691445
442.98007850267095,-191.2114925490543,2349.93556536736,5936.1045264181275,580.8731978522494,-1640.2999039831147,1.8585660187219188
442.9800860516706,-191.20709773834793,2349.9231550726413,5936.104540479795,583.4735284139772,-1647.6428524935047,1.8668859861877953
442.9800935615021,-191.20270615862475,2349.9107539017405,5936.104554531124,586.0854705847987,-1655.0185904686923,1.8752431062895552
442.98010103361946,-191.1983170713903,2349.8983597692586,5936.1045685744775,588.7095159547094,-1662.4285060860418,1.8836389519089112
442.9801084725965,-191.19392787947092,2349.8859653411614,5936.104582618165,591.3472854181827,-1669.8771765115616,1.8920787092291569
442.98011586860383,-191.18954449408287,2349.873587309849,5936.104596643274,593.9952794499386,-1677.3547196039897,1.9005511812351399
442.98012322492474,-191.1851651084384,2349.86122057322,5936.104610655585,596.6546233615821,-1684.8643130766884,1.909059968452052
442.9801305426517,-191.18078919550598,2349.8488636430156,5936.104624656784,599.3256820994698,-1692.406987484136,1.9176062385550343
442.98013782799654,-191.1764131362361,2349.836506299576,5936.10463865845,602.0107295422067,-1699.9891639228504,1.9261972670040604
442.9801450712507,-191.17204287332342,2349.8241653241903,5936.10465264157,604.70617335439,-1707.6006981695232,1.9348215598285954
442.9801522775093,-191.1676754637851,2349.811832406311,5936.10466661556,607.4138684728176,-1715.2468282910363,1.9434850520500093
442.98015944767974,-191.1633104661061,2349.799506299166,5936.104680581832,610.1341448546204,-1722.9284860374744,1.9521887993929994
442.98016657358636,-191.15895299699775,2349.7872014515888,5936.104694524016,612.8638474655802,-1730.6367620593305,1.9609227070661763
442.98017367033634,-191.15459393124496,2349.7748920953245,5936.104708471307,615.6087461108963,-1738.3879494322277,1.9697052360348708
442.9801807346452,-191.15023535184957,2349.7625841124614,5936.1047224170425,618.367617246436,-1746.1785930486894,1.9785324714695767
442.9801877554105,-191.14588423518973,2349.750297203258,5936.1047363389,621.1360889274932,-1753.996347184163,1.9873904249726442
442.9801947395644,-191.1415364301926,2349.7380196456998,5936.104750250161,623.9168324258063,-1761.8487551145367,1.996287643497558
442.980201686019,-191.13719273669966,2349.7257536984207,5936.1047641482655,626.7093829195517,-1769.7345042518016,2.0052226398080957
442.98020860162836,-191.1328489685779,2349.7134875404004,5936.104778046609,629.5164955348941,-1777.6613746643307,2.0142042291583135
442.98021548117157,-191.1285084996003,2349.701230698675,5936.1047919343955,632.3360582373555,-1785.6234022794595,2.0232256539190137
442.98022232716045,-191.12416985213338,2349.6889790006257,5936.104805816353,635.169089905094,-1793.623464258255,2.0322901740752437
442.9802291365986,-191.1198350358205,2349.676738121188,5936.104819686053,638.0143348252627,-1801.6580146535541,2.0413937718692408
442.9802359120746,-191.11550251668803,2349.6645037286476,5936.104833548402,640.8728542037545,-1809.73005015368,2.0505398427172805
442.98024265063236,-191.11117430190583,2349.652281490955,5936.104847396979,643.7433758458384,-1817.8359782690695,2.0597243161260526
442.9802493550198,-191.10684874585309,2349.64006676112,5936.104861237048,646.6270415795575,-1825.9790233530605,2.068950845469272
442.980256025548,-191.10252575545465,2349.6278592763133,5936.104875068908,649.523973074444,-1834.1595289823981,2.078219820038618
442.98026266007633,-191.09820683504236,2349.6156632845446,5936.104888887745,652.4332147383566,-1842.3747967063578,2.0875281823368197
442.9802692606657,-191.09389076195183,2349.603475333191,5936.1049026974715,655.3556413744665,-1850.627296839574,2.096878731369538
442.98027582648876,-191.089578192185,2349.5912972747046,5936.104916495988,658.2908631566071,-1858.9159285706692,2.1062702198549985
442.98028236309267,-191.08526557794636,2349.579119090636,5936.104930294646,661.2413646988052,-1867.2477080817894,2.1157105975243873
442.980288859968,-191.08095997203375,2349.5669606970428,5936.10494407088,664.2023723023007,-1875.6091551544177,2.1251845905269624
442.98029533235996,-191.07665137059269,2349.55479384452,5936.104957856699,667.1808333168661,-1884.0198880757046,2.1347144274929355
442.98030176781515,-191.0723481520699,2349.5426421925617,5936.104971625294,670.1710324342649,-1892.4637676613843,2.1442818218122115
442.9803081711428,-191.0680472246295,2349.5304970102807,5936.104985386558,673.1751665225744,-1900.9469975416446,2.1538938025491166
442.9803145386097,-191.06375121641287,2349.518365719159,5936.1049991320815,676.1914509082294,-1909.464538062572,2.163544659489492
442.9803208725103,-191.05945870823416,2349.5062443116262,5936.1050128664065,679.2209266307115,-1918.019328965529,2.173237723526703
442.9803271752183,-191.0551682004353,2349.49412855287,5936.10502659433,682.264712827331,-1926.6145305285827,2.182976575435138
442.9803334407975,-191.0508838609676,2349.482030212567,5936.105040302518,685.3198988686784,-1935.241923565222,2.1927519024088595
442.9803396835884,-191.04659597368376,2349.469921853757,5936.105054022057,688.3934906014761,-1943.9212915493208,2.202586120249027
442.98034588263994,-191.04231905065936,2349.457844456392,5936.105067706514,691.4751363497569,-1952.6234028805948,2.2124461078886695
442.98035205764046,-191.03803963720415,2349.445760026419,5936.10508139894,694.5745756878762,-1961.375760675003,2.222363027923725
442.9803582081923,-191.03375804970284,2349.4336694572617,5936.105095098321,697.6916986408801,-1970.178054379558,2.2323365284808245
442.98036431954813,-191.02948466677975,2349.421602056618,5936.1051087714495,700.8190085752259,-1979.0091146110713,2.2423426234417883
442.9803703966924,-191.02521616291483,2349.4095484337126,5936.105122428968,703.9589585732361,-1987.8758685108237,2.252389161651867
442.98037644405343,-191.0209495450424,2349.3975001365707,5936.10513608045,707.1138057988009,-1996.7846899754493,2.2624833650994143
442.98038245769214,-191.01668770881426,2349.385465342084,5936.105149716634,710.2814652720047,-2005.7296913303653,2.2726185627126267
442.98038844083175,-191.01242849138245,2349.37343794269,5936.105163344438,713.4635966766125,-2014.7155592767947,2.2828000647914033
442.9803943944132,-191.00817132594327,2349.3614163378197,5936.105176965676,716.6606916005527,-2023.7436819862637,2.293029444213348
442.9804003213702,-191.0039142005768,2349.3493948461087,5936.105190586785,719.8743444844387,-2032.8185619229944,2.3033118025281194
442.98040621101455,-190.99966491677077,2349.337395497803,5936.105204182804,723.0987159729317,-2041.9237096120742,2.3136284562165566
442.98041207529855,-190.99541497100634,2349.3253942802244,5936.1052177809415,726.3403128305795,-2051.0774991932067,2.324000224230701
442.9804179057598,-190.99117060065566,2349.313408806789,5936.105231361239,729.5944453393931,-2060.266687597142,2.3344121014142836
442.98042370571096,-190.9869295252707,2349.301432637849,5936.105244930994,732.8629064301944,-2069.4963377950635,2.3448698244033634
442.98042947397124,-190.98269273052654,2349.2894685568044,5936.105258487051,736.1449887952969,-2078.7644524547873,2.3553711301056577
442.98043521928133,-190.97845388278168,2349.2774986783897,5936.105272049677,739.445683577336,-2088.085125824136,2.3659319881128007
442.98044093151486,-190.9742205478357,2349.265544367303,5936.105285594665,742.7591770787669,-2097.4419408820086,2.376533796997442
442.9804466129068,-190.9699912045329,2349.253601328025,5936.10529912688,746.0867012171685,-2106.8383763812526,2.3871804983858134
442.98045226885586,-190.96576193259972,2349.2416584902844,5936.105312658867,749.431414951499,-2116.283352754256,2.3978821996403883
442.98045789821583,-190.96153366773925,2349.229718496368,5936.105326187631,752.7926715589645,-2125.7750437516015,2.4086368315158246
442.9804634961233,-190.95731017307494,2349.217791972779,5936.105339701133,756.1675443028419,-2135.305184702111,2.4194350296640863
442.9804690665532,-190.95308856571316,2349.205870778653,5936.105353208595,759.558396403069,-2144.880448988994,2.4302843554121183
442.980474605687,-190.94887185637725,2349.193963415827,5936.105366700385,762.9628685424657,-2154.4941742498513,2.441177259919436
442.9804801188354,-190.94465611287848,2349.182058780382,5936.105380189085,766.3842004342514,-2164.1555089551475,2.4521241089298593
442.980485602312,-190.9404442578509,2349.1701651254034,5936.1053936653425,769.8200917029906,-2173.8579571852424,2.4631175421919616
442.98049105323867,-190.93623864112,2349.158289086451,5936.10540712164,773.2686638488217,-2183.596214334655,2.4741515492812898
442.9804964813319,-190.93203187119968,2349.1464097910625,5936.105420581627,776.7360484071893,-2193.3875949516555,2.4852457485796706
442.98050188034335,-190.92782887920833,2349.134541163986,5936.105434029526,780.2182674938315,-2203.2208660800475,2.496387412499574
442.98050724946825,-190.92363041844268,2349.1226853324197,5936.105447462926,783.714747432333,-2213.094407742572,2.507574705512812
442.9805125952824,-190.91943144483895,2349.1108280526746,5936.1054608979675,787.22976725186,-2223.0203032840477,2.5188213187469812
442.9805179067354,-190.91524076123434,2349.0989941826597,5936.105474306483,790.7560121289891,-2232.977896726149,2.530103847784624
442.9805231939452,-190.9110505140493,2349.0871615450287,5936.105487713603,794.3001386481573,-2242.9859852777618,2.541443590949656
442.98052845363367,-190.9068633960527,2349.0753377437627,5936.10550111071,797.8599513282714,-2253.038369225339,2.5528335236080615
442.9805336883991,-190.90267743838385,2349.06351721909,5936.105514504105,801.4372017969223,-2263.139994905853,2.5642792502457725
442.9805388950932,-190.89849526243958,2349.0517073734477,5936.105527885398,805.0297235809174,-2273.284744519774,2.5757738390416702
442.9805440774378,-190.8943139810081,2349.039900053777,5936.10554126383,808.6400726785837,-2283.4798358279386,2.5873254681366706
442.9805492329571,-190.89013568839437,2349.028101174085,5936.105554632698,812.2665222246308,-2293.720392418445,2.5989286122735535
442.98055435517387,-190.88596578110733,2349.016325973314,5936.105567974737,815.9044198096994,-2303.993276576093,2.6105683856588895
442.98055945671496,-190.88179409474418,2349.0045457486954,5936.1055813224675,819.5626966801582,-2314.3237088182777,2.6222733646009444
442.98056453142385,-190.87762574468644,2348.992774945309,5936.105594659523,823.2369650966237,-2324.6992988186244,2.6340295101414144
442.9805695814016,-190.87345910964333,2348.98100898487,5936.105607991091,826.9287289775643,-2335.1242934202182,2.645841634199824
442.98057460647107,-190.86929443098597,2348.969248548975,5936.105621316399,830.6378590533018,-2345.598327584628,2.657709323166432
442.9805796032885,-190.86513459614113,2348.957501791289,5936.1056346262085,834.3618470865539,-2356.1143184211355,2.669624551714456
442.9805845719766,-190.86097963867465,2348.9457688065972,5936.105647920413,838.1007063060988,-2366.672303285852,2.681587362170021
442.9805895212207,-190.85682238337563,2348.9340293331666,5936.105661221968,841.8609865490492,-2377.2907779490224,2.693618711315825
442.9805944397541,-190.85267239775067,2348.922310388219,5936.105674500263,845.6341106606747,-2387.945521795611,2.705691155786742
442.9805993325035,-190.84852566590376,2348.910600631459,5936.105687768148,849.4237678833962,-2398.646952699991,2.717816499639771
442.9806042013443,-190.84438070233165,2348.898895868045,5936.105701030374,853.231392740017,-2409.3991215421634,2.729999332757523
442.9806090454532,-190.84023830720446,2348.887198357539,5936.105714284382,857.0563323031506,-2420.2001845518616,2.742237566040905
442.9806138651324,-190.83609832574797,2348.875507662882,5936.1057275306675,860.8988073663961,-2431.050765217519,2.7545319059384963
442.98061865674225,-190.83196400862238,2348.8638329634564,5936.105740758829,864.7558567680617,-2441.9425016569435,2.7668728779503557
442.9806234280137,-190.82782878744894,2348.8521557111335,5936.105753989882,868.6336884587716,-2452.8929242035565,2.779280344965584
442.9806281715341,-190.8236991884021,2348.8404943348637,5936.105767202947,872.5262630940481,-2463.8849786427313,2.79173498356487
442.98063289361903,-190.81956982258302,2348.8288336171945,5936.105780415266,876.4387330295687,-2474.9332144640484,2.804253279168065
442.9806375870714,-190.8154470998367,2348.817191658579,5936.105793606329,880.3650905293797,-2486.0206667106754,2.8168160094892816
442.9806422570132,-190.81132665067585,2348.8055561202323,5936.105806790118,884.3095476189087,-2497.1592295187907,2.8294366512783715
442.9806469050695,-190.80720713260297,2348.79392321114,5936.105819970927,888.273482486213,-2508.3527946874146,2.842119614170803
442.9806515357177,-190.80308463349775,2348.7822818840536,5936.105833161274,892.2607922249773,-2519.612367032113,2.854877367265588
442.98065613971613,-190.79896746668513,2348.770655614572,5936.10584633456,896.2635366314623,-2530.915524593145,2.8676845051728503
442.980660718412,-190.79485456177702,2348.759041380078,5936.105859494209,900.2828028682857,-2542.265337356779,2.880544506365918
442.9806652740921,-190.7907439787765,2348.747433702307,5936.105872646428,904.3205560920101,-2553.6673546341885,2.893463658538435
442.98066980672735,-190.7866358456457,2348.7358329426047,5936.105885790809,908.3767539284349,-2565.121456766905,2.906441826110261
442.98067431567557,-190.78253085181797,2348.7242410478298,5936.105898925145,912.4507930775987,-2576.6259401251614,2.9194770787690754
442.98067880219253,-190.7784279589597,2348.7126550858816,5936.105912052759,916.5437844538428,-2588.1839417665765,2.932572970984543
442.9806832672568,-190.77432636476868,2348.7010727911775,5936.105925176217,920.6566233849044,-2599.7979899641186,2.945732367437893
442.9806877032151,-190.77023323465326,2348.6895143977695,5936.105938272593,924.7821707396188,-2611.4479248683933,2.9589324258391936
442.98069211959404,-190.76613990337125,2348.6779554362965,5936.105951369614,928.9292181331678,-2623.1585726989942,2.9722012757485636
442.9806965131712,-190.76204944504374,2348.666404587622,5936.105964457442,933.094752693496,-2634.9214255513207,2.9855292772118243
442.9807008847832,-190.7579611843871,2348.6548599448442,5936.105977538237,937.2795453392024,-2646.738660385354,2.99891889685206
442.9807052316421,-190.7538778457724,2348.6433292011843,5936.105990603284,941.4808746799637,-2658.6025923977486,3.012361427336421
442.9807095583462,-190.74979521701223,2348.6318004620484,5936.10600366606,945.703154017934,-2670.5256841003575,3.02587098942128
442.98071386593756,-190.74571238759088,2348.620271156275,5936.106016729477,949.9474457067976,-2682.5109354226934,3.0394509822029114
442.9807181506579,-190.7416330110867,2348.6087516010284,5936.106029781847,954.210050972392,-2694.54790157416,3.053089571120912
442.9807224112657,-190.73755839405007,2348.5972454858133,5936.106042818988,958.4896642436721,-2706.6328958154277,3.0667825788829495
442.98072664988695,-190.7334866237098,2348.5857474092472,5936.10605584702,962.7883592427964,-2718.771774030838,3.0805366405493677
442.980730872742,-190.72941179255645,2348.5742406893983,5936.106068884846,967.1125015405555,-2730.9825116498214,3.0943721233372767
442.9807350710789,-190.72534243132253,2348.5627494157916,5936.106081905169,971.4531463947613,-2743.2398500447916,3.108260407738404
442.9807392430285,-190.72128050778065,2348.551279145126,5936.106094901695,975.808216690661,-2755.537923751223,3.1221948478362154
442.9807433966685,-190.7172182742504,2348.539807999099,5936.1061078992125,980.1860888727477,-2767.9003866081534,3.136202244819884
442.98074752357604,-190.71316408928513,2348.5283595810283,5936.106120870978,984.5778194783851,-2780.3019836012613,3.1502539832735845
442.9807516351757,-190.709106832078,2348.5169024874012,5936.106133852573,988.9955432340172,-2792.776981401364,3.1643888893496976
442.98075572452746,-190.70505342515386,2348.505456266403,5936.106146821849,993.4318461488799,-2805.3044439962555,3.178583241315477
442.9807597942623,-190.70100136462915,2348.4940138474376,5936.1061597868165,997.8895556013435,-2817.8923554838325,3.192846085623325
442.9807638422392,-190.69695288444396,2348.482581538821,5936.1061727403285,1002.3663035806629,-2830.534028952358,3.20716984560872
442.98076786932484,-190.6929072297078,2348.4711572088536,5936.1061856848,1006.8630021453117,-2843.232039919922,3.221557439485012
442.9807718781532,-190.68886184415948,2348.459733639033,5936.106198628409,1011.3825985994175,-2855.994711137005,3.236018297418423
442.9807758609889,-190.68482465940437,2348.448333227038,5936.10621154578,1015.9162915913473,-2868.7971888897196,3.250524258687419
442.98077982785185,-190.6807856304526,2348.436927607305,5936.106224469051,1020.4754400982732,-2881.6715492477942,3.2651116673678504
442.98078377540077,-190.67674822672274,2348.4255265769575,5936.106237387122,1025.0562640718324,-2894.6071179143246,3.2797684288527766
442.9807877023794,-190.6727138330902,2348.4141340466795,5936.106250295561,1029.657286633791,-2907.599724403845,3.294489817736346
442.98079160678253,-190.66868463360896,2348.4027561839157,5936.106263187381,1034.2760802854964,-2920.6425138195746,3.3092680670161765
442.98079548847215,-190.66466091098974,2348.3913937869993,5936.106276061677,1038.9123625057664,-2933.734688363524,3.3241022727396192
442.98079935544007,-190.66063446820763,2348.3800237087453,5936.106288944677,1043.575690219138,-2946.903235375593,3.339023013154098
442.9808031991269,-190.65661431014922,2348.3686713776206,5936.106301807567,1048.255739357878,-2960.1190012170787,3.3539972554675357
442.98080702466683,-190.6525951847155,2348.357321962475,5936.106314667154,1052.9586961829996,-2973.3994549731487,3.3690447931836847
442.98081083118416,-190.64857810110337,2348.345978313131,5936.106327520208,1057.6834903194997,-2986.7415740632728,3.3841622015404753
442.98081461815786,-190.6445637095217,2348.3346422656828,5936.106340364648,1062.4294530118482,-3000.1434700208497,3.3993473407937014
442.9808183832407,-190.64055462033514,2348.323321191413,5936.106353192122,1067.193564783594,-3013.5966162914438,3.4145905498535454
442.9808221303945,-190.63654672710584,2348.3120034943495,5936.10636601577,1071.9807859357275,-3027.115020030632,3.4299076996541134
442.98082585723705,-190.63254267986852,2348.3006966577977,5936.106378827111,1076.7880452550814,-3040.690008587153,3.4452889635692276
442.98082956616776,-190.62854000423863,2348.2893936944624,5936.1063916340645,1081.61840640728,-3054.330233299124,3.4607441440758895
442.98083325491376,-190.6245412569146,2348.278101824081,5936.1064044284485,1086.4688764717207,-3068.0272426018946,3.4762636650518766
442.9808369265404,-190.6205432143451,2348.266811943822,5936.106417220578,1091.3434647333306,-3081.7923581224854,3.491860354569578
442.9808405791968,-190.6165479838233,2348.2555300043696,5936.10643000371,1096.239711888162,-3095.6186351506717,3.5075263438618056
442.9808442138813,-190.61255457274495,2348.2442532027558,5936.10644278102,1101.1589344075146,-3109.509791206487,3.5232658450984546
442.9808478303892,-190.60856330083848,2348.2329824418466,5936.106455551485,1106.1008452633553,-3123.465015765264,3.539077939907106
442.98085142583227,-190.6045774747883,2348.2217270592296,5936.106468304525,1111.06142278626,-3137.4729522279963,3.554949760589126
442.98085500562917,-190.60059118918755,2348.2104703789096,5936.106481059036,1116.048114396498,-3151.5546310068607,3.570905135845504
442.98085856604524,-190.59660869324358,2348.199224400019,5936.1064938014215,1121.0557185959428,-3165.695363841281,3.5869274230079133
442.98086210819986,-190.59262884624405,2348.187985901355,5936.106506535331,1126.0857542522776,-3179.899439788712,3.603021481832082
442.98086563283,-190.588650918888,2348.1767528234805,5936.106519263099,1131.1392461431867,-3194.1697526696043,3.6191905911877944
442.98086913727735,-190.58467802601604,2348.1655339622434,5936.106531974758,1136.2123172559343,-3208.4953543740226,3.6354223462180912
442.9808726242721,-190.58070718808995,2348.154320903869,5936.106544679842,1141.3088511940948,-3222.887211623456,3.6517291728675856
442.98087609419093,-190.57673806929046,2348.1431127000537,5936.106557379426,1146.429390946352,-3237.346857737552,3.66811280847822
442.9808795456707,-190.57277233104526,2348.1319140424234,5936.106570068193,1151.5718923821423,-3251.868520394253,3.6845667126670496
442.98088298336137,-190.5688047084499,2348.120710063667,5936.106582762989,1156.7433184844083,-3266.4718620264507,3.701113164135633
442.9808864020013,-190.56484135818582,2348.1095181493415,5936.106595444115,1161.9357720599653,-3281.1345821298487,3.7177268950911193
442.9808898030129,-190.5608807462975,2348.0983339677837,5936.106608116479,1167.1513442399844,-3295.862585749261,3.7344145962990565
442.9808931872065,-190.5569220279219,2348.0871551332257,5936.106620782784,1172.391253437115,-3310.6593135016133,3.7511801661823037
442.9808965504964,-190.5529701086044,2348.075995498201,5936.1066334273355,1177.6490712287548,-3325.5066124732666,3.768003036413046
442.9808998979994,-190.54901909549895,2348.0648384221845,5936.106646068987,1182.9327127677846,-3340.42683388404,3.7849085322485765
442.9809032298356,-190.54506892615132,2348.0536837288155,5936.1066587079395,1188.2423981025668,-3355.420599117929,3.801897357753906
442.98090654414665,-190.54112189816172,2348.042537906176,5936.10667133684,1193.5751529528827,-3370.479509247968,3.818959996446477
442.9809098414455,-190.53717750715256,2348.0313995299794,5936.106683957303,1198.9317547098312,-3385.6057595115194,3.8360989356603254
442.980913122261,-190.53323521995608,2348.020267094638,5936.106696571035,1204.3130345678653,-3400.801697078651,3.8533168348783424
442.98091638625834,-190.52929553792796,2348.009142015906,5936.106709176432,1209.7184160688435,-3416.0656941169227,3.8706118496696655
442.9809196332379,-190.52535880700324,2347.998025270653,5936.106721772386,1215.1475239578078,-3431.3966909618935,3.887982779371441
442.9809228640571,-190.5214240882979,2347.98691420761,5936.1067343619015,1220.6017590999595,-3446.7986434494787,3.905434106180538
442.9809260762531,-190.51749449666397,2347.9758176226574,5936.106746935012,1226.076886915894,-3462.259593754413,3.9229522811705917
442.980929271444,-190.51356817639905,2347.9647302755666,5936.106759497656,1231.5755628702602,-3477.787040515696,3.9405458007446708
442.9809324516357,-190.509642757754,2347.9536454745166,5936.106772057415,1237.1012212829692,-3493.3906817442708,3.9582256533252185
442.9809356168126,-190.50571834005916,2347.942563500002,5936.10678461397,1242.6538630135144,-3509.0705198672213,3.975991841662338
442.9809387650161,-190.50179744939447,2347.931491485298,5936.106797159241,1248.2300267069297,-3524.81678053061,3.9938332908321215
442.98094189835894,-190.4978775521553,2347.920422275881,5936.106809701333,1253.8334289810607,-3540.6399589129505,4.011761892495504
442.9809450181096,-190.493957131841,2347.909351589377,5936.106822245099,1259.4663961569688,-3556.5466242004854,4.029785089931132
442.98094812108377,-190.49004027776274,2347.8982909733954,5936.1068347774535,1265.1231834825671,-3572.5205540638894,4.0478845022754575
442.9809512083139,-190.48612579389726,2347.8872370505437,5936.106847302225,1270.8056176458003,-3588.5669067994586,4.066065974184743
442.9809542775062,-190.4822167081105,2347.8761983710674,5936.1068598097245,1276.5093824061005,-3604.6734939828925,4.0843156954491695
442.9809573309708,-190.47831019883094,2347.8651669672654,5936.10687230898,1282.238671753051,-3620.852158819812,4.102647085124852
442.98096036758193,-190.47440781832842,2347.854147222519,5936.1068847950255,1287.9913005406113,-3637.096730781331,4.121053151635305
442.9809633872847,-190.47050976083827,2347.843139685319,5936.106897267238,1293.7670542863748,-3653.406604200891,4.139533208723994
442.9809663910211,-190.46661492781902,2347.8321412535474,5936.106909729135,1299.5676429291373,-3669.786607692476,4.158092727497648
442.9809693848607,-190.46271550687118,2347.821129866145,5936.10692220571,1305.4048861480483,-3686.270118279983,4.176769526110941
442.9809723617632,-190.45882073512692,2347.810131607405,5936.10693466741,1311.2651255950905,-3702.8185668108667,4.195519903418524
442.9809753193724,-190.45493384616833,2347.7991556084844,5936.106947103888,1317.143521643082,-3719.4182868945218,4.2143283745857865
442.9809782655209,-190.45104465081528,2347.7881730966474,5936.106959547746,1323.0555905673668,-3736.113094195177,4.233244585368862
442.98098119560024,-190.44715930961146,2347.7772014683574,5936.106971979271,1328.9921213693788,-3752.876978216664,4.252239064326851
442.9809841118283,-190.4432749810742,2347.7662326996874,5936.106984407556,1334.9575713803808,-3769.722525802517,4.271326073102987
442.98098701509525,-190.43939055249297,2347.755263648508,5936.106996836162,1340.9538124220167,-3786.6550226999143,4.290511600763772
442.9809899001908,-190.43551310782732,2347.744314318872,5936.107009242422,1346.9700020483801,-3803.6438514469514,4.309760955900776
442.98099277526717,-190.43163177854981,2347.733354019668,5936.107021661111,1353.0231421958433,-3820.7370229946346,4.329128537781905
442.98099563416764,-190.427754946918,2347.7224064211487,5936.107034065409,1359.1003290433816,-3837.8980988629314,4.34857305943818
442.98099847714326,-190.42388239828722,2347.7114709171906,5936.1070464560025,1365.2019703007045,-3855.128230363696,4.36809582537425
442.98100130499273,-190.42001316235476,2347.700544767802,5936.107058835997,1371.3296804266586,-3872.431976489674,4.387702001200393
442.9810041198157,-190.41614445868754,2347.6896201214518,5936.107071214289,1377.4879943234919,-3889.822143133376,4.407406096756134
442.9810069198431,-190.41227880927175,2347.678704099855,5936.107083582809,1383.6730326394857,-3907.287775579925,4.427195699696408
442.9810097078544,-190.40841245924108,2347.6677860998257,5936.107095953569,1389.8909542955278,-3924.8462657100185,4.447090516059063
442.98101247980856,-190.40455110814764,2347.656882216055,5936.107108308335,1396.132720892097,-3942.4720904216347,4.46706162664746
442.98101524040504,-190.4006882999293,2347.645974217579,5936.107120667763,1402.4089063234346,-3960.195108826538,4.487142863615978
442.98101798392617,-190.3968321365511,2347.635084983148,5936.107133005931,1408.7064644255618,-3977.9784804892706,4.507292484553736
442.9810207115758,-190.3929810712388,2347.6242101449,5936.107145327787,1415.0279571173367,-3995.82943988937,4.527518686557185
442.9810234276291,-190.38912916301194,2347.613332926386,5936.10715765234,1421.3832666058092,-4013.775892916383,4.547853088664011
442.98102612881297,-190.38528114049507,2347.602466680542,5936.10716996446,1427.7647370038678,-4031.7962204786386,4.568271195153388
442.9810288163702,-190.3814353405247,2347.59160671084,5936.1071822694685,1434.1752340869532,-4049.8985151016745,4.58878217533952
442.9810314896166,-190.377592845543,2347.5807560739368,5936.107194563902,1440.6130689076524,-4068.0780074480626,4.60938062527834
442.9810341511367,-190.37375002678093,2347.5699045227257,5936.107206859372,1447.0844698642056,-4086.352285592255,4.630086473308015
442.9810368001433,-190.36990809093496,2347.559055464739,5936.107219152017,1453.5875855514175,-4104.716121440099,4.650893795685899
442.98103943302476,-190.36607238990513,2347.5482240129495,5936.107231424713,1460.1134532570813,-4123.1442056193455,4.671773915382009
442.9810420535786,-190.36223750499428,2347.5373948657593,5936.107243694797,1466.6713895811026,-4141.662846828708,4.692756641722664
442.98104465889855,-190.35840779552055,2347.5265803332372,5936.107255948322,1473.254051269814,-4160.251308807075,4.713818479285605
442.9810472546789,-190.35457497097596,2347.5157570042165,5936.107268211814,1479.87585239883,-4178.950294769829,4.735005547244789
442.9810498347231,-190.35074826724838,2347.504950959477,5936.107280455722,1486.5209885812947,-4197.715175468493,4.756267277996052
442.98105240248054,-190.34692268281498,2347.4941480754583,5936.107292696048,1493.1982415010727,-4216.57074907808,4.777631769352807
442.9810549575197,-190.34309894664196,2347.483350410653,5936.1073049304605,1499.9064927100899,-4235.513857266827,4.799095442736484
442.98105749894137,-190.3392785048814,2347.472562048781,5936.107317154332,1506.6433304254126,-4254.537689516817,4.820650581423276
442.9810600267395,-190.33546147767896,2347.4617833291154,5936.107329367279,1513.4086473378331,-4273.641942802739,4.842296842067225
442.9810625427109,-190.3316452459667,2347.451006855796,5936.10734157768,1520.2072243961295,-4292.840117816072,4.864049521758524
442.9810650453493,-190.32783218699217,2347.4402393418186,5936.107353777929,1527.0349692871694,-4312.120658470439,4.885895526760603
442.98106753304137,-190.32402488451675,2347.429488083342,5936.1073659597605,1533.8873305502716,-4331.470712114768,4.9078202942512945
442.9810700082093,-190.32021975043216,2347.4187429480803,5936.107378134654,1540.7708550678124,-4350.908766175555,4.929844771589742
442.9810724724213,-190.31641445298843,2347.4079973515163,5936.10739031007,1547.68993235039,-4370.447215980818,4.951983003423679
442.9810749242991,-190.31261119881435,2347.3972575248436,5936.107402478948,1554.640724087538,-4390.0752227101,4.974222708721525
442.98107736483036,-190.308808539215,2347.3865193771617,5936.107414645923,1561.6260422097473,-4409.800726838774,4.9965728845167
442.98107979248715,-190.3050089451972,2347.375789886228,5936.10742680309,1568.641498231644,-4429.611335933902,5.019019489441572
442.98108220551114,-190.301215294922,2347.3650771795437,5936.107438941239,1575.6818534356428,-4449.492256632672,5.041545761731052
442.9810846091497,-190.29741942930715,2347.3543582170682,5936.107451086476,1582.7624004986205,-4469.486673190345,5.064200631729299
442.9810870016854,-190.29362411498118,2347.3436408113507,5936.10746322995,1589.8782073881405,-4489.580658277557,5.086968318939236
442.98108937670384,-190.28983966942772,2347.3329540974373,5936.107475338647,1597.0099714257963,-4509.7197039884495,5.1097870626422655
442.9810917422768,-190.28605335663622,2347.32226211072,5936.10748745332,1604.1817700212375,-4529.9718013629645,5.13273390075426
442.9810940973296,-190.28226694899172,2347.3115698561523,5936.107499568295,1611.3904816643653,-4550.328135718753,5.155798845712906
442.9810964393408,-190.27848459245004,2347.300889041299,5936.107511670309,1618.6283637263448,-4570.766843018364,5.178957124255372
442.98109877046846,-190.27470289867347,2347.2902100979964,5936.107523770202,1625.9020403563786,-4591.30662887837,5.202229930964616
442.98110108817895,-190.27092608061292,2347.279544922994,5936.107535854494,1633.2035369005873,-4611.924974056948,5.225591750191735
442.9811033949826,-190.2671501515751,2347.2688822584596,5936.107547935942,1640.5406863041142,-4632.6439976314305,5.249067644175201
442.9811056889635,-190.26337834657076,2347.2582312395853,5936.107560004195,1647.9073396981837,-4653.446336106801,5.272637939035665
442.98110797330463,-190.25960551824934,2347.2475773310152,5936.107572075722,1655.313716832248,-4674.360848542373,5.296335333815018
442.98111024466056,-190.25583728108612,2347.2369363871962,5936.107584132558,1662.7489561354694,-4695.356863470268,5.320125075903775
442.9811125029135,-190.2520739595376,2347.226309324345,5936.107596173667,1670.2124883871866,-4716.432773495618,5.344005344027027
442.98111475122903,-190.24831037464227,2347.215681517842,5936.107608215619,1677.7147294672768,-4737.617991521018,5.368009464764644
442.98111698923066,-190.24454722281845,2347.205054934268,5936.107620256184,1685.2545050149515,-4758.909201325477,5.39213368063976
442.9811192156857,-190.24078666228712,2347.1944356681206,5936.107632288459,1692.8276620763872,-4780.294675582285,5.416364703888839
442.98112142720487,-190.23703455683173,2347.183840277856,5936.107644293681,1700.4224399335824,-4801.741203765103,5.44066490499601
442.98112362901594,-190.23328215676196,2347.173244055644,5936.107656299845,1708.0566418402689,-4823.299059626512,5.465091247134198
442.98112581984736,-190.22953170498755,2347.1626533351296,5936.1076682997755,1715.7258986721324,-4844.955905406343,5.489629750882077
442.98112799980265,-190.2257831147555,2347.152067871335,5936.10768029375,1723.4305491588132,-4866.712697626947,5.514281500036741
442.9811301700041,-190.22203453360436,2347.1414824331837,5936.107692287695,1731.1745934096377,-4888.580732004806,5.539059293321794
442.9811323281722,-190.21828999112034,2347.1309083996302,5936.1077042687175,1738.949865940751,-4910.536950422497,5.563937004508506
442.9811344761901,-190.2145463175626,2347.1203368197957,5936.10771624696,1746.7630946863176,-4932.60035156996,5.58893616025099
442.98113661149125,-190.21080809344264,2347.109780628367,5936.107728207767,1754.60484391646,-4954.74429034308,5.614026570049327
442.98113873642455,-190.20707131760128,2347.0992285266625,5936.1077401639395,1762.4836221278183,-4976.9927934765965,5.63923545763383
442.98114085404177,-190.20333067188656,2347.0886654970086,5936.107752132494,1770.4109084958275,-4999.3782764623265,5.664599551699863
442.9811429588263,-190.19959597981213,2347.0781192795534,5936.107764081999,1778.3660791378434,-5021.842500509263,5.690052864206265
442.9811450519012,-190.1958653809779,2347.0675846208023,5936.107776018408,1786.353162334561,-5044.396840885661,5.7156082840136015
442.9811471343584,-190.19213703642097,2347.0570563277965,5936.107787947604,1794.3762212253157,-5067.052771295412,5.741278811516111
442.9811492064937,-190.18841050866789,2347.046533165176,5936.107799870987,1802.4363610536711,-5089.813412782698,5.767067983043928
442.9811512688406,-190.18468492111353,2347.036012657537,5936.107811791362,1810.5356641798235,-5112.6846456243975,5.792982461303342
442.98115332108983,-190.18096091420887,2347.025496613419,5936.1078237066795,1818.6729294650227,-5135.663077982521,5.819018403138537
442.98115536021334,-190.1772441060532,2347.0150008975024,5936.107835598964,1826.8359680912854,-5158.714290439766,5.845136809285416
442.9811573913799,-190.17352517387482,2347.0044991836603,5936.107847498044,1835.0454049652187,-5181.896524678657,5.871403671063079
442.98115940918973,-190.16981410721428,2346.9940196808757,5936.107859371958,1843.2793271253454,-5205.147901740428,5.897748875899862
442.9811614200575,-190.16609919995435,2346.983529332807,5936.107871258159,1851.5638761924313,-5228.542241691579,5.924256066358821
442.9811634190118,-190.16238971124764,2346.97305428593,5936.107883127024,1859.8786143085547,-5252.021831047378,5.950859849599898
442.9811654100482,-190.15867831444723,2346.9625738508794,5936.107895001994,1868.2401431038027,-5275.633550353146,5.977613344093202
442.98116738954207,-190.1549718508044,2346.952107346335,5936.107906861179,1876.6332377230276,-5299.334406872146,6.004467836488772
442.981169359853,-190.15126600366278,2346.9416425826994,5936.107918718392,1885.0678183440796,-5323.15241371784,6.03145506732474
442.981171320937,-190.1475609296616,2346.9311800022974,5936.107930573132,1893.5437467489926,-5347.087180583157,6.05857459435983
442.9811732704663,-190.14386113146597,2346.9207323199894,5936.10794241099,1902.0508600979697,-5371.110009113224,6.085793900635845
442.9811752117105,-190.14016049828027,2346.9102822797927,5936.107954251521,1910.6033758609565,-5395.261047338124,6.1131584762799935
442.98117714240783,-190.1364634242663,2346.89984229017,5936.107966080664,1919.1913362167252,-5419.512175845068,6.14063646031011
442.98117906212195,-190.13277086355254,2346.889415045439,5936.107977895365,1927.8126281495015,-5443.8574277903635,6.168221091934001
442.98118097324107,-190.12907831700818,2346.87898784072,5936.107989710022,1936.4779230081847,-5468.326937483298,6.195946515132648
442.9811828738003,-190.12538967139542,2346.8685716516547,5936.108001512196,1945.1782781257953,-5492.895452156376,6.223784117004712
442.9811847648138,-190.12170306254842,2346.8581612141143,5936.108013307854,1953.9182332200817,-5517.575791300367,6.251748422802624
442.98118664813853,-190.11801493770918,2346.8477464956363,5936.108025108362,1962.7064524898099,-5542.3924213297605,6.27986715444279
442.9811885208831,-190.11433104142642,2346.8373437179757,5936.108036895341,1971.529450346131,-5567.30726093833,6.3080971635191245
442.9811903823906,-190.11065279643984,2346.8269568987384,5936.108048664238,1980.383891644674,-5592.310892172175,6.336427778924188
442.9811922360203,-190.10697366084085,2346.8165675645437,5936.108060435984,1989.2856909662735,-5617.4482554512515,6.364909920851943
442.9811940806126,-190.10329600422392,2346.8061824067754,5936.108072202998,1998.2293593438421,-5642.703850745204,6.393526026837401
442.9811959146524,-190.09962295215158,2346.795810251559,5936.10808395528,2007.2074391390474,-5668.056618787564,6.422252235466997
442.98119774039486,-190.09595008419683,2346.7854386162635,5936.108095706972,2016.2309034312357,-5693.537545929725,6.451123656137528
442.98119955508724,-190.09228304229887,2346.77508343289,5936.108107440023,2025.2860367847675,-5719.107901812156,6.480096405025641
442.98120136415815,-190.08861092551544,2346.764713918791,5936.108119189312,2034.400003043716,-5744.844393108627,6.509257395399543
442.9812031606843,-190.08494787761256,2346.754370013868,5936.108130909583,2043.5378832998629,-5770.6484139924405,6.538494900935277
442.98120494879396,-190.08128561116268,2346.744028315653,5936.108142627355,2052.720425916389,-5796.578554769208,6.567875307967983
442.9812067284697,-190.0776242368163,2346.733689136606,5936.108154342272,2061.94758434889,-5822.634684004418,6.597398467574506
442.98120849835817,-190.07396663393308,2346.7233606076124,5936.108166045123,2071.212276622469,-5848.796803249527,6.627041720311282
442.9812102614726,-190.07030664841244,2346.7130253504038,5936.108177755596,2080.5303298239646,-5875.109605854401,6.656855706428611
442.98121201502,-190.06665014924837,2346.7026999381496,5936.108189454915,2089.887047310706,-5901.531590676127,6.6867934026384095
442.9812137578889,-190.062999581071,2346.692391274124,5936.108201135257,2099.2762573899226,-5928.045329768107,6.716835062029908
442.9812154927908,-190.05934937033825,2346.682083619469,5936.108212814455,2108.7124406138696,-5954.691714065912,6.7470270164898025
442.9812172182231,-190.0557027686378,2346.6717861561865,5936.108224482106,2118.1873828516436,-5981.4475480800575,6.777342984134767
442.98121893526763,-190.0520575868401,2346.6614927024993,5936.108236145214,2127.7069434898826,-6008.329377850867,6.8078017126226325
442.98122064426326,-190.0484131838296,2346.6512014479918,5936.10824780583,2137.273025339164,-6035.342576633679,6.8384092901746
442.981222344616,-190.0447709092118,2346.6409162037503,5936.1082594596355,2146.8823012758603,-6062.477749123984,6.869155071346057
442.98122403696084,-190.0411294864189,2346.630633364936,5936.108271110716,2156.5383542664795,-6089.7450130887055,6.900050520174966
442.9812257204668,-190.0374907909114,2346.6203582275716,5936.10828275307,2166.236414952454,-6117.130900565405,6.931080376650434
442.9812273944237,-190.03385646887557,2346.610095440244,5936.108294381431,2175.9722287566688,-6144.62339725824,6.962231027853044
442.9812290600726,-190.03022393046697,2346.599837689616,5936.108306004085,2185.752886065935,-6172.242525369763,6.993525160141622
442.9812307169734,-190.02659423001515,2346.589587952957,5936.108317617658,2195.5757325854565,-6199.980789564464,7.024954280850444
442.98123236576976,-190.02296604994157,2346.5793425096217,5936.108329226367,2205.444524708025,-6227.848797339414,7.056530408911268
442.9812340059145,-190.01934068665025,2346.5691050204623,5936.108340826063,2215.355928007539,-6255.837132768999,7.088242875514298
442.98123563713534,-190.01571884762515,2346.5588774833086,5936.108352414482,2225.308159026553,-6283.94075963345,7.120085974319661
442.9812372612793,-190.01209651551557,2346.548648553757,5936.10836400448,2235.312477528111,-6312.191473836481,7.1520957319978
442.98123887795276,-190.00847463107053,2346.5384208883443,5936.108375593045,2245.3665719498945,-6340.582747868354,7.184264752487824
442.98124048493236,-190.00485827858714,2346.5282088443723,5936.10838716391,2255.456488995272,-6369.075179685314,7.216548390905027
442.9812420842354,-190.0012430259789,2346.517999906285,5936.108398731256,2265.5947416436807,-6397.7041040886115,7.248986683703689
442.9812436746886,-189.9976316218889,2346.5078018358427,5936.108410286288,2275.7738051843444,-6426.44827240913,7.281555554863953
442.98124525873317,-189.99401860089512,2346.497599199504,5936.108421846493,2286.009327089377,-6455.351870791345,7.314305069944541
442.9812468343426,-189.99040865819185,2346.4874052558016,5936.108433396849,2296.2882664582135,-6484.378073662902,7.347193503357513
442.98124840095124,-189.98680320348868,2346.4772239855474,5936.1084449328455,2306.6067382637307,-6513.515910282428,7.380208424592995
442.98124996073346,-189.98319732297006,2346.467041512853,5936.108456470204,2316.9790112603837,-6542.805673499862,7.413395487873133
442.9812515116004,-189.97959593574166,2346.456871728545,5936.108467993186,2327.391142063072,-6572.207989260147,7.446710080025461
442.9812530549886,-189.97599580754934,2346.4467054995685,5936.108479512141,2337.852651566652,-6601.749743160687,7.480182664048776
442.98125459096775,-189.97239685486355,2346.4365425900482,5936.108491027333,2348.3640267694095,-6631.432310412536,7.513814798139923
442.98125612022255,-189.96879754172969,2346.426378662676,5936.108502543679,2358.930035401681,-6661.269154380251,7.547621737100818
442.9812576408264,-189.96520249173685,2346.416226773783,5936.108514046384,2369.537318491657,-6691.222551305382,7.581560737643941
442.98125915330314,-189.96161057906482,2346.4060837442194,5936.108525539051,2380.1893338347522,-6721.302265490213,7.6156428633110105
442.98126065846293,-189.95801997223998,2346.395944402175,5936.10853702754,2390.8917159641665,-6751.524208022251,7.649886142321276
442.98126215592794,-189.9544316594991,2346.3858115382836,5936.108548508689,2401.6417423947214,-6781.880691006442,7.684281863827122
442.98126364433716,-189.95084901832325,2346.3756946900526,5936.108559971691,2412.429418853146,-6812.343492094831,7.7187980502102675
442.9812651271379,-189.94726383467915,2346.3655706622676,5936.108571442828,2423.279714228874,-6842.983119734266,7.753514591783017
442.98126660210045,-189.94368156449485,2346.3554548616617,5936.108582904643,2434.176416692597,-6873.753794119115,7.788379617271278
442.98126806984266,-189.94010079970877,2346.3453433120776,5936.108594361642,2445.1240173682677,-6904.668197518463,7.82340749644894
442.9812695292776,-189.93652429327952,2346.3352437874623,5936.108605805015,2456.1142768483014,-6935.703063065221,7.8585718665555335
442.98127098267486,-189.93294656630994,2346.325140816222,5936.108617252294,2467.1642732630985,-6966.9066168710415,7.89392737067743
442.98127242750195,-189.92937394142095,2346.315052252502,5936.108628683248,2478.2547017877528,-6998.224344968674,7.929412241209346
442.9812738649204,-189.9258036590087,2346.3049703035895,5936.108640106707,2489.394268644738,-7029.680832441336,7.965054334529882
442.98127529587214,-189.92223345827205,2346.2948885853166,5936.108651529905,2500.5902870463938,-7061.296730717874,8.000877049950708
442.9812767187457,-189.91866745086318,2346.2848187083805,5936.108662939686,2511.83007914035,-7093.0362394202875,8.036839823489004
442.9812781344136,-189.91510355459536,2346.2747547929944,5936.108674342712,2523.120376154809,-7124.918366540391,8.072964192343353
442.98127954307535,-189.91154135548211,2346.2646956701215,5936.108685740308,2534.462718599377,-7156.947462249221,8.109255085519322
442.98128094625815,-189.90797705080388,2346.2546306014447,5936.10869714464,2545.8695472536383,-7189.158657466335,8.145752308463283
442.98128234103984,-189.90441814789065,2346.2445807865524,5936.108708531689,2557.317080220576,-7221.484795635721,8.182379768755162
442.9812837295918,-189.9008592047501,2346.2345308580643,5936.108719918867,2568.8230166797725,-7253.975856619967,8.219194096587541
442.9812851104919,-189.8973039529922,2346.224491353494,5936.108731294234,2580.375529559849,-7286.598442520622,8.256157450131125
442.9812864836754,-189.89375267335782,2346.2144630656126,5936.108742656891,2591.9738453082077,-7319.350368939684,8.293267354331354
442.98128785038983,-189.89020223369548,2346.2044371496877,5936.108754016861,2603.628403296128,-7352.2611151159845,8.330557210940327
442.98128921004917,-189.88665424077527,2346.1944181430003,5936.108765369003,2615.334177915545,-7385.316489476445,8.36801094005141
442.9812905635979,-189.88310630888532,2346.1843993086536,5936.108776720949,2627.099309852481,-7418.539480113076,8.405654588556759
442.9812919090509,-189.8795637398589,2346.174395618239,5936.108788055736,2638.90641485132,-7451.880996461942,8.443432533891974
442.981293248529,-189.8760210469914,2346.164391578116,5936.10879939092,2650.773982183173,-7485.393249487128,8.481403934222634
442.98129458154756,-189.87247958148728,2346.1543910038854,5936.108810722176,2662.697794141067,-7519.064329008618,8.519555294597751
442.9812959076407,-189.86894066836007,2346.1443976371893,5936.108822045266,2674.6736311400773,-7552.88231954334,8.557873114057564
442.98129722629443,-189.865405785479,2346.1344156513114,5936.10883335546,2686.6966622847167,-7586.833579357702,8.59634193569644
442.981298539545,-189.86186955445802,2346.124429858486,5936.108844669968,2698.7854528216176,-7620.970533959412,8.635021160771249
442.98129984594925,-189.85833593150775,2346.114451430466,5936.108855976131,2710.9267883693265,-7655.255867891776,8.673868508622691
442.98130114517625,-189.85480591566272,2346.1044831883773,5936.108867270753,2723.117418316301,-7689.680401909085,8.712873578612554
442.9813024381472,-189.85127709803442,2346.0945183298754,5936.108878561541,2735.3658812365056,-7724.268247679987,8.752063690713296
442.9813037250747,-189.84774897310885,2346.0845554274633,5936.108889850113,2747.674229312548,-7759.025200264321,8.791445411076706
442.98130500498434,-189.84422430195713,2346.074602277997,5936.108901127634,2760.0330691469476,-7793.924734098394,8.830988684641694
442.9813062773841,-189.84070455754275,2346.064663040908,5936.108912389392,2772.437362721272,-7828.952622564086,8.870677391793024
442.9813075443059,-189.8371842098712,2346.0547221003094,5936.10892365308,2784.906834677283,-7864.164565129286,8.910574643382215
442.9813088046759,-189.83366631682642,2346.044788091214,5936.108934908913,2797.4309568626386,-7899.530831850587,8.950646753592904
442.98131005933755,-189.8301486037877,2346.0348545904285,5936.108946164171,2810.0181109270357,-7935.0750912657395,8.99092054030385
442.9813113077901,-189.82663254854734,2346.02492577102,5936.108957414125,2822.6633157438246,-7970.783277410595,9.031380065930513
442.9813125493409,-189.82312019988433,2346.0150074184376,5936.108968652219,2835.3594146443293,-8006.635180912433,9.072002432036312
442.98131378471044,-189.8196096176588,2346.0050940540127,5936.1089798846615,2848.113630029847,-8042.651196763164,9.112810747375445
442.981315013598,-189.81610174822612,2345.9951883501135,5936.108991108424,2860.922761141091,-8078.822286492466,9.15379477081657
442.98131623634464,-189.81259571027658,2345.9852878180513,5936.109002326326,2873.7902626736277,-8115.158205649118,9.194965555984032
442.9813174539553,-189.80908868937948,2345.975384510291,5936.109013547373,2886.7268047640396,-8151.689085118999,9.236357242986568
442.9813186647144,-189.80558570878233,2345.965492611739,5936.109024755493,2899.7141383286294,-8188.363392191721,9.277911442159045
442.9813198684225,-189.80208746645013,2345.955614093346,5936.109035948452,2912.749795840809,-8225.174158937542,9.319620258417169
442.9813210680638,-189.7985853565477,2345.945724653507,5936.109047153786,2925.8661904051846,-8262.212915164762,9.361587400547677
442.98132226123187,-189.7950864612947,2345.935844291362,5936.109058348835,2939.0371868395896,-8299.405858988539,9.40372924656907
442.98132344675844,-189.7915943353123,2345.9259830446354,5936.109069522225,2952.249491343761,-8336.715450685215,9.446003261712711
442.9813246275478,-189.78810051914587,2345.916117025079,5936.109080701022,2965.5353380534093,-8374.232714681431,9.488512582137776
442.98132580231066,-189.78460889221935,2345.906257187612,5936.109091872815,2978.8803359955223,-8411.917013000138,9.531211162567985
442.98132697067103,-189.78112067110487,2345.896406967654,5936.10910303371,2992.2800503830417,-8449.755822459301,9.574084813483513
442.98132813280097,-189.77763544641203,2345.886565209147,5936.109114185018,3005.736245839234,-8487.754126093754,9.617139180962965
442.98132928854113,-189.77415380135199,2345.8767335589932,5936.109125324873,3019.246857849456,-8525.906094019816,9.660367659396782
442.9813304392284,-189.7706717914354,2345.8669008785387,5936.109136465895,3032.8274801086677,-8564.255760523241,9.703820142283908
442.9813315850073,-189.76718903269045,2345.8570660835035,5936.109147609313,3046.4800269758625,-8602.808531470388,9.747502754796734
442.9813327245811,-189.76370954514124,2345.847240525841,5936.109158742265,3060.1890504790676,-8641.52078407564,9.791366069690634
442.98133385858,-189.760231497236,2345.8374190335194,5936.1091698706105,3073.962013544017,-8680.413592536303,9.835433965300975
442.98133498597235,-189.75675815574326,2345.8276108314103,5936.109180983897,3087.7861839662955,-8719.45100299225,9.879665703737627
442.9813361086897,-189.75328365480982,2345.817799355212,5936.109192100894,3101.685191945631,-8758.699743628807,9.924136892055573
442.9813372259466,-189.74981048708946,2345.8079916438105,5936.109203213624,3115.6494535260013,-8798.132750773177,9.968816865482696
442.9813383364083,-189.74634290983485,2345.7981997190564,5936.109214308467,3129.662034783911,-8837.702205532658,10.01365144233178
442.98133944144035,-189.74287676718367,2345.78841184541,5936.10922539872,3143.739909913812,-8877.456040519168,10.05869493314063
442.9813405414894,-189.7394107293214,2345.7786242676716,5936.109236488638,3157.8888299685664,-8917.410495854485,10.10396573894596
442.9813416365103,-189.73594500201753,2345.7688375669045,5936.109247577562,3172.108341711238,-8957.564291664608,10.149462409573434
442.981342725712,-189.73248217180978,2345.7590590471077,5936.109258657217,3186.3881344859337,-8997.888312183899,10.195151955105832
442.9813438087607,-189.72902340769286,2345.7492920093496,5936.109269723862,3200.7235727489006,-9038.369467323142,10.241019543683048
442.9813448864252,-189.72556635418564,2345.7395298020997,5936.109280785034,3215.1246420529733,-9079.035954805073,10.287097125024355
442.98134595816373,-189.72211284519082,2345.729777604028,5936.109291834864,3229.5839427179153,-9119.866879028305,10.333361023153914
442.98134702546815,-189.718658150255,2345.720022057035,5936.109302888489,3244.1216134992305,-9160.919108856624,10.379875673922033
442.9813480865853,-189.7152080275833,2345.7102794214384,5936.109313927484,3258.7137247770306,-9202.125070586502,10.426564512249671
442.9813491428319,-189.71175828989269,2345.7005378729714,5936.109324965249,3273.378238989475,-9243.53548748377,10.473485010654304
442.98135019332085,-189.70831192056275,2345.6908058362565,5936.109335992235,3288.1027661263665,-9285.115371994105,10.520597526127945
442.98135123880644,-189.70486653483263,2345.6810765770815,5936.109347016075,3302.8977690270945,-9326.894269626806,10.567935535513513
442.98135227976394,-189.70142063022556,2345.671345852675,5936.1093580415745,3317.7701016024575,-9368.891534811173,10.615520968546104
442.9813533153806,-189.69797696947137,2345.661621464577,5936.109369059895,3332.7082028809086,-9411.074521075285,10.663316834805128
442.9813543444321,-189.69453974284846,2345.6519152455126,5936.109380057628,3347.69403112639,-9453.392281227785,10.711265408051519
442.9813553694087,-189.69110072406684,2345.6422039656577,5936.109391061096,3362.763720898211,-9495.946853914054,10.759482304221525
442.98135638929824,-189.68766336875422,2345.632497383193,5936.109402059242,3377.9025583793236,-9538.696689493288,10.807920445067433
442.9813574022948,-189.684233888277,2345.6228130380973,5936.109413032191,3393.083294578071,-9581.564840847555,10.856492644865796
442.98135841116397,-189.6808030238222,2345.613124784854,5936.109424009568,3408.3471237165245,-9624.667634360734,10.905330708422222
442.9813594152625,-189.67737301964576,2345.603438960909,5936.109434984192,3423.6845080476255,-9667.9781368473,10.954404118813873
442.9813604136655,-189.67394712881983,2345.593764752457,5936.109445945656,3439.081163991051,-9711.456013591258,11.003667174375801
442.9813614073528,-189.67052208333055,2345.5840929311107,5936.109456904415,3454.552042923664,-9755.143485067156,11.053167713451025
442.9813623954592,-189.66710095709112,2345.574432177146,5936.109467850634,3470.0835315544346,-9799.00210935672,11.102862179028453
442.9813633794198,-189.6636788617396,2345.564768686552,5936.109478799954,3485.698157816967,-9843.095502008946,11.152822651360498
442.98136435821027,-189.66025943133732,2345.55511272138,5936.1094897407465,3501.3797200062704,-9887.377911807776,11.202997291560974
442.98136533330853,-189.6568375645289,2345.545449876158,5936.109500689335,3517.1520466856914,-9931.916627088027,11.253462341370254
442.9813663024915,-189.65342114321166,2345.5358024081966,5936.1095116205,3532.979146198249,-9976.610012739335,11.304102642080345
442.9813672668859,-189.65000630312556,2345.5261594053977,5936.109522546605,3548.879118948594,-10021.509181624475,11.354976107646507
442.98136822632557,-189.64659371880475,2345.516522772546,5936.109533465493,3564.8491357573876,-10066.606144559884,11.406073685842026
442.98136918097964,-189.6431828756025,2345.5068910563555,5936.10954437881,3580.8919122091306,-10111.908569954123,11.457404065436146
442.98137013051746,-189.639775047019,2345.4972678530016,5936.109555282482,3597.0017396197018,-10157.400337328465,11.508948980954402
442.98137107645164,-189.63636486902018,2345.4876380152473,5936.109566193671,3613.2044048109124,-10203.154264849689,11.56079093977061
442.981372016766,-189.6329596880228,2345.478022288285,5936.1095770888705,3629.4653627041816,-10249.072802330651,11.612819411640517
442.9813729523225,-189.62955648964714,2345.468412159953,5936.109587977728,3645.7992125898254,-10295.197176005622,11.66508110837342
442.9813738833719,-189.62615444292726,2345.458805283726,5936.1095988628995,3662.2102876704657,-10341.539622197231,11.717589894460708
442.98137481008473,-189.6227529963528,2345.4492001022213,5936.109609746151,3678.7016455456605,-10388.108775113918,11.770355552981222
442.9813757319973,-189.61935393232753,2345.4396016486826,5936.10962062178,3695.264998301935,-10434.881230915144,11.823351565972294
442.9813766490465,-189.61595757735682,2345.4300108451125,5936.10963148874,3711.8990322326877,-10481.853279887975,11.87657373010541
442.9813775617417,-189.6125621298913,2345.420422604203,5936.109642352797,3728.6129038147333,-10529.050778567222,11.930051342393764
442.9813784688957,-189.60917210860487,2345.4108496860194,5936.109653199493,3745.384602831019,-10576.411573358777,11.983713979066936
442.98137937183327,-189.60578266322295,2345.4012783941052,5936.109664044346,3762.238371320623,-10624.004120191701,12.037639204820838
442.9813802707747,-189.60239302929378,2345.3917065697615,5936.109674889802,3779.178468837247,-10671.840447414976,12.091840648500304
442.98138116439304,-189.59900830188107,2345.3821486006937,5936.109685719559,3796.179728515187,-10719.849487526079,12.146237786338961
442.9813820541568,-189.59562300760973,2345.372589030901,5936.10969655113,3813.269954957229,-10768.109756606507,12.200919581792364
442.98138293963075,-189.5922388663759,2345.363032717116,5936.1097073790115,3830.440922494568,-10816.598026585454,12.255859716055431
442.9813838203872,-189.5888575994029,2345.3534845198174,5936.109718197697,3847.684224662423,-10865.290558851044,12.311031291849178
442.9813846971624,-189.58547646000235,2345.3439366827647,5936.109729015973,3865.014236779207,-10914.227947174058,12.366480304364174
442.9813855693406,-189.58209790102723,2345.3343961324513,5936.1097398259935,3882.4187678003354,-10963.375765849602,12.422167747200463
442.9813864365746,-189.57872337141106,2345.3248669604513,5936.109750623122,3899.8905837458806,-11012.713587189428,12.478070474555121
442.98138729928166,-189.57535135127804,2345.31534487486,5936.109761412221,3917.4377872451246,-11062.26429181895,12.534214411556695
442.9813881581686,-189.57197915305153,2345.3058222863588,5936.109772201889,3935.0747638371295,-11112.068502370545,12.590645586097828
442.9813890126286,-189.56860923308318,2345.2963061313217,5936.109782984268,3952.7890774641533,-11162.091101258438,12.647324207835696
442.98138986224944,-189.56524331876136,2345.286801287637,5936.109793753831,3970.571893965874,-11212.307142121877,12.704222011038816
442.9813907072282,-189.56188073837538,2345.2773058584935,5936.109804512726,3988.4269663682776,-11262.727222950569,12.761351003868679
442.98139154871797,-189.55851697670732,2345.2678070935845,5936.109815275401,4006.3786835988735,-11313.420214464757,12.818789221005488
442.9813923858959,-189.55515538932713,2345.2583144685423,5936.109826031119,4024.4095997654767,-11364.336852047962,12.876480842667206
442.98139321971,-189.55179223302991,2345.248817413111,5936.109836791858,4042.540273541394,-11415.53519034967,12.934491648273571
442.98139404839316,-189.54843472238545,2345.239336300167,5936.109847534532,4060.7321523271808,-11466.906362537176,12.992698285136196
442.9813948728393,-189.5450793471192,2345.229861217215,5936.1098582703735,4079.0044460653535,-11518.50461464391,13.051162217283053
442.98139569382744,-189.54172300405855,2345.220383401355,5936.109869009312,4097.374517157544,-11570.378975521387,13.10993899736045
442.98139650930784,-189.53837417610322,2345.2109268070394,5936.109879724206,4115.796178680871,-11622.399020137866,13.168880845939757
442.98139732147354,-189.53502395792592,2345.201466286943,5936.109890443547,4134.3186789627025,-11674.703818478083,13.2281453377028
442.9813981294563,-189.53167599594258,2345.192012138004,5936.109901155669,4152.922339108657,-11727.237800257983,13.287669508165537
442.9813989338429,-189.52832793240185,2345.1825577022823,5936.109911868116,4171.6206903398115,-11780.03917564244,13.3474966517498
442.98139973349214,-189.5249846078119,2345.173116648656,5936.109922565401,4190.387025716515,-11833.03252818813,13.407541317075722
442.98140052993045,-189.52163972055408,2345.163671182287,5936.109933267685,4209.257107019174,-11886.318843868006,13.467917927342752
442.981401321839,-189.5182988855185,2345.1542371587934,5936.109943957004,4228.199678859597,-11939.80986209351,13.52852647797956
442.9814021099569,-189.51495907758314,2345.144806035679,5936.109954643037,4247.232205587965,-11993.554899603772,13.589422847826695
442.9814028948338,-189.51161802525962,2345.1353713985964,5936.109965333051,4266.368173516837,-12047.59203974866,13.650650187617108
442.9814036750545,-189.50828183658476,2345.1259504957375,5936.109976007504,4285.5729765515525,-12101.823560040662,13.712097771876925
442.98140445134845,-189.5049474961755,2345.116534812107,5936.109986676042,4304.864217533516,-12156.299168297612,13.77382192256254
442.98140522361183,-189.50161553780623,2345.107125855005,5936.109997336959,4324.239161999126,-12211.011142799161,13.835813890498914
442.9814059916085,-189.49828707876486,2345.097726779487,5936.11000798668,4343.6915952712325,-12265.941934217197,13.898053791238464
442.9814067568057,-189.4949558235077,2345.0883198078695,5936.110018645348,4363.258822930422,-12321.196887987797,13.960660987515958
442.9814075177453,-189.4916281846895,2345.07892304854,5936.110029292444,4382.903687839386,-12376.67107785672,14.023516591554925
442.9814082749674,-189.48830189269418,2345.0695300924394,5936.110039935231,4402.639916218859,-12432.403264639002,14.086664521697314
442.981409028153,-189.48497843587907,2345.0601451424677,5936.1100505689465,4422.459040460321,-12488.369537061906,14.15007768502843
442.98140977717185,-189.48165849043636,2345.0507701080915,5936.110061191427,4442.357295072816,-12544.559261936489,14.213744033503596
442.9814105232669,-189.47833661664163,2345.041389628335,5936.110071820078,4462.367767411475,-12601.065873054706,14.277769433246412
442.98141126514525,-189.47501864299005,2345.0320201620048,5936.110082436249,4482.455815778897,-12657.791547392171,14.342043044868067
442.9814120038399,-189.4717000302244,2345.0226488909116,5936.110093054466,4502.649334267266,-12714.81505373519,14.406654118156021
442.9814127382847,-189.46838565130486,2345.013289575573,5936.110103659136,4522.919069167334,-12772.053783940179,14.471509053099282
442.98141346884864,-189.4650739458911,2345.0039378098186,5936.1101142552525,4543.274809300752,-12829.535380190136,14.53663916995897
442.98141419621015,-189.46176191335013,2344.994585120305,5936.1101248524155,4563.735457368008,-12887.313220912489,14.60210494971409
442.98141492013286,-189.4584506918503,2344.985234721052,5936.110135446983,4584.294530404121,-12945.368999174007,14.66788564950471
442.9814156401466,-189.45514251653836,2344.975892923783,5936.110146031804,4604.938543088277,-13003.664634425353,14.733938121770672
442.9814163561842,-189.45183779882757,2344.966560890267,5936.110156605562,4625.665196998216,-13062.19363626238,14.800255012492386
442.9814170690397,-189.44853295446788,2344.957228499113,5936.110167179726,4646.497392264741,-13121.02067126386,14.866909592805566
442.9814177780157,-189.44523129610224,2344.947905104735,5936.110177743695,4667.414682225806,-13180.08800108352,14.933836441679912
442.9814184834057,-189.44193154985896,2344.9385871099075,5936.110188301546,4688.425476327587,-13239.419372752258,15.001062465934307
442.9814191857652,-189.43863118422757,2344.9292673660198,5936.110198861379,4709.546417359457,-13299.061783043118,15.068640915748494
442.9814198847718,-189.4353317750218,2344.919950322936,5936.110209418152,4730.767993417134,-13358.988371746744,15.136541356884491
442.9814205803264,-189.4320338650207,2344.9106375133842,5936.110219970128,4752.087186062799,-13419.190615241652,15.20475413156482
442.9814212717202,-189.428740917167,2344.901338716202,5936.110230506228,4773.481887688348,-13479.60608491582,15.273208504404852
442.9814219601137,-189.42544749263058,2344.892038572939,5936.1102410438525,4794.987811635582,-13540.335629958754,15.342018743621887
442.98142264429066,-189.42215950237346,2344.8827537752754,5936.11025156409,4816.566713441318,-13601.271253668929,15.411062482436073
442.98142332560997,-189.418870503767,2344.873466130183,5936.110262087553,4838.261257772186,-13662.533434747944,15.480476230486556
442.9814240036081,-189.4155827947959,2344.8641821268293,5936.110272606889,4860.0568769201755,-13724.081036145284,15.550213377012703
442.9814246778708,-189.4122984739063,2344.8549076909167,5936.110283115386,4881.9400319612205,-13785.87582594397,15.620230602945403
442.9814253486454,-189.40901643284144,2344.8456396928914,5936.110293616588,4903.91843108664,-13847.939570935005,15.690552571372365
442.9814260158749,-189.40573704224263,2344.83637917939,5936.110304109309,4925.989954299204,-13910.266284560099,15.761172499161738
442.9814266804386,-189.4024560453059,2344.827114129828,5936.11031460717,4948.183812954597,-13972.93845536265,15.832183850811171
442.9814273410016,-189.3991801137459,2344.81786338414,5936.110325088824,4970.455317304411,-14035.829886109957,15.903443637240269
442.9814279985403,-189.3959045003062,2344.808613536776,5936.1103355694595,4992.837085246419,-14099.032684915894,15.975056222500575
442.98142865317396,-189.3926286694119,2344.799363075353,5936.110346050791,5015.333393848974,-14162.558929588227,16.047035291477204
442.9814293040287,-189.38935707911358,2344.790124588745,5936.110356518555,5037.914044903438,-14226.32334485693,16.119284222142888
442.9814299516655,-189.38608700673583,2344.78089038852,5936.110366981462,5060.598158520652,-14290.379923084081,16.19186419110224
442.98143059602006,-189.38281885810122,2344.771661620661,5936.110377438214,5083.383369844802,-14354.721986267003,16.264767631775193
442.9814312371344,-189.379552502901,2344.762437917195,5936.110387889227,5106.271025023832,-14419.353335728181,16.337998851289512
442.9814318749816,-189.37628816231376,2344.7532199026978,5936.110398333794,5129.260008779598,-14484.270822087261,16.411554281207167
442.9814325098552,-189.37302440897813,2344.744003546512,5936.110408776483,5152.360873888637,-14549.504244822732,16.485467686135728
442.9814331415047,-189.36976260632653,2344.734792698769,5936.1104192129305,5175.564476211045,-14615.027782237397,16.55970980853387
442.9814337697372,-189.366503841551,2344.7255904295384,5936.110429639658,5198.863458412495,-14680.820658308447,16.634257107913836
442.9814343956756,-189.36324235006006,2344.7163804604675,5936.110440075109,5222.299666596887,-14747.001040237526,16.70924347484685
442.98143501838416,-189.3599830620837,2344.707176713795,5936.11045050351,5245.838353228381,-14813.470806128173,16.784557731302268
442.98143563798305,-189.35672543271218,2344.6979776507774,5936.110460926604,5269.483897988326,-14880.242323552058,16.860213890485202
442.9814362538996,-189.35347257424758,2344.6887920600943,5936.110471334433,5293.214014860641,-14947.252660099452,16.936140646177137
442.9814368662104,-189.350224201882,2344.6796191374906,5936.110481727908,5317.030930711964,-15014.508104112028,17.012345123448632
442.98143747604706,-189.34697439101043,2344.6704421527593,5936.110492125987,5340.978577294111,-15082.13271235235,17.08896788609911
442.98143808280446,-189.34372642662484,2344.6612703822307,5936.110502518157,5365.033389298548,-15150.05993987821,17.16593353469272
442.98143868658775,-189.34047982516154,2344.652102460393,5936.110512905966,5389.199436545094,-15218.3012792582,17.24325509100331
442.98143928738455,-189.3372347303025,2344.6429387929825,5936.110523288955,5413.476159232009,-15286.85514969509,17.3209307638922
442.9814398850206,-189.33399216799603,2344.6337822771256,5936.110533663841,5437.856327894118,-15355.701136249625,17.398937422001012
442.98144047990843,-189.33074997765087,2344.6246268116324,5936.110544037537,5462.3566997002645,-15424.886558685539,17.47732868147813
442.9814410715003,-189.32751122751577,2344.615481060783,5936.110554400225,5486.954550876886,-15494.347248430793,17.556031835458363
442.9814416600703,-189.32427451148016,2344.6063410539296,5936.1105647564045,5511.660929362649,-15564.114403228414,17.635082232867546
442.98144224616175,-189.3210369070203,2344.5971985382976,5936.110575115427,5536.498762914341,-15634.252767668868,17.714553233234565
442.98144282916024,-189.31780187715896,2344.5880632929507,5936.110585466213,5561.4420755762485,-15704.688989499242,17.79436172402943
442.98144341007077,-189.31456390039574,2344.578919725989,5936.110595826427,5586.534155307533,-15775.545307506956,17.874646209176532
442.98144398737026,-189.3113315418673,2344.569792024091,5936.110606168665,5611.709168048636,-15846.635816055259,17.955196046368275
442.981444562037,-189.30809942127655,2344.5606649940933,5936.110616510142,5637.009373306832,-15918.079849735725,18.036146448899878
442.9814451336611,-189.30486992053727,2344.5515453621683,5936.110626843236,5662.4166593151585,-15989.826263600089,18.11743946645783
442.9814457024328,-189.30164205163467,2344.5424303383083,5936.1106371711085,5687.939251886031,-16061.898286124693,18.19910141830789
442.9814462681963,-189.2984167841941,2344.533322660592,5936.110647490657,5713.5699396524,-16134.275553476708,18.281109230998254
442.98144683044484,-189.29519712012495,2344.524230805967,5936.110657792278,5739.2850850733985,-16206.891316740523,18.363387273978415
442.9814473906872,-189.29197449462424,2344.5151305886975,5936.110668103374,5765.153648621907,-16279.940310081207,18.446156192811856
442.9814479477227,-189.28875587872594,2344.506041693952,5936.110678401641,5791.12032506845,-16353.266359719257,18.52923903317946
442.9814485020192,-189.28553866276985,2344.4969567524354,5936.1106886954285,5817.2065587845545,-16426.930021384793,18.6127044083787
442.9814490538292,-189.2823214479519,2344.487871814133,5936.110698989212,5843.424328900337,-16500.965122367626,18.696590646770844
442.981449602877,-189.2791059102395,2344.4787916117284,5936.11070927763,5869.760600843538,-16575.334854965608,18.78085604300754
442.9814501487322,-189.27589466759866,2344.46972353797,5936.110719552305,5896.194293013731,-16649.97968786049,18.865433144511663
442.981450692015,-189.2726841631198,2344.460657548672,5936.110729824619,5922.755104326031,-16724.983486391313,18.950416975774726
442.9814512329953,-189.26947285832122,2344.451589299389,5936.110740099493,5949.456502370744,-16800.384281039078,19.0358506276274
442.9814517704856,-189.26626789690133,2344.4425389628686,5936.110750354072,5976.239479512152,-16876.015442977237,19.12154529955074
442.98145230606355,-189.2630599512022,2344.4334801991854,5936.110760618199,6003.182515268404,-16952.098586745302,19.207752094195673
442.9814528384589,-189.2598566983966,2344.424434687539,5936.11077086731,6030.221766888807,-17028.453429867917,19.29426674063489
442.9814533683687,-189.25665403718264,2344.4153908464596,5936.110781114528,6057.392266743561,-17105.178898571616,19.38120132825472
442.98145389568526,-189.25345268847815,2344.4063507117125,5936.110791357547,6084.688528743924,-17182.25950095406,19.468538303794638
442.9814544200696,-189.25025479929528,2344.3973203461424,5936.110801589497,6112.092694593204,-17259.64480782951,19.556220527942973
442.98145494208956,-189.24705698778268,2344.3882901999013,5936.110811821199,6139.634274802709,-17337.418152512546,19.644342422375644
442.98145546101966,-189.24386378635725,2344.379273071864,5936.110822038149,6167.27468988066,-17415.470592230497,19.73278054835469
442.9814559773959,-189.24067199437593,2344.370259923888,5936.110832250591,6195.042016081966,-17493.88141017023,19.821624738516864
442.98145649161876,-189.23747919610096,2344.3612439342883,5936.110842466252,6222.95801036676,-17572.712044765813,19.910944606316843
442.98145700294947,-189.23429005302634,2344.352238266433,5936.110852670217,6250.9825116443335,-17651.84908704336,20.000611652541004
442.981457512039,-189.23110058440352,2344.3432316792773,5936.1108628752245,6279.151055151632,-17731.392883250635,20.090739575545722
442.98145801850694,-189.22791324276264,2344.334231098404,5936.110873073427,6307.442639110103,-17811.284127474548,20.18126117815129
442.98145852233813,-189.22472820999525,2344.3252370374476,5936.110883264241,6335.856134135259,-17891.51963050052,20.272172846785036
442.98145902398534,-189.22154269306233,2344.316241609279,5936.110893456605,6364.417119716694,-17972.171625019848,20.363556425446795
442.9814595233272,-189.21835751850293,2344.307247147923,5936.110903647873,6393.118984506096,-18053.221441563775,20.455390760501434
442.98146001977534,-189.21517652684247,2344.2982644984545,5936.110913825757,6421.927607101758,-18134.57272634593,20.547566677292163
442.9814605135505,-189.21199840815908,2344.2892899618478,5936.110923994449,6450.855165447205,-18216.259868075744,20.640123140302748
442.98146100486207,-189.20882190115492,2344.2803199763844,5936.110934157985,6479.913631335081,-18298.316673323094,20.73309845441773
442.981461493908,-189.20564579675192,2344.271351127807,5936.110944320232,6509.114728912565,-18380.776249343726,20.82653013215655
442.98146198032646,-189.20247252313908,2344.262390272962,5936.110954473422,6538.436715327782,-18463.57719754321,20.920348605205064
442.98146246445526,-189.1992999569454,2344.2534314157638,5936.1109646243485,6567.899774593498,-18546.776514585137,21.014618454224017
442.98146294644584,-189.19612716570464,2344.244471923066,5936.110974775995,6597.513346321504,-18630.40085653557,21.10936988214553
442.9814634265533,-189.19295251272086,2344.2355071730817,5936.110984933598,6627.293672581733,-18714.496088595177,21.204654857010933
442.9814639034255,-189.18978503171098,2344.22656267569,5936.110995068254,6657.156457868008,-18798.824172735385,21.300203667363146
442.98146437739393,-189.1866226597448,2344.217632605481,5936.1110051865635,6687.121103578733,-18883.43989563269,21.396078389814093
442.98146484955436,-189.18345816266964,2344.2086965342787,5936.111015311672,6717.256770118501,-18968.53855602973,21.492500309629715
442.98146531915404,-189.18029664751563,2344.1997688835804,5936.11102542724,6747.515591671581,-19053.984987949923,21.589316275598314
442.9814657864005,-189.17713680488825,2344.19084595585,5936.111035537456,6777.9105994878,-19139.815989713366,21.686567982438127
442.9814662514472,-189.17397766969142,2344.181925025798,5936.111045645409,6808.451742651727,-19226.05965606181,21.784287263187714
442.98146671422415,-189.17081978687452,2344.173007632282,5936.111055749355,6839.134452195795,-19312.703084907334,21.882459499002525
442.98146717471633,-189.16766333331654,2344.1640942747813,5936.111065848728,6869.957659437336,-19399.743258448307,21.98108127053111
442.98146763275395,-189.16450955690658,2344.15518847715,5936.111075939534,6900.90972629433,-19487.147312464258,22.08011534062753
442.9814680885304,-189.16135721015496,2344.146286716663,5936.111086025767,6932.00344581102,-19574.95137261798,22.179602641848746
442.98146854214536,-189.15820567488223,2344.1373872476715,5936.111096109403,6963.245606104927,-19663.174607548288,22.27956489341982
442.9814689930982,-189.15505852083993,2344.128500150626,5936.111106179021,6994.601291821571,-19751.718421463735,22.379890380356382
442.9814694422385,-189.15190989434873,2344.1196088956035,5936.11111625335,7026.129470623226,-19840.749330311777,22.48076777528018
442.98146988931893,-189.14876157804568,2344.110718516506,5936.111126326687,7057.813248658432,-19930.219628357216,22.58214302471305
442.9814703338246,-189.1456172832139,2344.101839493448,5936.111136387156,7089.615821257433,-20020.025384661985,22.683898368627336
442.9814707759734,-189.14247556895594,2344.0929677575486,5936.111146439369,7121.552135768414,-20110.20880832424,22.78608163247958
442.9814712164343,-189.13933174146172,2344.084090054183,5936.111156498343,7153.670750528827,-20200.907020899365,22.888848183270785
442.9814716543562,-189.13619194432346,2344.0752237319457,5936.111166544421,7185.909636707433,-20291.944862151973,22.991999553878895
442.98147209010295,-189.13305366277487,2344.066361689509,5936.111176585651,7218.295075250499,-20383.396545583153,23.095619832681287
442.9814725240495,-189.12991425525001,2344.057496467482,5936.111186630484,7250.855188038939,-20475.341483220847,23.199798998300214
442.9814729556797,-189.12677752195737,2344.048638797091,5936.1111966667595,7283.551337427647,-20567.670568076002,23.304413425929628
442.9814733847557,-189.12364529624352,2344.039793855435,5936.111206688613,7316.36475010722,-20660.33078710246,23.40940304858745
442.98147381185834,-189.12051342696546,2344.0309499203013,5936.111216709325,7349.339433987524,-20753.446412121826,23.514908673750636
442.9814742369162,-189.11738250241734,2344.0221086529446,5936.1112267270155,7382.469999316692,-20847.002223272844,23.620913056397466
442.9814746597861,-189.11425365367444,2344.0132732473544,5936.111236738064,7415.745148548377,-20940.96631795735,23.72738004895803
442.98147508037397,-189.11112766605905,2344.004445921165,5936.111246739958,7449.157050147838,-21035.316581080788,23.83428459369491
442.9814754989848,-189.10800235227455,2343.9956204977743,5936.111256739696,7482.729717883441,-21130.120823969515,23.94170352493514
442.98147591525554,-189.10488050708784,2343.98680486919,5936.111266728336,7516.433717705633,-21225.29592922563,24.04954266564845
442.9814763295306,-189.10175963287466,2343.9779919824914,5936.111276713869,7550.296580537101,-21320.91964009855,24.15789010363036
442.98147674183923,-189.09863957738088,2343.969181407735,5936.111286696782,7584.320742862863,-21416.998836861214,24.26675363464554
442.98147715250394,-189.0955179507032,2343.960366396188,5936.111296684723,7618.533264306278,-21513.60993188352,24.376219838522744
442.98147756104316,-189.09239847327788,2343.9515574538113,5936.111306665787,7652.894262801727,-21610.640304117125,24.486161108814343
442.98147796741074,-189.08928158541246,2343.9427558239686,5936.111316638566,7687.399441144273,-21708.077818891543,24.596563696205976
442.9814783719847,-189.0861644594755,2343.933953521847,5936.111326612106,7722.080856399557,-21806.013000613748,24.70753017031649
442.98147877439015,-189.0830500559891,2343.9251589075225,5936.111336576935,7756.906315444985,-21904.35494067207,24.818957526199892
442.9814791744671,-189.07993971538644,2343.9163757661804,5936.111346528765,7791.861216152312,-22003.062404818356,24.9307990429633
442.98147957296595,-189.0768276751325,2343.9075878252747,5936.111356486033,7827.011081637425,-22102.320420630458,25.04326436802425
442.9814799691768,-189.07371954990006,2343.89881093981,5936.111366430775,7862.293272459813,-22201.95210360282,25.156153080557754
442.98148036374823,-189.07061032655696,2343.8900309534433,5936.11137637903,7897.7654260889685,-22302.120213415437,25.269649597108614
442.9814807562528,-189.06750343755556,2343.881257558912,5936.111386319816,7933.38925159028,-22402.716622138356,25.38363140220345
442.98148114644505,-189.06440092628372,2343.8724965264405,5936.111396246595,7969.141719287984,-22503.676297377016,25.498024810212527
442.98148153483027,-189.0612988637574,2343.86373676116,5936.111406171938,8005.068670050409,-22605.128686956337,25.61297649333754
442.98148192120726,-189.05819892964854,2343.854983006215,5936.111416090472,8041.151412259753,-22707.02100851514,25.728426645976256
442.98148230578676,-189.05509950670063,2343.8462306947135,5936.111426007369,8077.409530573313,-22809.408566225917,25.84443793109539
442.9814826885813,-189.0520005558542,2343.8374797163565,5936.111435922756,8113.844391346079,-22912.295218472853,25.961014720477205
442.98148306907626,-189.04890633419006,2343.82874209251,5936.111445823011,8150.406483390811,-23015.54115299385,26.07799859838674
442.98148344803303,-189.0458107278658,2343.820000558588,5936.111455727697,8187.16875701537,-23119.35237065722,26.19562297624632
442.98148382476995,-189.0427193800522,2343.81127105007,5936.111465618757,8224.064947428535,-23223.54174950378,26.313675833577534
442.98148419931414,-189.03963218032004,2343.8025532551196,5936.111475496546,8261.09663035416,-23328.11373914439,26.432162212058113
442.9814845721612,-189.03654512774486,2343.7938358757187,5936.111485373863,8298.31242586215,-23433.205635457733,26.551237676208714
442.98148494362977,-189.0334556241204,2343.7851115749177,5936.111495259022,8335.744885654738,-23538.909359631285,26.671006378285146
442.98148531322585,-189.0303678281303,2343.7763920962234,5936.111505138719,8373.344717304906,-23645.085717149424,26.791310602496406
442.98148568064676,-189.0272843647342,2343.767684852133,5936.1115150045525,8411.08043530671,-23751.645797605135,26.912049607982723
442.98148604674356,-189.02419815778197,2343.758969860646,5936.111524879165,8449.039528724115,-23858.836657161344,27.03350332429449
442.98148641083384,-189.0211150174808,2343.750263528928,5936.1115347439645,8487.151545387638,-23966.45934932265,27.155446333039567
442.98148677295046,-189.01803476112315,2343.7415653410394,5936.1115445995365,8525.41923679797,-24074.52164391961,27.27788743790511
442.9814871333144,-189.01495559132547,2343.7328702214354,5936.111554451632,8563.865611962581,-24183.088514982577,27.400900258390802
442.98148749168445,-189.01187965278638,2343.724184226427,5936.111564293389,8602.464540708574,-24292.086174772157,27.524401188532376
442.9814878484467,-189.0088037091768,2343.7154982171005,5936.111574135162,8641.25738891126,-24401.63143439556,27.64852258236769
442.9814882035103,-189.00572860446903,2343.7068145767084,5936.1115839742515,8680.234496876197,-24511.69701630591,27.77323353278904
442.98148855673145,-189.00265565961476,2343.698137035423,5936.11159380643,8719.379904262234,-24622.237850862883,27.89848297317248
442.9814889080178,-188.99958576803684,2343.6894681161375,5936.1116036288395,8758.682803634847,-24733.22341947155,28.024236324107115
442.9814892577456,-188.99651571684825,2343.680798746135,5936.11161345176,8798.185127632782,-24844.772133695144,28.15062775304419
442.9814896057537,-188.99344698259537,2343.6721330949645,5936.111623270466,8837.8688477937,-24956.833083825335,28.277599576210058
442.98148995189473,-188.99038094819545,2343.6634750677786,5936.111633080534,8877.71677758376,-25069.357737635208,28.405096803661046
442.98149029625444,-188.98731694028044,2343.654822763086,5936.111642884119,8917.738298477854,-25182.37258702082,28.53314945231505
442.9814906389698,-188.98425381505697,2343.646172950984,5936.111652684878,8957.949161017732,-25295.922109180046,28.66180791752297
442.9814909798399,-188.98119344698696,2343.6375309246746,5936.1116624768165,8998.325499831712,-25409.938911836776,28.790995839766534
442.9814913191369,-188.9781334697305,2343.628890001965,5936.111672267504,9038.899328283618,-25524.51339599053,28.920815648836996
442.98149165684424,-188.9750740940891,2343.6202507781272,5936.111682056267,9079.668862992941,-25639.640525638788,29.051261638639414
442.9814919928549,-188.97201635928639,2343.6116161877753,5936.111691839779,9120.621146826436,-25755.283711755717,29.182292351598097
442.9814923270487,-188.96896144386272,2343.602989558932,5936.111701614271,9161.741067732728,-25871.400280145743,29.31385943527257
442.9814926596899,-188.96590701033136,2343.594364290882,5936.111711387221,9203.06088089166,-25988.08131466101,29.446066093167392
442.98149299064437,-188.96285435906762,2343.585744055691,5936.111721154468,9244.56389548181,-26105.279682893073,29.5788589214177
442.9814933197629,-188.9598049561867,2343.5771329934523,5936.1117309113215,9286.230800053787,-26222.940852168125,29.71217613121109
442.9814936472743,-188.95675676561893,2343.5685253546067,5936.111740664296,9328.090097313321,-26341.145309907017,29.846108919655617
442.9814939734015,-188.95370777099427,2343.5599154452234,5936.111750419844,9370.170579898067,-26459.97436225542,29.980749411524044
442.9814942977833,-188.9506614156459,2343.5513129887654,5936.111760166947,9412.425685040935,-26579.29652285319,30.11594862483046
442.98149462044205,-188.94761757932156,2343.5427176456583,5936.11176990599,9454.857699047252,-26699.11824788807,30.251713874825406
442.98149494182564,-188.9445720976259,2343.5341176562665,5936.111779650297,9497.525744624341,-26819.606491131774,30.388234330213887
442.9814952611224,-188.94153274696174,2343.52553498,5936.111789374987,9540.321565399976,-26940.455552617663,30.525163614473705
442.981495579258,-188.9384907942571,2343.516944955956,5936.111799108003,9583.368926638776,-27062.01492712824,30.66289772629803
442.98149589537604,-188.93545450403093,2343.5083709219134,5936.111808822901,9626.551724713887,-27183.956755211668,30.80106518112975
442.98149621013806,-188.9324176104,2343.4997951839446,5936.111818539731,9669.959715246137,-27306.534493451873,30.93995316058373
442.98149652368875,-188.92937875487053,2343.4912139058647,5936.111828262838,9713.613777754232,-27429.807102518236,31.079628470658836
442.9814968354485,-188.92634362104988,2343.4826431373394,5936.1118379740365,9757.433268531828,-27553.54685652422,31.21983308417405
442.9814971453737,-188.92331274293903,2343.4740843863087,5936.111847671618,9801.410810902775,-27677.732924828575,31.360543398754896
442.9814974538562,-188.92028237374026,2343.4655270723706,5936.111857367572,9845.601452974912,-27802.520755137368,31.501935546039313
442.98149776082147,-188.91725331333214,2343.4569734542633,5936.111867059338,9889.994537601362,-27927.880253245727,31.643975427475887
442.9814980663193,-188.91422513904956,2343.4484223384434,5936.1118767482685,9934.597229956893,-28053.831652546312,31.786685968720338
442.98149837014967,-188.91119991451916,2343.4398795522866,5936.111886427761,9979.379927556185,-28180.291360003546,31.9299724538154
442.98149867258724,-188.90817498059195,2343.4313375867505,5936.111896106325,10024.382856890044,-28307.372969271502,32.07396359123073
442.9814989736601,-188.90515011321526,2343.4227958091433,5936.1119057846745,10069.610539944324,-28435.0892497687,32.21867384948863
442.9814992733412,-188.9021256417962,2343.4142551496616,5936.111915461757,10115.059234996184,-28563.429635423843,32.36409125659228
442.9814995712244,-188.89910575387862,2343.4057274333095,5936.111925124175,10160.666694762043,-28692.21834912448,32.51001664645851
442.98149986771074,-188.8960864721402,2343.397201428718,5936.111934784653,10206.493643850708,-28821.626868174943,32.656644313228206
442.98150016258427,-188.89307007410218,2343.388683567269,5936.111944435905,10252.506366082702,-28951.55998307644,32.80386637878974
442.9815004560837,-188.89005419478696,2343.380167170616,5936.111954085496,10298.741803407822,-29082.122012425545,32.9518010424126
442.9815007481021,-188.88704000258298,2343.3716555381156,5936.11196372969,10345.183050613352,-29213.26521840454,33.100394214266515
442.9815010386886,-188.88402706462955,2343.363147447433,5936.111973369871,10391.837703696954,-29345.01105098616,33.249670198465914
442.9815013277819,-188.881016091014,2343.3546449037503,5936.111983003766,10438.695665279187,-29477.33099666588,33.39959668748829
442.98150161545084,-188.87800644292926,2343.34614610317,5936.11199263342,10485.767770322806,-29610.255651774292,33.550208348823844
442.98150190179706,-188.87499712116312,2343.3376482240656,5936.112002262031,10533.0707367188,-29743.83222516029,33.70155867294924
442.9815021868499,-188.87198787436122,2343.3291505566485,5936.112011890401,10580.6097585268,-29878.075384079224,33.85366427875053
442.9815024701946,-188.86898316724825,2343.3206657086407,5936.1120215042465,10628.315052383015,-30012.78807064394,34.006301887741515
442.98150275223645,-188.86597878770496,2343.3121817856413,5936.112031117043,10676.254215299852,-30148.161168808998,34.15968778296992
442.9815030329051,-188.86297554995036,2343.3037010868843,5936.112040726188,10724.415385775545,-30284.16118344964,34.31378401243666
442.9815033121822,-188.85997372113886,2343.295224366774,5936.112050330824,10772.795285608676,-30420.778857410434,34.468580087225604
442.9815035901397,-188.85697259672395,2343.2867496357753,5936.112059933206,10821.406333486795,-30558.0492592263,34.624115742104564
442.9815038663655,-188.8539767205118,2343.2782897249244,5936.1120695187965,10870.175531063549,-30695.76625237533,34.780157411945815
442.98150414145897,-188.8509796722898,2343.269826504491,5936.112079108137,10919.208223544863,-30834.227316121563,34.93704215872
442.9815044151139,-188.84798485043694,2343.2613695709942,5936.112088690353,10968.450017216728,-30973.278850670213,35.09459594458386
442.98150468730404,-188.8449926275871,2343.2529199766973,5936.112098264253,11017.895530855225,-31112.90566024168,35.25280155180143
442.9815049580048,-188.84200336628197,2343.244478745364,5936.112107828679,11067.539429931101,-31253.09268091519,35.411641912040764
442.98150522770123,-188.83901176774526,2343.236030914035,5936.112117400582,11117.4709872724,-31394.09200593933,35.571402662176276
442.9815054959546,-188.83602275455806,2343.22759038335,5936.1121269642135,11167.609368697831,-31535.67537155451,35.73182516558362
442.9815057629707,-188.83303410705633,2343.219150885307,5936.1121365266745,11217.992801845725,-31677.95072695136,35.8930317352148
442.98150602859283,-188.83004765043017,2343.210717573972,5936.112146082126,11268.59156521568,-31820.834143013337,36.05492727431229
442.9815062927343,-188.82706444986516,2343.2022934572715,5936.112155627159,11319.388296505042,-31964.27659116842,36.217456230543156
442.9815065559102,-188.82407874720855,2343.193862275035,5936.112165180198,11370.48233052347,-32108.55857821149,36.380936435045776
442.9815068176082,-188.82109641376022,2343.1854406069438,5936.112174722456,11421.774470379478,-32253.399986808174,36.545050497964034
442.9815070781191,-188.8181142135317,2343.1770193150455,5936.112184264289,11473.321316422647,-32398.96064796539,36.70997951748096
442.98150733724145,-188.8151345236142,2343.168605111894,5936.112193798089,11525.082841000954,-32545.12752952035,36.87559542133008
442.981507595037,-188.81215671820706,2343.1601962303207,5936.11220332586,11577.070751630024,-32691.933691763752,37.041935668817274
442.98150785158856,-188.8091799131597,2343.151790173615,5936.112212850429,11629.301521205663,-32839.425651714366,37.20905296653396
442.98150810679374,-188.8062053727012,2343.1433905117733,5936.112222367754,11681.753958605777,-32987.54356878097,37.37687951147649
442.9815083606828,-188.80323282606477,2343.13499648019,5936.112231878698,11734.433701935423,-33136.30336413747,37.54543334329636
442.9815086135334,-188.80025908249308,2343.1265990686384,5936.112241393473,11787.39862541041,-33285.8684660004,37.714899636032435
442.98150886515043,-188.79728648835476,2343.1182049029167,5936.11225090457,11840.608384946065,-33436.12494864802,37.885149304961956
442.98150911531576,-188.79431770886717,2343.109821509204,5936.112260403462,11894.016053823278,-33586.94029797358,38.05603220359934
442.98150936421075,-188.79135068262053,2343.1014430663836,5936.112269896744,11947.659418175781,-33738.42121642409,38.22766923226085
442.98150961195023,-188.7883841092319,2343.0930659023675,5936.112279388577,12001.563147874274,-33890.637368061754,38.40013932453606
442.9815098585811,-188.78541748337742,2343.0846885901956,5936.112288880578,12055.73783576111,-34043.618665505004,38.573476373228104
442.9815101039209,-188.78245306730673,2343.076317518126,5936.112298365508,12110.143347413294,-34197.251775085635,38.74755196444656
442.9815103480801,-188.77948960207945,2343.067949131097,5936.112307847396,12164.80383309284,-34351.60489356787,38.922443369243766
442.98151059082176,-188.77653004964196,2343.0595917932073,5936.112317316764,12219.665473020785,-34506.52604186451,39.09797838613573
442.9815108323812,-188.77357162755936,2343.0512376472725,5936.112326782516,12274.78063607764,-34662.16310194035,39.2743245743193
442.9815110726168,-188.7706161522262,2343.0428918225216,5936.11233623884,12330.11640955344,-34818.42313317552,39.451376626459364
442.98151131183647,-188.7676599027686,2343.0345438117583,5936.11234569764,12385.743657906287,-34975.50624630746,39.62936128010637
442.98151154981053,-188.76470578027207,2343.026201807218,5936.112355149635,12441.609110249508,-35133.26201223953,39.80810809000924
442.9815117864798,-188.7617546068397,2343.0178681303983,5936.112364592194,12497.698016733299,-35291.64877957976,39.98756986262544
442.98151202216826,-188.7588024091923,2343.0095315613466,5936.112374038031,12554.087140815842,-35450.8833169684,40.16799220991537
442.9815122566956,-188.75585150015874,2343.00119863115,5936.1123834797445,12610.73379765778,-35610.84508873906,40.34923855768967
442.9815124899639,-188.7529031923099,2342.992873046314,5936.112392913135,12667.613768725238,-35771.465705337876,40.53123141645365
442.98151272218854,-188.7499548331848,2342.984547316681,5936.11240234669,12724.779402373997,-35932.89299077085,40.714138279733454
442.98151295316507,-188.7470090892283,2342.9762289718974,5936.112411771877,12782.180177265867,-36094.98428025916,40.89779749971889
442.9815131831634,-188.74406258414243,2342.9679084777968,5936.112421199499,12839.883172273803,-36257.92899460827,41.08242370162203
442.98151341182063,-188.74112004094593,2342.9595991714855,5936.112430614446,12897.796989209759,-36421.46903886764,41.26772444827703
442.9815136393248,-188.73817913148474,2342.9512944786006,5936.112440024164,12955.968196686368,-36585.735915904355,41.45384874037402
442.9815138657858,-188.73523850139665,2342.942990574624,5936.112449432989,13014.424878252137,-36750.80892950133,41.64088643388835
442.98151409110443,-188.7322995047044,2342.9346912831156,5936.112458836587,13073.141417425639,-36916.6157425078,41.82875556645961
442.98151431528584,-188.7293621491277,2342.9263966258745,5936.1124682349355,13132.118762391567,-37083.159032456955,42.017459171894615
442.9815145383017,-188.72642688380574,2342.918107871203,5936.112477626595,13191.34893293566,-37250.41626440528,42.2069717167414
442.9815147601916,-188.72349326700763,2342.909823771719,5936.112487012981,13250.84188307204,-37418.415547014854,42.39732504981164
442.981514981221,-188.72055784027108,2342.9015345612365,5936.112496405157,13310.669387468857,-37587.35956132152,42.588748820959346
442.9815152011146,-188.71762431331982,2342.893250715467,5936.112505791254,13370.75744547028,-37757.039340429816,42.78100625807194
442.98151541964245,-188.71469585364653,2342.8849811789396,5936.112515161139,13431.041736641282,-37927.27325295455,42.973891561820814
442.98151563729226,-188.71176600399397,2342.876707717317,5936.112524535471,13491.656256525343,-38098.43968247101,43.167833463648314
442.9815158537807,-188.70883863833097,2342.8684412701127,5936.1125339018545,13552.522329561958,-38270.316460845126,43.362580233641204
442.9815160693575,-188.70591044416258,2342.860172483332,5936.11254327089,13613.710222433256,-38443.10201078346,43.558356696709325
442.9815162836108,-188.70298709541473,2342.8519173793015,5936.112552624421,13675.102400150154,-38616.46443087919,43.75478678851428
442.98151649689424,-188.70006385344527,2342.8436625767977,5936.112561977611,13736.799262980778,-38790.687236624144,43.95219174923061
442.981516709181,-188.69714114311688,2342.8354092755694,5936.1125713291,13798.793413519263,-38965.74953883943,44.15054791015706
442.9815169203331,-188.69422093713206,2342.8271630462364,5936.112580672576,13861.044204855007,-39141.53655666772,44.34972521765033
442.98151713044916,-188.69130194948067,2342.8189202572967,5936.112590012153,13923.580143258398,-39318.12878759594,44.549814880224574
442.9815173395816,-188.68838351682453,2342.8106790355814,5936.112599349955,13986.41684891932,-39495.570340727565,44.75086687615792
442.981517547645,-188.68546690018783,2342.802442942036,5936.112608681947,14049.528489699269,-39673.788269928205,44.95279855307465
442.9815177546012,-188.68255271565855,2342.794213716402,5936.1126180061565,14112.902754660996,-39852.747810933826,45.15557052096409
442.9815179604994,-188.6796403522641,2342.785989633383,5936.112627324539,14176.553953279015,-40032.48937158179,45.35922856434631
442.98151816550535,-188.67672752648224,2342.7777642446504,5936.112636644401,14240.533493429388,-40213.15812010259,45.56393716759364
442.9815183693418,-188.67381825154672,2342.7695488829822,5936.112645952902,14304.754447325158,-40394.50858529648,45.76941819701195
442.98151857238605,-188.67090720753754,2342.761328525712,5936.112655267064,14369.33569468376,-40576.87646588404,45.976052019525625
442.98151877448856,-188.66799658134923,2342.753109348306,5936.112664579889,14434.23069129167,-40760.13032789768,46.183689712511644
442.98151897537326,-188.66509043488404,2342.744902820975,5936.11267387838,14499.34981215452,-40944.017083623236,46.39204451230503
442.9815191751911,-188.66218668302992,2342.7367030556707,5936.112683169209,14564.740388981643,-41128.6703907999,46.601267861196305
442.98151937414525,-188.6592824396996,2342.7285019025107,5936.112692461611,14630.468862496917,-41314.277868194644,46.8115723425794
442.981519572147,-188.65637905351204,2342.720303169795,5936.112701751271,14696.506425877806,-41500.758169605775,47.022865786295036
442.9815197690367,-188.65347894711334,2342.712113698717,5936.112711030436,14762.799057245875,-41687.958745247124,47.23497534422243
442.9815199648132,-188.65058223474125,2342.703933811868,5936.112720298742,14829.344795715633,-41875.874057868394,47.44789474232255
442.9815201600016,-188.64768119201477,2342.6957416967393,5936.112729580903,14896.323053402464,-42065.01074071952,47.66219802666506
442.9815203540251,-188.6447844446776,2342.687561711154,5936.1127388493205,14963.536496019087,-42254.81155099069,47.87725380749247
442.98152054698147,-188.64189063517256,2342.6793900215716,5936.112748108339,15031.01718515117,-42445.367025852785,48.093164668887226
442.981520739103,-188.63899634749345,2342.6712169816965,5936.112757368886,15098.84617339106,-42636.906045825875,48.31018994630155
442.9815209305018,-188.6360999285937,2342.66303792357,5936.112766636254,15167.064491884827,-42829.544476791336,48.528460922776645
442.98152112086706,-188.6332061370395,2342.654866284678,5936.112775895214,15235.561820689622,-43022.97079156465,48.74762461919811
442.98152131021016,-188.6303148874262,2342.646701823851,5936.1127851460415,15304.341119255774,-43217.19334719535,48.96769050460778
442.9815214985481,-188.62742600578846,2342.638544049836,5936.1127943892925,15373.40751184303,-43412.22661383427,49.18867497456043
442.9815216860272,-188.62453731748576,2342.630386821771,5936.112803631924,15442.814398161112,-43608.221384355245,49.41074888648911
442.9815218724291,-188.6216522647935,2342.6222398601317,5936.112812862923,15512.480256095529,-43804.9474523772,49.63365140266094
442.98152205802285,-188.61876675739896,2342.61409161448,5936.112822095378,15582.505163675021,-44002.68742343566,49.85770273221539
442.98152224264476,-188.61588340427397,2342.605949452167,5936.112831320939,15652.827388520995,-44201.26697443361,50.082705356555444
442.98152242621916,-188.61300347690715,2342.5978169636874,5936.11284053554,15723.416800818988,-44400.60102323607,50.30856287248368
442.9815226091136,-188.61012126909523,2342.589678035569,5936.112849757437,15794.414961466284,-44601.08931685734,50.53572821750972
442.98152279091585,-188.6072433427407,2342.5815511976516,5936.1128589656355,15865.661774886925,-44802.27976909479,50.76368915066257
442.9815229718655,-188.6043659900115,2342.5734259795677,5936.112868171998,15937.25005882647,-45004.434483519224,50.992742651117496
442.9815231519604,-188.6014893057515,2342.565302649142,5936.112877376222,16009.17915376976,-45207.55159775747,51.22288660869322
442.98152333115104,-188.5986141477346,2342.5571836286003,5936.112886575563,16081.429142172461,-45411.57486761333,51.45405729531863
442.98152350947566,-188.59573997118613,2342.5490673795807,5936.112895771763,16154.015192476667,-45616.54712652144,51.686303243862035
442.98152368693974,-188.59286675335548,2342.540953837838,5936.112904964895,16226.93947174651,-45822.47449395004,51.91963138805056
442.9815238636305,-188.589993137465,2342.532839172033,5936.112914159302,16300.23827871977,-46029.459472160204,52.15415786913658
442.981524039418,-188.58712129924095,2342.524729526095,5936.112923348021,16373.857831746467,-46237.35018973535,52.38971060763289
442.9815242142902,-188.5842515126334,2342.5166256736184,5936.1129325301745,16447.792362282617,-46446.130357161346,52.62627114653618
442.9815243883083,-188.5813828464945,2342.5085249851795,5936.112941708744,16522.06724496645,-46655.87162865958,52.863920674406806
442.98152456147767,-188.57851527980444,2342.500427401421,5936.112950883796,16596.684599336146,-46866.57998949205,53.10266597290808
442.98152473368066,-188.57565084161274,2342.4923386520786,5936.1129600488375,16671.592817743276,-47078.10970730066,53.342341918476805
442.9815249051065,-188.57278645772615,2342.484250056086,5936.112969213706,16746.873693496487,-47290.69175427865,53.583210216557426
442.9815250755854,-188.56992503657656,2342.4761698264238,5936.112978369094,16822.45222452761,-47504.114335690356,53.825030890923145
442.9815252452142,-188.5670650358115,2342.4680936077175,5936.112987519938,16898.370321827726,-47718.49580196924,54.06793803976281
442.981525414078,-188.56420508056934,2342.460017517561,5936.112996670636,16974.66623664692,-47933.94416898202,54.312054051577014
442.9815255821417,-188.56134582369123,2342.451943399481,5936.113005819099,17051.324461447708,-48150.4156457389,54.557329308529575
442.98152574937524,-188.55848784200015,2342.4438728823407,5936.113014963483,17128.331203207807,-48367.871282787164,54.80371967853821
442.98152591583363,-188.55563025738866,2342.435803486494,5936.113024106596,17205.71186302166,-48586.38280905662,55.05130643481245
442.98152608135337,-188.55277595404934,2342.4277433564744,5936.1130332392095,17283.389681372068,-48805.733467035745,55.29984397800069
442.98152624613596,-188.54992153028044,2342.419682886379,5936.113042372209,17361.45868624943,-49026.18877784759,55.54963315957147
442.98152641014804,-188.54706761857372,2342.411623862272,5936.11305150357,17439.90360405395,-49247.70561110775,55.800625110194424
442.98152657314694,-188.54421852929735,2342.4035784559937,5936.113060619501,17518.606974361363,-49469.95227596938,56.05244400410754
442.98152673534247,-188.54137068791871,2342.395536573594,5936.113069731439,17597.66840903574,-49693.21006158802,56.305408558912525
442.9815268967346,-188.53852416442206,2342.3874984126983,5936.113078839161,17677.087561281845,-49917.47798866524,56.559517665005124
442.9815270573831,-188.53567796586086,2342.379461169372,5936.113087945843,17756.89393066599,-50142.83935960859,56.81486570904415
442.9815272172285,-188.5328332112666,2342.3714280035947,5936.113097047905,17837.05791777216,-50369.21059004977,57.071357984892224
442.9815273762396,-188.5299905304151,2342.3634006937596,5936.1131061433325,17917.563193410777,-50596.54556877511,57.32894224575935
442.9815275343954,-188.52715038198892,2342.355380535119,5936.113115230657,17998.397959602073,-50824.810980036564,57.58758074289087
442.9815276918708,-188.52430969001097,2342.3473588415686,5936.113124319721,18079.651516100865,-51054.25899311994,57.84755919931746
442.9815278486579,-188.52146864147952,2342.339336141164,5936.113133409925,18161.320893043376,-51284.88122156966,58.108868112678444
442.9815280046137,-188.51862989267218,2342.3313199348395,5936.113142492771,18243.331513539586,-51516.46707129022,58.3712688671447
442.9815281597557,-188.51579320700972,2342.3233095545306,5936.113151569016,18325.691479080288,-51749.03941969211,58.634787384203996
442.98152831419395,-188.51295663859858,2342.3152995053224,5936.113160644885,18408.459031304203,-51982.76273253976,58.89961001350042
442.9815284677317,-188.51012387783624,2342.3073002083506,5936.113169708572,18491.52785941218,-52217.33680387685,59.165396603554356
442.98152862052973,-188.5072920433295,2342.2993035269874,5936.113178769295,18574.983657113564,-52453.00362005067,59.432421339512175
442.9815287725608,-188.50446170641135,2342.2913110745926,5936.113187825226,18658.811296643522,-52689.720462493184,59.700635818656274
442.98152892390146,-188.50163150511938,2342.283319005186,5936.113196880724,18743.05300890481,-52927.606585021014,59.9701751627633
442.9815290746109,-188.49880037895446,2342.2753243240754,5936.11320593918,18827.74280175447,-53166.75802078721,60.24114818319564
442.98152922445155,-188.49597285883155,2342.2673398258935,5936.113214986099,18912.74681639761,-53406.79677237425,60.513126586049836
442.98152937357224,-188.49314621939303,2342.259357814634,5936.1132240301995,18998.14826629711,-53647.95782228067,60.78637662068865
442.98152952197694,-188.49032044841402,2342.2513782557753,5936.113233071522,19083.94942293753,-53890.24758484252,61.06090555494223
442.9815296697098,-188.48749476274986,2342.2433989378333,5936.113242112571,19170.176157882914,-54133.73911752611,61.33679616733227
442.98152981674605,-188.48466969259567,2342.235421358,5936.113251151651,19256.8144529361,-54378.392835018196,61.61400360530807
442.9815299628742,-188.481849388522,2342.227457236873,5936.113260175481,19343.738116880722,-54623.85239200774,61.89212410811046
442.98153010831817,-188.4790296173256,2342.219494620512,5936.113269197606,19431.078739381835,-54870.48937822558,62.17157870934693
442.9815302530448,-188.47621108360264,2342.2115354985926,5936.113278215772,19518.816433229316,-55118.24763513485,62.452303778003476
442.9815303970544,-188.4733938502088,2342.2035800486105,5936.113287229778,19606.9510097836,-55367.12663004534,62.73429871050991
442.9815305404424,-188.47057610778563,2342.195623161205,5936.113296245411,19695.541258041834,-55617.29237438067,63.0177516078356
442.9815306830084,-188.467761865337,2342.187676157209,5936.113305249847,19784.462811898047,-55868.393676671294,63.302264548835026
442.98153082487636,-188.46494875700154,2342.1797323557807,5936.113314250654,19873.791722880826,-56120.6452951737,63.5880808675833
442.98153096594143,-188.46213894453535,2342.171797861399,5936.113323240916,19963.46069318489,-56373.85719084995,63.87498523837284
442.9815311064609,-188.4593273637347,2342.163858373503,5936.113332236835,20053.63338119681,-56628.49151075232,64.1635013017257
442.9815312462776,-188.45651720930377,2342.1559229134637,5936.113341228191,20144.209828550116,-56884.26598725381,64.45330923137266
442.98153138530415,-188.45371031890662,2342.147996670573,5936.1133502091025,20235.132107660025,-57141.01704143181,64.74422368251486
442.9815315235835,-188.45090591595434,2342.140077451858,5936.113359182055,20326.426424528483,-57398.81867515574,65.03632850373977
442.9815316613433,-188.44809943718204,2342.1321523713345,5936.11336816165,20418.24368233041,-57658.09701664871,65.33010652406067
442.98153179828256,-188.44529707913685,2342.1242389271342,5936.11337712806,20510.383115272074,-57918.285133034784,65.62491537428856
442.98153193467834,-188.44249324097493,2342.1163213033037,5936.113386099206,20603.03070234174,-58179.9082014406,65.92135011182661
442.9815320702789,-188.4396931643825,2342.1084143015883,5936.113395058316,20696.015162643056,-58442.48254997486,66.21886270721004
442.9815322052063,-188.43689441338077,2342.1005110431447,5936.113404013186,20789.41862478483,-58706.24009766882,66.51771593870826
442.9815323396588,-188.43409291668314,2342.0926000312625,5936.11341297684,20883.379821593877,-58971.57260548449,66.81835369515215
442.9815324733264,-188.43129519312157,2342.084699674158,5936.113421928421,20977.682375638426,-59237.86905559159,67.1200836564368
442.9815326063065,-188.42849929222996,2342.0768044640035,5936.113430874171,21072.393155654565,-59505.31827540017,67.42311977542226
442.9815327386769,-188.42570364158505,2342.068909960509,5936.113439819121,21167.56744455297,-59774.07637566475,67.72763893502193
442.98153287032306,-188.42291073252082,2342.0610231988317,5936.113448755298,21263.12221964316,-60043.90891259983,68.03337549626727
442.98153300134925,-188.42011842677655,2342.053138140841,5936.113457689545,21359.132347533672,-60315.02729842311,68.34056900196946
442.98153313166955,-188.41732862655306,2342.04526015807,5936.113466615775,21455.53419850413,-60587.25185222531,68.6490158628062
442.98153326146,-188.4145376228342,2342.0373787768062,5936.113475545856,21552.458188177476,-60860.95084841616,68.95913335592617
442.98153339057427,-188.41174861935698,2342.029503043929,5936.113484469537,21649.795450160833,-61135.81686442105,69.27057315298511
442.98153351908326,-188.4089601516927,2342.0216288241077,5936.113493391504,21747.599044667084,-61411.99973442501,69.5835050251641
442.98153364686095,-188.40617503134087,2342.0137640566013,5936.11350230276,21845.771965290074,-61689.2255266999,69.89761859127067
442.98153377404,-188.4033904446902,2342.005900796188,5936.113511212309,21944.415001322413,-61967.77885528511,70.21323633620112
442.98153390061157,-188.40060664301026,2341.998039752416,5936.1135201193465,22043.52154597017,-62247.64106357278,70.53033712089194
442.9815340266102,-188.3978229252661,2341.990178945666,5936.113529026115,22143.118982858043,-62528.889478864636,70.84900856184629
442.98153415187545,-188.39504291049946,2341.9823285955763,5936.113537921036,22243.079485077244,-62811.16313689639,71.16884166475175
442.98153427662515,-188.39226183434727,2341.974475248291,5936.113546819353,22343.57633664725,-63094.951366082496,71.49039086825562
442.9815344008726,-188.38947943486198,2341.966618164109,5936.113555721904,22444.62234067387,-63380.290320498105,71.81369713710865
442.98153452432575,-188.3867023287453,2341.9587760276163,5936.113564607518,22545.97883578781,-63666.506055772734,72.13799685163514
442.9815346472156,-188.38392540835795,2341.9509344155954,5936.113573492538,22647.83346460009,-63954.128446857394,72.46389039215721
442.98153476949125,-188.38114988460862,2341.9430967474736,5936.11358237309,22750.14410760688,-64243.0385545095,72.79124299332949
442.9815348912083,-188.37837455699207,2341.935259633202,5936.113591253014,22852.957322082257,-64533.367849577735,73.12020361956395
442.98153501226835,-188.3756017379605,2341.9274296028025,5936.1136001249115,22956.189449069156,-64824.88009155398,73.45050459609674
442.9815351325903,-188.37283338306392,2341.9196121784594,5936.113608982526,23059.768511534152,-65117.37202795281,73.78191562558607
442.98153525244004,-188.3700634441282,2341.9117902810244,5936.113617845208,23163.92277535601,-65411.488247818634,74.11516706635031
442.9815353717241,-188.36729412621312,2341.90397013726,5936.113626705903,23268.572382297752,-65707.00324331409,74.4500034043898
442.9815354904263,-188.36452586462735,2341.896152976413,5936.113635563218,23373.70321210715,-66003.87714093753,74.78637946061897
442.98153560854007,-188.361758882081,2341.888339427384,5936.113644416441,23479.30896107108,-66302.09213993646,75.1242750657101
442.981535726104,-188.3589923338078,2341.880527104678,5936.113653268275,23585.424212283422,-66601.74589784756,75.46380087155046
442.9815358430569,-188.35622772834756,2341.872720268188,5936.113662113892,23691.993264997847,-66902.68112401033,75.80477865832185
442.9815359594384,-188.35346419867383,2341.86491646956,5936.113670956067,23799.0515280622,-67204.99780776838,76.14732171998962
442.981536075118,-188.35070493031455,2341.857124704253,5936.1136797846075,23906.47691761938,-67508.35120238512,76.4910394376796
442.9815361901806,-188.34794799379824,2341.849339523725,5936.1136886056875,24014.345513390213,-67812.95614572775,76.83617523567081
442.9815363047998,-188.34518928089847,2341.8415493269536,5936.113697432451,24122.82077693802,-68119.27422904881,77.18325212473107
442.98153641890167,-188.34243061287427,2341.8337592569037,5936.113706259071,24231.83450116948,-68427.11284561556,77.53205186979935
442.9815365323409,-188.3396755762521,2341.8259794413957,5936.1137150740715,24341.246789785502,-68736.07694899254,77.88212685940468
442.98153664522584,-188.3369216218783,2341.818202681997,5936.11372388561,24451.16041073464,-69046.45674065055,78.23380590934075
442.98153675755435,-188.33416886807802,2341.81042931284,5936.113732693307,24561.57289985615,-69358.2452621645,78.58708113529165
442.98153686934904,-188.3314168235329,2341.8026579465145,5936.113741498734,24672.506344028705,-69671.50488360958,78.94202320631953
442.98153698057143,-188.32866650219344,2341.794891446267,5936.1137502986485,24783.922104944108,-69986.12649612423,79.29850849549442
442.98153709129787,-188.32591607743316,2341.787124653974,5936.113759098893,24895.89666925726,-70302.32608669723,79.65678172911956
442.98153720142966,-188.32316806622077,2341.779364677183,5936.113767891416,25008.329857403933,-70619.82076307185,80.01652237318223
442.9815373110456,-188.32042057268677,2341.771606162239,5936.113776682281,25121.301350129495,-70938.83553187543,80.37798537378093
442.9815374201799,-188.31767279083073,2341.7638468331165,5936.11378547407,25234.84723836738,-71259.47230856033,80.74128620727858
442.9815375286514,-188.31492935947313,2341.7560997891574,5936.113794251939,25348.77761510522,-71581.19482384142,81.10581724818603
442.98153763660866,-188.31218660606828,2341.7483546596363,5936.113803027639,25463.246485369677,-71904.43796511187,81.47207125018565
442.98153774411156,-188.30944305773752,2341.7406072853623,5936.113811805882,25578.31841383099,-72229.38405344094,81.8402547940606
442.981537850921,-188.30670489855183,2341.732875129236,5936.113820566881,25693.735657945323,-72555.30526204642,82.20954320810797
442.98153795728535,-188.30396583927563,2341.7251404313874,5936.113829330761,25809.76499278975,-72882.95492424701,82.58079006447704
442.98153806319226,-188.3012262407185,2341.7174042106894,5936.113838096367,25926.394684209874,-73212.29990452807,82.95395781862841
442.9815381685061,-188.29848967668826,2341.709676559046,5936.113846852263,26043.474909887158,-73542.91712684488,83.32856709985083
442.98153827329486,-188.29575446168474,2341.701952716854,5936.113855603843,26161.079511633467,-73875.01510954105,83.70485417202153
442.9815383776074,-188.29301937814463,2341.6942292458957,5936.113864355002,26279.263505541247,-74208.74920991594,84.08299506434379
442.98153848141175,-188.29028532445278,2341.686508683076,5936.113873102866,26397.99085253517,-74544.01765895679,84.46287446637963
442.98153858470647,-188.28755240108129,2341.678791312114,5936.113881847114,26517.25966084325,-74880.81511457959,84.8444863252252
442.981538687506,-188.2848202906028,2341.671076236641,5936.11389058876,26637.086336621618,-75219.18790534015,85.22788313393238
442.98153878977706,-188.2820899426066,2341.6633661381575,5936.113899324768,26757.431589719617,-75559.02508167036,85.61293917993942
442.98153889156674,-188.27936016776763,2341.655657658185,5936.113908058941,26878.350288906557,-75900.48158485084,85.99983002107528
442.9815389928089,-188.27663280905057,2341.6479560009834,5936.1139167853835,26999.763038260837,-76243.33321255441,86.38830162256208
442.9815390935663,-188.27390624746536,2341.6402565947637,5936.113925509276,27121.744085573573,-76587.78962954998,86.77859154724617
442.9815391937812,-188.27118211745093,2341.63256405494,5936.113934225388,27244.22248660561,-76933.65049981026,87.17047280230885
442.9815392935059,-188.26845907096757,2341.624874574847,5936.113942938034,27367.260940217144,-77281.09287563317,87.56414599869717
442.9815393927328,-188.26573737908748,2341.6171889199536,5936.1139516463445,27490.849657737126,-77630.08911526101,87.95957981663014
442.98153949150736,-188.2630158591952,2341.6095037507284,5936.113960354105,27615.04511954456,-77980.79871092156,88.35695497043474
442.9815395898014,-188.2602953426493,2341.601821414805,5936.113969058656,27739.81229858564,-78333.12275140098,88.75615938773173
442.9815396875481,-188.2575777558909,2341.5941473521675,5936.113977753833,27865.06482784786,-78686.81734904354,89.156916729077
442.98153978488847,-188.25485924121458,2341.5864706692273,5936.113986451978,27990.983161815937,-79042.39208059585,89.55980437570152
442.9815398817379,-188.2521422158887,2341.578798191992,5936.113995145359,28117.45849723341,-79399.53970177114,89.96447420127166
442.98153997806884,-188.24942752726912,2341.5711323132696,5936.114003831262,28244.45343621477,-79758.15460647792,90.37080654770742
442.9815400739853,-188.24671230734282,2341.5634649342155,5936.114012518866,28372.104904724954,-80118.62345336778,90.77923952261422
442.9815401693936,-188.24399926711197,2341.5558037102987,5936.114021199495,28500.288273823036,-80480.59430876421,91.1893743638807
442.98154026434315,-188.24128707362524,2341.5481448774617,5936.114029877415,28629.068875343703,-80844.2516600953,91.60142010690542
442.98154035881663,-188.23857628530203,2341.5404900125986,5936.11403855084,28758.422830491865,-81209.52807717922,92.0153003492198
442.98154045281655,-188.23586689892423,2341.532839106622,5936.1140472197785,28888.352743128256,-81576.43091293314,92.43102342212306
442.9815405462809,-188.2331607830874,2341.5251974361686,5936.114055878253,29018.77079611082,-81944.7121847502,92.8483083463441
442.981540639378,-188.23045312406884,2341.5175514079983,5936.114064541664,29149.911837437074,-82315.03506860357,93.26790654031467
442.9815407319689,-188.22774802201957,2341.509912600331,5936.114073196895,29281.58040691066,-82686.84761383875,93.68919261060681
442.98154082409974,-188.22504420220213,2341.5022774134964,5936.1140818480235,29413.840668163513,-83060.3310090522,94.11237185484364
442.9815409157911,-188.22234112551186,2341.494644325143,5936.114090496773,29546.721776286708,-83435.5675839044,94.53753755750297
442.98154100703726,-188.219639018852,2341.4870139760114,5936.11409914242,29680.215487866037,-83812.53406021414,94.96466334299956
442.98154109779216,-188.21693932131816,2341.4793904298954,5936.114107780359,29814.25301712287,-84191.03619712703,95.39352912471372
442.9815411881043,-188.21424066151926,2341.471769814189,5936.114116414977,29948.904747021254,-84571.27274571262,95.8243600996113
442.981541278041,-188.21154107849102,2341.4641465914196,5936.114125052549,30084.272063328805,-84953.53000436736,96.2574806610672
442.9815413674812,-188.20884426666052,2341.4565311941024,5936.114133681254,30220.172624967385,-85337.29306888419,96.69230739151588
442.98154145649016,-188.2061483341676,2341.4489182799043,5936.114142307146,30356.704018685465,-85722.83750979199,97.12915252901036
442.9815415450691,-188.20345330449945,2341.4413079151495,5936.114150930149,30493.86801671122,-86110.16833160075,97.56802174396269
442.9815416331633,-188.20076091463605,2341.433705004813,5936.114159544705,30631.578522177893,-86499.0424095063,98.0086395612856
442.9815417208685,-188.19806830637108,2341.4261014777426,5936.114168159961,30769.984470575517,-86889.88031528101,98.4514825141987
442.98154180825924,-188.19537322117753,2341.4184909561927,5936.114176783141,30909.206671447824,-87283.0231971892,98.89693714429002
442.98154189509756,-188.19268306308928,2341.4108943480587,5936.114185390557,31048.86540987691,-87677.39879652363,99.34378851768238
442.9815419815383,-188.189993119397,2341.403298345347,5936.114193997288,31189.207080817912,-88073.70289615613,99.79282499839321
442.9815420675517,-188.18730437760243,2341.3957057366165,5936.114202600172,31330.18334799855,-88471.79900161053,100.24389192993705
442.9815421530441,-188.18461984828588,2341.3881250233003,5936.114211189578,31471.63799717517,-88871.24598699194,100.69648949003201
442.9815422382059,-188.18193361809867,2341.380539506977,5936.114219784426,31613.885398540442,-89272.93158717855,101.15162353591218
442.9815423228641,-188.1792512119387,2341.3729647891405,5936.114228367039,31756.635925730476,-89676.03794020106,101.60836738056939
442.9815424071603,-188.1765682088279,2341.365388385603,5936.114236951562,31900.127371847888,-90081.2365385734,102.06748186557853
442.9815424910565,-188.17388587232074,2341.357813864456,5936.114245533952,32044.295944858364,-90488.3472430358,102.52876288227826
442.98154257447294,-188.17120682441754,2341.3502486298394,5936.11425410582,32189.002968685443,-90896.97845288078,102.99176672341525
442.9815426575058,-188.1685280511489,2341.34268417075,5936.114262676809,32334.413656842975,-91307.59670660984,103.45702200528952
442.98154274010307,-188.16585129682196,2341.3351254128534,5936.1142712413375,32480.436258682425,-91719.94291397618,103.924235163003
442.98154282233924,-188.1631742049187,2341.327565701691,5936.114279806947,32627.20252536441,-92134.3891207502,104.39382774688427
442.98154290414556,-188.16049907445662,2341.3200115293484,5936.114288366281,32774.58965247258,-92550.58854544268,104.86540683256122
442.981542985572,-188.1578243364392,2341.3124584652114,5936.114296924358,32922.68703666802,-92968.79363098832,105.33925845312585
442.9815430666129,-188.15515023163897,2341.3049071891855,5936.11430548041,33071.48485863225,-93388.97664908563,105.81535119073784
442.9815431472394,-188.15247777920246,2341.2973605791904,5936.114314031174,33220.92941639546,-93810.98595332302,106.29351322085377
442.98154322748377,-188.14980597156608,2341.2898157900154,5936.114322579876,33371.080069799005,-94234.98916710359,106.7739344709134
442.9815433072749,-188.14713725249115,2341.282279722481,5936.114331118696,33521.80191062013,-94660.60532958093,107.25618328926859
442.9815433867151,-188.14446826589364,2341.2747428995017,5936.114339658372,33673.287301447344,-95088.37764422361,107.74087515825751
442.9815434657528,-188.1418008032251,2341.2672103798723,5936.114348193172,33825.43805391422,-95518.02884162271,108.22769591489336
442.9815435444056,-188.13913433568328,2341.2596806703336,5936.114356724788,33978.287303007884,-95949.65249007585,108.71675157770869
442.9815436226538,-188.13646959924293,2341.252155849169,5936.114365250865,34131.79575622045,-96383.13763335845,109.20791642659952
442.98154370053913,-188.13380523609032,2341.2446320821136,5936.1143737757475,34286.044808447725,-96818.71411860491,109.7014508922514
442.98154377806475,-188.13114119083605,2341.2371092127564,5936.114382299613,34441.04146412079,-97256.40172529148,110.19737738600556
442.9815438552021,-188.12847850423228,2341.229590180027,5936.114390819131,34596.72856173175,-97696.03903778324,110.69551301419848
442.9815439319149,-188.1258185062809,2341.222078739654,5936.114399330047,34753.0307099517,-98137.4131621299,111.19561655512615
442.98154400822574,-188.12316049483633,2341.214572908882,5936.114407834606,34909.991273286214,-98580.6465532746,111.69782675763513
442.981544084193,-188.12050249674826,2341.2070671158267,5936.114416339123,35067.73005640486,-99026.07752186578,112.20252694812336
442.98154415978036,-188.11784584075613,2341.1995651126517,5936.114424839346,35226.171789678265,-99473.49351761465,112.70947629427606
442.98154423504366,-188.11518861892293,2341.192061511625,5936.114433341379,35385.43412263312,-99923.22676536525,113.21905122690718
442.9815443099068,-188.11253357810784,2341.184564069471,5936.114441836434,35545.35592510778,-100374.82225739815,113.73073619478913
442.9815443843932,-188.10987995878196,2341.1770706413918,5936.114450326941,35705.98557767689,-100828.41661329291,114.24468599615706
442.9815444585084,-188.10722763355517,2341.169580867657,5936.114458813307,35867.33383077469,-101284.0401906841,114.76093502804449
442.9815445322696,-188.1045760463999,2341.1620931781267,5936.114467297311,36029.4378700562,-101741.79799635576,115.27960226947991
442.98154460565354,-188.1019260998159,2341.1546101213266,5936.114475776067,36192.245739043436,-102201.54331290675,115.80052148078641
442.9815446786757,-188.09927730294416,2341.147130311144,5936.114484251143,36355.79063880928,-102663.36989525116,116.32379889194426
442.98154475130434,-188.09663087662443,2341.139657195049,5936.114492718635,36519.999910004284,-103127.07256414411,116.8492020224766
442.98154482357785,-188.0939854964417,2341.1321870330903,5936.11450118278,36684.95850862068,-103592.89122272904,117.37700269713461
442.9815448955493,-188.0913392689618,2341.1247144784898,5936.114509649636,36850.78878337129,-104061.17136565589,117.90759238222383
442.98154496718,-188.08869366238548,2341.117243677229,5936.114518114505,37017.403227099596,-104531.66588567104,118.44069109030113
442.9815450384232,-188.08605047576748,2341.109779709572,5936.114526571631,37184.69153321165,-105004.06329328527,118.97594588496189
442.98154510929805,-188.0834090710921,2341.1023207738576,5936.114535023056,37352.69654104864,-105478.48456045527,119.51349383473949
442.9815451798244,-188.0807687791477,2341.0948649803304,5936.114543470921,37521.46389901435,-105955.05859151458,120.05348099602942
442.98154524999245,-188.07813003447538,2341.0874135560707,5936.1145519138345,37690.96903750678,-106433.71600554492,120.5958287560608
442.9815453198597,-188.07549072669676,2341.079960541682,5936.11456035855,37861.3515424192,-106914.85097244172,121.1409837331322
442.98154538938,-188.07285265454246,2341.0725110165135,5936.114568799312,38032.49948519991,-107398.1474225472,121.68858780123138
442.98154545859137,-188.07021443074945,2341.0650610631396,5936.114577240559,38204.50688149648,-107883.87084213008,122.23894177233564
442.9815455274084,-188.06757937866377,2341.0576200661976,5936.114585671658,38377.160148681185,-108371.41810547284,122.79136226857945
442.9815455959283,-188.06494384295362,2341.050177703572,5936.114594104304,38550.7020609931,-108861.47477108131,123.34662606915627
442.98154566402394,-188.06231278999488,2341.0427479995724,5936.114602522607,38724.80823420363,-109353.12482592254,123.90369527597441
442.98154573177396,-188.0596832690626,2341.0353226217885,5936.114610936009,38899.67558356963,-109846.92432952645,124.46319993806614
442.98154579922453,-188.05705354591328,2341.027896672974,5936.114619350057,39075.423407908485,-110343.21016408982,125.02552176330744
442.9815458663504,-188.0544246570157,2341.0204730799624,5936.114627761436,39251.98677246218,-110841.79896347033,125.5904529867841
442.9815459331568,-188.0517964583307,2341.0130514360094,5936.114636170607,39429.37926315479,-111342.72909230604,126.15803707794821
442.9815459996273,-188.04916965398502,2341.005633729464,5936.114644575317,39607.55700335727,-111845.87664949292,126.72813364936549
442.981546065777,-188.0465437144371,2340.99821846498,5936.1146529772595,39786.559489921456,-112351.35316829261,127.30086907495779
442.98154613163797,-188.04391741868417,2340.9908021946253,5936.114661380342,39966.47443633181,-112859.40633859833,127.87652400233411
442.9815461971644,-188.04129264756295,2340.983390229605,5936.114669778546,40147.17716299429,-113369.68408369663,128.45469950731336
442.9815462623403,-188.03867011457194,2340.975984584733,5936.114678169589,40328.62140903619,-113882.05576973244,129.03524757384773
442.9815463271602,-188.03605012434122,2340.9685861202393,5936.114686552496,40510.78844265441,-114396.46850086725,129.61810826775735
442.98154639166654,-188.03343102729795,2340.961190177975,5936.114694932546,40693.79600230862,-114913.25475307871,130.2036583044058
442.9815464558894,-188.03081165942444,2340.953793470926,5936.114703313461,40877.72993840742,-115432.65695520962,130.79217237031423
442.9815465198086,-188.02819288941595,2340.9463984521594,5936.114711692464,41062.53394337974,-115954.51610301623,131.38347030407093
442.9815465833895,-188.02557620646664,2340.939009326939,5936.114720064789,41248.10640682485,-116478.54526377139,131.9772269935658
442.98154664665014,-188.02296093839635,2340.9316241971273,5936.114728432587,41434.49806359822,-117004.88770519511,132.57360476977877
442.9815467096315,-188.02034544698162,2340.924238436624,5936.1147368011,41621.82997007707,-117533.88527257295,133.17299096406512
442.9815467722455,-188.01773346134016,2340.9168625759053,5936.114745158396,41809.83823587913,-118064.79277853719,133.77454123412937
442.9815468346351,-188.01511907325113,2340.90947993103,5936.114753523379,41998.952515957986,-118598.82350506174,134.37963030172787
442.9815468967183,-188.01250575415463,2340.902100304832,5936.114761884941,42188.92741508975,-119135.28449236769,134.98747300157765
442.98154695852213,-188.00989242756935,2340.8947206574862,5936.114770246527,42379.84564590004,-119674.40930866334,135.59833398056583
442.9815470199168,-188.0072846640826,2340.8873567195074,5936.114778590313,42571.3022792016,-120215.05449387801,136.21091762936945
442.9815470810256,-188.0046773127357,2340.87999394535,5936.114786932781,42763.67729805798,-120758.29306392255,136.82643973982366
442.9815471418523,-188.0020702710759,2340.8726320457035,5936.114795274258,42956.9829475807,-121304.15959717889,137.44493949132362
442.9815472024101,-187.99946301513702,2340.8652695409646,5936.11480361642,43151.2631351885,-121852.77808169658,138.06655736981818
442.98154726264346,-187.9968580049733,2340.857913377962,5936.114811951397,43346.33855964046,-122403.64219731874,138.69071968398876
442.98154732259115,-187.99425362643134,2340.850558998566,5936.114820284353,43542.333655700015,-122957.1033293934,139.3178245746577
442.9815473822528,-187.9916499537448,2340.8432066124014,5936.114828615051,43739.24727034174,-123513.15822194747,139.94786835261084
442.98154744160286,-187.9890481686504,2340.8358595565173,5936.114836939709,43936.993777917065,-124071.56508082722,140.5805770504681
442.9815475007091,-187.98644535200646,2340.82850958769,5936.114845267667,44135.79979325515,-124632.9638327574,141.21667574385899
442.9815475594575,-187.98384659349665,2340.8211710784326,5936.114853582641,44335.28009502297,-125196.26666972972,141.85493188060852
442.98154761795,-187.98124745740122,2340.8138315029296,5936.114861898824,44535.778348002066,-125762.44405020398,142.49644504876557
442.9815476760876,-187.97865241665167,2340.806503492077,5936.114870201903,44736.952670781306,-126330.5305516944,143.14012136634398
442.9815477340064,-187.97605545441024,2340.7991700552157,5936.11487851113,44939.27357149999,-126901.8548195225,143.7874662687408
442.9815477916124,-187.9734608420014,2340.7918432539336,5936.114886812838,45142.41337405757,-127475.49154489639,144.4374313252078
442.98154784890966,-187.97086847129927,2340.7845227828993,5936.114895107375,45346.38324045428,-128051.472247652,145.0900522496229
442.9815479059574,-187.96827572273781,2340.7772012448463,5936.11490340312,45551.39357757433,-128630.39108567739,145.74600225875926
442.98154796271103,-187.9656846835751,2340.7698845338823,5936.114911693395,45757.28397108489,-129211.79507264768,146.4047680917513
442.9815480191653,-187.9630956628204,2340.762573522604,5936.114919977213,45964.03310166883,-129795.62400596785,147.0662815354227
442.9815480753331,-187.96050814270393,2340.7552667489053,5936.114928256228,46171.685685237084,-130382.00415674972,147.73068566256967
442.9815481312471,-187.95792067293738,2340.7479601173877,5936.114936535083,46380.362662636435,-130971.27704403801,148.39836743489707
442.98154818693814,-187.9553318693508,2340.7406497193597,5936.114944818206,46590.18193943741,-131563.7756157067,149.06970410245552
442.98154824233416,-187.95274513241287,2340.7333451572413,5936.114953094716,46800.87300665561,-132158.73599443558,149.74383014610447
442.98154829743686,-187.9501604580613,2340.7260464195615,5936.114961364627,47012.4392624258,-132756.16777605418,150.42075643849827
442.981548352262,-187.94757717868146,2340.718751621075,5936.114969630074,47224.938837066096,-133356.23511197395,151.1006689731006
442.98154840680945,-187.94499536650653,2340.7114609657583,5936.114977890827,47438.369646236664,-133958.93211632787,151.78356108086857
442.9815484611418,-187.94241210698465,2340.7041662233482,5936.114986156211,47652.97824730255,-134564.9550306093,152.47022164546598
442.9815485151507,-187.93983261727848,2340.6968821263395,5936.114994409532,47868.33544006228,-135173.09185699705,153.15927740015886
442.98154856887726,-187.93725501485335,2340.6896033587327,5936.115002656816,48084.600572528725,-135783.79257068626,153.85123819402097
442.98154862236805,-187.9346771271647,2340.6823237855842,5936.115010905011,48301.96062846435,-136397.58518613715,154.54670229932694
442.9815486756347,-187.93209843267812,2340.675041934158,5936.115019155789,48520.46599468977,-137014.61198827077,155.2458309334861
442.9815487286468,-187.92952045048386,2340.6677620941396,5936.1150274042875,48739.99377399995,-137634.52593357646,155.94823087524
442.98154878131953,-187.92694739327177,2340.6604961615417,5936.115035637028,48960.18746161517,-138256.32030534063,156.6527614537482
442.9815488337514,-187.92437452808608,2340.6532307711977,5936.115043869154,49181.454649722145,-138881.14608355015,157.36072679885305
442.9815488859903,-187.92179953780544,2340.6459593799004,5936.115052108079,49404.00167594177,-139509.58593509588,158.07278710733397
442.9815489379173,-187.91922834843834,2340.63869872182,5936.115060334843,49627.32116355343,-140140.20710324144,158.78731897927258
442.98154898958046,-187.91665865923355,2340.6314422999762,5936.115068556807,49851.61541870515,-140773.58087059524,159.50496971236868
442.9815490409897,-187.9140900429265,2340.6241889078365,5936.115076775339,50076.9259776905,-141409.82452950042,160.22587220593132
442.9815490921142,-187.91152411151262,2340.616943097438,5936.115084985279,50303.11492807419,-142048.54863565913,160.94958519604927
442.9815491430282,-187.9089572006419,2340.609694521198,5936.115093198354,50530.510128007045,-142690.67901194637,161.67715769595802
442.9815491936727,-187.90639233373278,2340.602451716803,5936.115101404888,50758.84902337259,-143335.4742444112,162.407749638871
442.981549244086,-187.90382763843695,2340.5952093970186,5936.115109610874,50988.30285245592,-143983.41788461703,163.14190891791526
442.98154929428927,-187.90126207865663,2340.5879646360577,5936.115117819626,51218.97081373509,-144634.79005437848,163.87995292802566
442.9815493442263,-187.8986985797753,2340.5807256947705,5936.115126021784,51450.59516443386,-145288.86292625705,164.62105699675482
442.9815493938831,-187.89613794602255,2340.5734948441823,5936.115134214774,51683.10603998437,-145945.43921305734,165.36499758579455
442.98154944334357,-187.89357590209897,2340.5662600114806,5936.115142412276,51916.89679441929,-146605.6296883273,166.1130332686635
442.98154949253814,-187.8910161078399,2340.5590315314985,5936.115150602581,52151.639045472075,-147268.50704916668,166.86411335516814
442.98154954148526,-187.88845767356835,2340.5518068919196,5936.115158788534,52387.41810915844,-147934.312215372,167.61851082198908
442.98154959015505,-187.88590223870324,2340.54459072222,5936.115166964891,52624.0861261786,-148602.6276541727,168.3757525792791
442.9815496386198,-187.8833460692366,2340.537372478115,5936.115175143597,52861.99359167838,-149274.44311196613,169.13696006948527
442.9815496868472,-187.88079092006177,2340.5301571151626,5936.11518331904,53100.98323243043,-149949.31447244418,169.9016300820067
442.9815497348435,-187.87823651590915,2340.5229438560427,5936.115191492098,53341.085860596344,-150627.32874458915,170.66986120327553
442.98154978260885,-187.8756829082316,2340.5157328460505,5936.115199662609,53582.30188454669,-151308.48708157902,171.44165473991202
442.98154983015667,-187.87312943321368,2340.5085222106695,5936.115207832694,53824.699708677654,-151992.98264730067,172.2172295582668
442.9815498774576,-187.87057772597552,2340.5013165672367,5936.115215997123,54068.12915580551,-152680.39136362256,172.99610515220328
442.9815499245291,-187.868026913262,2340.494113449809,5936.115224158691,54312.67806058771,-153370.96126261246,173.77856255703492
442.98154997135424,-187.86547797260732,2340.4869156187983,5936.115232314268,54558.257174926744,-154064.44032085722,174.56431621501278
442.98155001793543,-187.86293084909371,2340.479722919125,5936.115240464031,54804.875616673846,-154760.85428581864,175.35339529956624
442.9815500642582,-187.8603864095766,2340.4725377986606,5936.115248605206,55052.45270827699,-155459.97533603504,176.14554167521916
442.9815501103966,-187.857840644881,2340.4653489360885,5936.1152567506215,55301.38407808788,-156162.92066739453,176.94202119238957
442.98155015630243,-187.8552962588055,2340.4581639665353,5936.115264891626,55551.411841170164,-156868.96205101954,177.74200872377534
442.9815502020098,-187.85275141414226,2340.450977701998,5936.115273034097,55802.72244124004,-157578.62597635962,178.54610081372186
442.98155024742704,-187.85021129471056,2340.4438047808153,5936.11528116145,56054.80744092721,-158290.47669156067,179.35267066866146
442.9815502926617,-187.84766994970414,2340.4366283987906,5936.115289292725,56308.26146622268,-159006.1933323805,180.16362085082474
442.981550337688,-187.84512887252842,2340.4294527730804,5936.115297423142,56562.94294072263,-159725.37610801662,180.97849837308578
442.9815503825036,-187.84258824645522,2340.422278421217,5936.115305552115,56818.83965902957,-160447.99055223365,181.79726418311822
442.98155042707884,-187.840049815178,2340.4151102671326,5936.115313674067,57075.78074629275,-161173.554139753,182.6193715506376
442.9815504714026,-187.83751429451652,2340.407950332196,5936.115321786706,57333.69667186472,-161901.87052632097,183.4445980057457
442.98155051553204,-187.8349784809858,2340.40078957024,5936.115329900282,57592.91810411918,-162633.87347046586,184.2740015532525
442.9815505594359,-187.8324442231022,2340.393633201201,5936.11533800888,57853.26192828618,-163369.04588318948,185.10699630009177
442.9815506031327,-187.82991051546884,2340.386478385987,5936.115346115717,58114.836665480645,-164107.69421205268,185.94392946985883
442.9815506466039,-187.82737849109859,2340.3793283240593,5936.11535421717,58377.530505667324,-164849.50272207055,186.78444331574593
442.9815506898784,-187.82484652988703,2340.372178440482,5936.11536231842,58641.517091126705,-165594.9617533336,187.62909342269137
442.9815507329655,-187.82231413057437,2340.3650273197723,5936.115370421072,58906.85590878636,-166344.2392881176,188.47807012475943
442.9815507758066,-187.81978479880607,2340.357884861354,5936.115378513909,59173.184572336395,-167096.31200113858,189.33021393259622
442.98155081841827,-187.8172576434886,2340.35074854891,5936.115386599781,59440.5998176198,-167851.4530600944,190.1858343617023
442.98155086084995,-187.8147297849057,2340.3436102505484,5936.115394687904,59709.412234871255,-168610.5395258216,191.04592517497844
442.98155090308694,-187.81220214348514,2340.3364725654214,5936.115402775333,59979.53138448473,-169373.31601026322,191.9101970023312
442.9815509450857,-187.80967739262795,2340.3293430428175,5936.115410853513,60250.67620159833,-170138.98882786403,192.77775055008905
442.98155098686215,-187.80715465529696,2340.3222192061135,5936.11541892525,60522.944094270475,-170907.83304455865,193.64889748456955
442.98155102849495,-187.80462922277133,2340.3150877585786,5936.115427005611,60796.850949468455,-171681.30544876007,194.52528843503228
442.9815510698936,-187.80210663199352,2340.307964335719,5936.115435076879,61071.80329947863,-172457.73017551433,195.4050245452648
442.9815511110706,-187.79958620487213,2340.300847022705,5936.115443141225,61347.87823470822,-173237.32491671728,196.28835247333342
442.9815511520715,-187.7970652047835,2340.2937280917163,5936.115451207404,61625.381469811,-174020.95296528682,197.17625038225563
442.9815511928581,-187.7945460424938,2340.2866143503993,5936.115459267702,61904.05388363983,-174807.88260146917,198.0678891893556
442.98155123342383,-187.7920291928219,2340.2795071395726,5936.115467320601,62183.846863938015,-175597.97655144898,198.9631133551095
442.9815512738114,-187.7895120674032,2340.272399150078,5936.115475374382,62465.053819448025,-176392.06335807263,199.86286166860492
442.9815513139757,-187.78699754485544,2340.2652985107056,5936.115483419835,62747.35860293608,-177189.25026836095,200.7661225867956
442.98155135397366,-187.78448211008035,2340.2581952953383,5936.115491468207,63031.16185637254,-177990.66863591885,201.67417800164787
442.98155139378423,-187.78196713628788,2340.2510933817175,5936.115499515105,63316.31646590538,-178795.90303301,202.5865572084453
442.9815514334131,-187.77945231500922,2340.243991898773,5936.115507561513,63602.86437694099,-179605.07190725158,203.5033944154922
442.98155147282887,-187.77693969624687,2340.2368966354084,5936.115515600875,63890.57753743193,-180417.53127342722,204.4239599486427
442.98155151204764,-187.77442832797604,2340.229804903247,5936.1155236362365,64179.5695864758,-181233.60203152304,205.34861740696294
442.9815515510759,-187.77191785617714,2340.2227157025895,5936.115531668729,64469.88701556944,-182053.41546664253,206.2775155444046
442.98155158989783,-187.7694093594811,2340.21563207933,5936.1155396949025,64761.41024386724,-182876.63390018293,207.2102717507155
442.9815516285454,-187.7669008369081,2340.208548382998,5936.115547721159,65054.377784985096,-183703.93085928098,208.14764917282153
442.9815516669934,-187.76439397665143,2340.201469380801,5936.115555742096,65348.598741458816,-184534.7672777623,209.08903701618837
442.98155170528094,-187.7618862882204,2340.194388039962,5936.115563765683,65644.3724094397,-185369.98832364407,210.03539290722634
442.98155174334556,-187.75938191895523,2340.1873160719565,5936.11557177865,65941.21520024001,-186208.22841407268,210.98516955808321
442.9815517812129,-187.75687926628333,2340.1802489513557,5936.115579786124,66239.32043425727,-187050.03345722758,211.93898551569828
442.98155181893844,-187.7543747047949,2340.17317644054,5936.115587799706,66539.12794189755,-187896.64546905382,212.89824805915313
442.98155185647744,-187.751871249071,2340.1661070522396,5936.11559580975,66840.2854328937,-188747.0696339974,213.86183000233976
442.9815518937967,-187.74937118973577,2340.159047254838,5936.115603808927,67142.52123982963,-189600.53880349852,214.82886211960536
442.9815519309264,-187.74687257994572,2340.151991550737,5936.115611803465,67446.0743082111,-190457.72772428702,215.80010893974847
442.98155196789486,-187.74437357185053,2340.1449347218813,5936.115619799279,67751.17613921127,-191319.29012139965,216.77631117271972
442.98155200468307,-187.74187549865556,2340.1378805330455,5936.115627792101,68057.67146889537,-192184.78755247308,217.7569720368402
442.98155204129483,-187.7393781592349,2340.1308284162797,5936.115635782575,68365.59149181079,-193054.30810629053,218.74219134202173
442.98155207773215,-187.7368814734625,2340.1237781453196,5936.115643770958,68674.95289239007,-193927.89889721913,219.7320224716879
442.9815521139666,-187.73438745744528,2340.116735413353,5936.115651750799,68985.5109139974,-194804.86876875823,220.7256823037787
442.98155214999804,-187.73189620183928,2340.109700476379,5936.115659721808,69297.25739837506,-195685.194683196,221.72314473517517
442.9815521858873,-187.7294035566391,2340.102661615397,5936.115667697262,69610.71855726046,-196570.36258456745,222.72609343021773
442.98155222160693,-187.7269114731151,2340.0956243405053,5936.11567567092,69925.65798132645,-197459.70488793572,223.73377197485175
442.98155225713725,-187.72442138284853,2340.0885926942774,5936.1156836382,70241.9006103215,-198352.72724907004,224.7456202472062
442.98155229251483,-187.72193078036753,2340.081559601632,5936.115691607119,70559.77153525707,-199250.34767685347,225.76267840679193
442.98155232771325,-187.71944157858545,2340.0745304643524,5936.1156995715555,70879.03409816578,-200151.89788422603,226.7841892440064
442.9815523627458,-187.71695289591773,2340.067502792975,5936.115707534332,71199.80791443147,-201057.71564732122,227.8105354796101
442.9815523975803,-187.71446708692778,2340.0604832364384,5936.115715487913,71521.79465948146,-201966.95854171607,228.8407625958506
442.9815524322341,-187.71198299144413,2340.05346851859,5936.115723436012,71845.14864518856,-202880.0623212918,229.8753643281942
442.9815524667286,-187.70949913241762,2340.0464544684614,5936.115731383354,72170.06872162537,-203797.58850921155,230.91497691629988
442.9815525010889,-187.7070137419606,2340.0394360938,5936.115739335596,72496.79590881536,-204720.2177103359,231.9603715265822
442.98155253525897,-187.70453092720956,2340.0324249925507,5936.115747279598,72824.79781907608,-205646.44654067548,233.00984473417904
442.9815525692515,-187.70204983807182,2340.0254187641776,5936.1157552180775,73154.19114361264,-206576.60451891605,234.06376990366388
442.98155260308175,-187.6995694247934,2340.0184144443315,5936.115763154395,73485.1215124116,-207511.1028825776,235.1226129919849
442.9815526367438,-187.69709017917765,2340.011413421792,5936.115771086976,73817.53014822022,-208449.77565340095,236.1861859357497
442.9815526702205,-187.69461343625264,2340.00441946648,5936.115779011549,74151.24310793795,-209392.13164182432,237.25393218751762
442.9815527035494,-187.6921364732399,2339.9974248896733,5936.115786936827,74486.63371029745,-210339.2250446749,238.32704621596577
442.981552736703,-187.68966140033677,2339.990435650256,5936.115794856058,74823.42331689382,-211290.2690283527,239.40463649110177
442.9815527697088,-187.68718621722186,2339.983446099617,5936.115802775641,75161.89113371441,-212246.05202922647,240.48759635895183
442.98155280256634,-187.6847110028366,2339.9764564606753,5936.115810695324,75502.03535885026,-213206.56895897212,241.57592005413744
442.98155283524534,-187.6822381007836,2339.9694733514175,5936.115818607609,75843.54050896973,-214170.9289393718,242.66859815783005
442.9815528677441,-187.67976771856445,2339.9624973577975,5936.115826511831,76186.38192280654,-215139.06233066096,243.76555176397022
442.9815529001196,-187.67729557313993,2339.9555163851464,5936.115834421695,76531.1621940929,-216112.67076831879,244.86870892833218
442.9815529323135,-187.6748261745371,2339.9485431691132,5936.11584232277,76877.26031560212,-217090.00061988394,245.97608267942044
442.9815529643661,-187.67235649386004,2339.941569156544,5936.115850224747,77225.10730134553,-218072.26900510816,247.08905208742596
442.981552996227,-187.66989048020605,2339.934605499105,5936.115858114992,77574.15249045164,-219057.92093922163,248.20585526068572
442.98155302797176,-187.66742234257725,2339.927635843876,5936.115866012033,77925.22306939075,-220049.2922743426,249.32913886073172
442.9815530595549,-187.66495565771604,2339.9206702910474,5936.115873904425,78277.82015079302,-221044.9742264043,250.45730665012786
442.98155309097996,-187.66249021877337,2339.9137082565085,5936.115881792831,78631.97966938652,-222045.0682697583,251.59047360544332
442.98155312223804,-187.66002678463934,2339.906751883252,5936.115889674822,78987.59841289865,-223049.28294822844,252.728309489227
442.9815531533469,-187.6575640213375,2339.8997974043264,5936.115897554667,79344.8753899645,-224058.18023273486,253.87145104847366
442.98155318430764,-187.65510189782313,2339.892844732066,5936.115905432464,79703.82303019309,-225071.79522265308,255.0199380528957
442.98155321510757,-187.65264148361828,2339.8858968866425,5936.115913304793,80064.29225202659,-226089.7069337369,256.17329350191534
442.98155324578244,-187.65017997225075,2339.878945942994,5936.1159211806325,80426.70298330049,-227113.1011800189,257.3328609944529
442.98155327629155,-187.64772068287388,2339.872001273918,5936.115929049362,80790.57477995055,-228140.62125859657,258.4971033041771
442.9815533066641,-187.6452613204611,2339.8650563986,5936.115936918326,81156.25437316636,-229173.24628701207,259.66712983040026
442.98155333686213,-187.64280503011378,2339.8581201983393,5936.11594477746,81523.280372388,-230209.67336663805,260.84146431028455
442.98155336692065,-187.64034902732575,2339.851184810104,5936.115952635673,81892.07472646332,-231251.09401854672,262.0214568091709
442.98155339681756,-187.63789518080523,2339.8442555108486,5936.115960486988,82262.36373910712,-232296.7353649524,263.2062316098474
442.9815534265956,-187.63544003333388,2339.8373225379005,5936.115968342465,82634.67782760902,-233348.0952257469,264.3974858327177
442.98155345620955,-187.63298736891733,2339.830396576732,5936.115976189997,83008.45154802535,-234403.57687095343,265.59341028627784
442.98155348568457,-187.63053516738427,2339.8234719226775,5936.115984036049,83383.99920906912,-235464.06786184077,266.79501063105283
442.9815535150268,-187.62808296656425,2339.816547270637,5936.115991882098,83761.40087042269,-236529.7942750981,268.00254302558614
442.9815535442165,-187.6256324718874,2339.8096274364916,5936.115999722688,84140.40197050374,-237600.03726650763,269.2151929759619
442.9815535732443,-187.6231845498786,2339.8027148671804,5936.116007555046,84520.87349131134,-238674.43250833722,270.4325476768547
442.9815536021598,-187.6207350631254,2339.7957978792624,5936.116015392411,84903.46727439426,-239754.82070460837,271.65669275709683
442.98155363093457,-187.6182864649039,2339.788883400426,5936.116023226933,85287.81089637229,-240840.1501868367,272.88643661277615
442.98155365953573,-187.6158416279186,2339.7819795427645,5936.116031049421,85673.45807896984,-241929.1607312483,274.1203513342412
442.98155368803526,-187.6133944557164,2339.7750690907956,5936.11603887938,86061.37888794573,-243024.5916599173,275.361540738853
442.981553716372,-187.61095024982063,2339.768167015237,5936.116046699848,86450.74230898716,-244124.09631146502,276.6073459175346
442.98155374456815,-187.60850716615363,2339.761268108686,5936.116054516726,86841.84745797543,-245228.51934485292,277.85872391990546
442.9815537726226,-187.60606536476917,2339.7543728231117,5936.116062329501,87234.67606858216,-246337.80917867424,279.1156163011163
442.98155380052947,-187.60362542175162,2339.7474827852902,5936.11607013633,87629.1419705807,-247451.72248096726,280.3777473513576
442.9815538282898,-187.60118731784084,2339.740597940834,5936.116077937274,88025.2541416278,-248570.28460330542,281.64514579549325
442.9815538559494,-187.59874707232166,2339.733707048793,5936.11608574507,88423.67000869848,-249695.35202212704,282.9199151334564
442.98155388346936,-187.59630816017003,2339.726819921984,5936.116093548601,88823.83357060149,-250825.35467239,284.2002763867246
442.9815539108639,-187.593869372064,2339.7199331454613,5936.116101351735,89225.95192321928,-251960.87736220358,285.48689217820726
442.981553938101,-187.59143362877217,2339.7130549670433,5936.116109145127,89629.5501002129,-253100.57885695042,286.7782428080743
442.9815539652379,-187.58899586351544,2339.7061710788957,5936.116116944988,90035.47694439886,-254246.85616306405,288.0770442293906
442.9815539922068,-187.58656222248518,2339.6992988369534,5936.116124731653,90442.71700404618,-255396.84179520476,289.38004740807435
442.9815540190531,-187.58412868617458,2339.6924268907237,5936.116132517984,90851.94829499444,-256552.45036971595,290.68942172008263
442.9815540457681,-187.58169608997719,2339.6855575992345,5936.116140301306,91263.03969941998,-257713.31162927704,292.00474764150823
442.98155407233634,-187.57926591999313,2339.6786951590125,5936.116148076865,91675.74658464259,-258878.7347674196,293.3252424468987
442.9815540987906,-187.57683522893626,2339.671831247358,5936.116155854092,92090.57784561838,-260050.1568281523,294.65253439391125
442.9815541251119,-187.57440580615125,2339.6649709171156,5936.11616362726,92507.23796573322,-261226.7433163113,295.98567794912293
442.981554151313,-187.57197654163605,2339.658111033804,5936.116171399922,92925.92636995515,-262409.0573784793,297.3253111916252
442.98155417738184,-187.56954859722654,2339.651254878275,5936.11617916836,93346.45184023489,-263596.55904319696,298.67082230114113
442.9815542033189,-187.5671219936377,2339.644402509025,5936.116186932508,93768.81834353358,-264789.2595125753,300.0222239703391
442.9815542291171,-187.5646974691043,2339.63755601072,5936.116194690004,94192.90398954881,-265986.8145864474,301.37912619964084
442.981554254781,-187.56227465616774,2339.6307143457107,5936.116202442024,94618.77919727575,-267189.42311762937,302.74175430129736
442.9815542803321,-187.55985158108103,2339.623871940428,5936.116210194882,95046.8001103695,-268398.09080307226,304.1112477906969
442.9815543057613,-187.55742915928911,2339.6170313799535,5936.1162179456505,95476.81564682648,-269612.3910095673,305.4871232666458
442.9815543310589,-187.55500837173787,2339.6101954343326,5936.116225691189,95908.65986726077,-270831.8551488578,306.86884979034727
442.9815543562227,-187.5525894939897,2339.603364881713,5936.116233430618,96342.29018357984,-272056.3629584761,308.2562910971617
442.98155438128583,-187.55016940098767,2339.596530897396,5936.116241173935,96778.27719072395,-273287.52571405075,309.6512728596949
442.9815544062129,-187.54775155309233,2339.589703252928,5936.116248910069,97216.00746019217,-274523.6111843198,311.0518323553029
442.9815544310257,-187.54533390552518,2339.5828761741573,5936.116256645561,97655.85930973526,-275765.6876825973,312.45918004749524
442.981554455731,-187.54291583703153,2339.5760479067526,5936.116264382401,98097.95751186181,-277014.1075479737,313.8737151577419
442.9815544802858,-187.54050162179445,2339.569230520374,5936.116272106911,98541.52747772927,-278266.68345624383,315.2929593156074
442.98155450473075,-187.53808733986102,2339.5624129456546,5936.116279831635,98987.29584489568,-279525.46732428507,316.71923746684655
442.9815545290476,-187.53567484412216,2339.5556004148843,5936.116287550644,99434.92974100559,-280789.519169851,318.15148455480056
442.9815545532618,-187.53326167165153,2339.548785973124,5936.116295271819,99884.89628407161,-282060.1580650473,319.59119516783534
442.9815545773509,-187.53085009979552,2339.541976051262,5936.116302987872,100336.78125937571,-283336.21432883927,321.0370439866914
442.98155460133347,-187.528438327676,2339.5351655638856,5936.116310704565,100790.93194317982,-284618.6686179726,322.4901421546919
442.98155462518366,-187.52602901629004,2339.5283620252562,5936.116318413385,101246.8559203503,-285906.1304250172,323.9489141429339
442.9815546489164,-187.52362072371318,2339.521561363593,5936.116326118945,101704.83305376103,-287199.3900412923,325.41425539921454
442.981554672545,-187.5212121556865,2339.5147599241,5936.116333825386,102165.1203351009,-288499.1731732768,326.8869881928061
442.98155469606473,-187.51880382601627,2339.5079591576905,5936.116341531066,102627.6315971333,-289805.2364974526,328.3668368234661
442.9815547194484,-187.51639859586325,2339.5011671438588,5936.116349226828,103091.82465766212,-291116.0489715738,329.8520665278572
442.98155474272363,-187.51399369151486,2339.494376050051,5936.116356921548,103558.24202280535,-292433.1425525937,331.3444131057355
442.9815547658967,-187.51158850598372,2339.4875841622247,5936.116364617167,104027.01347614697,-293756.8837301376,332.84429181198186
442.981554788952,-187.5091847139352,2339.4807962093873,5936.116372308327,104497.82321169737,-295086.38071484934,334.35069219539304
442.98155481187933,-187.506783447402,2339.4740153882312,5936.1163799914075,104970.45608336714,-296421.0259660271,335.8629258756593
442.98155483470674,-187.5043818306818,2339.467233578199,5936.116387675608,105445.48723712921,-297762.44361074193,337.382833086847
442.9815548574319,-187.50198015076887,2339.4604515897195,5936.116395360011,105922.87285588305,-299110.50991598936,338.9102736319889
442.9815548800312,-187.4995809617844,2339.453676635253,5936.116403036443,106402.1140980762,-300463.8162270843,340.44365142024594
442.9815549025215,-187.49718253808064,2339.446903841826,5936.116410710428,106883.56332679433,-301823.35756520944,341.98409387071604
442.9815549249031,-187.49478491052255,2339.4401332965967,5936.116418381865,107367.22454327274,-303189.14522926084,343.5316137857308
442.98155494717804,-187.4923879079649,2339.433364516276,5936.1164260513015,107853.14272510645,-304561.30622930743,345.0863550753697
442.98155496933686,-187.48999261223682,2339.4266005557893,5936.116433715277,108341.10770058923,-305939.247071569,346.64764527533345
442.98155499139085,-187.487597860308,2339.419838130911,5936.116441377512,108831.36569762476,-307323.6630671889,348.21627221514325
442.9815550133325,-187.48520452467395,2339.41307970544,5936.116449035217,109323.74786849212,-308714.077415203,349.79169565050864
442.9815550351799,-187.48281069053087,2339.406319872253,5936.116456694516,109818.65954929967,-310111.6347247668,351.37521249273567
442.9815550569101,-187.48041891672185,2339.3995658571444,5936.116464347223,110315.58218192591,-311514.87066452333,352.96516356595333
442.9815550785243,-187.47802915009285,2339.392817510015,5936.116471993508,110814.53348306248,-312923.83526378666,354.5616055563961
442.98155510004983,-187.47563841909707,2339.3860664396566,5936.116479642878,111316.1452276971,-314340.312561581,356.16655988803194
442.9815551214501,-187.47325084238466,2339.3793242765273,5936.116487282156,111819.56288173284,-315761.8894801397,357.7772923980046
442.9815551427619,-187.47086238287605,2339.372579620512,5936.116494924259,112325.64720574897,-317190.99667989364,359.3965571713908
442.98155516395605,-187.46847636354394,2339.3658418551945,5936.116502558554,112833.70479438093,-318625.6760867594,361.0221355919892
442.9815551850542,-187.4660904010734,2339.3591042504454,5936.116510192667,113344.25240053273,-320067.3869344272,362.6556810597063
442.9815552060594,-187.46370420432436,2339.3523659841285,5936.11651782753,113857.36585306242,-321516.3433523648,364.2974361961623
442.98155522696527,-187.46131853643195,2339.345629211224,5936.1165254607,114372.89390819424,-322972.11825054267,365.94691708255823
442.98155524775666,-187.45893519301896,2339.338899002306,5936.116533086433,114890.45737993905,-324433.6408638702,367.6029104773735
442.98155526846824,-187.45655024858107,2339.33216427233,5936.116540717289,115410.92102109209,-325903.35312620504,369.2681832391583
442.9815552890657,-187.45416770639102,2339.3254363259466,5936.116548340459,115933.42342163088,-327378.82254318486,370.93997920488084
442.9815553095444,-187.4517881800581,2339.318716895897,5936.1165559539795,116457.83481854112,-328859.68268327,372.6178831854748
442.9815553299346,-187.449408210842,2339.311996215211,5936.116563568917,116984.92690111596,-330348.1126827675,374.3043642739927
442.9815553502264,-187.44702901292476,2339.3052777125586,5936.1165711813865,117514.44389859973,-331843.3902829328,375.99860410765365
442.98155537042976,-187.44464946038678,2339.29855820851,5936.11657879499,118046.6494619633,-333346.25999507133,377.7014462627342
442.98155539051936,-187.44227259254419,2339.2918462856433,5936.116586400004,118580.87378872721,-334854.8303961527,379.4107476427014
442.98155541051227,-187.43989645919217,2339.2851364368694,5936.116594002668,119117.56341015945,-336370.36242436373,381.12793696668
442.9815554304085,-187.4375211148367,2339.278428816105,5936.116601602807,119656.71740037443,-337892.8534651408,382.8530112722114
442.9815554501919,-187.43514855514255,2339.271729058812,5936.116609194037,120197.89078151883,-339421.04696690984,384.5845468104683
442.9815554698914,-187.43277536211176,2339.26502751307,5936.1166167872925,120741.8736101086,-340957.17393229547,386.3250714421738
442.9815554894962,-187.43040289527553,2339.258328017994,5936.116624378225,121288.36819495825,-342500.3937254663,388.0736326761577
442.98155550901873,-187.42802968532328,2339.251626424468,5936.116631971536,121837.72720041404,-344051.7022183203,389.8313588954297
442.98155552843576,-187.42565861205205,2339.2449308646133,5936.116639558009,122389.29586989064,-345609.2504752044,391.5961551442217
442.98155554774706,-187.42328977699154,2339.238241625134,5936.116647137322,122943.05739101142,-347172.9910204562,393.3679676297408
442.98155556695536,-187.42092291803158,2339.2315579658703,5936.116654710311,123499.08012892856,-348743.11690714327,395.1470150927726
442.98155558608727,-187.41855480609354,2339.224870768382,5936.11666228731,124058.13582113586,-350321.80740768404,396.93576678059225
442.9815556051269,-187.41618744484185,2339.218185690721,5936.116669861906,124619.76680593958,-351907.7701532171,398.73275836122247
442.98155562406816,-187.41382165739745,2339.2115050572584,5936.116677431468,125183.78830164523,-353500.48334759613,400.5373986081138
442.9815556429144,-187.4114570878021,2339.2048278628213,5936.116684997132,125750.29488695123,-355100.2140670622,402.34999013477824
442.98155566165383,-187.40909527610955,2339.198158456293,5936.116692553973,126318.92524495069,-356705.94200616697,404.16937687351793
442.98155568033104,-187.40673065637813,2339.191481120279,5936.116700119798,126891.03426722968,-358321.4931781432,405.99989392841144
442.9815556989149,-187.40436719798865,2339.184807063723,5936.116707681907,127465.67933181058,-359944.2057580915,407.8385252910772
442.9815557173956,-187.4020062202797,2339.1781400122413,5936.1167152360795,128042.54802825657,-361573.19754519407,409.6842713747049
442.9815557357993,-187.39964443810385,2339.1714706890643,5936.116722792825,128622.45497811283,-363210.76891008083,411.5397386381576
442.9815557541019,-187.39728499149356,2339.1648079611787,5936.116730342099,129204.64143431542,-364854.777263384,413.4024993982721
442.9815557723081,-187.39492735155144,2339.1581503350562,5936.116737885592,129789.24545589124,-366505.6124633545,415.27299538799343
442.9815557904361,-187.39256921552382,2339.151491308062,5936.1167454306715,130376.8507908045,-368164.9229278129,417.1530943642747
442.9815558084759,-187.39021193110915,2339.1448346858965,5936.116752973026,130967.13618084624,-369831.801471143,419.04176843101976
442.98155582642886,-187.38785536716952,2339.138180098246,5936.116760513076,131560.14685991648,-371506.375827181,420.93916231838017
442.98155584428605,-187.3855007646578,2339.131531049377,5936.11676804685,132155.5809388876,-373187.7935057285,422.84431010347186
442.981555862051,-187.3831477265871,2339.124886418258,5936.116775575618,132753.54765939064,-374876.362988977,424.7575613152497
442.9815558797302,-187.38079544662543,2339.118243927927,5936.11678310196,133354.2630618747,-376572.6943431678,426.6796071956121
442.9815558973418,-187.3784415501077,2339.111596872681,5936.116790633475,133958.35075333208,-378278.54854211543,428.6124430342514
442.98155591484925,-187.37609098520784,2339.1049592254303,5936.11679815433,134564.5532543065,-379990.3746500186,430.5520454064332
442.9815559322845,-187.3737395154675,2339.098319023044,5936.116805678081,135173.9742369185,-381711.28927353525,432.50194561573966
442.9815559496259,-187.37139011343504,2339.0916846595587,5936.116813195215,135785.85686740084,-383439.15522616415,434.4597221007817
442.9815559668719,-187.3690430607083,2339.085056930165,5936.116820704833,136400.13517025806,-385173.78620287444,436.42516376670676
442.98155598403497,-187.36669672758265,2339.0784312328183,5936.116828212148,137017.24565565484,-386916.41484374116,438.39966726916975
442.98155600111494,-187.36435119128865,2339.071807785606,5936.116835716914,137637.18102910605,-388667.02055021824,440.3832092687738
442.98155601811413,-187.3620061844044,2339.0651858333686,5936.116843219986,138260.02542062063,-390425.84089299466,442.3760589474584
442.98155603503875,-187.35966089756772,2339.058563090587,5936.116850723954,138886.00942532538,-392193.52703856636,444.37895411619303
442.9815560518888,-187.35731537095666,2339.051939670718,5936.116858228688,139515.1395436795,-393970.09734326776,446.3919155738133
442.9815560686382,-187.35497329397083,2339.04532599208,5936.116865722385,140146.43611546984,-395752.785391706,448.4118088045915
442.9815560853145,-187.35263089236102,2339.0387113967518,5936.116873217121,140780.92661726318,-397544.4926255768,450.4419213172119
442.9815561019121,-187.35028898539693,2339.03209819823,5936.116880710274,141418.4052040704,-399344.63776910846,452.4815944911169
442.9815561184052,-187.34795128986832,2339.025496892178,5936.116888189952,142057.8671887355,-401150.3837345272,454.52761373450255
442.9815561348203,-187.3456141269336,2339.0188970900927,5936.116895667927,142700.3258774503,-402964.59194848785,456.5832212165951
442.98155615117497,-187.34327503793665,2339.0122918490924,5936.116903152064,143346.4765473954,-404789.2257708051,458.65064154264877
442.9815561674442,-187.34093763380605,2339.0056913659055,5936.11691063081,143995.33889555343,-406621.51697090216,460.72673814022284
442.98155618362443,-187.3386024911451,2338.999097268774,5936.11691810232,144646.7615651609,-408461.0381396892,462.81102672900346
442.98155619973886,-187.3362663229526,2338.9925002756936,5936.116925577111,145301.67582353318,-410310.41903818044,464.9064869870538
442.98155621577706,-187.33393067740525,2338.9859047584855,5936.116933050231,145959.6656236898,-412168.4848113034,467.01178773261705
442.9815562317444,-187.33159482205002,2338.979308648811,5936.116940524022,146620.95368878508,-414035.8643962693,469.1276415895405
442.9815562476261,-187.32926096632008,2338.9727181857825,5936.116947991414,147284.92789469592,-415910.82924518606,471.25209000866045
442.98155626342276,-187.3269290972255,2338.966133332718,5936.11695545245,147951.6007611761,-417793.4147119847,473.3851730481161
442.9815562791389,-187.32459861820882,2338.959552405028,5936.116962909039,148621.1529681778,-419684.13101009856,475.52746881054367
442.98155629478896,-187.3222674279052,2338.9529694687685,5936.116970367903,149294.20411755174,-421584.7278034153,477.68095977080515
442.9815563103541,-187.31993839062918,2338.9463926123403,5936.116977819879,149969.9415563504,-423492.91028033325,479.8430457687523
442.98155632584184,-187.31761044907586,2338.939818850071,5936.116985268349,150648.6825736419,-425409.5744182027,482.01474200083885
442.98155634125436,-187.31528332637353,2338.9332474001153,5936.116992714198,151330.52131858838,-427334.98608031747,484.1963497062345
442.9815563566022,-187.31295547874578,2338.9266739030777,5936.117000162368,152015.92753124988,-429270.4717430573,486.38937186279486
442.9815563718644,-187.31063014304084,2338.920107499338,5936.1170076025,152703.96198668575,-431213.3791742521,488.59080333128
442.98155638705066,-187.3083058973961,2338.913544173767,5936.1170150391445,153395.0553290607,-433164.9244492615,490.80202199852164
442.9815564021645,-187.30598227474223,2338.90698260743,5936.117022473795,154089.36053453502,-435125.5395501124,493.02351732624743
442.9815564172066,-187.30365920399828,2338.900422599605,5936.117029906681,154786.91418669006,-437095.3277834219,495.25540636709417
442.9815564321775,-187.30133666559237,2338.8938640950237,5936.117037337863,155487.73778154128,-439074.349850755,497.49775789960114
442.98155644706475,-187.2990166547829,2338.8873127280003,5936.1170447609575,156191.2405451932,-441060.93749410135,499.7486816866822
442.98155646188957,-187.29669591397655,2338.880759299574,5936.117052186388,156898.42444872356,-443057.9201314317,502.01138362979117
442.98155647663583,-187.2943770211587,2338.8742110895937,5936.1170596059055,157608.51965650846,-445063.12386092683,504.2834005668662
442.9815564913194,-187.29205753416997,2338.8676612017625,5936.117067027324,158322.2895298925,-447078.70430199977,506.56717494489874
442.98155650592037,-187.28974065260022,2338.8611186712487,5936.117074440406,159038.7633268933,-449101.9202230213,508.8596007828862
442.9815565204546,-187.28742392179404,2338.8545765664694,5936.117081853006,159758.71235871786,-451134.94969263894,511.1631459641587
442.9815565349294,-187.28510621964267,2338.848031718755,5936.117089268714,160482.5058007177,-453178.835207385,513.4789917002524
442.9815565493172,-187.28279201170074,2338.8414967381705,5936.117096673242,161208.76198196402,-455229.6751331279,515.8027172040432
442.9815565636394,-187.28047792792557,2338.8349621082148,5936.117104077372,161938.5489103898,-457290.4853661402,518.1377396681638
442.98155657788516,-187.2781657796054,2338.828432943697,5936.11711147531,162671.30940344656,-459359.69250540197,520.4822763342273
442.98155659206736,-187.2758535279924,2338.8219034874955,5936.117118873578,163407.70421373512,-461439.1624184263,522.838441342822
442.9815566061756,-187.273542922617,2338.8153786800253,5936.117126266579,164147.19152866688,-463527.3651066842,525.2045011132045
442.9815566202295,-187.2712307956332,2338.8088495757584,5936.117133664449,164890.8039866802,-465627.21658823226,527.5837596699566
442.9815566342242,-187.26891797948136,2338.8023185253833,5936.117141064524,165638.29829812894,-467738.0298491315,529.9754385847907
442.98155664813515,-187.2666085847553,2338.7957971366077,5936.117148453651,166388.35873021442,-469856.0894547669,532.3753280458808
442.9815566619679,-187.26430177996096,2338.789283061416,5936.117155834491,167141.2603396591,-471982.1721245976,534.7843081232869
442.98155667574457,-187.2619939215942,2338.7827660110916,5936.117163218703,167898.20804896383,-474119.68038136425,537.2062340807819
442.9815566894611,-187.25968572893552,2338.776248016776,5936.117170603985,168658.98882145542,-476268.012641044,539.6404242873331
442.98155670309677,-187.25738075602138,2338.769739114543,5936.117177978965,169422.44386992187,-478423.89666012116,542.083171093398
442.9815567166695,-187.25507603304007,2338.763230918083,5936.117185353144,170189.56811245912,-480590.14193999034,544.537657833747
442.9815567301658,-187.2527739195862,2338.756730090542,5936.117192718974,170959.58892635792,-482764.56670851575,547.001412428774
442.9815567436146,-187.2504695158663,2338.7502227956293,5936.117200092132,171734.16430505633,-484951.85289368266,549.4797397856684
442.9815567569924,-187.2481668937438,2338.7437205316833,5936.11720745959,172511.94679917494,-487148.19549794804,551.9683286123973
442.9815567702946,-187.2458669187282,2338.7372257427755,5936.117214818578,173292.6531096561,-489352.7945267185,554.4662724667679
442.98155678353453,-187.24356735464843,2338.73073211429,5936.117222176251,174077.05478218873,-491567.828710784,556.9760399823575
442.9815567967106,-187.24126851868374,2338.7242405418933,5936.117229531595,174865.06097511094,-493793.04152674135,559.4973405026567
442.9815568098306,-187.23896910600465,2338.7177473409406,5936.117236888784,175657.13889954888,-496029.7523096351,562.0316689139569
442.9815568228828,-187.23667120818428,2338.7112584177244,5936.117244241125,176452.58610886653,-498275.97745417,564.5767776716516
442.981556835872,-187.23437404275265,2338.7047715626654,5936.117251591124,177251.6882586705,-500532.5236094848,567.1335807579354
442.98155684879595,-187.23207807787475,2338.6982880977926,5936.117258937281,178054.29814442972,-502798.97509177885,569.7016071779556
442.9815568616553,-187.22978324092813,2338.6918078180306,5936.117266279829,178860.45585415498,-505075.44510365924,572.2809851971032
442.98155687445114,-187.22748939639192,2338.685330340689,5936.117273619202,179670.22429123026,-507362.11127496883,574.8719160807187
442.9815568871886,-187.2251956775842,2338.6788532183855,5936.117280958173,180483.92737689978,-509659.8883113411,577.475436245532
442.9815568998689,-187.222901912943,2338.6723759666556,5936.1172882972905,181301.64674074086,-511969.00672261644,580.0918068731147
442.981556912482,-187.22060996706338,2338.665903850839,5936.117295630589,182122.73408678826,-514287.63581697614,582.7189536790648
442.9815569250411,-187.21831749522775,2338.6594302498006,5936.11730296557,182948.04718522128,-516618.19781040435,585.3596211803911
442.98155693752085,-187.2160291925695,2338.6529684219017,5936.117310287212,183775.9073433045,-518955.9523231651,588.0084382405399
442.98155694995154,-187.21373956577168,2338.6465028548287,5936.11731761309,184608.31571254876,-521306.5503108325,590.6718077334871
442.9815569623137,-187.21145225551396,2338.640043829322,5936.117324931555,185443.96746540323,-523666.30713359715,593.345554739781
442.98155697461397,-187.2091660868885,2338.633588027616,5936.117332246368,186283.30407921944,-526036.4694581341,596.0310918080618
442.9815569868586,-187.206879959003,2338.6271323409533,5936.117339561051,187126.7481494274,-528418.230631368,598.7297710724714
442.9815569990504,-187.2045933918349,2338.6206754138216,5936.117346877139,187974.49957764495,-530812.1551458699,601.4422321371875
442.9815570111835,-187.20230751725865,2338.614220442467,5936.117354191012,188826.1598662927,-533217.1177034776,604.1671999714257
442.98155702325266,-187.200023390517,2338.607770406738,5936.117361499292,189681.35111359428,-535632.0511655271,606.903465442626
442.9815570352649,-187.19773973540796,2338.60132170283,5936.1173688060635,190540.56706572277,-538058.3497981065,609.6526083384782
442.9815570472299,-187.19545476262843,2338.5948692780153,5936.11737611705,191404.50543585772,-540497.983839931,612.4168610584462
442.98155705913064,-187.19317175424283,2338.5884224003585,5936.1173834217525,192271.94575381716,-542947.5068639105,615.1923185924775
442.98155707096595,-187.19089101065907,2338.5819819181665,5936.117390719208,193142.78441971174,-545406.6263192967,617.9786494629044
442.98155708273686,-187.18861240720358,2338.57554747938,5936.117398009816,194017.07909672102,-547875.5050383708,620.7760381685367
442.9815570944444,-187.18633581649982,2338.5691187243065,5936.117405293983,194894.88943822775,-550354.3114734537,623.5846755760277
442.9815571061041,-187.18405825951064,2338.562687240586,5936.117412581243,195777.38372386905,-552846.3446732637,626.408299706834
442.9815571177145,-187.1817800677368,2338.556253964328,5936.117419870534,196664.46076767298,-555351.318903598,629.2465868068455
442.98155712926575,-187.1795032069479,2338.549824446574,5936.117427155566,197555.37598146914,-557867.1315577078,632.0971544956211
442.98155714075733,-187.17722785100062,2338.5433991782697,5936.117434435782,198450.07611770084,-560393.6322723767,634.9598324025551
442.9815571521951,-187.1749528961009,2338.5369750424647,5936.117441714716,199349.01272942818,-562932.0961665892,637.8360653144723
442.9815571635687,-187.17268045088653,2338.5305579936394,5936.117448985619,200251.36726403542,-565480.2117689541,640.7232341946767
442.98155717489334,-187.17040755074999,2338.5241396601814,5936.117456257979,201158.33415309511,-568041.3519773836,643.6251607402214
442.9815571861638,-187.16813527753132,2338.5177230970467,5936.117463528332,202069.50452457255,-570614.3621977897,646.5405367262688
442.9815571973827,-187.1658631518152,2338.5113069504373,5936.117470798214,202985.0917920494,-573199.8450785289,649.4700449898057
442.98155720854476,-187.16359229636362,2338.504894390867,5936.117478064031,203904.66288373878,-575796.5776889957,652.4122998765931
442.9815572196511,-187.1613225384354,2338.4984849305397,5936.117485326337,204828.3043707102,-578404.804493073,655.3675783789753
442.9815572306954,-187.15905524570047,2338.4920824315536,5936.117492580755,205755.47279743382,-581022.9908528089,658.3341416594628
442.98155724169334,-187.15678724001936,2338.485677919313,5936.1174998374545,206687.48639764675,-583654.8592650982,661.3162075318712
442.9815572526442,-187.15451870780714,2338.4792719202264,5936.117507095838,207624.29628269188,-586300.2716756117,664.3136195723073
442.98155726352684,-187.15225410677527,2338.4728770222114,5936.117514341644,208564.07534560486,-588954.068604805,667.3205317788216
442.9815572743716,-187.1499871617431,2338.4664755050862,5936.11752159495,209509.44706929364,-591623.6583799752,670.3453382336947
442.98155728515377,-187.14772308745862,2338.4600820945275,5936.1175288390705,210458.25944737182,-594302.964053715,673.3811533884748
442.98155729587916,-187.1454607399689,2338.453693560182,5936.117536077666,211411.002125187,-596993.3683119885,676.4295439098715
442.98155730655844,-187.1431979159159,2338.447303680092,5936.117543317786,212368.62363113862,-599697.549658556,679.4935447044232
442.9815573171808,-187.14093696757536,2338.4409190967363,5936.117550551904,213330.14873329023,-602412.7541828225,682.5700354250936
442.9815573277598,-187.13867503957962,2338.4345317469792,5936.117557789157,214296.81368091394,-605142.4728696925,685.6629715686297
442.9815573382913,-187.1364130667064,2338.428144270495,5936.117565026554,215268.24705990183,-607885.656900717,688.7711647603819
442.9815573487599,-187.13415440987558,2338.4217661580233,5936.117572253341,216243.02012491066,-610638.2717105879,691.8900435941739
442.98155735918436,-187.13189509449404,2338.4153861859018,5936.117579482235,217222.86485744242,-613405.2081586282,695.0251497090198
442.9815573695612,-187.1296359107937,2338.4090065856285,5936.117586710707,218207.46541169612,-616185.5743430603,698.1754725263361
442.9815573798802,-187.12737913351705,2338.4026337807395,5936.11759393148,219195.8475871689,-618976.619265905,701.3378949992557
442.9815573901424,-187.1251246127444,2338.3962673478836,5936.1176011450325,220188.08744031392,-621778.5576993253,704.5126604776111
442.98155740035924,-187.12286990710936,2338.3899003930037,5936.117608359177,221185.27824124024,-624594.4768762385,707.7032669827624
442.9815574105332,-187.1206144882179,2338.3835314239936,5936.117615575604,222187.68221943942,-627425.1172939028,710.9105535428283
442.9815574206535,-187.11836079943654,2338.377167340558,5936.117622786494,223194.2358682587,-630267.4757669946,714.1311173674486
442.9815574307208,-187.11610875393416,2338.370807897499,5936.117629992127,224204.9927655357,-633121.7035913945,717.3651298839942
442.9815574407432,-187.1138565986358,2338.3644481443926,5936.117637198112,225220.76063989758,-635990.0816731526,720.6151754967835
442.9815574507153,-187.1116055962379,2338.3580916469064,5936.117644400408,226240.99261898958,-638871.0657257095,723.8795044358719
442.98155746064117,-187.1093548747745,2338.3517359427374,5936.117651601804,227266.10535126523,-641765.8323026088,727.1594498074865
442.9815574705094,-187.10710708892842,2338.345388528317,5936.117658793808,228294.9052862799,-644671.0109941127,730.4511927338261
442.98155748033486,-187.10485891872193,2338.33904002852,5936.117665987042,229328.9298146203,-647590.9431636106,733.7596522418237
442.98155749011244,-187.10261156672732,2338.332693839232,5936.117673177658,230367.6508918311,-650524.1376917438,737.0831388031838
442.9815574998508,-187.1003630870307,2338.3263444654804,5936.117680371882,231411.99565772625,-653473.2126840735,740.4246188896377
442.98155750953674,-187.09811657230588,2338.320000640518,5936.1176875598185,232460.55162665536,-656434.1794902568,743.7795731194377
442.98155751917,-187.09587215813187,2338.3136627472004,5936.117694741034,233513.26851216186,-659406.896108786,747.1478405962987
442.98155752876517,-187.0936264886785,2338.3073213091598,5936.117701926266,234571.7444700943,-662395.8754951529,750.5345347713695
442.9815575383067,-187.0913832592363,2338.3009867613496,5936.117709103692,235634.26081598277,-665396.2643388844,753.9341565507507
442.98155754780316,-187.08914050025868,2338.2946535420615,5936.117716279611,236701.76760513464,-668410.7454555025,757.3497457264672
442.9815575572491,-187.08689957150895,2338.288325491066,5936.117723449675,237773.63696473135,-671437.5458251311,760.7792933599111
442.9815575666521,-187.08465873444248,2338.281997698971,5936.117730619446,238850.72123032462,-674479.0723171706,764.2255265794848
442.9815575759945,-187.08242226052,2338.275682227748,5936.1177377752565,239930.9791457785,-677529.5607265232,767.6819141926625
442.981557585307,-187.08018285315356,2338.2693584729136,5936.117744940453,241017.9577593953,-680599.0273924157,771.1598053167613
442.9815575945727,-187.07794460196874,2338.263037982965,5936.11775210195,242109.7061933498,-683681.9633247183,774.6529579332287
442.9815576037907,-187.07570778615295,2338.2567215462864,5936.117759258854,243206.10699356458,-686778.0368505067,778.1609962366088
442.9815576129673,-187.07347092596893,2338.2504049843183,5936.1177664159,244307.90859590398,-689889.3614418478,781.6863149184043
442.9815576220953,-187.0712358486351,2338.244093456855,5936.117773567242,245414.23293339112,-693013.4575676061,785.2261045200784
442.98155763117694,-187.06900204606404,2338.237785529133,5936.117780714505,246525.34875864946,-696151.0841453987,788.7812249411287
442.9815576402231,-187.06676688906745,2338.2314737767138,5936.117787866102,247642.59265256696,-699306.0154817577,792.3559526988194
442.9815576492244,-187.0645327486994,2338.2251648951033,5936.117795014446,248764.80932982112,-702474.989221985,795.9465913482353
442.9815576581752,-187.06230107307894,2338.2188629735747,5936.117802154903,249891.2873365877,-705655.9963258194,799.5508645254174
442.9815576670811,-187.0600705252815,2338.2125642368514,5936.117809291753,251022.717084276,-708850.9864128578,803.1709812671235
442.98155767594767,-187.0578397867073,2338.206264961403,5936.117816429212,252159.79293686608,-712061.9202641718,806.809163256736
442.9815576847694,-187.0556102646968,2338.1999691213505,5936.117823562779,253301.82282480088,-715286.8435778007,810.4631961520964
442.9815576935497,-187.05338117900203,2338.1936745133885,5936.1178306949505,254449.2294790548,-718526.9500834262,814.1344325210338
442.9815577022844,-187.0511536092112,2338.187384186115,5936.117837822271,255601.47921187713,-721780.7327258587,817.821164778994
442.981557710979,-187.04892623148172,2338.1810944011945,5936.117844948977,256759.27985626005,-725050.1903206657,821.5256577047409
442.98155771963195,-187.04669948631,2338.1748064025232,5936.117852073659,257922.42896177684,-728334.7511778171,825.2472635389411
442.98155772823935,-187.0444744258277,2338.1685231611655,5936.117859192951,259090.39785910497,-731632.9224134213,828.9842907539771
442.98155773681384,-187.04224783064765,2338.1622355860486,5936.117866317153,260264.90583572973,-734949.5590407777,832.7422403731535
442.9815577453339,-187.04002535435046,2338.155959642047,5936.117873428177,261442.99073683438,-738276.2963732629,836.5116347013103
442.9815577538223,-187.0378010937112,2338.1496786593275,5936.117880544909,262627.8028751892,-741622.0304277022,840.3025534628179
442.98155776226326,-187.035579250347,2338.143404502635,5936.117887653907,263817.13199342316,-744980.5197645323,844.1079247296764
442.9815577706611,-187.03335875427695,2338.1371341505014,5936.117894758595,265011.5665237079,-748353.4260290823,847.9296312464048
442.98155777902747,-187.03113654847112,2338.1308589703276,5936.1179018687535,266212.78292602743,-751745.4832961289,851.7730370056572
442.981557787348,-187.02891651263369,2338.124589917823,5936.117908971969,267418.71294525766,-755150.8511194293,855.6315244290852
442.9815577956212,-187.02669910003337,2338.1183282729517,5936.117916066791,268629.12214311317,-758568.8674799766,859.5043434091688
442.9815578038544,-187.02448242485886,2338.1120687104617,5936.117923159253,269845.05744563625,-762002.4887419054,863.394843685033
442.98155781205236,-187.02226524464146,2338.1058077218054,5936.117930253332,271067.2305737231,-765453.7246996486,867.3053024751592
442.98155782022394,-187.02004517971648,2338.099538587162,5936.11793735664,272296.99830266583,-768926.4066857458,871.2400609107223
442.9815578283408,-187.01782999138243,2338.0932832232893,5936.117944444345,273530.0847587438,-772408.4602658995,875.1854379283833
442.98155783642375,-187.015614055895,2338.0870257495662,5936.117951534441,274769.6351697811,-775908.7670977997,879.1514969827451
442.9815578444724,-187.01339753043132,2338.080766609837,5936.117958626424,276015.5988612703,-779427.1840841405,883.1380759359175
442.98155785246695,-187.01118591784666,2338.074521343351,5936.117965702689,277264.89658869035,-782955.0158943099,887.1353224531307
442.9815578604337,-187.00897201245016,2338.068269602304,5936.117972786289,278521.6198894628,-786503.8164241898,891.1563277962588
442.9815578683609,-187.0067591327861,2338.0620207577736,5936.117979866607,279783.9224223212,-790068.3718794149,895.1951844213795
442.98155787624376,-187.00454864470956,2338.0557786667323,5936.117986939274,281051.0430713715,-793646.5329813914,899.2494570660327
442.9815578840941,-187.00233730058892,2338.049534158349,5936.1179940146785,282324.86948842445,-797243.6301793457,903.325185451144
442.98155789190105,-187.0001282257709,2338.0432960581406,5936.118001082823,283603.6279551817,-800854.6547554217,907.4166943968622
442.98155789967024,-186.99791987353225,2338.037059998389,5936.1180081486555,284888.233851628,-804482.1916071642,911.5269127482302
442.9815579073972,-186.99571358054953,2338.0308297536712,5936.118015207899,286177.9306055269,-808124.1042865962,915.6534197806513
442.981557915085,-186.99350853411283,2338.024603029015,5936.118022263154,287473.2120914974,-811781.7874225182,919.7977956927905
442.9815579227494,-186.99130022942907,2338.0183671035516,5936.118029328834,288776.76632267545,-815462.8315660369,923.9686410375103
442.9815579303679,-186.98909521009935,2338.0121404554416,5936.118036384003,290084.76382506464,-819156.4228495815,928.1537030497102
442.9815579379503,-186.98689069701803,2338.005915236902,5936.118043437552,291398.8701350603,-822867.2645013315,932.3583107709862
442.9815579454975,-186.98468647250533,2337.9996908332378,5936.118050490178,292719.24515389453,-826595.8080586914,936.58297582049
442.9815579530071,-186.9824833008792,2337.993469402769,5936.118057539434,294045.45892102015,-830340.8393767362,940.8263224986885
442.98155796048417,-186.98027972701271,2337.987246836433,5936.118064589978,295378.4184382196,-834104.9196942081,945.0912528437722
442.98155796791997,-186.9780783845196,2337.981030571165,5936.118071633382,296716.55658591137,-837883.623697438,949.3727527080711
442.9815579753188,-186.97587805779742,2337.9748171742835,5936.118078673536,298060.63206035906,-841679.0938323411,953.6732496122078
442.9815579826856,-186.97367733858985,2337.9686026690815,5936.118085714946,299411.5366942232,-845493.8485023052,957.9955970593288
442.98155799001347,-186.971478331852,2337.9623929996405,5936.118092750876,300768.006962815,-849324.3197006877,962.3357522824055
442.981557997313,-186.969277890944,2337.9561792803156,5936.118099791395,302132.0173691712,-853176.0831317176,966.7000328910943
442.9815580045696,-186.96708048896915,2337.949974142488,5936.118106822191,303500.8226964957,-857041.3867096221,971.0796553039988
442.9815580117877,-186.96488483985877,2337.9437739544896,5936.1181138473785,304875.23718830134,-860922.5297375238,975.477224770432
442.98155801897354,-186.96268909403838,2337.937573493397,5936.118120872876,306256.44616406225,-864822.8593821181,979.8965338324242
442.98155802612155,-186.9604950229439,2337.931377761482,5936.118127893014,307643.363321542,-868739.3080867282,984.3341067629841
442.9815580332375,-186.9583008990556,2337.9251818804855,5936.118134913322,309037.10859704023,-872675.0383856458,988.7935269044771
442.98155804031467,-186.95610884537868,2337.9189918454595,5936.118141927006,310436.35961250303,-876626.3160790388,993.2705631829527
442.9815580473657,-186.9539149963243,2337.912796740553,5936.118148946434,311843.6183852572,-880600.2064933873,997.7732210400494
442.98155805437955,-186.95172282336517,2337.9066063686914,5936.118155960499,313256.69462148764,-884590.5245632544,1002.2944924230571
442.98155806136316,-186.9495302085891,2337.900414749204,5936.1181629759785,314676.9838537389,-888601.2110659219,1006.8388424706541
442.9815580683132,-186.94733824760152,2337.894224975919,5936.118169989366,316103.81171136553,-892630.3616785355,1011.4041134700275
442.9815580752291,-186.94514715328413,2337.888037649982,5936.11817699998,317537.0688722942,-896677.6676917459,1015.9899556348394
442.98155808209884,-186.94296082287192,2337.8818637766076,5936.1181839953515,318974.2156426526,-900735.9573860869,1020.588242973772
442.981558088944,-186.94077245961967,2337.875684162794,5936.118190997227,320419.74334868824,-904817.9136018922,1025.21334591095
442.98155809575877,-186.93858392508753,2337.8695040653115,5936.118197999651,321872.4699183364,-908920.1983426694,1029.8614822947372
442.98155810253337,-186.93639843797837,2337.8633325733003,5936.118204992324,323330.2819130585,-913036.8435709031,1034.525889978167
442.9815581092769,-186.93421312719082,2337.8571615791952,5936.1182119844325,324795.1159779055,-917173.318085476,1039.2127654406818
442.98155811598366,-186.93202987250703,2337.850996391223,5936.118218969963,326265.738486424,-921326.1383079353,1043.9181615774908
442.98155812265986,-186.92984673116646,2337.844831523315,5936.118225955131,327743.4849054229,-925499.0753988194,1048.6463513412573
442.9815581293049,-186.9276639331122,2337.8386676247965,5936.1182329391995,329228.23503348115,-929691.7899271119,1053.3969501361385
442.98155813592274,-186.92548022714396,2337.8325011624634,5936.118239926173,330720.880687757,-933906.8002524247,1058.1728114156801
442.9815581424945,-186.9233018929668,2337.826349869273,5936.1182468959605,332217.1451396632,-938132.0295264435,1062.9602513813168
442.981558149044,-186.92112111553053,2337.8201916766807,5936.118253873565,333722.41992942867,-942382.7026604986,1067.77652077715
442.98155815555936,-186.91894188540496,2337.814037853465,5936.118260846218,335233.99346699734,-946651.1625257521,1072.6129436137257
442.9815581620422,-186.91676370977555,2337.80788700799,5936.118267815497,336752.2329334141,-950938.4459871097,1077.4706947216077
442.98155816849606,-186.91458543277503,2337.8017358762577,5936.118274785101,338277.9778735394,-955246.9237949533,1082.3524603041687
442.9815581749219,-186.91240680447433,2337.795583752506,5936.118281755828,339811.4446198952,-959577.2068402949,1087.2589325378224
442.9815581813147,-186.91022953003264,2337.7894354518517,5936.118288722224,341351.46693936415,-963926.0018534845,1092.186379949146
442.981558187672,-186.9080545462585,2337.7832936197033,5936.118295681291,342897.40262422146,-968291.495334993,1097.1327477336401
442.9815581940088,-186.90587675645708,2337.7771438637496,5936.118302649335,344452.9165086445,-972684.0362339189,1102.1097618756962
442.98155820030416,-186.90370340164378,2337.771006631546,5936.11830960319,346012.8677265541,-977089.1075056153,1107.1009736869196
442.9815582065742,-186.90152897226378,2337.7648663649243,5936.1183165604825,347581.2330223816,-981517.9388875567,1112.1191071381293
442.9815582128157,-186.8993546459484,2337.7587263893424,5936.118323517446,349157.20815895754,-985968.2593330522,1117.1615889962566
442.98155821902685,-186.89718106341573,2337.7525885140926,5936.118330472029,350740.36448915006,-990438.8584060675,1122.227047764166
442.98155822520584,-186.89500893692212,2337.7464547504815,5936.118337421954,352330.21191784024,-994928.3521505506,1127.3139153360614
442.9815582313556,-186.8928372813275,2337.7403223166193,5936.118344370371,353927.5017707889,-999438.862199208,1132.4245956499433
442.981558237471,-186.89066798327462,2337.734196540106,5936.118351311246,355530.87189460144,-1003966.542032535,1137.554730366888
442.9815582435555,-186.88849985731096,2337.728074073399,5936.118358248371,357141.22027282655,-1008513.9274231169,1142.707192670392
442.9815582496136,-186.88633136976853,2337.7219505856474,5936.118365186652,358759.72268316813,-1013084.3385931029,1147.8857445726874
442.9815582556378,-186.88416524036109,2337.71583375692,5936.118372117388,360384.3795233865,-1017672.1289618309,1153.083988156838
442.9815582616333,-186.88199966959593,2337.7097185057155,5936.118379046337,362016.5658629612,-1022281.1815219172,1158.3063230880057
442.98155826759836,-186.8798353468556,2337.703606778748,5936.118385971293,363655.7937147324,-1026910.1182698745,1163.5511880050096
442.98155827354026,-186.87766965137848,2337.6974911753755,5936.118392900641,365304.09049605567,-1031564.6643321334,1168.8250698218858
442.98155827945095,-186.87550556744404,2337.6913801227606,5936.1183998248325,366959.22555128555,-1036238.520667424,1174.1208313444217
442.9815582853335,-186.87334202650752,2337.6852706034915,5936.118406747287,368622.04626802274,-1040934.0801728657,1179.4411838695817
442.9815582911841,-186.87118048719617,2337.6791667365155,5936.1184136633365,370291.45963777165,-1045648.2563542989,1184.7826302130625
442.98155829701085,-186.86901801525363,2337.673060235927,5936.11842058237,371969.7683913683,-1050387.5517826602,1190.1525381804818
442.98155830280587,-186.86685756999722,2337.6669594584005,5936.118427494919,373654.7123051235,-1055145.5839209016,1195.5436759718677
442.9815583085767,-186.86469638227007,2337.660856584246,5936.118434409844,375348.48670384206,-1059928.5520412307,1200.963067737059
442.98155831431933,-186.86253602603605,2337.6547560581052,5936.118441322108,377049.9006930336,-1064733.0932339313,1206.4069030962323
442.981558320035,-186.8603760583901,2337.6486566292797,5936.118448233129,378759.3394496041,-1069560.2951815566,1211.8764144594145
442.9815583257197,-186.8582180611333,2337.6425627645413,5936.118455137846,380475.5810042849,-1074406.7072238172,1217.3676920200828
442.9815583313707,-186.8560631231213,2337.6364775386573,5936.118462032774,382197.7738135127,-1079269.924727771,1222.8780111838769
442.98155833700486,-186.85390488877175,2337.6303830044044,5936.11846893825,383931.0424762125,-1084164.4188020295,1228.4237685908895
442.9815583426055,-186.85174975546897,2337.6242972270484,5936.118475833803,385670.2945218052,-1089075.8090636728,1233.9886703987165
442.98155834818226,-186.84959410661733,2337.6182099938583,5936.118482731006,387418.47772535734,-1094012.419593039,1239.582148293144
442.98155835373416,-186.84743832997052,2337.612122399794,5936.118489628618,389175.3260069819,-1098973.499019923,1245.2033509263479
442.98155835925735,-186.84528397578524,2337.60603882255,5936.118496521678,390939.6130420411,-1103955.5843851182,1250.8483545563893
442.9815583647561,-186.8431294300941,2337.599954704522,5936.118503415351,392712.69820320257,-1108962.5143557684,1256.5215086249923
442.98155837022273,-186.84097775843983,2337.593878702349,5936.118510299829,394492.08769928745,-1113987.2468348173,1262.214834010859
442.981558375664,-186.83882636023085,2337.5878034723446,5936.118517183431,396279.95847184106,-1119035.929182869,1267.935296044846
442.9815583810808,-186.8366749405366,2337.581728181669,5936.118524067103,398076.5996358028,-1124109.3778177057,1273.6838197776112
442.98155838646903,-186.83452515372488,2337.575657502012,5936.1185309455495,399880.66554159933,-1129203.7928241706,1279.4560996757718
442.9815583918318,-186.83237582980811,2337.5695881295014,5936.1185378225155,401693.17111822666,-1134322.0402114769,1285.25538310087
442.9815583971669,-186.8302279103853,2337.563522723074,5936.118544694988,403513.35694438167,-1139461.975486305,1291.0792402124503
442.9815584024759,-186.82808081016745,2337.5574596299602,5936.1185515648385,405341.7515595226,-1144625.0911658294,1296.9293621226168
442.98155840775587,-186.82593578456454,2337.551402395252,5936.118558428051,407177.3143761731,-1149808.4487850866,1302.802419373087
442.9815584130094,-186.82379183295916,2337.5453481933537,5936.118565287828,409020.92862477916,-1155014.5424560849,1308.7012379434072
442.98155841824536,-186.821645367095,2337.5392868915606,5936.1185721556485,410875.7359028505,-1160252.2435850436,1314.635869672645
442.9815584234536,-186.81950059294948,2337.5332303669306,5936.118579018057,412738.15411912627,-1165511.4368766097,1320.5948533202147
442.9815584286369,-186.8173563958966,2337.5271754719247,5936.118585878618,414609.18418714905,-1170794.9487624315,1326.581391403887
442.9815584337921,-186.81521417392466,2337.521126154255,5936.118592732861,416487.6375337995,-1176099.4228880012,1332.5916809712849
442.9815584389241,-186.81307192555062,2337.51507676203,5936.118599587187,418375.3045261679,-1181429.9149848982,1338.6314504716474
442.9815584440284,-186.8109315782985,2337.5090327382914,5936.1186064354315,420270.52261849545,-1186781.7302700575,1344.6953804322036
442.9815584491127,-186.80878995893463,2337.5029851222976,5936.118613287746,422176.14581175457,-1192162.9280196598,1350.7926024996352
442.9815584541674,-186.80665116474313,2337.4969454841726,5936.11862013102,424088.56665108673,-1197563.3213153072,1356.9115742801214
442.9815584591972,-186.80451326487685,2337.4909083714892,5936.1186269714335,426009.53594355483,-1202987.8541769192,1363.0578976468432
442.98155846420644,-186.8023744389506,2337.48486864375,5936.11863381481,427940.73844450334,-1208441.2841041426,1369.236963134247
442.9815584691882,-186.80023772048708,2337.478834867173,5936.1186406514435,429879.4763865009,-1213915.993001185,1375.440138979677
442.98155847414796,-186.79810079771613,2337.4728005136626,5936.118647488731,431827.8840460093,-1219418.0077487712,1381.6742540030104
442.98155847908356,-186.79596464535646,2337.4667683356793,5936.118654323553,433785.11846664693,-1224944.947962889,1387.9366110853891
442.98155848399443,-186.7938295621242,2337.4607391767536,5936.118661154954,435750.9434040693,-1230496.1465244878,1394.2264543406357
442.9815584888836,-186.79169428434957,2337.454709468469,5936.118667986977,437726.5664866154,-1236075.0135971946,1400.5476476901085
442.98155849374837,-186.7895600246337,2337.4486826350317,5936.118674815743,439710.9104598508,-1241678.5071739855,1406.8967443561169
442.9815584985885,-186.787426937797,2337.4426591136316,5936.118681640757,441703.8669564274,-1247306.3212415145,1413.273397607057
442.98155850340146,-186.7852962405018,2337.436642339943,5936.118688458125,443704.32554275985,-1252955.3200997484,1419.6740545053988
442.9815585081951,-186.78316445867293,2337.4306225036917,5936.118695278963,445715.58986663184,-1258634.8327608875,1426.109285385425
442.9815585129679,-186.78103233055097,2337.42460168956,5936.118702100909,447737.0244463027,-1264343.064718586,1432.5770569630604
442.9815585177148,-186.7789021672858,2337.418586423893,5936.118708916569,449766.4782943642,-1270073.9419028799,1439.07048695017
442.9815585224378,-186.77677311155895,2337.41257428575,5936.118715728684,451804.79840319394,-1275829.8560948374,1445.5922853791647
442.9815585271425,-186.77464269060204,2337.4065582923995,5936.118722545168,453854.4058460963,-1281617.644047004,1452.1501987036086
442.9815585318162,-186.77251673132423,2337.4005548981704,5936.118729347376,455909.7249942093,-1287421.5610090054,1458.7263871703663
442.981558536471,-186.77038973781782,2337.394548583433,5936.118736152893,457976.0971998579,-1293256.6901689623,1465.3379409425827
442.9815585411025,-186.76826382837086,2337.3885453299185,5936.118742954942,460051.5166674844,-1299117.3674572,1471.9784422872142
442.9815585457109,-186.76613892674715,2337.3825449223477,5936.118749753766,462136.0956215606,-1305003.90977901,1478.6482502770966
442.98155855029785,-186.76401434811117,2337.3765454268464,5936.1187565515565,464230.54932460637,-1310918.3369298468,1485.3496534624728
442.9815585548653,-186.76188920938117,2337.3705443497224,5936.118763351139,466335.80329742224,-1316863.2624434175,1492.085613134887
442.9815585594084,-186.75976578003562,2337.3645480996474,5936.118770145253,468449.65446454997,-1322832.465160817,1498.84908034555
442.98155856392987,-186.75764292000676,2337.3585534572385,5936.118776937545,470573.27490800293,-1328829.2548681116,1505.6438052819817
442.9815585684247,-186.75552298819142,2337.3525670836707,5936.118783720468,472704.333207151,-1334847.0479786342,1512.4623283428484
442.98155857290254,-186.75340150308028,2337.3465763238255,5936.118790508361,474847.3784625131,-1340898.6904787065,1519.3192048065328
442.98155857735645,-186.75128179166654,2337.3405905726395,5936.118797290578,476999.1026252397,-1346974.84092817,1526.203850257125
442.98155858178916,-186.749162610983,2337.334606320157,5936.118804071098,479160.8049948119,-1353079.1683563835,1533.120421926493
442.98155858620424,-186.74704228475002,2337.3286188328125,5936.118810855282,481334.25502445974,-1359216.6694372825,1540.074581347998
442.9815585905938,-186.74492465798144,2337.3226389683555,5936.11881763083,483515.5548964802,-1365376.3373107873,1547.0538570843703
442.98155859496296,-186.74280732288,2337.3166599275232,5936.118824405444,485707.2177167256,-1371565.268615733,1554.0662900560371
442.98155859930836,-186.74069195993465,2337.310686455768,5936.118831173748,487907.54248857294,-1377778.6599895065,1561.1064377630416
442.981558603635,-186.73857618448557,2337.3047118191635,5936.118837943372,490119.0536759158,-1384023.6401443696,1568.1823774669408
442.9815586079422,-186.73646036688157,2337.2987370635196,5936.118844713131,492341.42380496726,-1390299.2843428336,1575.293061384307
442.98155861222887,-186.73434508087848,2337.2927638090378,5936.118851481189,494574.1029278677,-1396604.039613569,1582.4367299048267
442.98155861649155,-186.7322320966043,2337.2867970542975,5936.118858241883,496815.25749553205,-1402932.728285436,1589.6075164143747
442.9815586207334,-186.73011992529553,2337.2808325952515,5936.118864999975,499066.49933219264,-1409289.9019114191,1596.810578097389
442.9815586249562,-186.72800767770588,2337.2748679207994,5936.118871758311,501328.82764455094,-1415678.3821032997,1604.04911201044
442.9815586291568,-186.72589705322017,2337.2689078297526,5936.118878511454,503600.46758421895,-1422093.1569520156,1611.3174393578477
442.9815586333345,-186.7237884015939,2337.262953309769,5936.1188852582845,505881.07203639956,-1428533.2462567738,1618.6144495129108
442.98155863749435,-186.72167924771134,2337.2569973714876,5936.1188920067225,508173.3641888446,-1435006.3398965884,1625.9488555730104
442.9815586416378,-186.71956889928805,2337.25103806,5936.118898758982,510478.1680960173,-1441514.7648792528,1633.323294178525
442.98155864576023,-186.71745971201975,2337.2450820274425,5936.1189055075265,512792.9697680822,-1448051.4220696953,1640.72972158064
442.98155864986006,-186.7153525909917,2337.2391318296413,5936.11891224946,515116.8087448183,-1454613.5992704583,1648.1650646958228
442.98155865394364,-186.713244310066,2337.233178356461,5936.118918995105,517453.29470900196,-1461211.4896912496,1655.6408730463286
442.9815586580048,-186.71113808456587,2337.227230687498,5936.118925734173,519798.9163204562,-1467835.1778273017,1663.1459117663724
442.98155866204445,-186.7090335373421,2337.221287757739,5936.118932467872,522154.1227208207,-1474485.9319881045,1670.6816179272105
442.98155866606425,-186.70692983676773,2337.2153472187924,5936.118939198861,524519.8836666784,-1481166.4906226653,1678.251094356967
442.98155867006676,-186.70482568652713,2337.2094054100553,5936.118945931289,526897.7137057337,-1487881.1305894556,1685.8591869946067
442.98155867404995,-186.70272220354798,2337.2034654855656,5936.118952661583,529286.4091452373,-1494626.4528383722,1693.5020445110645
442.9815586780126,-186.70062007157475,2337.1975293761166,5936.118959387553,531685.2373666508,-1501400.388563134,1701.1773228238706
442.98155868195505,-186.6985191971622,2337.1915968178328,5936.1189661095,534094.3440770797,-1508203.3492190335,1708.8854881367226
442.9815586858786,-186.69641890540572,2337.1856659048835,5936.118972829583,536514.5488573129,-1515037.6491808712,1716.6291627760552
442.9815586897852,-186.69431823314346,2337.1797339174423,5936.1189795508835,538947.0212531495,-1521906.5910728194,1724.4120888145292
442.98155869367696,-186.6922160148731,2337.173797564303,5936.11898627713,541393.1889362502,-1528814.2064282657,1732.2388342229722
442.9815586975466,-186.69011628833567,2337.1678682474485,5936.118992995404,543848.4075590362,-1535747.3802972934,1740.0945389710032
442.98155870139846,-186.68801670525568,2337.161939335697,5936.11899971322,546315.4628166547,-1542713.9790705463,1747.988116154341
442.9815587052312,-186.6859180874093,2337.1560131496217,5936.119006427946,548793.4422003849,-1549711.4259585033,1755.9166461148234
442.9815587090456,-186.68382001784474,2337.1500885118135,5936.1190131409185,551282.8878840588,-1556741.2519797913,1763.8818635890264
442.98155871283603,-186.6817256918471,2337.1441744452836,5936.119019841913,553780.03439527,-1563792.823997854,1771.8717205910045
442.98155871660794,-186.6796321645997,2337.138262634306,5936.119026540351,556288.4166815337,-1570876.1241810862,1779.8975275204584
442.9815587203649,-186.67753748553736,2337.132347570774,5936.119033242476,558810.4384873566,-1577997.9403480752,1787.966975385823
442.981558724102,-186.67544442287303,2337.126437071711,5936.119039939428,561342.8266211918,-1585149.0294905237,1796.0695913004315
442.98155872782297,-186.67335095495514,2337.1205254282713,5936.1190466376775,563888.0805829606,-1592336.4498261316,1804.2133726512454
442.9815587315265,-186.67125785660392,2337.1146148284333,5936.119053334744,566445.3231823503,-1599557.7242993328,1812.3955127846975
442.98155873521034,-186.6691664341085,2337.108708960964,5936.119060026449,569013.0050157345,-1606808.4776236932,1820.611054236996
442.98155873887646,-186.66707564538896,2337.102804883184,5936.119066716125,571592.4498421556,-1614092.4478987511,1828.8642325006947
442.98155874252717,-186.66498420064227,2337.0968989528806,5936.119073407901,574185.3145346725,-1621414.3138887074,1837.1603488982237
442.98155874615776,-186.6628948519858,2337.0909989416255,5936.11908009297,576788.2398101593,-1628764.589475392,1845.4886550847475
442.9815587497744,-186.66080407780822,2337.0850949049095,5936.1190867826,579405.6728892449,-1636155.8329514016,1853.8633803642826
442.9815587533702,-186.65871593477672,2337.079198298161,5936.119093463812,582032.5905292913,-1643573.8594232732,1862.2684523957867
442.9815587569521,-186.65662644389124,2337.073297885272,5936.119100149336,584674.0532815957,-1651032.9591386,1870.7200628928942
442.9815587605108,-186.65454106837245,2337.0674090935695,5936.119106821693,587323.1960345563,-1658513.746038672,1879.1962462801955
442.98155876405775,-186.6524531295829,2337.0615130635697,5936.119113502251,589988.5558106017,-1666040.32741083,1887.7243175702952
442.98155876758136,-186.65036953850498,2337.055629310864,5936.119120168898,592661.3611649235,-1673587.9339936418,1896.2762116939605
442.9815587710936,-186.64828325347997,2337.0497379508506,5936.119126844164,595350.6974028733,-1681182.2213442426,1904.8809979469866
442.98155877458436,-186.64620032856877,2337.043856079301,5936.1191335086805,598048.822270105,-1688801.3264826837,1913.513904252597
442.98155877805885,-186.64411770750596,2337.037975065774,5936.119140172224,600759.728423363,-1696456.5240804548,1922.187705494565
442.9815587815159,-186.64203615440127,2337.0320970680027,5936.119146832351,603482.4768075058,-1704145.1623848747,1930.8993970769402
442.9815587849558,-186.6399555510859,2337.026221752296,5936.119153489439,606217.2716300257,-1711867.8180476653,1939.6496323809527
442.98155878837906,-186.6378756038915,2337.0203482893776,5936.119160144427,608964.5526888765,-1719625.732993132,1948.4398185818504
442.98155879178745,-186.63579531811067,2337.014473870341,5936.1191668004985,611725.700327637,-1727422.8051071663,1957.274372219776
442.9815587951828,-186.63371357597106,2337.0085953387634,5936.11917346123,614502.2855548676,-1735263.470685338,1966.1583198855565
442.98155879855744,-186.63163516931618,2337.0027262261005,5936.119180111289,617287.9690796272,-1743129.82850863,1975.0713784168356
442.9815588019145,-186.62955820934883,2336.996861198669,5936.1191867567195,620085.3061898662,-1751029.094331876,1984.0217236996618
442.98155880525553,-186.62748179927658,2336.99099772406,5936.11919340039,622895.5558727897,-1758964.823348537,1993.0133839829557
442.98155880858064,-186.62540591492373,2336.985135734005,5936.119200042379,625718.8113109985,-1766937.2786924809,2002.046657413282
442.9815588118883,-186.6233315676076,2336.9792780843136,5936.11920667945,628553.7479912401,-1774942.7201343908,2011.11730608492
442.98155881518136,-186.62125702315268,2336.9734198779315,5936.119213317152,631402.7943068424,-1782988.0050974744,2020.2330998725438
442.98155881845787,-186.61918354412467,2336.9675646801575,5936.119219951444,634264.2796582705,-1791068.4160559967,2029.3886935345627
442.98155882171835,-186.61711085851763,2336.961711722887,5936.119226583199,637138.6330665945,-1799185.1645019373,2038.5854597645623
442.9815588249644,-186.6150379978715,2336.9558582713316,5936.119233215513,640027.2640289207,-1807342.2306464338,2047.8279083821608
442.9815588281906,-186.61296847110398,2336.9500142341562,5936.11923983716,642925.3235233458,-1815525.921569581,2057.100524482072
442.98155883140527,-186.61089700307815,2336.944164715155,5936.1192464650185,645840.2576949422,-1823757.2640825815,2066.4271327113797
442.9815588346053,-186.6088255980975,2336.9383153741833,5936.1192530926755,648769.3391166632,-1832028.55633528,2075.7990064086757
442.981558837792,-186.60675348144213,2336.9324640235477,5936.119259722609,651713.7441856936,-1840343.1202991481,2085.219909568281
442.9815588409583,-186.60468529736747,2336.926623777938,5936.11926633996,654666.9145983597,-1848682.4362956397,2094.668858275838
442.9815588441093,-186.60261777449028,2336.920785399452,5936.119272955195,657633.5484176072,-1857059.7709589137,2104.1608844291363
442.9815588472474,-186.60054938395808,2336.9149445708367,5936.119279573207,660615.9165534896,-1865481.5370027288,2113.703254020184
442.981558850371,-186.59848120949377,2336.909104352365,5936.119286190527,663612.5387155255,-1873943.5543059383,2123.291230719248
442.9815588534771,-186.59641530176347,2336.9032705348145,5936.119292800595,666620.4931584684,-1882437.5722925619,2132.9154661254183
442.98155885656837,-186.5943499419684,2336.897438264552,5936.11929940891,669642.3286196626,-1890970.7882194922,2142.58411516546
442.9815588596447,-186.59228525334407,2336.8916078895763,5936.119306015076,672677.9281625539,-1899542.871875214,2152.296803689781
442.9815588627083,-186.59021974789658,2336.885775208013,5936.119312623857,675729.55787769,-1908160.222363914,2162.0607822699226
442.9815588657562,-186.58815553739345,2336.879946183181,5936.119319228494,678794.1698035795,-1916814.2326936247,2171.866298664135
442.98155886878885,-186.58609232998907,2336.874119990951,5936.119325829922,681872.2498500117,-1925506.2750016467,2181.7149075868547
442.98155887180616,-186.5840302565289,2336.8682970008117,5936.119332427721,684963.6573692427,-1934235.952119576,2191.606159022292
442.9815588748078,-186.5819696064083,2336.862478029973,5936.119339020966,688068.0086505905,-1943002.180505259,2201.538825251742
442.9815588777971,-186.57990808087783,2336.856656587106,5936.119345617013,691188.8392314547,-1951814.943992837,2211.524218562297
442.9815588807712,-186.57784775955167,2336.850838544734,5936.119352209206,694323.0761345704,-1960665.5649495027,2221.5525066718687
442.9815588837311,-186.5757879844605,2336.8450220448485,5936.119358799652,697471.7801147685,-1969557.038789841,2231.6270835661016
442.9815588866749,-186.573730116553,2336.8392109305673,5936.1193653839955,700632.9229163702,-1978483.638020121,2241.7414596486647
442.9815588896062,-186.57167170057593,2336.833398268619,5936.119371970092,703810.3408145836,-1987456.195713528,2251.9079094457807
442.9815588925223,-186.56961469727437,2336.8275895958573,5936.11937855167,707001.0776775184,-1996466.3641912912,2262.1169745332136
442.98155889542755,-186.56755601617746,2336.8217761852497,5936.119385138615,710210.0110751825,-2005527.916988936,2272.3842611586165
442.9815588983171,-186.5654992018007,2336.8159680459835,5936.119391719588,713431.6950209301,-2014625.4754465118,2282.692344371415
442.98155890119,-186.56344492991207,2336.810167086327,5936.119398292425,716665.1020340652,-2023756.1381106623,2293.0379366497127
442.98155890404934,-186.56139110542398,2336.804367390064,5936.119404863831,719913.5771278682,-2032929.3508036267,2303.4317406806217
442.98155890689594,-186.55933715689812,2336.798567343536,5936.119411435634,723178.1024559684,-2042147.8869818354,2313.87689895779
442.98155890972987,-186.55728308044883,2336.7927669357714,5936.119418007846,726458.7696219735,-2051412.0053203134,2324.3737045756457
442.98155891254925,-186.55523028236394,2336.7869701379186,5936.119424575969,729753.4020626514,-2060715.5595267569,2334.91519341378
442.98155891535424,-186.55317869420017,2336.781176756704,5936.11943114022,733062.1637317705,-2070059.0125823333,2345.501890057819
442.98155891814565,-186.5511277855214,2336.7753852942546,5936.119437702297,736385.9714604721,-2079444.9534824383,2356.136727995918
442.98155892092456,-186.54907680573245,2336.7695936310006,5936.119444264601,739726.1184959203,-2088877.0341655845,2366.823845094984
442.9815589236879,-186.5470280738552,2336.763808315516,5936.119450819713,743078.8866104616,-2098344.7549074017,2377.5513445331367
442.98155892643854,-186.5449794956098,2336.758023433865,5936.119457374333,746447.7591270591,-2107857.952096195,2388.3303715324296
442.98155892918027,-186.5429282989577,2336.7522311582215,5936.119463937332,749837.4094412411,-2117429.8227089886,2399.175879064911
442.98155893190585,-186.54087992498754,2336.7464468534135,5936.119470491299,753238.9291768302,-2127035.210810439,2410.059363936453
442.9815589346173,-186.53883294594772,2336.7406664876826,5936.119477040802,756654.7241208256,-2136680.9099868303,2420.9885236906375
442.9815589373179,-186.5367848707366,2336.734883026526,5936.119483593813,760089.0339244107,-2146378.8923853766,2431.976923493361
442.98155894000274,-186.53473954282586,2336.729107323339,5936.119490138034,763535.4801635585,-2156111.1462810216,2443.0041549722496
442.98155894267455,-186.53269490236818,2336.723333561418,5936.119496680055,766997.5785926384,-2165887.5996435583,2454.0814671167154
442.9815589453327,-186.53065147945327,2336.717563237657,5936.11950321818,770474.495470602,-2175705.8981117103,2465.206192293232
442.9815589479803,-186.52860695387753,2336.711789800145,5936.119509759834,773970.2650754902,-2185577.4338893476,2476.391238556858
442.98155895061285,-186.52656484093237,2336.706023175545,5936.119516293767,777478.9487354564,-2195485.4370464594,2487.617604564009
442.9815589532335,-186.5245227263405,2336.700256546295,5936.1195228277065,781004.7529702729,-2205441.7861720617,2498.898749473492
442.9815589558391,-186.52248314637157,2336.6944970744444,5936.119529353536,784543.3557757708,-2215434.276566301,2510.2208446232253
442.98155895843394,-186.5204427697578,2336.688735352987,5936.119535881914,788100.6041156,-2225479.4191888184,2521.6025979277224
442.98155896101684,-186.51840256950453,2336.6829741295455,5936.119542409729,791674.8992439574,-2235572.699418178,2533.0388940482185
442.98155896358764,-186.51636272251497,2336.6772139036684,5936.119548936413,795266.0146971445,-2245713.4777544253,2544.5290083926407
442.9815589661437,-186.51432536139026,2336.6714606975056,5936.119555455143,798870.2501690243,-2255891.3050809,2556.0611014807
442.98155896868946,-186.51228704639496,2336.6657047977537,5936.119561976925,802493.7620329632,-2266123.5660844706,2567.6548712126305
442.9815589712215,-186.51025050692365,2336.6599539118183,5936.119568493026,806131.7789376676,-2276396.7871755348,2579.295051197626
442.9815589737426,-186.50821355049035,2336.6542018484442,5936.119575010462,809788.2916171089,-2286722.2375959554,2590.994410167364
442.9815589762511,-186.50617759742315,2336.648452618427,5936.1195815246865,813460.8350160609,-2297092.956394753,2602.745060943953
442.98155897874676,-186.50414288603244,2336.642706894721,5936.119588034939,817149.0423657796,-2307507.907871298,2614.5458300160244
442.9815589812293,-186.50210970533976,2336.6369654934792,5936.119594540293,820852.446105123,-2317965.771702153,2626.395221377378
442.98155898370294,-186.50007459957536,2336.63121865612,5936.119601051807,824577.4395956239,-2328484.6017936803,2638.313691194354
442.9815589861615,-186.4980427605414,2336.625481043524,5936.119607552869,828314.5958451683,-2339037.7777159186,2650.2710769119676
442.9815589886099,-186.49601010934333,2336.6197411374965,5936.119614056529,832071.478566577,-2349646.6582739833,2662.291579346458
442.981558991045,-186.49397933431817,2336.6140065295035,5936.119620554186,835843.1993037433,-2360297.4391916185,2674.359557419068
442.9815589934686,-186.49194902021063,2336.608273223074,5936.119627050369,839632.4500330942,-2370997.7222116776,2686.4836243635855
442.98155899588073,-186.4899191160989,2336.6025410744114,5936.11963354524,843439.4094447602,-2381748.011928633,2698.664351916024
442.98155899828157,-186.48788956993536,2336.596809936542,5936.119640038965,847264.2606204371,-2392548.825338085,2710.902325863625
442.98155900067087,-186.48586061881122,2336.5910804789755,5936.119646530787,851106.6400760353,-2403399.1360147833,2723.1963832045844
442.9815590030475,-186.4838332815156,2336.585355578622,5936.119653017445,854964.6847737745,-2414293.683015879,2735.540562972901
442.9815590054143,-186.48180517773076,2336.5796285138163,5936.119659506555,858843.0100387122,-2425245.499335985,2747.9496323386475
442.9815590077692,-186.47977810113755,2336.573904349648,5936.119665992379,862738.2799424952,-2436245.164807353,2760.4129176827983
442.98155901011467,-186.4777499860941,2336.5681772530497,5936.119672481525,866654.5623617668,-2447304.1665113308,2772.943434562325
442.98155901244877,-186.47572253969918,2336.562452044616,5936.119678968533,870588.6649444228,-2458413.4897182374,2785.5309687440217
442.98155901477026,-186.4736969034845,2336.5567319478628,5936.1196854497475,874538.4368184234,-2469567.060683893,2798.168638308887
442.98155901708003,-186.47167234185252,2336.5510148855724,5936.119691927524,878505.3709391288,-2480769.095293186,2810.8612201091323
442.9815590193791,-186.4696480051588,2336.5452984584745,5936.119698404582,882491.2135995529,-2492024.5248190304,2823.6143015748125
442.9815590216663,-186.4676249933268,2336.53958577259,5936.1197048774,886493.8773144016,-2503327.454512031,2836.4212035988267
442.98155902394143,-186.46560356552467,2336.533877559771,5936.11971134515,890512.908196859,-2514676.6026630215,2849.2804739272774
442.98155902620755,-186.46358098519696,2336.5281660923906,5936.119717816588,894553.8422174994,-2526087.602033244,2862.209825422849
442.98155902845883,-186.46156253644781,2336.5224662919763,5936.119724274806,898606.1804615372,-2537530.8052418223,2875.1756658123463
442.9815590307037,-186.45954072001211,2336.5167569817136,5936.119730743799,902685.0699353097,-2549048.985191974,2888.226459378541
442.9815590329374,-186.45751980666458,2336.511050221638,5936.119737209902,906782.0336272228,-2560618.2040580707,2901.335083119184
442.9815590351574,-186.45550222915818,2336.505352881484,5936.119743665333,910892.1801900971,-2572224.649399895,2914.4858867052562
442.98155903736784,-186.45348417052912,2336.4996541827113,5936.119750122302,915023.3466466775,-2583890.4518093225,2927.70394543401
442.98155903956734,-186.45146702116247,2336.4939580515606,5936.119756576363,919172.784356198,-2595607.849531796,2940.9804647687333
442.9815590417572,-186.44944962477038,2336.4882612228466,5936.1197630312145,923342.9665370828,-2607383.8265699577,2954.3233580062442
442.9815590439369,-186.44743243827202,2336.4825649868417,5936.119769485394,927533.0543505866,-2619216.014167391,2967.7299412024527
442.9815590461048,-186.4454170919572,2336.4768739472424,5936.119775933686,931739.7358727711,-2631095.059941261,2981.189617542734
442.9815590482613,-186.44340322379014,2336.4711870817137,5936.119782377247,935963.8222399328,-2643023.2544203703,2994.7049823345687
442.98155905040795,-186.44138950278938,2336.4655006317607,5936.119788820339,940208.186706198,-2655008.7112489557,3008.2852288269287
442.9815590525457,-186.43937500299882,2336.4598119826205,5936.119795265922,944474.8975673525,-2667057.2709880825,3021.9369747282635
442.98155905467286,-186.43736142409816,2336.454125933937,5936.119801708559,948760.4601909241,-2679159.0653130673,3035.649038630674
442.9815590567888,-186.4353493588813,2336.448444159673,5936.119808146353,953063.6830945261,-2691310.729654062,3049.417608273306
442.9815590588936,-186.43333881200442,2336.4427666729757,5936.119814579288,957384.6173890076,-2703512.408340538,3063.2428471901676
442.98155906098805,-186.43132907719206,2336.4370914794285,5936.1198210096245,961724.8531952848,-2715768.591638527,3077.1298431238793
442.9815590630732,-186.42931921536547,2336.431415927212,5936.119827440368,966086.5170082819,-2728085.284454844,3091.0853999965507
442.98155906514756,-186.42731064224884,2336.425744014122,5936.119833866988,970466.6278611273,-2740454.0689804084,3105.0999799220695
442.98155906721297,-186.42530169588719,2336.4200710470427,5936.119840294803,974868.9057285604,-2752885.449873102,3119.1854853122827
442.9815590692668,-186.42329497016777,2336.4144043507285,5936.119846715512,979287.7477199998,-2765363.605399491,3133.3239891875983
442.9815590713112,-186.4212883528529,2336.408737960533,5936.119853135874,983727.8788497681,-2777901.878300433,3147.530609679292
442.9815590733458,-186.41928233306373,2336.403073257661,5936.119859554325,988188.3170957553,-2790497.495490889,3161.8022047145228
442.9815590753728,-186.41727475657447,2336.397404158899,5936.119865977756,992673.980331903,-2803164.344318725,3176.1545094972016
442.9815590773881,-186.41526966496602,2336.391742077072,5936.119872393237,997175.935894941,-2815877.200265444,3190.558943124343
442.98155907939287,-186.4132660486007,2336.3860841611136,5936.119878803997,1001696.4991799485,-2828642.6016639294,3205.022913922011
442.9815590813876,-186.41126339385292,2336.3804289606205,5936.119885211681,1006236.902636293,-2841464.0287687187,3219.550365228799
442.98155908337367,-186.40926043051223,2336.374772888707,5936.119891620352,1010800.1294766489,-2854349.9057307066,3234.150842116478
442.9815590853497,-186.40725852008907,2336.3691197900766,5936.119898025654,1015383.1802044193,-2867291.762415612,3248.8147474113234
442.98155908731786,-186.40525556990568,2336.3634637553173,5936.119904434283,1019990.9608210844,-2880303.4526452282,3263.5577783301787
442.9815590892756,-186.4032541667,2336.357812088994,5936.119910837962,1024617.6279273411,-2893368.4755251016,3278.3612383629966
442.98155909122636,-186.40125085940096,2336.3521550457926,5936.119917247734,1029271.2820688597,-2906509.7057968313,3293.2510459736122
442.98155909316506,-186.3992508910878,2336.346507431393,5936.119923646822,1033939.8363922031,-2919693.0119759007,3308.1885281285727
442.98155909509387,-186.3972521020952,2336.3408631472203,5936.119930042137,1038628.3728822654,-2932932.744835208,3323.189945120339
442.9815590970136,-186.39525371637922,2336.3352200018408,5936.119936436161,1043338.8027654502,-2946234.3013951397,3338.2614120989815
442.98155909892245,-186.39325762444207,2336.3295833337534,5936.1199428228465,1048066.7419088929,-2959585.3015136034,3353.388901615766
442.9815591008235,-186.39126066397776,2336.323944213074,5936.1199492123105,1052819.7748427994,-2973007.16278093,3368.59668109413
442.98155910271527,-186.38926448439693,2336.3183072974934,5936.119955599276,1057594.096670848,-2986489.140733262,3383.8725764075734
442.98155910459974,-186.38726696042417,2336.3126665855493,5936.119961990544,1062394.920466668,-3000045.956318677,3399.2332672793927
442.98155910647625,-186.38526883983974,2336.307024188862,5936.11996838372,1067220.6039375116,-3013672.9719456146,3414.673499038246
442.9815591083411,-186.38327411382988,2336.301391377951,5936.119974766036,1072061.5800521479,-3027343.171734381,3430.162661060717
442.9815591101973,-186.38127968366095,2336.295759402451,5936.119981147404,1076925.4256993446,-3041077.9516970157,3445.7249963207373
442.9815591120446,-186.37928577595903,2336.2901289023202,5936.119987527101,1081811.695991137,-3054876.0555357775,3461.359081357087
442.9815591138835,-186.3772918800077,2336.2844984353715,5936.11999390676,1086721.7559054086,-3068741.337746109,3477.0692835459085
442.9815591157093,-186.37530330860045,2336.278883004147,5936.120000269383,1091642.549910671,-3082636.9314401,3492.8138304764902
442.98155911752974,-186.3733115078655,2336.273258453779,5936.120006642338,1096595.330954946,-3096622.851796235,3508.66072297089
442.9815591193407,-186.3713211053812,2336.267637851864,5936.120013010819,1101568.7496041085,-3110667.049692951,3524.573647438655
442.9815591211447,-186.36932939061506,2336.2620135442594,5936.120019383499,1106569.7022704275,-3124788.9995774077,3540.574669604646
442.98155912293754,-186.36734099634654,2336.256398613248,5936.120025745556,1111586.6454513974,-3138956.104307669,3556.6268549382257
442.98155912472185,-186.36535308613915,2336.2507850491543,5936.120032106063,1116626.7919914597,-3153188.7318884986,3572.753281618992
442.98155912649844,-186.3633648118939,2336.2451704570713,5936.120038467735,1121692.4165782263,-3167493.3057009205,3588.9612277256088
442.9815591282659,-186.36137774382135,2336.2395592710413,5936.120044825548,1126779.6303018546,-3181858.844039334,3605.2382503223503
442.9815591300254,-186.35939071387952,2336.233948192687,5936.1200511832385,1131891.528202025,-3196294.0868375427,3621.594252282096
442.9815591317777,-186.35740279106622,2336.228334592996,5936.120057543786,1137030.6500032847,-3210806.2059016344,3638.0373596943105
442.98155913351985,-186.35541744229346,2336.2227282620142,5936.120063896097,1142188.1305846935,-3225370.167442651,3654.5392077640977
442.9815591352543,-186.3534318709763,2336.2171213026,5936.1200702491205,1147371.320065641,-3240006.7271094834,3671.1233138952643
442.9815591369794,-186.3514480775265,2336.21151936362,5936.120076596456,1152575.0971145872,-3254701.4230201314,3687.7732919020254
442.98155913869556,-186.34946559762292,2336.2059211339,5936.120082939588,1157800.7513420216,-3269457.8968436774,3704.493268015403
442.98155914040404,-186.3474830325912,2336.2003226637908,5936.120089282993,1163052.0771976581,-3284286.863544303,3721.2953829369853
442.9815591421052,-186.34550002066445,2336.194722931716,5936.120095627827,1168330.1750987212,-3299191.4305373216,3738.183157556005
442.9815591437964,-186.34351966245774,2336.189130693354,5936.120101964171,1173626.8819399585,-3314148.546422137,3755.1304732433136
442.9815591454798,-186.34153948543968,2336.1835389666417,5936.120108299935,1178948.888623983,-3329177.1053170674,3772.158738176145
442.9815591471563,-186.339558520103,2336.1779450138342,5936.120114638222,1184298.9463854015,-3344284.8763012933,3789.2767551904526
442.98155914882364,-186.33757943092718,2336.172356359027,5936.120120970505,1189669.9720472896,-3359451.85753192,3806.4618609901527
442.9815591504822,-186.33560180583362,2336.1667718385715,5936.120127298104,1195063.152749387,-3374681.4013158046,3823.7178539413876
442.9815591521336,-186.33362379186119,2336.1611862199798,5936.120133626948,1200483.6557435899,-3389988.0992072327,3841.061267156475
442.98155915377646,-186.3316471352128,2336.15560443427,5936.120139951448,1205926.8124014677,-3405358.767690759,3858.4771629161482
442.98155915541236,-186.3296698952376,2336.150021001332,5936.120146277815,1211398.087896607,-3420808.839607413,3875.9830275614163
442.9815591570401,-186.32769355438043,2336.14444010737,5936.120152601306,1216893.511057037,-3436327.100955525,3893.5661549510764
442.9815591586601,-186.32571774578852,2336.1388607164463,5936.120158923092,1222414.210961462,-3451916.740086183,3911.2301576794844
442.9815591602726,-186.32374216549954,2336.133281970216,5936.120165244149,1227961.1600891028,-3467580.5031367205,3928.9781472861014
442.98155916187824,-186.3217660129959,2336.1277016081367,5936.120171567036,1233536.7525392752,-3483325.1506891325,3946.8177839186583
442.98155916347486,-186.3197920653228,2336.122127472172,5936.120177882869,1239133.2594811188,-3499128.857669407,3964.724338450094
442.98155916506437,-186.31781798465886,2336.116552960661,5936.120184199127,1244757.4069474975,-3515010.6173984897,3982.719331460211
442.98155916664444,-186.31584672112743,2336.110986404315,5936.120190506372,1250400.8754177424,-3530946.9367818064,4000.776143853905
442.9815591682179,-186.3138747808945,2336.1054179370644,5936.120196815781,1256073.7643867899,-3546966.335297718,4018.9270899226985
442.98155916978476,-186.31190226413383,2336.0998478417846,5936.120203127036,1261775.954345312,-3563068.475469577,4037.171787285166
442.9815591713428,-186.3099319385903,2336.094283934178,5936.120209431279,1267499.5533183613,-3579231.0715286247,4055.4849848192725
442.9815591728919,-186.3079640166306,2336.088726813936,5936.120215727832,1273243.9907621087,-3595452.5123435617,4073.8648570159467
442.98155917443466,-186.3059952242696,2336.0831672358095,5936.12022202717,1279018.935101662,-3611760.100115379,4092.342338917927
442.981559175971,-186.3040258063367,2336.0776058911606,5936.120228328509,1284823.8449914958,-3628152.3061644635,4110.915698438882
442.98155917749955,-186.30205740599993,2336.0720474200525,5936.120234626593,1290654.014386465,-3644615.8413161067,4129.569878141219
442.981559179019,-186.30009191727615,2336.0664971709084,5936.12024091536,1296503.894853753,-3661135.0376175405,4148.287125288128
442.98155918053396,-186.29812327280297,2336.060938010395,5936.120247214225,1302391.6969640022,-3677761.3190239863,4167.125706326812
442.9815591820389,-186.29615882960556,2336.0553907136627,5936.120253499647,1308295.5420443655,-3694432.9034026996,4186.015618369314
442.98155918353586,-186.29419591850706,2336.0498477433507,5936.1202597801675,1314223.4745193012,-3711172.507017285,4204.982600314332
442.981559185027,-186.29223182126015,2336.044301423531,5936.120266064483,1320183.8443699887,-3728003.708978289,4224.053368718258
442.9815591865114,-186.2902676899545,2336.0387550075347,5936.120272348908,1326173.331682135,-3744917.1343392963,4243.217301200572
442.9815591879891,-186.28830356168885,2336.033208600123,5936.120278633322,1332191.9742572207,-3761912.8898460926,4262.474518710696
442.9815591894584,-186.28634175619257,2336.027668751868,5936.120284910305,1338232.762748037,-3778971.1821399685,4281.8025941777205
442.981559190921,-186.28437997383733,2336.02212896896,5936.120291187213,1344302.8770989233,-3796112.286320671,4301.224500514246
442.9815591923771,-186.2824180989232,2336.016588924679,5936.120297464418,1350402.8290583044,-3813337.6474899817,4320.741875107874
442.98155919382646,-186.28045647616196,2336.011049592441,5936.120303740817,1356531.696219612,-3830644.6609083237,4340.351766631342
442.9815591952691,-186.27849506909163,2336.005510869282,5936.120310016525,1362689.7356651858,-3848034.052538161,4360.054997643968
442.9815591967038,-186.27653555226695,2335.9999774838966,5936.120316286185,1368871.7962388743,-3865491.276277206,4379.835086533295
442.98155919813297,-186.27457478426948,2335.9944405653846,5936.120322559848,1375087.9293443356,-3883044.7158011696,4399.72419371824
442.981559199554,-186.2726163189392,2335.988910149264,5936.120328826144,1381326.999954032,-3900662.927440947,4419.686691622551
442.9815592009687,-186.27065770121507,2335.9833793028056,5936.120335092927,1387596.9358798615,-3918368.2981635397,4439.747946031984
442.9815592023763,-186.2687001550245,2335.977851482199,5936.120341356282,1393893.9548749253,-3936150.1474637087,4459.895855289014
442.98155920377724,-186.26674293655822,2335.9723245870377,5936.120347618587,1400220.5748271884,-3954015.585484266,4480.138475614892
442.9815592051704,-186.26478776681873,2335.9668034771776,5936.120353874338,1406571.3352908727,-3971949.192734812,4500.458335795677
442.98155920655825,-186.26283125756092,2335.9612785847157,5936.120360134375,1412957.384533379,-3989982.4502718654,4520.89110576982
442.98155920793903,-186.26087584840698,2335.9557567987845,5936.120366390892,1419370.9253907825,-4008093.3400589577,4541.411837772141
442.9815592093126,-186.2589218349979,2335.95023895423,5936.120372642943,1425811.0894161656,-4026279.409730575,4562.0177531243935
442.98155921068025,-186.2569674012505,2335.9447199227025,5936.120378896339,1432284.0003438066,-4044557.9518056354,4582.728445294957
442.9815592120398,-186.25501568670416,2335.939208569796,5936.1203851410355,1438779.366980313,-4062899.905477721,4603.510986634926
442.98155921339344,-186.25306372606502,2335.93369652196,5936.120391386518,1445307.1608642961,-4081333.428895475,4624.397282027427
442.981559214741,-186.25111163584987,2335.9281841082206,5936.120397632416,1451867.165050612,-4099857.9094379325,4645.386637335906
442.9815592160808,-186.24916202168248,2335.9226786864733,5936.120403870391,1458450.7301774998,-4118448.9225881128,4666.451378107416
442.9815592174152,-186.24721145693982,2335.9171705804424,5936.120410111408,1465069.5550275831,-4137139.503976013,4687.6289357060505
442.98155921874286,-186.24526197375272,2335.9116655285643,5936.120416348965,1471716.90649065,-4155910.6402953044,4708.897766907362
442.9815592200633,-186.24331429651622,2335.906165576423,5936.120422580742,1478390.4093111644,-4174755.6241760356,4730.250271856079
442.9815592213776,-186.24136679878728,2335.9006661311846,5936.120428811946,1485095.7539359857,-4193690.5245976057,4751.704657676405
442.98155922268523,-186.23942045307675,2335.8951699390755,5936.120435039464,1491829.7263541317,-4212706.26566887,4773.250640835502
442.9815592239875,-186.2374732678869,2335.889671376401,5936.120441269667,1498599.3775430662,-4231822.758306212,4794.910781604225
442.9815592252839,-186.23552612474174,2335.884172932455,5936.120447499736,1505401.8324821112,-4251031.883876916,4816.675881081353
442.981559226573,-186.23358112457322,2335.8786805399573,5936.120453722948,1512229.8661892433,-4270313.240101485,4838.522822251944
442.98155922785605,-186.23163643417783,2335.873189022213,5936.120459945169,1519090.0226060592,-4289685.306102085,4860.472543077528
442.98155922913315,-186.2296920082623,2335.8676982513207,5936.120466166544,1525982.618513788,-4309148.976422004,4882.52605712968
442.98155923040406,-186.22774823620983,2335.862209326841,5936.120472385827,1532906.4225039368,-4328700.773745983,4904.679424400184
442.9815592316692,-186.22580446392428,2335.856720401703,5936.120478605111,1539863.9209880284,-4348347.719332022,4926.94060039843
442.98155923292734,-186.2238627509911,2335.8512372918713,5936.120484817806,1546847.8623981948,-4368069.335826133,4949.286383045547
442.98155923417914,-186.2219220144538,2335.845756939237,5936.120491027376,1553862.237258683,-4387876.891877952,4971.72954040218
442.98155923542487,-186.21998194985906,2335.840278484069,5936.120497234797,1560908.2780447367,-4407773.867815085,4994.274015889715
442.98155923666593,-186.21804037524078,2335.8347957648184,5936.120503447049,1567994.1079065166,-4427783.202210864,5016.945800297198
442.98155923790046,-186.21610026180414,2335.8293171717282,5936.1205096546255,1575109.0619170065,-4447874.778890455,5039.710770179563
442.9815592391305,-186.21415842880657,2335.8238337228527,5936.120515867704,1582264.9901248107,-4468082.060636587,5062.606840890751
442.9815592403532,-186.21221940748137,2335.8183582137235,5936.120522071787,1589445.3441125408,-4488358.317168728,5085.581064200473
442.9815592415701,-186.2102808229197,2335.8128839379497,5936.120528274471,1596659.01076265,-4508728.643727127,5108.661874531648
442.98155924278063,-186.20834362994978,2335.807413591825,5936.120534472704,1603902.5680776706,-4529183.3770976,5131.838322878962
442.9815592439854,-186.2064069688342,2335.801944747578,5936.120540669235,1611179.3597583794,-4549731.959396068,5155.121107730043
442.9815592451839,-186.2044715279275,2335.7964793490205,5936.120546861862,1618486.9334826006,-4570367.4656278,5178.502382647603
442.9815592463763,-186.20253726852533,2335.791017286857,5936.120553050709,1625825.5521310375,-4591090.63812898,5201.9829887433725
442.981559247563,-186.20060359390902,2335.785556876042,5936.120559237684,1633197.6143613674,-4611908.250353741,5225.570600749993
442.9815592487447,-186.19866924344606,2335.780094556736,5936.1205654268215,1640608.1131606866,-4632834.401758377,5249.281194203033
442.9815592499212,-186.19673471334806,2335.7746317301676,5936.120571616534,1648055.3567595412,-4653864.315036436,5273.109356125739
442.98155925109216,-186.19480050877283,2335.7691698228273,5936.120577805205,1655537.5828214383,-4674993.013610593,5297.049447755426
442.9815592522569,-186.19286790019993,2335.763712422361,5936.12058398877,1663050.009807393,-4696206.995122716,5321.086170104802
442.98155925341644,-186.1909351421916,2335.758254599911,5936.120590172813,1670599.5697792412,-4717525.834689061,5345.241702962899
442.9815592545685,-186.1890061808893,2335.752807498797,5936.120596344707,1678170.9336331217,-4738906.245189964,5369.466999408652
442.9815592557166,-186.18707506801977,2335.7473543219758,5936.120602523486,1685787.591517592,-4760414.55932698,5393.837218399331
442.98155925685853,-186.18514566160712,2335.741905963936,5936.120608696805,1693434.5296605667,-4782008.380430693,5418.304321947782
442.9815592579949,-186.18321695824838,2335.7364595912163,5936.120614867874,1701115.8466737014,-4803699.282373574,5442.881423950565
442.9815592591268,-186.18128706175543,2335.731009849262,5936.120621042761,1708839.3007641023,-4825509.1731838025,5467.593347526821
442.9815592602533,-186.1793577492142,2335.7255617563014,5936.120627215779,1716597.9909640625,-4847418.565550339,5492.418012376136
442.981559261374,-186.17742955572365,2335.720116823374,5936.120633385217,1724389.9097239324,-4869421.790450213,5517.348995153081
442.98155926248876,-186.1755029274194,2335.714676310301,5936.1206395496465,1732213.370165891,-4891514.0843902165,5542.380898532145
442.9815592635992,-186.17357505416305,2335.7092322816675,5936.12064571806,1740079.9698337482,-4913728.197116928,5567.550829954241
442.98155926470304,-186.1716499303659,2335.7037960170996,5936.120651877676,1747973.5616108628,-4936018.5315637095,5592.807125188865
442.9815592658023,-186.16972413708103,2335.698357861998,5936.120658039435,1755908.2997654844,-4958425.057288403,5618.195072159162
442.98155926689697,-186.1677976018138,2335.6929176116478,5936.120664203567,1763884.7238680006,-4980949.297957894,5643.716397271741
442.98155926798535,-186.16587347374377,2335.687484158866,5936.120670359997,1771889.9446829858,-5003554.856279733,5669.329860195906
442.98155926906855,-186.16394979913332,2335.682051986587,5936.120676514976,1779932.2043806028,-5026265.006922116,5695.061832536485
442.98155927014693,-186.16202601124604,2335.6766194944307,5936.120682670318,1788014.0631484503,-5049086.979475758,5720.920505856416
442.9815592712194,-186.1601040853118,2335.6711922601544,5936.120688819702,1796127.3715944903,-5071997.761264151,5746.879805403277
442.9815592722859,-186.1581841861835,2335.6657707492777,5936.120694962601,1804271.5171244268,-5094995.622411703,5772.937771123543
442.98155927334864,-186.1562623602758,2335.660343797462,5936.120701111666,1812463.4713190435,-5118128.48814972,5799.148705198903
442.98155927440536,-186.1543427578796,2335.654923124513,5936.120707253615,1820685.7384795803,-5141346.953215333,5825.456628482514
442.9815592754576,-186.15242263915113,2335.6495009935184,5936.1207133972175,1828950.206701719,-5164684.587830585,5851.899578063549
442.981559276504,-186.15050443587313,2335.644084271472,5936.120719534691,1837246.5718057142,-5188112.294517522,5878.444584742033
442.9815592775453,-186.14858705697168,2335.638669877343,5936.120725669526,1845579.673854968,-5211643.740898565,5905.107134759681
442.9815592785819,-186.14666949658223,2335.633254970719,5936.120731804943,1853954.072246943,-5235291.802037083,5931.901816340921
442.98155927961477,-186.14475030688396,2335.627835463168,5936.120737945572,1862376.3568575133,-5259075.08676684,5958.849714418361
442.9815592806422,-186.14283248010014,2335.6224198042855,5936.120744081841,1870833.6154861865,-5282957.132945437,5985.909515182396
442.98155928166454,-186.14091553756245,2335.6170066423833,5936.12075021528,1879328.0984723293,-5306944.29519806,6013.088418807171
442.9815592826813,-186.13900038665912,2335.611598539791,5936.120756342987,1887855.9109843422,-5331025.575096942,6040.373963409739
442.98155928369334,-186.13708547161687,2335.6061911032357,5936.120762469939,1896424.128102281,-5355220.951620618,6067.788786379483
442.9815592847009,-186.13517039923002,2335.6007832223627,5936.120768597395,1905034.7207970503,-5379535.990499102,6095.33919402467
442.98155928570327,-186.13325650946678,2335.5953786810433,5936.1207747210665,1913681.8458801361,-5403954.191433175,6123.006490509691
442.9815592867006,-186.13134363666956,2335.5899770114856,5936.120780841485,1922366.3956045567,-5428478.074013253,6150.793530682665
442.98155928769347,-186.12943062395743,2335.584574946829,5936.12078696235,1931093.8103654438,-5453123.001109679,6178.717721603589
442.9815592886818,-186.12751772666462,2335.5791732080993,5936.120793082847,1939863.1442271315,-5477886.301540189,6206.776036661621
442.9815592896643,-186.1256075307867,2335.573779097765,5936.120799194699,1948662.6671849948,-5502734.851508477,6234.930944594914
442.9815592906419,-186.12369821824717,2335.568387481848,5936.120805303726,1957500.8540885292,-5527692.582734724,6263.209561487876
442.9815592916154,-186.12178827282975,2335.562994078777,5936.120811414778,1966384.9356981013,-5552779.913815612,6291.635022843806
442.981559292584,-186.11987929447943,2335.5576034065607,5936.120817522735,1975307.6802626792,-5577976.423356968,6320.184189989678
442.9815592935471,-186.1179725737391,2335.5522191095006,5936.120823623469,1984263.168651297,-5603265.396609334,6348.83812410481
442.981559294507,-186.1160635324926,2335.546828259675,5936.120829731627,1993273.1292588196,-5628708.191342685,6377.66634724851
442.98155929546203,-186.11415559021813,2335.5414405131833,5936.120835836269,2002321.6901199638,-5654259.987477078,6406.6180755631285
442.9815592964124,-186.11224834122353,2335.5360547244113,5936.120841938693,2011410.93950483,-5679926.681978085,6435.699990666829
442.981559297357,-186.1103440138211,2335.530677185783,5936.120848031769,2020530.3595502868,-5705678.5739575075,6464.878439659387
442.98155929829795,-186.10843853090256,2335.5252963841485,5936.120854128542,2029699.6409053146,-5731571.26689265,6494.2164246389675
442.981559299235,-186.10653226090866,2335.51991335993,5936.120860227834,2038917.3074062546,-5757600.592315904,6523.709222479997
442.98155930016725,-186.1046272089168,2335.5145337751683,5936.120866323228,2048173.8785813618,-5783739.778778748,6553.326499514343
442.9815593010939,-186.10272494855542,2335.509162073558,5936.1208724096905,2057461.7975312874,-5809967.4867163,6583.044076726112
442.9815593020167,-186.1008220299069,2335.5037885130423,5936.120878498259,2066798.0648817706,-5836331.723378523,6612.916349229085
442.9815593029353,-186.09891918856837,2335.4984151708386,5936.12088458658,2076179.325154185,-5862823.01339059,6642.932580851285
442.9815593038498,-186.09701622500714,2335.493041483496,5936.120890675293,2085606.7978949202,-5889444.800570939,6673.096673647002
442.9815593047602,-186.09511317409778,2335.4876675494957,5936.120896764284,2095080.5533886852,-5916197.28339318,6703.408852498826
442.9815593056656,-186.09321198533988,2335.482298873935,5936.120902847318,2104591.0589247127,-5943053.54289353,6733.838616594919
442.9815593065668,-186.09131103825015,2335.4769308808095,5936.120908929578,2114146.5818732376,-5970036.924901456,6764.4124181701245
442.98155930746356,-186.08941085552283,2335.4715650461303,5936.120915009393,2123744.6965593193,-5997140.579670073,6795.122496047509
442.98155930835617,-186.08751087775445,2335.466199790225,5936.120921088552,2133388.432701749,-6024373.062676667,6825.978544099575
442.98155930924435,-186.08561175334495,2335.4608369440784,5936.1209271649805,2143074.7008998557,-6051725.649911162,6856.970677495987
442.9815593101279,-186.08371389755985,2335.4554776803393,5936.12093323735,2152801.546199148,-6079192.820871526,6888.092641174511
442.98155931100723,-186.08181662660604,2335.4501200680775,5936.120939307848,2162572.6468416383,-6106784.962368596,6919.356204019178
442.9815593118827,-186.079919120493,2335.4447617917604,5936.120945379099,2172392.4566297634,-6134514.6512810225,6950.775616393124
442.9815593127533,-186.0780235212499,2335.4394089001617,5936.120951444248,2182250.072293094,-6162351.09838746,6982.315992248938
442.9815593136202,-186.0761273991292,2335.434054532034,5936.120957511071,2192158.322936141,-6190330.53117956,7014.01837952275
442.9815593144833,-186.07423103374694,2335.4286994769723,5936.120963578672,2202116.023815172,-6218449.604116435,7045.878987514671
442.98155931534126,-186.07233747609084,2335.423352350513,5936.120969637289,2212107.304770386,-6246663.502216557,7077.847038143864
442.98155931619493,-186.07044477984832,2335.4180076565585,5936.12097569315,2222142.5439664046,-6275001.531880219,7109.955737331928
442.98155931704446,-186.06855273931518,2335.41266481423,5936.1209817469135,2232223.0236572544,-6303467.314002937,7142.2091877721805
442.98155931788995,-186.06666114480964,2335.4073232314176,5936.12098779925,2242350.0694863168,-6332064.592005346,7174.611630986299
442.9815593187315,-186.0647697826255,2335.401982304646,5936.120993850842,2252525.051519393,-6360797.234750416,7207.167450629702
442.9815593195691,-186.06287882085059,2335.396642508571,5936.1209999011535,2262747.2943134396,-6389663.334886999,7239.874485558337
442.9815593204026,-186.0609885596626,2335.3913046908497,5936.121005949223,2273015.386653347,-6418658.9073525695,7272.728220455671
442.98155932123245,-186.05909800657628,2335.3859660488506,5936.121011998227,2283334.959732177,-6447799.853802578,7305.746672857767
442.98155932205714,-186.05721071421368,2335.3806366146528,5936.121018036798,2293686.76070837,-6477031.807063048,7338.868241472807
442.98155932287926,-186.05532073855403,2335.3752996032213,5936.121024083955,2304103.627880267,-6506447.497626431,7372.197995549535
442.98155932369656,-186.05343334192708,2335.3699698745963,5936.121030122859,2314556.820554728,-6535965.766030673,7405.643976515521
442.9815593245104,-186.0515454238596,2335.3646386735004,5936.121036163432,2325063.6883972688,-6565635.605162379,7439.261696270393
442.9815593253199,-186.04965900494432,2335.3593117057885,5936.121042199208,2335613.2082788525,-6595425.887337248,7473.015885267767
442.98155932612576,-186.0477725414763,2335.3539846122662,5936.121048235127,2346214.2170095653,-6625361.566398575,7506.934817719276
442.9815593269281,-186.045885801123,2335.348656736861,5936.121054271932,2356868.2975621033,-6655447.112426878,7541.023558496134
442.9815593277268,-186.043999085519,2335.343328931344,5936.121060308657,2367574.0227330737,-6685678.495211089,7575.277541125781
442.98155932852086,-186.04211486474492,2335.338008170857,5936.1210663374,2378317.5394977145,-6716016.5958603695,7609.652441542167
442.98155932931144,-186.04023035717674,2335.3326866005063,5936.121072367061,2389114.884702953,-6746506.700056014,7644.199571157395
442.9815593300984,-186.03834600436167,2335.3273654671552,5936.121078396227,2399963.803089886,-6777142.439280795,7678.911714056797
442.9815593308812,-186.03646294096944,2335.3220479749434,5936.1210844212665,2410857.9718836853,-6807905.958954754,7713.768639922886
442.9815593316604,-186.0345802571639,2335.3167315546284,5936.121090445092,2421802.8562230617,-6838812.691820437,7748.787834985083
442.9815593324359,-186.03269785602018,2335.311415932508,5936.121096468013,2432799.2643935205,-6869864.920356436,7783.9718854294915
442.9815593332074,-186.03081674999947,2335.306103967624,5936.12110248679,2443841.488899129,-6901046.527439291,7819.302529581781
442.98155933397516,-186.02893615566384,2335.3007934476627,5936.1211085039295,2454934.3266800004,-6932371.058917645,7854.795115706614
442.98155933473925,-186.02705611613393,2335.2954844943906,5936.121114519294,2466077.754001089,-6963838.447767244,7890.449567861459
442.98155933549936,-186.02517737919453,2335.290179219441,5936.121120530491,2477267.536046252,-6995436.73549431,7926.252336350594
442.9815593362562,-186.02329815979934,2335.2848725821077,5936.121126543231,2488514.54789146,-7027196.63170321,7962.238217010582
442.98155933700934,-186.0214197663428,2335.279568277103,5936.1211325533295,2499811.223984753,-7059096.772395372,7998.383003140686
442.98155933775934,-186.01954067603972,2335.274262004307,5936.121138565657,2511166.998385151,-7091163.797956655,8034.716879907127
442.9815593385052,-186.0176634965549,2335.2689611273786,5936.121144571871,2522566.3418748355,-7123353.856175207,8071.190160105261
442.9815593392473,-186.0157871377596,2335.263662567956,5936.121150575459,2534016.0378934704,-7155686.102480277,8107.824547993392
442.9815593399861,-186.01391077874646,2335.2583640079183,5936.121156579047,2545521.3445323408,-7188175.384943137,8144.636867333073
442.9815593407209,-186.0120361998149,2335.2530704745673,5936.12116257694,2557071.5525453654,-7220791.462238474,8181.592852876188
442.981559341452,-186.01016243920947,2335.247779252048,5936.121168572215,2568672.75901216,-7253551.551616383,8218.712012806995
442.98155934218005,-186.00828807733487,2335.2424863316337,5936.121174569414,2580334.0322617902,-7286481.260695483,8256.023362104053
442.98155934290503,-186.0064131419869,2335.237191791816,5936.121180568447,2592055.542889991,-7319581.071212868,8293.52744660459
442.9815593436262,-186.00453958553246,2335.231901145789,5936.1211865630685,2603825.340639589,-7352817.237411648,8331.186030327848
442.9815593443437,-186.0026671654986,2335.2266137088454,5936.121192554054,2615645.1271267002,-7386194.564403792,8369.00455775591
442.98155934505746,-186.00079593341212,2335.2213296264895,5936.121198541238,2627514.764721245,-7419712.663542331,8406.98258852829
442.98155934576715,-185.9989269916943,2335.2160520117955,5936.121204521094,2639427.3953944314,-7453352.168769363,8445.098179731696
442.98155934647406,-185.99705694103676,2335.2107712656198,5936.121210504499,2651404.9280434204,-7487174.947566621,8483.421430959646
442.98155934717767,-185.99518716478138,2335.2054912943154,5936.121216487025,2663438.8389924928,-7521156.930335896,8521.9250699036
442.9815593478781,-185.9933173984308,2335.2002113509807,5936.121222469519,2675531.116737174,-7555303.732294134,8560.615458943508
442.98155934857476,-185.99144920583285,2335.1949358516904,5936.121228446978,2687671.8738344195,-7589587.432766121,8599.46096226798
442.9815593492679,-185.9895820305081,2335.1896632250287,5936.121234421183,2699864.9063778897,-7624018.751358299,8638.473725838567
442.9815593499584,-185.98771360971594,2335.1843870813514,5936.121240399372,2712125.304814719,-7658640.3012590725,8677.70203297151
442.981559350645,-185.98584721454876,2335.179116657739,5936.121246371081,2724431.8721128376,-7693392.225188327,8717.078061753138
442.9815593513283,-185.98398135286538,2335.173847740606,5936.121252341082,2736794.630774237,-7728302.825207747,8756.633880128747
442.9815593520086,-185.98211528642358,2335.168578245266,5936.1212583117385,2749218.763915228,-7763386.737670376,8796.386071970353
442.9815593526855,-185.9802501471855,2335.163311368212,5936.121264279428,2761697.0090299775,-7798623.454335035,8836.311400202028
442.9815593533591,-185.9783856682819,2335.1580463558444,5936.121270245005,2774231.3848084793,-7834018.675683377,8876.416323813788
442.9815593540296,-185.97652126092115,2335.1527815455033,5936.121276210353,2786826.125625992,-7869584.35896419,8916.714391090709
442.9815593546966,-185.97465823498297,2335.147520636095,5936.121282171282,2799472.6246264083,-7905296.199690161,8957.17806358071
442.9815593553605,-185.97279552617354,2335.1422606222113,5936.121288131195,2812178.337228437,-7941175.2508598715,8997.831195602754
442.9815593560215,-185.9709325323069,2335.1369998033683,5936.12129409202,2824947.6854505623,-7977233.999598791,9038.687935824206
442.98155935667916,-185.96907041447943,2335.1317414583305,5936.121300050043,2837772.9990459755,-8013450.786265596,9079.723742563232
442.98155935733337,-185.9672097066067,2335.1264870947957,5936.121306003554,2850650.8052737564,-8049815.804354103,9120.927504456027
442.9815593579843,-185.96534997539246,2335.1212354892,5936.121311953941,2863584.303142632,-8086338.087391312,9162.309457034293
442.9815593586327,-185.9634889807002,2335.1159803157293,5936.12131790837,2876589.407884715,-8123062.577636286,9203.920522592001
442.98155935927775,-185.96162920491986,2335.1107285842854,5936.121323858899,2889649.0974246236,-8159941.207268447,9245.706237385206
442.98155935991974,-185.95976987547758,2335.1054781132343,5936.121329808,2902769.0369303515,-8196989.973883421,9287.684727655986
442.98155936055826,-185.95791219450902,2335.100232297229,5936.121335751826,2915940.9625660293,-8234185.541632264,9329.829552478031
442.9815593611935,-185.95605572073575,2335.0949898901645,5936.12134169179,2929168.18354116,-8271537.255232649,9372.151299980875
442.98155936182593,-185.954199000971,2335.089746788456,5936.121347632541,2942461.3326353463,-8309075.140079875,9414.683990750882
442.98155936245564,-185.95234189951276,2335.084502608902,5936.121353574513,2955821.744355985,-8346802.96462524,9457.431894670986
442.9815593630824,-185.9504851219933,2335.079259344103,5936.121359515449,2969244.6773978956,-8384707.340124919,9500.37984148577
442.9815593637061,-185.94862904767385,2335.0740180650364,5936.121365454134,2982727.6699278406,-8422781.314726349,9543.519954326397
442.9815593643261,-185.94677559538752,2335.0687841902036,5936.121371384431,2996256.942618277,-8460985.977648728,9586.808144928058
442.98155936494356,-185.94492124367304,2335.0635477755186,5936.121377317605,3009858.445507569,-8499394.60795821,9630.327442898666
442.98155936555776,-185.9430684220299,2335.0583156815287,5936.121383245883,3023514.6624364345,-8537957.742614444,9674.021803626
442.98155936616985,-185.94121356138623,2335.0530778297034,5936.121389180686,3037252.266242476,-8576750.701761615,9717.976569382656
442.98155936677864,-185.93936031164264,2335.0478445268213,5936.121395110334,3051044.5890856385,-8615698.179367866,9762.10641388616
442.9815593673845,-185.93750768519538,2335.0426129840357,5936.121401037987,3064899.2033189293,-8654821.558636926,9806.43556559785
442.98155936798736,-185.93565572622697,2335.0373833261115,5936.121406963505,3078816.052897136,-8694120.68130541,9850.963845195758
442.98155936858683,-185.93380588594653,2335.0321596510485,5936.121412882245,3092784.4261326385,-8733565.299153462,9895.65697961983
442.98155936918346,-185.93195646284238,2335.0269371540294,5936.121418799649,3106817.3793619927,-8773192.281342383,9940.556743856669
442.98155936977764,-185.93010625632957,2335.0217124447804,5936.12142471956,3120924.3910521404,-8813028.393659428,9985.693465159851
442.98155937036853,-185.92825796443634,2335.0164931421336,5936.121430633346,3135085.1774079455,-8853016.357670367,10031.002243603856
442.98155937095675,-185.92640967966926,2335.01127385961,5936.121436547108,3149314.5977513413,-8893198.133900257,10076.53062299793
442.98155937154235,-185.92456125783525,2335.0060541900293,5936.121442461309,3163614.122835429,-8933577.875538094,10122.283309156055
442.9815593721254,-185.92271255198222,2335.0008337184213,5936.121448376419,3177985.2685347283,-8974159.86318908,10168.265152262467
442.9815593727052,-185.920865771449,2334.995618683631,5936.121454285369,3192411.124601915,-9014896.34481852,10214.422046377696
442.98155937328227,-185.91901933747613,2334.9904046274764,5936.121460193209,3206904.253007863,-9055822.793572221,10260.794184718476
442.9815593738567,-185.91717292409166,2334.9851906294602,5936.1214661009835,3221467.5515368828,-9096947.392364029,10307.390839020427
442.98155937442806,-185.9153282226801,2334.979981465802,5936.12147200328,3236087.9420254054,-9138233.21039639,10354.170164459352
442.98155937499683,-185.91348344427652,2334.97477208473,5936.121477905824,3250779.8723132396,-9179721.046229765,10401.178388268432
442.98155937556294,-185.91163899457462,2334.9695636318625,5936.121483807316,3265540.4616992204,-9221402.765190583,10448.406293371187
442.981559376126,-185.90979621884395,2334.964359906042,5936.1214897034515,3280359.1944403155,-9263248.67237749,10495.82023365085
442.98155937668656,-185.90795311496245,2334.959155253572,5936.121495600637,3295252.4602018027,-9305305.049778562,10543.47264939528
442.9815593772449,-185.90610914941684,2334.9539481678903,5936.121501500579,3310225.009848422,-9347585.313132409,10591.378741446619
442.9815593777998,-185.90426812633572,2334.9487493912925,5936.121507391107,3325246.2036738275,-9390002.940444851,10639.440475159643
442.98155937835224,-185.9024268934659,2334.9435500222826,5936.121513282306,3340341.9728378197,-9432631.157471774,10687.740819738514
442.9815593789018,-185.9005870092748,2334.9383544617417,5936.12151916919,3355499.846553295,-9475434.748556836,10736.239873717612
442.98155937944927,-185.8987458451267,2334.9331552867916,5936.121525060169,3370741.853265433,-9518475.91876767,10785.008119195674
442.9815593799936,-185.8969068835197,2334.9279623314915,5936.121530944101,3386039.485836299,-9561674.16816754,10833.954344882288
442.98155938053554,-185.8950676764288,2334.9227686829813,5936.1215368288185,3401413.3703168593,-9605087.741670467,10883.14454578295
442.98155938107533,-185.89322747899345,2334.917572237885,5936.121542716704,3416870.189848448,-9648735.511478066,10932.600105241952
442.98155938161216,-185.8913890446653,2334.9123807715423,5936.12154859895,3432387.153322706,-9692553.1188748,10982.248100947407
442.98155938214614,-185.88955204099017,2334.907193345152,5936.121554476617,3447967.256460508,-9736549.02333287,11032.09811799226
442.9815593826778,-185.88771475092818,2334.9020051100474,5936.121560355201,3463625.3784090397,-9780765.24136091,11082.197763618535
442.98155938320724,-185.88587681038618,2334.896815038084,5936.121566235866,3479365.0689986236,-9825211.79715416,11132.558395844886
442.98155938373355,-185.8840414247417,2334.8916321807724,5936.121572108356,3495159.150320721,-9869811.944322892,11183.093056376372
442.98155938425697,-185.88220786595326,2334.8864544822322,5936.121577975002,3511014.005727428,-9914583.7085083,11233.82216935319
442.9815593847785,-185.88037258552603,2334.881271922039,5936.121583847155,3526960.7061936143,-9959614.82954302,11284.845149305087
442.9815593852974,-185.87853841479065,2334.8760924954513,5936.121589715758,3542975.0843116576,-10004837.062246175,11336.08467032021
442.9815593858131,-185.87670702271706,2334.870920915393,5936.121595575471,3559042.7187889996,-10050209.68302281,11387.494590105824
442.9815593863268,-185.87487462117605,2334.8657464847483,5936.121601438413,3575197.1306691314,-10095827.350336587,11439.182162418505
442.9815593868381,-185.87304245651524,2334.860572723018,5936.121607300597,3591427.781889464,-10141660.30625903,11491.113669727949
442.9815593873475,-185.87120892663302,2334.8553951061044,5936.12161316715,3607749.340586237,-10187749.971435107,11543.336044126654
442.98155938785396,-185.8693775503531,2334.850223570645,5936.121619026812,3624130.8371018567,-10234008.89213716,11595.7501952591
442.981559388358,-185.8675467368694,2334.845053624439,5936.121624884674,3640586.731489179,-10280477.901413493,11648.402389435272
442.9815593888596,-185.8657165291414,2334.839885388797,5936.1216307405975,3657116.969658226,-10327156.84652201,11701.292453589156
442.9815593893592,-185.86388530008517,2334.8347142690754,5936.121636599789,3673736.6849882184,-10374088.461884977,11754.468808402275
442.9815593898561,-185.86205558836394,2334.8295474340835,5936.121642454125,3690423.2169903917,-10421208.757637251,11807.858949492522
442.9815593903509,-185.8602253427183,2334.824379091368,5936.12164831017,3707195.6222356553,-10468571.546713548,11861.523850165158
442.9815593908431,-185.8583967080253,2334.819215297744,5936.12165416106,3724034.589651744,-10516122.297505002,11915.401722813707
442.9815593913326,-185.85656952893373,2334.814055614523,5936.121660007293,3740941.7627878455,-10563865.651151178,11969.49782612961
442.98155939181987,-185.85474257886298,2334.808896578023,5936.121665852793,3757928.797787804,-10611834.522876473,12023.849455050144
442.9815593923047,-185.85291653988995,2334.803740114328,5936.121671695378,3774989.696929605,-10660011.976001944,12078.437419295116
442.9815593927875,-185.85108973517998,2334.798581488305,5936.121677540413,3792140.5406335313,-10708443.419253588,12133.313169693707
442.98155939326784,-185.84926413831752,2334.793426273065,5936.121683381583,3809363.19521521,-10757077.645791627,12188.418685803625
442.9815593937456,-185.84744001853593,2334.7882752288824,5936.121689218027,3826655.364099318,-10805908.170427382,12243.746619514395
442.98155939422094,-185.84561699414562,2334.7831272779226,5936.121695050967,3844020.917323299,-10854945.92157359,12299.309353377716
442.9815593946948,-185.84379138371145,2334.777972024358,5936.12170089218,3861495.4571504206,-10904291.434750421,12355.220800210145
442.9815593951657,-185.8419689200182,2334.772825656724,5936.121706723326,3879024.5038414244,-10953790.867240522,12411.306646921033
442.9815593956343,-185.84014702323668,2334.7676808899646,5936.121712552657,3896633.0468223994,-11003514.785483215,12467.646849548248
442.98155939610086,-185.83832484618705,2334.7625353317694,5936.121718382886,3914329.6904682666,-11053487.486959307,12524.268938605077
442.98155939656493,-185.83650420826595,2334.7573941198452,5936.121724208189,3932097.1148343543,-11103660.062709449,12581.117497286543
442.98155939702696,-185.83468336935172,2334.7522523403463,5936.121730034136,3949952.6474286905,-11154081.443050787,12638.247966597299
442.9815593974867,-185.83286326397302,2334.747112632243,5936.121735857736,3967887.5285854125,-11204726.891983887,12695.632319155966
442.98155939794435,-185.83104325751458,2334.741973203476,5936.12174168102,3985908.396809458,-11255615.155663792,12753.291795488449
442.9815593983997,-185.829224069217,2334.736836085074,5936.121747501685,4004008.5112758605,-11306727.198998848,12811.204827686212
442.98155939885254,-185.827406888506,2334.7317046358,5936.121753315927,4022176.2821178897,-11358030.293921415,12869.334332871884
442.9815593993036,-185.8255885623917,2334.726569952076,5936.121759133834,4040443.6201401423,-11409614.551818931,12927.782412690043
442.9815593997525,-185.82377072526165,2334.721436649171,5936.121764950176,4058794.606171221,-11461435.019308379,12986.498132242603
442.9815594001991,-185.8219538823808,2334.716306153879,5936.121770763337,4077224.485766643,-11513478.270542488,13045.466279233704
442.98155940064316,-185.8201392464397,2334.711181890658,5936.121776569436,4095721.1783294794,-11565710.191704188,13104.648200648178
442.9815594010855,-185.8183233744496,2334.7060541370174,5936.121782379491,4114320.1650911127,-11618230.976537528,13164.1574220496
442.98155940152554,-185.81650886877046,2334.700930241637,5936.121788185174,4132995.241993681,-11670966.628662897,13223.910101070589
442.9815594019634,-185.81469507503388,2334.6958083566765,5936.121793988579,4151753.4512528456,-11723937.03425465,13283.928769947786
442.98155940239957,-185.8128801413281,2334.690683252612,5936.121799795632,4170614.442203275,-11777197.68012459,13344.276298590295
442.98155940283357,-185.8110659922515,2334.6855603642243,5936.1218056001735,4189558.7081396217,-11830693.482224997,13404.890273445046
442.9815594032652,-185.80925363045216,2334.680442522843,5936.121811398997,4208576.053373283,-11884395.649440838,13465.738072439759
442.98155940369475,-185.80744167339188,2334.6753258243843,5936.121817196526,4227681.289361475,-11938346.007134296,13526.867086235987
442.9815594041225,-185.8056291958832,2334.670207656257,5936.121822995719,4246884.653347063,-11992573.463763487,13588.310069862806
442.9815594045482,-185.8038171957755,2334.665090836239,5936.121828793385,4266176.0519939,-12047049.51724156,13650.034728734327
442.9815594049714,-185.8020076633952,2334.659980984718,5936.121834583156,4285534.545498018,-12101715.036662472,13711.974063962574
442.9815594053926,-185.80019846493414,2334.6548720761357,5936.121840371858,4304983.223520039,-12156635.223809147,13774.2019531057
442.9815594058121,-185.79838841068693,2334.6497607509395,5936.121846163298,4324535.397362921,-12211847.66783026,13836.760986939487
442.9815594062296,-185.79657875853616,2334.6446505612043,5936.121851953451,4344177.998953831,-12267315.466422994,13899.609352925998
442.98155940664526,-185.79476905276945,2334.6395402200656,5936.121857743777,4363916.43411242,-12323053.884821653,13962.764347497698
442.9815594070585,-185.79296157026116,2334.6344361570796,5936.121863526988,4383726.186014618,-12378993.691145048,14026.147526751682
442.98155940746943,-185.79115612593108,2334.629337849607,5936.121869303678,4403609.434707311,-12435141.041522807,14089.765865954645
442.98155940787893,-185.78934875913433,2334.6242341133734,5936.121875086519,4423610.281624583,-12491620.471875083,14153.760471825923
442.98155940828667,-185.78754099399336,2334.6191292522744,5936.121880870635,4443712.541580641,-12548386.277633592,14218.079558329156
442.9815594086922,-185.78573488990594,2334.614029081745,5936.121886649436,4463893.710093785,-12605374.909474049,14282.651120241633
442.9815594090954,-185.78393101422444,2334.6089352039035,5936.121892421108,4484147.632002211,-12662568.986130852,14347.455463539623
442.981559409497,-185.7821261034818,2334.6038384032026,5936.121898196091,4504511.353918638,-12720073.121753167,14412.611122372686
442.98155940989665,-185.78032172160778,2334.5987430959485,5936.1219039693815,4524967.7760344455,-12777839.029013265,14478.063384282012
442.9815594102943,-185.77851816901872,2334.5936501304727,5936.121909740019,4545513.887164749,-12835858.204770869,14543.802614696093
442.9815594106902,-185.77671471316455,2334.588557438162,5936.121915510347,4566158.464705776,-12894155.435093338,14609.856897726291
442.981559411084,-185.77491243309453,2334.583468066091,5936.121921276913,4586889.561684621,-12952696.98349806,14676.188007900168
442.9815594114759,-185.77311059388157,2334.5783799389355,5936.121927042068,4607716.010010045,-13011507.789987726,14742.824203747115
442.98155941186576,-185.77131028872304,2334.5732961437225,5936.121932802315,4628625.523482693,-13070553.160154458,14809.726174407511
442.9815594122538,-185.769510251764,2334.568213105865,5936.121938561704,4649633.169686602,-13129875.642624656,14876.942130044947
442.98155941264025,-185.76770919384205,2334.5631271849597,5936.12194432436,4670754.577391854,-13189519.37073102,14944.522076390966
442.98155941302514,-185.7659074024456,2334.558039192831,5936.121950089362,4691987.047280921,-13249476.72200052,15012.457376723238
442.9815594134077,-185.76410838531604,2334.552959034821,5936.121955845488,4713289.594712895,-13309631.961875454,15080.616896797674
442.9815594137886,-185.76230898546845,2334.547877796072,5936.121961602838,4734699.924664447,-13370091.563627303,15149.121277261704
442.9815594141679,-185.76050896202966,2334.542794796394,5936.1219673621845,4756221.520156282,-13430865.362790842,15217.981662370283
442.9815594145451,-185.75871105712798,2334.537717779151,5936.121973114752,4777821.998441208,-13491861.915282616,15287.094440453759
442.98155941492024,-185.75691451598038,2334.5326446129475,5936.121978862956,4799510.658956913,-13553107.481337778,15356.489365944639
442.98155941529393,-185.75511692533505,2334.5275684831176,5936.121984614518,4821317.1449648375,-13614685.769137625,15426.261285268194
442.9815594156658,-185.7533199573651,2334.522494111631,5936.121990364087,4843221.748375947,-13676541.125956722,15496.34714052516
442.98155941603557,-185.75152503806748,2334.517425525292,5936.121996107101,4865207.392346217,-13738625.329315957,15566.692292734127
442.9815594164038,-185.74972945196205,2334.512355055986,5936.122001852249,4887307.7598427385,-13801033.494927263,15637.404513741578
442.9815594167699,-185.74793601530874,2334.5072906564146,5936.122007590519,4909488.601601749,-13863668.907940753,15708.374219781143
442.9815594171348,-185.74614058697543,2334.502220632634,5936.122013335163,4931801.669389212,-13926677.707681095,15779.766995534292
442.9815594174975,-185.74434768021078,2334.49715772939,5936.122019071738,4954191.3773054425,-13989902.927797679,15851.404988645223
442.98155941785876,-185.74255396938338,2334.4920925555916,5936.122024810886,4976699.654550911,-14053462.970144553,15923.422355565888
442.98155941821835,-185.74076033065504,2334.4870275853905,5936.122030549803,4999316.130057934,-14117328.548362134,15995.785913082022
442.9815594185759,-185.73896879795078,2334.4819685622897,5936.122036281981,5022015.517691499,-14181428.258149032,16068.414755807426
442.98155941893185,-185.7371771405255,2334.476909186995,5936.122042014559,5044826.4616259,-14245842.986412372,16141.400533493335
442.9815594192859,-185.73538711965847,2334.4718544330985,5936.122047741901,5067726.961788213,-14310510.608203566,16214.672854820732
442.98155941963813,-185.73359792412361,2334.466802009818,5936.122053466602,5090727.734276397,-14375461.384196615,16288.266006960968
442.9815594199888,-185.73180872762788,2334.461749583824,5936.122059191305,5113839.892870673,-14440726.698061345,16362.215549507488
442.9815594203378,-185.73001985666957,2334.456698077099,5936.122064914967,5137059.760542382,-14506296.16641325,16436.5097174585
442.98155942068513,-185.7282316435432,2334.4516484279948,5936.122070636525,5160383.505245457,-14572158.968121614,16511.136249819323
442.9815594210307,-185.72644442640464,2334.446601591412,5936.122076354895,5183807.1362450775,-14638303.833942171,16586.082377855557
442.98155942137475,-185.72465677331633,2334.441553523772,5936.122082074661,5207349.946535487,-14704785.244434133,16661.40983133134
442.98155942171775,-185.72286663136583,2334.436498427954,5936.1220878023905,5231039.834319312,-14771681.979991086,16737.207873190837
442.9815594220585,-185.72107997515624,2334.431453175352,5936.122093518967,5254798.224294591,-14838772.155594211,16813.22509430617
442.98155942239794,-185.71929238603207,2334.4264052883373,5936.122099238528,5278684.216934679,-14906222.662229802,16889.650592244798
442.98155942273536,-185.7175072014193,2334.4213641913066,5936.122104950396,5302653.66475578,-14973908.833940128,16966.343112946957
442.9815594230715,-185.71572085519014,2334.416319814043,5936.12211066598,5326754.92215101,-15041967.216371957,17043.457370877608
442.98155942340577,-185.71393610347243,2334.4112799394443,5936.122116376462,5350951.356840418,-15110294.365390517,17120.876157584167
442.9815594237382,-185.71215330810176,2334.4062455892795,5936.122122080685,5375238.312376991,-15178877.131878877,17198.584574322966
442.98155942406925,-185.71036976780348,2334.40120913555,5936.122127787291,5399653.068922906,-15247820.789495299,17276.7019025072
442.98155942439877,-185.70858643180304,2334.396173258727,5936.122133493243,5424183.289285649,-15317090.49983477,17355.188668119798
442.98155942472647,-185.70680488598802,2334.391142437122,5936.122139193468,5448807.566228826,-15386625.812031293,17433.97637667843
442.9815594250528,-185.70502270013168,2334.3861098081356,5936.12214489574,5473559.983574239,-15456522.973751156,17513.174082602236
442.9815594253772,-185.7032430253806,2334.3810842701387,5936.122150589978,5498397.198072728,-15526659.590076167,17592.643105056413
442.98155942570054,-185.70146122087598,2334.376052718033,5936.1221562910305,5523384.553433238,-15597220.181965543,17672.592517432575
442.9815594260222,-185.69968044584758,2334.3710240730156,5936.122161988789,5548478.474494494,-15668081.69961562,17752.882896871124
442.9815594263421,-185.697901699272,2334.3660011560487,5936.122167680058,5573665.191707061,-15739205.259857524,17833.470186393235
442.98155942666034,-185.69612377014928,2334.360980547448,5936.122173368711,5598962.18263548,-15810640.216745775,17914.410307123602
442.98155942697724,-185.6943454251042,2334.355958764344,5936.122179058694,5624387.579270485,-15882437.772337569,17995.76127408556
442.98155942729255,-185.69256797741548,2334.3509395152414,5936.122184745806,5649923.182829038,-15954546.535964135,18077.46485854746
442.9815594276065,-185.6907901831781,2334.3459192875366,5936.122190434027,5675587.43719639,-16027018.5904266,18159.58007346872
442.981559427919,-185.68901239606947,2334.3408990799626,5936.122196122225,5701375.906076093,-16099841.408280643,18242.092724498274
442.9815594282301,-185.6872346505437,2334.3358789898125,5936.122201810291,5727288.721977548,-16173015.363713186,18325.003235612512
442.98155942853936,-185.68545959784683,2334.3308665038126,5936.1222074897405,5753287.590662859,-16246432.319466297,18408.189080766846
442.98155942884716,-185.68368468089494,2334.325854401136,5936.1222131687555,5779410.307435599,-16320199.003881251,18491.771189618197
442.98155942915366,-185.68190927577191,2334.3208409199365,5936.122218849332,5805666.737409988,-16394343.274579976,18575.781126534766
442.98155942945834,-185.68013639371273,2334.3158345634956,5936.122224521836,5832012.776989388,-16468740.58953558,18660.077777877912
442.98155942976194,-185.67836177419193,2334.3108233007206,5936.1222301999,5858512.306524116,-16543571.337399175,18744.865534884582
442.981559430064,-185.67658810397265,2334.3058147186325,5936.1222358749255,5885125.944912154,-16618724.31176947,18830.018393985392
442.98155943036454,-185.67481543031735,2334.3008089506934,5936.122241546763,5911853.428681659,-16694198.768640982,18915.535512177194
442.98155943066365,-185.67304312594328,2334.29580422555,5936.122247217419,5938704.726458566,-16770022.857937396,19001.448785023742
442.9815594309614,-185.67127089102482,2334.2907996965387,5936.1222528878525,5965684.995586019,-16846211.14323214,19087.77471393335
442.98155943125744,-185.66950080465983,2334.285801234724,5936.1222585514115,5992763.005062755,-16922675.432801746,19174.413372356667
442.98155943155206,-185.6677312194078,2334.280804187979,5936.122264213367,6019964.331348895,-16999487.950782716,19261.446594602592
442.9815594318457,-185.6659594262604,2334.2758009064637,5936.122269882388,6047331.477919715,-17076768.720696136,19349.01037456977
442.9815594321378,-185.66418922771254,2334.2708021278618,5936.122275546306,6074806.455148207,-17154353.98842132,19436.91916894894
442.9815594324282,-185.662421026691,2334.2658089899783,5936.122281203833,6102383.283609044,-17232226.86894647,19525.153846001904
442.9815594327173,-185.66065279391367,2334.2608157624213,5936.122286861461,6130094.070581684,-17310478.028474946,19613.81713601318
442.98155943300503,-185.65888491312543,2334.2558235288293,5936.122292517964,6157933.449283338,-17389092.312006757,19702.891867452436
442.98155943329135,-185.6571177749133,2334.2508333921623,5936.12229817209,6185895.830847791,-17468053.937411204,19792.360158212377
442.98155943357654,-185.65534965743535,2334.2458404901936,5936.12230382935,6214009.178443234,-17547441.86853501,19882.31147910065
442.9815594338603,-185.65358235563426,2334.2408498915756,5936.122309484,6242245.664824479,-17627177.525357887,19972.656794208135
442.9815594341428,-185.6518148455222,2334.2358587047183,5936.122315139316,6270622.277840635,-17707308.87905049,20063.45045776858
442.9815594344237,-185.65004966489454,2334.2308740959797,5936.122320787179,6299098.727737354,-17787722.15731187,20154.56355889332
442.98155943470323,-185.64828472159644,2334.225890157425,5936.1223264342825,6327709.16901658,-17868513.807398576,20246.105378149303
442.9815594349814,-185.64652041429673,2334.2209080148355,5936.122332079351,6356447.742208915,-17949667.283036582,20338.05716760869
442.9815594352583,-185.64475642281903,2334.2159267640805,5936.122337723408,6385320.259323691,-18031198.996479712,20430.437523346343
442.9815594355339,-185.64299278557115,2334.210946513618,5936.122343366333,6414326.724551227,-18113108.959560808,20523.246458769583
442.9815594358079,-185.64123100655962,2334.20597151054,5936.122349003312,6443442.853069578,-18195328.595538326,20616.4062722883
442.98155943608083,-185.6394685696938,2334.2009946497787,5936.122354642395,6472710.80190327,-18277976.949607726,20710.051849299118
442.9815594363525,-185.63770623923182,2334.196018089486,5936.122360281139,6502118.667329074,-18361020.40741708,20804.14510271104
442.98155943662283,-185.63594442198482,2334.1910429784366,5936.12236591824,6531660.311556416,-18444441.636754576,20898.666394081247
442.9815594368916,-185.63418502388237,2334.186074698693,5936.122371547601,6561304.1485445285,-18528151.443317745,20993.51466087782
442.9815594371595,-185.63242324137383,2334.18109968574,5936.122377184591,6591131.840430221,-18612380.428889968,21088.95118884937
442.98155943742586,-185.6306635922917,2334.176130697267,5936.122382814755,6621067.664033621,-18696914.762422927,21184.73369450304
442.9815594376911,-185.62890349332503,2334.171160438387,5936.122388446359,6651156.09938693,-18781880.048941806,21281.004495918743
442.9815594379547,-185.6271463904861,2334.1661986401277,5936.122394068376,6681338.66368648,-18867111.14166806,21377.576471821743
442.9815594382173,-185.6253877804827,2334.1612325858596,5936.122399695215,6711693.271742735,-18952828.060490303,21474.698918034745
442.9815594384786,-185.6236299761804,2334.156268806772,5936.1224053194765,6742180.8375529945,-19038920.43232402,21572.246775186606
442.98155943873854,-185.62187340757427,2334.1513085171073,5936.1224109397845,6772794.398387351,-19125368.595450856,21670.197765362893
442.9815594389973,-185.6201169652887,2334.146348584153,5936.122416559688,6803553.871350929,-19212228.792826742,21768.61561522967
442.981559439255,-185.61835951950795,2334.1413858174774,5936.122422182802,6834479.912105651,-19299559.35298265,21867.5664145355
442.98155943951144,-185.61660304181214,2334.13642578453,5936.122427802819,6865538.593554124,-19387264.47081883,21966.941610315855
442.9815594397664,-185.61484875554163,2334.131471939843,5936.122433415825,6896708.6452435125,-19475284.081725776,22066.67314574035
442.9815594400204,-185.61309278643003,2334.126513343062,5936.122439034215,6928059.608888138,-19563814.561208338,22166.9835261168
442.98155944027314,-185.61133791465787,2334.121557845005,5936.122444649093,6959542.695670405,-19652718.136869337,22267.71664699793
442.9815594405246,-185.60958379180357,2334.1166044617817,5936.122450261576,6991164.693271233,-19742013.9761147,22368.894226212342
442.981559440775,-185.60782926442832,2334.1116499362506,5936.122455875353,7022947.130442325,-19831762.872951675,22470.585147042122
442.98155944102393,-185.60607716812217,2334.106702275699,5936.122461481351,7054839.159127324,-19921821.239997707,22572.62671631035
442.98155944127177,-185.60432475011623,2334.1017537067146,5936.1224670883785,7086891.394600996,-20012332.007294603,22675.18088238718
442.98155944151824,-185.60257406326423,2334.0968100262526,5936.122472689867,7119066.892147222,-20103190.848434106,22778.129437150877
442.9815594417637,-185.60082272600903,2334.0918645091483,5936.122478293437,7151410.071354609,-20194523.19775764,22881.614505286347
442.9815594420077,-185.5990736218169,2334.0869252978837,5936.1224838898615,7183868.265507743,-20286180.332258753,22985.467574644605
442.98155944225107,-185.59732148226388,2334.081977515209,5936.122489495998,7216540.149880793,-20378440.896301758,23090.004366120163
442.9815594424931,-185.59557083258494,2334.077033939718,5936.122495097367,7249342.356558347,-20471069.471237056,23194.958136164056
442.9815594427337,-185.59382255498,2334.072097062613,5936.122500691147,7282258.640238734,-20564020.182738017,23300.27690639346
442.98155944297326,-185.5920742207198,2334.067160025522,5936.122506285108,7315335.224510281,-20657423.559374176,23406.108573561414
442.9815594432116,-185.59032669826405,2334.0622252808466,5936.122511876471,7348556.389959084,-20751235.211848095,23512.402841912863
442.9815594434489,-185.5885791932683,2334.0572905854756,5936.122517467779,7381937.941691136,-20845499.771438982,23619.21028138282
442.981559443685,-185.5868321612858,2334.052357225824,5936.122523057574,7415471.931852494,-20940194.79458407,23726.505462059115
442.9815594439198,-185.58508691288333,2334.0474289027384,5936.122528641661,7449133.716249271,-21035250.689728655,23834.20953250703
442.9815594441536,-185.58334137938326,2334.0424997745795,5936.122534226661,7482963.814767912,-21130781.879032657,23942.452139944693
442.98155944438633,-185.58159601791374,2334.0375711322095,5936.12253981111,7516954.216345211,-21226765.7404397,24051.207652215893
442.981559444618,-185.5798508645808,2334.0326430775863,5936.122545394894,7551105.001335048,-21323202.500857256,24160.476326420496
442.9815594448484,-185.57810681835477,2334.027718149269,5936.122550975135,7585399.2323825285,-21420044.33170285,24270.20396988578
442.98155944507795,-185.57636176241024,2334.022790369656,5936.122556558606,7619879.365390345,-21517411.122159638,24380.526424297408
442.9815594453062,-185.57461876247237,2334.0178683959016,5936.1225621355,7654485.524418217,-21615133.79143754,24491.252110907964
442.98155944553343,-185.57287525787973,2334.012944997077,5936.122567714008,7689269.179916443,-21713357.684467446,24602.545714302785
442.9815594457596,-185.57113215360962,2334.0080227287035,5936.122573291235,7724213.148941173,-21812034.279160045,24714.352256024013
442.98155944598466,-185.56938992995384,2334.0031029470547,5936.122578865645,7759308.478052968,-21911138.292328015,24826.64308869334
442.98155944620856,-185.56764863268285,2333.998185781379,5936.12258443709,7794554.846166329,-22010668.81727345,24939.41718496728
442.9815594464314,-185.5659078630759,2333.9932701057487,5936.1225900068475,7829960.978870603,-22110650.49376874,25052.702463196154
442.98155944665297,-185.56416900333326,2333.9883598232927,5936.122595570494,7865499.275213264,-22211005.380810577,25166.410611515683
442.9815594468738,-185.56242807097033,2333.9834436880637,5936.1226011407725,7901252.02770439,-22311965.860263124,25280.80493261352
442.9815594470935,-185.56068822955297,2333.9785306335034,5936.12260670756,7937155.293075617,-22413351.365804013,25395.680833940456
442.981559447312,-185.55894998092117,2333.9736220767336,5936.1226122692515,7973199.1985101495,-22515134.01806039,25511.00672648317
442.9815594475296,-185.5572111040667,2333.968711745956,5936.1226178329525,8009430.541409079,-22617445.96596408,25626.93234296304
442.9815594477461,-185.55547299610618,2333.9638035864214,5936.122623394193,8045821.081777178,-22720207.463949792,25743.367326838066
442.9815594479616,-185.55373524177463,2333.9588964254826,5936.122628954303,8082380.240054358,-22823445.11394504,25860.341819698842
442.98155944817603,-185.55199834106898,2333.953991675057,5936.122634511681,8119098.213364102,-22927131.234077964,25977.824456312603
442.9815594483894,-185.5502618756699,2333.9490881538723,5936.122640067667,8155984.551733834,-23031292.79221202,26095.845792897468
442.98155944860173,-185.5485263508601,2333.944187288773,5936.122645620643,8193029.2179923905,-23135901.44486196,26214.37371457274
442.9815594488131,-185.54679087741255,2333.9392865687128,5936.122651173455,8230251.951261364,-23241012.932384565,26333.471378529295
442.98155944902334,-185.54505642953836,2333.93438874472,5936.122656722985,8267632.604959186,-23346570.36381641,26453.074323869434
442.98155944923263,-185.54332211063175,2333.9294912849123,5936.122662272103,8305191.242559999,-23452630.395437855,26573.24674558077
442.98155944944085,-185.5415889044976,2333.9245969674093,5936.122667817661,8342907.28771586,-23559134.92268886,26693.92280768734
442.9815594496483,-185.53985447791135,2333.9196992035304,5936.122673367123,8380832.45909226,-23666229.991423268,26815.267988962525
442.9815594498546,-185.53812124056688,2333.9148047978942,5936.12267891278,8418915.003932005,-23773769.45951731,26937.116701553306
442.98155945005993,-185.53638876157314,2333.9099125337284,5936.1226844560115,8457165.017639741,-23881781.834898982,27059.50124666394
442.9815594502644,-185.53465563609043,2333.9050184439734,5936.122690001311,8495614.44073986,-23990357.312880028,27182.523821030303
442.9815594504679,-185.53292285908492,2333.900125338266,5936.122695545495,8534242.194542684,-24099436.37036171,27306.11698138642
442.98155945067026,-185.5311919308845,2333.895237453311,5936.122701083764,8573015.429464059,-24208926.24498213,27430.175622373536
442.98155945087154,-185.52946242077456,2333.890353572833,5936.122706617495,8611944.218170067,-24318855.380458932,27554.731972441696
442.9815594510718,-185.52773388984855,2333.8854724574257,5936.122712148093,8651039.006467007,-24429253.274202485,27679.819453938457
442.98155945127115,-185.5260053969336,2333.880591449356,5936.122717678571,8690321.875589626,-24540182.28035035,27805.508717867786
442.98155945146954,-185.52427747220415,2333.875712045758,5936.12272320723,8729781.64180657,-24651610.81770106,27931.76398082096
442.98155945166707,-185.5225491598768,2333.870831547641,5936.122728737128,8769441.07216728,-24763603.177031316,28058.65808813105
442.98155945186363,-185.5208214895984,2333.8659528625753,5936.122734264974,8809277.471997073,-24876095.271940023,28186.11842603489
442.9815594520592,-185.51909500661813,2333.8610775302636,5936.12273978902,8849278.943069251,-24989053.50359664,28314.106925028147
442.98155945225375,-185.5173692552637,2333.856204263955,5936.122745310725,8889456.70449649,-25102509.55311425,28442.65948172544
442.9815594524476,-185.51564224850114,2333.8513274525594,5936.122750836446,8929858.093307273,-25216597.093252532,28571.92755543715
442.98155945264034,-185.5139170620592,2333.84645578148,5936.122756356344,8970412.053032177,-25331115.471062515,28701.683794252913
442.9815594528322,-185.51219221755167,2333.8415850759725,5936.122761875148,9011153.96574459,-25446164.600280747,28832.0414064709
442.98155945302335,-185.51046569482003,2333.8367096314087,5936.122767399322,9052132.779765068,-25561882.703717146,28963.15700688322
442.9815594532134,-185.50874163950917,2333.831841154476,5936.1227729156,9093250.970064143,-25677994.38512814,29094.718554912335
442.9815594534026,-185.5070170033299,2333.826971037257,5936.122778433737,9134581.924280299,-25794706.880338967,29226.96086126501
442.9815594535907,-185.50529494134784,2333.8221081891897,5936.122783943638,9176050.700666111,-25911808.564950835,29359.64414271559
442.98155945377806,-185.50357185431253,2333.817242446524,5936.122789456818,9217744.722742286,-26029546.31004222,29493.04811910667
442.98155945396445,-185.5018498669565,2333.812379809189,5936.12279496648,9259613.588594507,-26147777.788069654,29627.011524735095
442.9815594541501,-185.5001269127017,2333.8075144414756,5936.122800479236,9301708.552337024,-26266647.73306303,29761.69835199849
442.9815594543347,-185.498406198571,2333.802655399541,5936.122805984824,9343952.069383612,-26385937.17059218,29896.860489641702
442.98155945451833,-185.49668618785734,2333.797798343952,5936.122811488161,9386382.38169119,-26505754.090281304,30032.62029643138
442.9815594547014,-185.49496370758575,2333.7929343146966,5936.122816999399,9429079.12140682,-26626323.361523304,30169.2325629715
442.98155945488355,-185.49324252628304,2333.788073953537,5936.122822506482,9471950.134028696,-26747384.753649548,30306.402432196915
442.9815594550646,-185.49152377685604,2333.783220459635,5936.122828005784,9514967.583081564,-26868859.660575416,30444.040838666046
442.9815594552449,-185.48980426593255,2333.778364815379,5936.122833507522,9558212.149411127,-26990975.913063493,30582.40592839357
442.98155945542425,-185.48808619956952,2333.773513250348,5936.122839004638,9601629.289905261,-27113579.489440847,30721.32318552136
442.98155945560273,-185.4863685342645,2333.768662817846,5936.122844500471,9645246.104668504,-27236746.91639022,30860.87931940307
442.9815594557804,-185.48465075800354,2333.7638120720203,5936.122849996659,9689076.613874933,-27360517.78480738,31001.119188914836
442.9815594559573,-185.48293290254898,2333.7589611025637,5936.1228554931,9733121.119629908,-27484892.947793126,31142.043760671397
442.98155945613314,-185.4812177790107,2333.7541178476345,5936.1228609808,9777308.13669842,-27609670.54162795,31283.424310886254
442.98155945630833,-185.4795009915432,2333.749269894015,5936.122866473825,9821751.80397926,-27735172.87766255,31425.626037786915
442.9815594564825,-185.4777864765171,2333.7444283574337,5936.122871959578,9866351.19430605,-27861114.95252242,31568.326015336243
442.981559456656,-185.47607091789973,2333.7395838739053,5936.122877448671,9911193.432655672,-27987742.79424249,31711.80300815758
442.9815594568286,-185.47435603249266,2333.7347412914232,5936.12288293561,9956234.815553294,-28114932.99068061,31855.91718283994
442.9815594570005,-185.47264072571122,2333.729897519042,5936.122888423896,10001505.15214553,-28242769.718453232,32000.763916573927
442.9815594571714,-185.47092788057878,2333.7250606979933,5936.122893904307,10046929.075945063,-28371040.15375902,32146.10206713834
442.9815594573415,-185.4692146954687,2333.720222916898,5936.122899385805,10092581.594790615,-28499956.107628793,32292.17162922421
442.9815594575108,-185.46750235152732,2333.7153875111385,5936.122904864612,10138432.25798406,-28629431.5917996,32438.87517293603
442.9815594576792,-185.46579089343564,2333.7105546068874,5936.122910340584,10184480.660620155,-28759465.462878972,32586.211402741086
442.981559457847,-185.46407804024693,2333.705717763089,5936.12291582102,10230789.404741209,-28890234.499765497,32734.380619808675
442.98155945801375,-185.46236847965142,2333.7008902170865,5936.122921290921,10277232.518569231,-29021382.97680961,32882.97976549249
442.98155945817985,-185.46065759500183,2333.696058932151,5936.122926765059,10323936.176316291,-29153267.191304736,33032.41254614587
442.9815594583451,-185.45894775938677,2333.6912306095337,5936.1229322358395,10370836.79746747,-29285707.601290528,33182.475529883624
442.98155945850954,-185.45723842809446,2333.686403711049,5936.122937705007,10417950.167090015,-29418748.78145974,33333.21922252492
442.98155945867325,-185.45552904625495,2333.681576669827,5936.122943174336,10465292.645304246,-29552436.930369865,33484.69596982571
442.98155945883616,-185.45382024389357,2333.676751264965,5936.1229486418115,10512847.839616422,-29686725.758045662,33636.85332244821
442.9815594589982,-185.45211266236376,2333.6719293075507,5936.122954105381,10560598.706584292,-29821567.13632968,33789.63674828314
442.9815594591596,-185.45040454236002,2333.667105829566,5936.122959570673,10608595.47848963,-29957102.913748223,33943.20697027827
442.98155945932024,-185.44869651539443,2333.662282614307,5936.122965035667,10656821.679521266,-30093286.56504996,34097.51127251377
442.98155945948014,-185.44698861587264,2333.6574597589306,5936.122970500253,10705277.47839848,-30230118.56667316,34252.55019482299
442.9815594596391,-185.44528332384456,2333.65264426673,5936.122975956497,10753893.140375348,-30367401.99802032,34408.1006142752
442.98155945979727,-185.44357825175658,2333.647829395608,5936.122981412036,10802737.342668476,-30505330.79338273,34564.382270135815
442.98155945995484,-185.44187220192723,2333.643011763489,5936.122986870704,10851845.750606231,-30644005.666367058,34721.50927700415
442.9815594601117,-185.4401658137185,2333.638193175837,5936.122992330455,10901201.440488013,-30783378.826948542,34879.42748589571
442.9815594602677,-185.43846160554315,2333.633380744276,5936.122997783231,10950732.396111598,-30923246.91203489,35037.90647414405
442.9815594604228,-185.43675964027872,2333.6285746463636,5936.12300322883,11000437.07613607,-31063605.56910756,35196.94131008279
442.9815594605772,-185.43505684081964,2333.623766192809,5936.123008677098,11050406.267665228,-31204711.167505674,35356.822475657515
442.98155946073086,-185.43335512172075,2333.6189607900315,5936.12301412191,11100584.959520688,-31346408.36380647,35517.3739573877
442.9815594608838,-185.43165389684708,2333.614156782873,5936.123019565141,11150991.32995822,-31488748.490712754,35678.65391832606
442.981559461036,-185.42995256915418,2333.609352485368,5936.1230250087,11201644.22121298,-31631784.755906813,35840.72264599029
442.98155946118754,-185.42825117019171,2333.604547986609,5936.123030452487,11252543.973738067,-31775518.120777793,36003.581229692354
442.98155946133835,-185.4265503745045,2333.5997451914095,5936.123035894344,11303671.541107042,-31919894.801037453,36167.16872858519
442.98155946148853,-185.4248489323992,2333.594940570821,5936.123041338269,11355065.755197667,-32065024.452159114,36331.60938894311
442.9815594616379,-185.4231488132283,2333.5901396860036,5936.1230467779615,11406668.242520263,-32210742.23605076,36496.716439251846
442.98155946178656,-185.42144941673524,2333.585340841921,5936.123052215342,11458498.040155616,-32357101.910609867,36662.55079045616
442.9815594619344,-185.41975144005724,2333.5805460071865,5936.123057648179,11510534.684855655,-32504045.690653704,36829.04696845386
442.98155946208163,-185.41805296369645,2333.5757497614213,5936.123063082616,11562838.075046346,-32651742.72046858,36996.396623937435
442.9815594622282,-185.41635467399735,2333.570954042761,5936.123068516455,11615388.427588806,-32800137.1353994,37164.5364588785
442.9815594623739,-185.41465793297002,2333.5661626973206,5936.123073945339,11668144.498035356,-32949112.467232607,37333.334507756575
442.981559462519,-185.41296146214032,2333.5613721148784,5936.1230793733575,11721146.922770131,-33098783.46710034,37502.92079053519
442.98155946266337,-185.4112652980768,2333.5565823986985,5936.123084800395,11774395.728342386,-33249150.209973764,37673.29539216119
442.9815594628071,-185.40956880551244,2333.551791754881,5936.123090228484,11827912.169197597,-33400272.71525995,37844.526318247896
442.9815594629501,-185.40787403904088,2333.5470059852937,5936.12309565105,11881632.425437454,-33551970.765015304,38016.40937098029
442.9815594630923,-185.40618037665826,2333.5422233334903,5936.123101070083,11935576.881754722,-33704301.92259402,38189.00977311542
442.98155946323413,-185.4044837770042,2333.537432387267,5936.123106498514,11989876.004976887,-33857634.60699988,38362.744965636586
442.98155946337516,-185.40278902531915,2333.5326466594347,5936.123111921032,12044378.227913193,-34011540.81492736,38537.129994947805
442.98155946351545,-185.4010954920511,2333.5278643722318,5936.123117339653,12099104.421516417,-34166079.48285694,38712.23163964113
442.98155946365506,-185.39940253584015,2333.5230837145527,5936.123122756427,12154076.234204445,-34321311.74271543,38888.11916588196
442.981559463794,-185.3977101974082,2333.51830480139,5936.123128171224,12209293.410957891,-34477236.87436586,39064.791757711566
442.98155946393223,-185.39601851801743,2333.513527749262,5936.123133583913,12264755.657818673,-34633854.04771412,39242.24847458321
442.9815594640699,-185.39432613879794,2333.508748720921,5936.123138998841,12320508.89574091,-34791292.93673555,39420.63624494309
442.98155946420684,-185.39263519357868,2333.5039737419847,5936.12314440918,12376484.019901289,-34949358.39964083,39599.7339613576
442.9815594643431,-185.3909450280578,2333.4992009648013,5936.123149817025,12432703.532392731,-35108113.97900869,39779.61362140632
442.9815594644787,-185.38925497573612,2333.494428507275,5936.123155224507,12489190.7661252,-35267625.56352218,39960.34988094675
442.9815594646136,-185.3875664972375,2333.4896604939927,5936.123160626954,12545897.877914924,-35427758.05111403,40141.78966117667
442.98155946474793,-185.38587749762337,2333.4848910091573,5936.123166031069,12602896.360143077,-35588713.32568345,40324.161708747415
442.9815594648817,-185.38418800250395,2333.480120125088,5936.123171436769,12660186.99319219,-35750493.59091517,40507.46852056688
442.98155946501475,-185.38249948372464,2333.4753519980586,5936.1231768393445,12717721.153174613,-35912961.540149756,40691.55451989678
442.9815594651472,-185.38081126120878,2333.4705847076334,5936.123182240973,12775523.11050932,-36076185.70945689,40876.497362243565
442.981559465279,-185.37912337177198,2333.4658183577744,5936.123187641535,12833592.866230374,-36240166.10175662,41062.29705091582
442.9815594654102,-185.37743585273444,2333.461053053868,5936.123193040912,12891930.385469578,-36404902.61858631,41248.95347434944
442.9815594655408,-185.37574874192555,2333.456288902739,5936.123198438983,12950535.59660008,-36570395.057682335,41436.46640336751
442.98155946567067,-185.37406281718725,2333.451528100897,5936.123203833259,13009382.516033921,-36736570.04523946,41624.752701017016
442.9815594657998,-185.37237887031807,2333.446772884265,5936.123209221207,13068444.149481902,-36903351.35338179,41813.725996510504
442.98155946592846,-185.37069397607362,2333.442014992386,5936.123214612186,13127824.281301389,-37071032.053768106,42003.71835773853
442.98155946605647,-185.36900965340536,2333.437258714553,5936.1232200013355,13187470.928753091,-37239465.35483928,42194.56346099857
442.9815594661838,-185.36732669583066,2333.4325062915423,5936.123225386118,13247356.956050081,-37408574.62915076,42386.17448276777
442.9815594663106,-185.36564288530084,2333.4277514599125,5936.123230773629,13307562.62563734,-37578586.52596346,42578.80823034803
442.98155946643686,-185.3639590026946,2333.4229964247497,5936.123236161371,13368061.730514996,-37749427.040589966,42772.380851958755
442.98155946656243,-185.36227660640253,2333.418245586718,5936.123241544357,13428799.395159867,-37920941.21267773,42966.71676816109
442.9815594666874,-185.36059498259985,2333.4134969300817,5936.123246924873,13489802.28896474,-38093204.35264329,43161.90131020562
442.9815594668118,-185.35891263388427,2333.4087462263988,5936.123252307707,13551126.21444441,-38266374.03852626,43358.11302352874
442.9815594669355,-185.35723267816306,2333.404002280178,5936.123257682884,13612658.580722544,-38440132.33036217,43554.99166294756
442.98155946705873,-185.35555129420928,2333.3992543008394,5936.123263062632,13674540.602713885,-38614877.99816186,43752.98905896953
442.98155946718134,-185.35387083763203,2333.394508940275,5936.123268439412,13736687.231928935,-38790370.87758334,43951.833090889566
442.98155946730327,-185.35219213813218,2333.389768541437,5936.12327381057,13799068.588790454,-38966526.59312447,44151.42815616759
442.9815594674247,-185.35051288844141,2333.3850265889414,5936.123279183488,13861771.616786703,-39143590.66032319,44352.05243873688
442.9815594675455,-185.3488346966685,2333.380287623849,5936.123284553022,13924737.666346766,-39321397.46147492,44553.51828373507
442.98155946766576,-185.34715601958206,2333.3755472883036,5936.123289924109,13988026.026987048,-39500114.42139554,44756.015393590795
442.9815594677855,-185.3454776818621,2333.3708079110784,5936.123295294109,14051607.196597554,-39679658.23049454,44959.4493735062
442.9815594679046,-185.34379972074169,2333.366069597315,5936.1233006629045,14115481.126437025,-39860028.75113381,45163.820067529006
442.9815594680231,-185.34212378599725,2333.361337005737,5936.123306025217,14179585.918007284,-40041051.19111924,45368.929425546085
442.9815594681411,-185.34044669913797,2333.3566011607572,5936.123311391216,14244044.478534654,-40223072.62226023,45575.17070088013
442.9815594682585,-185.33877010367425,2333.351866703406,5936.123316755642,14308795.401229896,-40405919.6408759,45782.34741668738
442.98155946837534,-185.33709485595423,2333.3471360518834,5936.123322115756,14373806.6858711,-40589501.88307756,45990.35718522407
442.9815594684917,-185.3354185446233,2333.342402396881,5936.123327479273,14439173.423772927,-40774087.87265852,46199.504260166505
442.98155946860743,-185.33374366120088,2333.3376727740806,5936.123332838221,14504799.957142249,-40959407.486174144,46409.48257533682
442.98155946872254,-185.3320702577614,2333.332947330533,5936.123338192434,14570685.029378043,-41145457.17516921,46620.288110120935
442.9815594688372,-185.33039589098252,2333.3282191666576,5936.123343549729,14636926.305812992,-41332512.73208279,46832.233354009804
442.9815594689512,-185.32872308757752,2333.3234954175186,5936.1233489020215,14703425.27344419,-41520295.97078061,47045.003105311225
442.98155946906485,-185.32704854303788,2333.318766751673,5936.123354259886,14770314.978033682,-41709182.59279581,47259.02305655411
442.9815594691779,-185.3253747963161,2333.3140403387474,5936.123359615197,14837495.911646422,-41898891.60245305,47473.97482266655
442.9815594692904,-185.32370189089312,2333.3093163015246,5936.123364967816,14904967.500585772,-42089421.37971797,47689.85656805175
442.9815594694023,-185.32202987081303,2333.304594764379,5936.123370317603,14972729.118622812,-42280770.15621281,47906.66628903091
442.98155946951374,-185.32035792571753,2333.299873438979,5936.12337566715,15040814.986376096,-42473034.565897636,48124.51347771735
442.98155946962453,-185.318687806847,2333.295157270568,5936.123381010853,15109154.896005884,-42666016.35222806,48343.17349747185
442.9815594697347,-185.31701957161667,2333.2904464212775,5936.12338634853,15177747.07356425,-42859710.50583779,48562.64067237983
442.98155946984434,-185.31535154477433,2333.2857361604442,5936.123391685541,15246661.455801763,-43054314.51775554,48783.13877170501
442.98155946995365,-185.31368114966298,2333.28101921197,5936.123397030128,15316006.827798273,-43250135.58093999,49005.015863623645
442.9815594700623,-185.31201363374996,2333.2763103939255,5936.123402365503,15385566.885110356,-43446562.88366914,49227.57986156247
442.98155947017045,-185.31034555462114,2333.271599985443,5936.123407702681,15455486.233161295,-43644004.77024792,49451.293444282455
442.981559470278,-185.3086795845509,2333.26689553263,5936.12341303311,15525654.100724207,-43842148.43913251,49675.80218874163
442.9815594703852,-185.30701135197933,2333.262184690848,5936.123418370778,15596256.3755835,-44041518.809903376,49901.700860529105
442.98155947049185,-185.30534442064476,2333.257477523566,5936.123423704284,15667144.254111938,-44241695.68314919,50128.513348332366
442.98155947059786,-185.30367973536363,2333.252776698807,5936.123429030602,15738278.201243294,-44442567.41769651,50356.11315595894
442.98155947070353,-185.30201286572816,2333.2480697057545,5936.12343436391,15809849.256511318,-44644673.48090319,50585.11153250837
442.98155947080863,-185.30034742530958,2333.243366748599,5936.123439692645,15881704.24585089,-44847581.331888415,50815.018383037794
442.9815594709132,-185.29868255915517,2333.23866541308,5936.123445019542,15953881.19052355,-45051398.337065294,51045.955360178064
442.98155947101736,-185.2970173964635,2333.233963240184,5936.123450347388,16026419.522056585,-45256235.84522864,51278.04862883902
442.981559471121,-185.29535288067558,2333.2292628940486,5936.123455673164,16099279.80666569,-45461982.50121017,51511.172016889286
442.981559471224,-185.29369089159195,2333.224569682952,5936.123460990856,16172380.538422873,-45668408.14433706,51745.06473838517
442.98155947132665,-185.29202687866442,2333.2198707568195,5936.1234663150235,16245923.498492379,-45876082.57474125,51980.37241129132
442.9815594714287,-185.29036548488014,2333.21517922676,5936.123471630811,16319705.090275789,-46084430.86577351,52216.44360898934
442.9815594715303,-185.28870305078618,2333.21048475902,5936.123476949926,16393889.12799935,-46293915.604554266,52453.802470626346
442.98155947163144,-185.28704146667513,2333.205792691506,5936.123482266322,16468393.133894201,-46504303.88607599,52692.18510076164
442.98155947173206,-185.2853807764569,2333.2011031482125,5936.123487579857,16543216.39628708,-46715593.70067876,52931.58922232915
442.98155947183216,-185.28372102460602,2333.1964162547297,5936.1234928903905,16618358.144018969,-46927782.87072369,53172.0123679325
442.98155947193186,-185.2820603582941,2333.1917267789445,5936.1234982038495,16693904.089795675,-47141113.43620128,53413.72878349981
442.981559472031,-185.28040165702103,2333.187042852138,5936.123503511021,16769724.741055101,-47355219.72928895,53656.32414530226
442.98155947212973,-185.27874210712517,2333.1823565289465,5936.123508820909,16845950.199125443,-47570469.136874616,53900.21472487351
442.98155947222796,-185.27708365309505,2333.1776733003176,5936.123514127289,16922492.93087915,-47786614.4783663,54145.1204516735
442.9815594723258,-185.27542440952675,2333.1729878421497,5936.123519436196,16999441.72424133,-48003906.477718495,54391.32541108606
442.9815594724231,-185.27376633926582,2333.1683056972283,5936.123524741349,17076707.30292799,-48222093.03192351,54638.54395517678
442.98155947252,-185.27210754037466,2333.163621494763,5936.123530048833,17154380.03860894,-48441429.337196395,54887.06523667082
442.98155947261637,-185.27045097378416,2333.158943595984,5936.123535349176,17232322.676313203,-48661527.80582121,55136.45009527625
442.98155947271226,-185.268794734238,2333.15426662073,5936.123540648471,17310625.89676964,-48882644.50674997,55386.988672581916
442.9815594728077,-185.2671388583768,2333.1495906724685,5936.123545946603,17389289.645291876,-49104779.28555647,55638.6807936136
442.98155947290263,-185.2654843762978,2333.1449186600416,5936.123551240275,17468266.304643005,-49327797.678213924,55891.374102507514
442.9815594729972,-185.26382834677304,2333.140242277857,5936.123556538899,17547698.258698277,-49552101.75570455,56145.52416997107
442.9815594730913,-185.26217378682716,2333.135570045545,5936.12356183282,17627442.761597216,-49777288.42485345,56400.6742670908
442.9815594731849,-185.2605197421687,2333.130899268329,5936.123567125092,17707547.066204686,-50003491.120754704,56656.9755838876
442.981559473278,-185.2588672631112,2333.1262329121378,5936.123572412356,17787961.535011854,-50230569.67443273,56914.26930044613
442.98155947337074,-185.257214371695,2333.121565391507,5936.123577700939,17868783.980947316,-50458800.29511563,57172.86837850449
442.981559473463,-185.25556211470916,2333.1168996624133,5936.123582987491,17949965.112891447,-50688043.791979656,57432.61510645244
442.98155947355485,-185.2539095079443,2333.1122329455957,5936.1235882751635,18031555.171134785,-50918442.036166675,57693.67023286253
442.9815594736463,-185.25225657872608,2333.1075653182174,5936.123593563867,18113555.040411886,-51149997.52603608,57956.03658852686
442.98155947373726,-185.25060542342578,2333.102902700121,5936.123598846895,18195862.205513056,-51382420.77381419,58219.38616631317
442.98155947382776,-185.2489550593919,2333.0982423164437,5936.123604127391,18278526.738208923,-51615853.17476756,58483.87917559856
442.9815594739178,-185.24730552949939,2333.093584288258,5936.123609405218,18361547.921420656,-51850292.703971766,58749.51332202134
442.98155947400744,-185.24565582870318,2333.0889257774656,5936.123614683593,18444978.12549644,-52085887.247536086,59016.45616947545
442.98155947409674,-185.24400493346005,2333.084263893732,5936.123619965789,18528871.651116475,-52322790.1425416,59284.88145813512
442.98155947418564,-185.242353917564,2333.0796016692925,5936.12362524837,18613176.465162054,-52560854.45516514,59554.622703104076
442.981559474274,-185.24070600005703,2333.074948194245,5936.123630521039,18697729.157077618,-52799618.73819252,59825.157056817865
442.9815594743619,-185.23905805234332,2333.070294633898,5936.123635793803,18782691.182342317,-53039538.917991616,60097.00111138863
442.9815594744494,-185.23741117854422,2333.065644106127,5936.123641063132,18868007.301262796,-53280459.00584723,60369.97812218054
442.9815594745365,-185.2357643479339,2333.0609937003146,5936.123646332322,18953732.575740084,-53522534.48841536,60644.264264966034
442.9815594746232,-185.2341165107939,2333.0563404522113,5936.123651604733,19039924.104392506,-53765926.60374008,60920.0422321876
442.9815594747095,-185.23246985982482,2333.0516905536792,5936.123656873348,19126469.232724484,-54010317.23220561,61196.95157510656
442.98155947479535,-185.23082444328446,2333.047044140991,5936.123662138015,19213366.61996091,-54255702.58766155,61474.988003785846
442.9815594748807,-185.22918031003,2333.0424013521124,5936.123667398575,19300614.846960314,-54502078.6626625,61754.14697754776
442.98155947496576,-185.22753530533078,2333.0377561024025,5936.123672661924,19388330.229813557,-54749773.91662721,62034.80066075227
442.98155947505035,-185.22589166343633,2333.0331147010515,5936.123677920912,19476395.582815204,-54998457.434474155,62316.57410662516
442.9815594751346,-185.2242472106402,2333.0284710098344,5936.1236831824945,19564929.309332274,-55248463.56978087,62599.846157964304
442.98155947521843,-185.22260308500148,2333.0238282424616,5936.12368844303,19653872.487588894,-55499625.93617631,62884.428288961775
442.9815594753019,-185.22095932297432,2333.0191865018737,5936.123693702402,19743225.04837334,-55751944.33821682,63170.320278168125
442.9815594753849,-185.21931596150964,2333.014545892415,5936.123698960493,19832986.8659799,-56005418.42092806,63457.52172337598
442.9815594754675,-185.2176741705583,2333.009909717853,5936.123704213559,19923095.450735696,-56259871.72272612,63745.83268295273
442.98155947554966,-185.21603400351438,2333.0052781289655,5936.123709461429,20013548.80536611,-56515298.603603184,64035.24676642886
442.9815594756315,-185.21439208599523,2333.000641596995,5936.1237147148995,20104535.282009553,-56772230.942110546,64326.366624327755
442.9815594757129,-185.21275186997508,2332.996009869806,5936.123719962926,20195865.827174705,-57030134.87918013,64618.58736208091
442.981559475794,-185.21111110416788,2332.9913765900997,5936.123725212711,20287667.564741977,-57289369.393828176,64912.31572459556
442.98155947587463,-185.2094709714098,2332.98674509803,5936.123730460471,20379876.520407088,-57549753.832091466,65207.347020020134
442.9815594759549,-185.2078315122569,2332.9821155081218,5936.123735706076,20472492.134574767,-57811286.613755815,65503.67945787651
442.98155947603476,-185.20619276779846,2332.977487936405,5936.123740949394,20565513.77999446,-58073965.96755852,65801.31103121708
442.9815594761142,-185.20455477966138,2332.9728625004277,5936.123746190293,20658940.76028205,-58337789.92701394,66100.23951189482
442.9815594761933,-185.20291759001466,2332.968239319269,5936.123751428637,20752772.30842333,-58602756.32618752,66400.46244577508
442.9815594762721,-185.20127887153575,2332.9636118209146,5936.123756671872,20847144.401603922,-58869249.144518584,66702.41490475443
442.98155947635047,-185.1996410159953,2332.958986759371,5936.123761912346,20941921.878803752,-59136886.70729847,67005.66442833534
442.9815594764285,-185.19800287125494,2332.954360881169,5936.123767153746,21037173.486725878,-59405863.145037934,67310.4309781117
442.9815594765061,-185.1963668677718,2332.9497410495605,5936.123772388294,21132759.450534046,-59675783.75429457,67616.26733124373
442.98155947658336,-185.19473065322626,2332.9451206219433,5936.1237776235175,21228818.728606623,-59947040.932954594,67923.6180982368
442.98155947666027,-185.19309425654725,2332.940499680008,5936.123782859324,21325352.133401327,-60219636.9752783,68232.4858786264
442.98155947673683,-185.19145770708784,2332.9358783066436,5936.123788095619,21422360.433498394,-60493574.05162249,68542.87313155786
442.98155947681295,-185.18982348114443,2332.9312634945445,5936.123793324479,21519698.281718895,-60768441.72307408,68854.31480495272
442.9815594768887,-185.18818918467375,2332.9266484832865,5936.123798553565,21617509.680732146,-61044646.63185008,69167.27164900348
442.98155947696415,-185.18655484849043,2332.922033359886,5936.123803782779,21715795.220154744,-61322190.442940444,69481.74555024433
442.9815594770392,-185.18492174386327,2332.9174217142177,5936.123809008052,21814480.328486413,-61600862.57746953,69797.49791009047
442.9815594771139,-185.18328867376187,2332.912810166045,5936.123814233215,21913639.196118977,-61880872.53811914,70114.76610773409
442.98155947718817,-185.18165692173,2332.9082023399055,5936.12381945416,22013195.711809635,-62162005.3980087,70433.30661803817
442.98155947726207,-185.18002653751822,2332.9035983762874,5936.123824670729,22113148.08441569,-62444256.09921643,70753.11371007188
442.98155947733574,-185.1783937833929,2332.8989877203844,5936.12382989488,22213728.341782346,-62728279.854022965,71074.92977892309
442.98155947740906,-185.176761195574,2332.8943775341063,5936.123835118499,22314783.68094678,-63013645.169485405,71398.26591702593
442.981559477482,-185.17513008236688,2332.8897715119133,5936.123840337401,22416234.85285153,-63300128.25799918,71722.86855950792
442.9815594775546,-185.1734992157079,2332.8851661859358,5936.123845555513,22518159.94470003,-63587949.62626512,72048.98755377941
442.9815594776268,-185.17186991654614,2332.8805652863384,5936.12385076861,22620478.067753315,-63876880.856460854,72376.36408865155
442.98155947769857,-185.1702422380154,2332.875968963163,5936.1238559765225,22723186.93472518,-64166915.489628784,72704.99084573524
442.98155947777013,-185.16861234129104,2332.8713663761373,5936.123861191531,22826531.5588202,-64458745.40678176,73035.65176800676
442.98155947784136,-185.1669828345994,2332.866764890506,5936.123866405293,22930349.918881852,-64751913.08416277,73367.82845341557
442.98155947791224,-185.16535375502224,2332.862164610983,5936.123871617687,23034641.811147176,-65046417.94637538,73701.52025000275
442.9815594779827,-185.1637264554633,2332.8575693579683,5936.123876824386,23139322.148303624,-65342019.71944704,74036.45491284519
442.98155947805293,-185.16209834935253,2332.8529718273703,5936.123882033666,23244559.42214094,-65639194.19924497,74373.17154739788
442.9815594781228,-185.16047078465485,2332.8483758256425,5936.123887241213,23350269.193312738,-65937702.94155712,74711.39998196685
442.9815594781922,-185.15884646716447,2332.8437889935476,5936.123892438371,23456276.52147917,-66237051.94076559,75050.58047834974
442.9815594782614,-185.15722011528058,2332.8391964166267,5936.123897642037,23562928.114436023,-66538220.24835181,75391.82236100844
442.98155947833015,-185.15559576925347,2332.8346095039483,5936.1239028392865,23669961.63209562,-66840467.0547505,75734.28624796154
442.98155947839876,-185.15396808171195,2332.830013155328,5936.123908047227,23777732.680800594,-67144796.53962187,76079.10993541518
442.981559478467,-185.1523424696419,2332.8254226675313,5936.123913248527,23885885.82731873,-67450205.0121439,76425.15618104642
442.98155947853485,-185.1507176292355,2332.820834358799,5936.123918447358,23994509.089335144,-67756941.02122734,76772.7066057832
442.9815594786024,-185.14909360271088,2332.8162483483484,5936.123923643585,24103601.529622853,-68065001.92028202,77121.75821087896
442.98155947866957,-185.14747043283262,2332.81166475694,5936.123928837071,24213162.12607362,-68374384.82302557,77472.30772600148
442.9815594787364,-185.145848162916,2332.80708370689,5936.123934027677,24323189.769903243,-68685086.59841558,77824.35160349059
442.98155947880304,-185.14422405903244,2332.8024974779887,5936.123939224151,24433873.027132284,-68997639.7289749,78178.49317820588
442.98155947886926,-185.14260231338022,2332.797917908384,5936.123944413081,24544928.636100333,-69311244.32571445,78533.82612761056
442.9815594789352,-185.1409801866984,2332.793337262808,5936.1239496032285,24656545.912675265,-69626434.98861487,78890.95618577176
442.98155947900074,-185.13936052122358,2332.7887635673164,5936.123954785502,24768530.969675157,-69942664.2089815,79249.26299226967
442.981559479066,-185.13774055346843,2332.78418901823,5936.123959968742,24881076.53002608,-70260476.20782284,79609.36318237713
442.98155947913096,-185.1361203107944,2332.7796136928127,5936.123965152862,24994183.722454395,-70579874.17249504,79971.26036756116
442.98155947919565,-185.1344998209699,2332.7750376694794,5936.123970337773,25107853.62787371,-70900861.15533806,80334.95800630732
442.98155947926,-185.13288054588133,2332.7704650763803,5936.123975518797,25221985.981787875,-71223154.02426003,80700.13529285468
442.98155947932406,-185.1312610934625,2332.765891982527,5936.1239807003885,25336681.15805693,-71547036.22018024,81067.1133828843
442.98155947938784,-185.12964149282521,2332.7613184701268,5936.123985882455,25451940.05794114,-71872510.28812426,81435.89516006384
442.9815594794513,-185.12802322686213,2332.7567487266488,5936.12399106025,25567659.351696774,-72199284.4401949,81806.15001108218
442.98155947951443,-185.12640488540868,2332.752178769997,5936.123996238287,25683942.050961062,-72527649.5660037,82178.20753143853
442.9815594795773,-185.12478649896062,2332.7476086862875,5936.124001416468,25800788.862787355,-72857607.6621646,82552.0699834171
442.9815594796398,-185.12316957172806,2332.7430427231866,5936.12400658998,25918093.29534181,-73188858.01150613,82927.39663629969
442.98155947970207,-185.12155267521786,2332.738476846841,5936.124011763393,26035961.063970953,-73521699.13851458,83304.52573635975
442.981559479764,-185.11993732805232,2332.733915345615,5936.12401693185,26154283.504781757,-73855824.19244488,83683.10960316974
442.9815594798256,-185.11832208942343,2332.7293541508807,5936.124022099959,26273168.163008876,-74191536.86511648,84063.49233790366
442.9815594798869,-185.11670699225573,2332.724793355612,5936.124027267615,26392615.378060054,-74528838.11496659,84445.67502652877
442.981559479948,-185.11509206993452,2332.7202330540836,5936.124032434712,26512625.4221988,-74867728.71082704,84829.65854017799
442.98155948000874,-185.11347735631045,2332.715673341885,5936.124037601141,26633198.498870846,-75208209.22719848,85215.44352979523
442.9815594800692,-185.11186288570397,2332.7111143159323,5936.124042766793,26754334.741005097,-75550280.03945242,85603.03042069908
442.9815594801294,-185.11024869290986,2332.7065560744804,5936.124047931556,26876034.209288847,-75893941.31896082,85992.41940706434
442.9815594801893,-185.1086363478738,2332.702003050824,5936.124053090406,26998180.34860163,-76238863.93132073,86383.23755973317
442.9815594802489,-185.1070228239901,2332.697446698276,5936.124058253029,27121005.05865563,-76585702.72698407,86776.22686381971
442.9815594803082,-185.10541123388668,2332.6928958064373,5936.124063409465,27244273.974767294,-76933795.89478473,87170.63744730025
442.9815594803672,-185.10380007972404,2332.688346145631,5936.124068564505,27368103.361600522,-77283471.74891934,87566.84130998928
442.9815594804259,-185.10218939883143,2332.683797821269,5936.1240737180315,27492492.860469077,-77634729.27651104,87964.83730423616
442.98155948048435,-185.10057922903923,2332.679250940179,5936.124078869922,27617442.02927583,-77987567.22914304,88364.62401550925
442.9815594805425,-185.09896960868343,2332.674705610616,5936.124084020055,27742950.340610925,-78341984.11748795,88766.19975631069
442.98155948060037,-185.09736057661004,2332.670161942275,5936.1240891683055,27869017.179824445,-78697978.20586543,89169.5625600098
442.98155948065795,-185.09575217217946,2332.665620046305,5936.124094314548,27995641.843073864,-79055547.5067284,89574.71017459569
442.98155948071525,-185.094144435271,2332.6610800353183,5936.124099458654,28122823.535346355,-79414689.77507833,89981.64005634945
442.9815594807724,-185.09253419455572,2332.656532953952,5936.124104610772,28250817.27405932,-79776125.1423439,90391.16815767475
442.98155948082916,-185.0909262866721,2332.651992460157,5936.124109755426,28379241.818659928,-80138777.04165068,90802.07466327965
442.98155948088566,-185.0893191543867,2332.6474541565362,5936.124114897598,28508222.8848559,-80503000.47554374,91214.76181248938
442.98155948094194,-185.08771121173186,2332.642913564552,5936.124120042363,28637890.916785587,-80869163.79895607,91629.64697369118
442.98155948099793,-185.08610411422754,2332.638375359148,5936.124125184424,28768115.545578633,-81236898.86950032,92046.3130193249
442.98155948105364,-185.08449790476982,2332.633839661456,5936.124130323644,28898895.453745704,-81606201.9667817,92464.75573395849
442.98155948110906,-185.08289262680472,2332.6293065941613,5936.124135459883,29030229.218594983,-81977069.07332917,92884.97056555461
442.98155948116425,-185.08128666665434,2332.6247716004764,5936.124140598305,29162251.911967196,-82349881.61202206,93307.38968927301
442.98155948121916,-185.07968171149145,2332.6202394447273,5936.124145733511,29294827.85537106,-82724256.44688967,93731.57898891797
442.9815594812738,-185.07807780634383,2332.615710254066,5936.1241508653575,29427955.331843197,-83100188.72948164,94157.5329709024
442.9815594813282,-185.07647331641834,2332.6111794120784,5936.124155999075,29561772.99516843,-83478069.9975571,94585.69527115574
442.98155948138236,-185.07486826496802,2332.606646984428,5936.1241611345895,29696282.85361468,-83857905.92216735,95016.07231532162
442.98155948143625,-185.07326437132983,2332.6021178262677,5936.124166266399,29831343.734401636,-84239297.8522829,95448.2124077057
442.98155948148985,-185.07166168263996,2332.597592070703,5936.124171394353,29966953.522348173,-84622239.81494546,95882.1087805854
442.9815594815432,-185.0700602466195,2332.593069852491,5936.1241765182995,30103109.97963805,-85006725.49089329,96317.75427385556
442.9815594815963,-185.06845667369353,2332.5885415999746,5936.124181649083,30240105.151758526,-85393579.5733419,96756.0833147397
442.98155948164913,-185.06685614617618,2332.584021947241,5936.124186770123,30377499.076182667,-85781559.67325649,97195.68820142273
442.9815594817017,-185.0652552677021,2332.5795013034576,5936.124191892285,30515584.98543911,-86171493.83588164,97637.5071591796
442.98155948175406,-185.06365406464116,2332.574979743089,5936.124197015486,30654364.38365248,-86563386.30864258,98081.54500059964
442.98155948180613,-185.06205431418155,2332.5704622846515,5936.1242021340395,30793685.908182174,-86956809.66585316,98527.31742656449
442.98155948185797,-185.06045430899263,2332.565944106896,5936.124207253408,30933700.888799332,-87352191.24038105,98975.30863102357
442.9815594819095,-185.05885584313404,2332.561430275982,5936.124212367851,31074254.921636667,-87749095.01856619,99425.02458416538
442.9815594819609,-185.05725541999828,2332.5569109180065,5936.1242174885565,31215659.153764125,-88148399.63366543,99877.46083053821
442.981559482012,-185.05565660894655,2332.5523961123176,5936.124222604104,31357601.874491166,-88549224.86084081,100331.62002223625
442.9815594820629,-185.05405767265432,2332.547880952968,5936.124227720053,31500239.829650465,-88952013.32711591,100788.00368241128
442.9815594821135,-185.05246043931493,2332.5433706025055,5936.1242328305525,31643412.38376258,-89356311.42168058,101246.09784261794
442.98155948216385,-185.05086315646471,2332.5388601122318,5936.124237941211,31787279.039940394,-89762569.55770947,101706.41284818742
442.98155948221404,-185.04926403942932,2332.5343444424902,5936.124243057737,31932005.270214513,-90171255.00371705,102169.47814256906
442.9815594822639,-185.04766856444863,2332.529839057372,5936.1242481626105,32077097.79096979,-90580974.79981016,102633.71541807095
442.9815594823135,-185.04607314914813,2332.525333840782,5936.124253267293,32222883.48949224,-90992652.02728528,103100.17058155492
442.9815594823629,-185.04447782541158,2332.520828882755,5936.124258371683,32369362.895608034,-91406288.18229307,103568.84532825001
442.9815594824121,-185.04288262557168,2332.5163242745934,5936.124263475676,32516536.459116828,-91821884.53500119,104039.74109733288
442.9815594824611,-185.04128572565313,2332.511814865662,5936.124268585109,32664577.09289253,-92239929.3657639,104513.41113993642
442.98155948250974,-185.0396927291837,2332.5073164794926,5936.124273682052,32812967.44522614,-92658961.74995452,104988.20014022068
442.9815594825582,-185.0380980995854,2332.5028134816093,5936.124278784221,32962225.34895382,-93080443.97083162,105465.76495343758
442.9815594826065,-185.03650372779205,2332.498311211729,5936.124283885565,33112178.368131157,-93503889.09481916,105945.55385443535
442.98155948265446,-185.03491153921502,2332.493815106928,5936.124288979923,33262647.405399546,-93928791.37749377,106426.993804236
442.9815594827022,-185.033319695401,2332.489319975687,5936.124294073178,33413808.140384108,-94355646.91210552,106910.64690645522
442.9815594827498,-185.03172632407512,2332.4848205309786,5936.124299171321,33565842.849343374,-94784970.4198205,107397.0963712627
442.9815594827971,-185.03013526875188,2332.4803276263187,5936.124304262053,33718387.94563466,-95215735.18579274,107885.17886872572
442.98155948284415,-185.0285446667612,2332.475836001803,5936.124309351335,33871623.81224837,-95648450.58487947,108375.47155132309
442.981559482891,-185.02695455528635,2332.471345762431,5936.124314439047,34025549.93371532,-96083115.16147205,108867.9727697623
442.98155948293766,-185.02536302908516,2332.466851528082,5936.124319531286,34180355.12930157,-96520262.11322106,109363.28666918591
442.98155948298404,-185.0237740033578,2332.4623643547,5936.1243246155245,34335661.57079257,-96958824.5091902,109860.20435240187
442.98155948303025,-185.02218362203007,2332.457873353304,5936.1243297041,34491849.112521864,-97399875.00177586,110359.94119936205
442.98155948307624,-185.02059386710667,2332.453384120781,5936.124334790672,34648727.41765784,-97842876.10794698,110861.888209329
442.98155948312194,-185.0190067566879,2332.448902355947,5936.124339868782,34806098.822767064,-98287269.65543376,111365.41293940821
442.9815594831675,-185.01741838287964,2332.4444170234888,5936.124344950935,34964353.65904922,-98734157.88175133,111871.76429127797
442.98155948321283,-185.01582875933494,2332.4399281619594,5936.124350037086,35123496.21715677,-99183552.90306698,112380.95599328761
442.98155948325797,-185.014239905597,2332.4354414742506,5936.1243551207735,35283328.53094408,-99634895.69229649,112892.35463398624
442.9815594833028,-185.01265387799364,2332.4309627671273,5936.124360195419,35443645.01943874,-100087605.71921225,113405.30243756271
442.9815594833475,-185.01106669832197,2332.4264808067337,5936.124365273751,35604850.4830529,-100542826.08024305,113921.09460131238
442.98155948339195,-185.0094804148637,2332.422001377114,5936.1243703492155,35766740.985188834,-100999980.88863198,114439.07861075683
442.9815594834362,-185.00789507082703,2332.417524600282,5936.124375421674,35929314.7000591,-101459064.98862562,114959.24862411604
442.98155948348017,-185.00631070997008,2332.4130505998037,5936.124380490986,36092569.667833984,-101920072.84595501,115481.59837072904
442.981559483524,-185.00472531565532,2332.4085736809934,5936.124385563606,36256717.69029593,-102383602.55749425,116006.80553047842
442.9815594835676,-185.00314097497653,2332.4040997374955,5936.124390632854,36421546.64431489,-102849055.11893122,116534.1913952995
442.98155948361097,-185.0015577332513,2332.3996288972794,5936.124395698585,36587054.20512101,-103316423.96546002,117063.74852687067
442.98155948365417,-184.99997354717837,2332.3951553903653,5936.124400767339,36753457.879270874,-103786323.30339226,117596.17285804024
442.98155948369714,-184.99839053341742,2332.390685193887,5936.124405832341,36920539.19851493,-104258136.21073782,118130.76537893215
442.9815594837399,-184.99680873888482,2332.386218440329,5936.1244108934425,37088295.449828066,-104731855.02631545,118667.5174089653
442.98155948378246,-184.99522609327096,2332.3817492834432,5936.124415957267,37256949.99281437,-105208110.48457628,119207.14360836835
442.9815594838248,-184.9936447432248,2332.377283785049,5936.124421016946,37426277.82062333,-105686267.19948919,119748.92404639156
442.98155948386693,-184.99206473730055,2332.372822082256,5936.124426072325,37596275.80776343,-106166316.34512888,120292.84872272851
442.9815594839089,-184.9904839778363,2332.3683582515773,5936.124431130115,37767173.31768945,-106648905.60993192,120839.65150749734
442.98155948395066,-184.98890248531828,2332.3638923508634,5936.124436190251,37938973.44194669,-107134043.72396451,121389.34229239034
442.9815594839922,-184.98732244695736,2332.359430556474,5936.124441245734,38111442.186030895,-107621069.92139202,121941.1723898075
442.98155948403354,-184.9857439134759,2332.354973011641,5936.124446296401,38284575.8735225,-108109973.82054995,122495.1300366959
442.9815594840747,-184.98416475009347,2332.3505136880613,5936.124451349085,38458612.15960799,-108601426.52449752,123051.97563335538
442.9815594841157,-184.982584978964,2332.346052648294,5936.124456403712,38633553.80989444,-109095435.8428996,123611.71802860791
442.98155948415643,-184.98100682864427,2332.3415961854535,5936.124461453154,38809157.47433919,-109591314.59126635,124173.57860092146
442.981559484197,-184.97942813602248,2332.337138191232,5936.124466504331,38985667.249328725,-110089752.06165211,124738.33835982597
442.98155948423744,-184.97784892447223,2332.3326787316337,5936.124471557168,39163085.66504994,-110590755.39893003,125306.00540089421
442.9815594842776,-184.976271454024,2332.3282241886495,5936.124476604435,39341162.13483308,-111093616.98344678,125875.77794831971
442.9815594843176,-184.97469577930525,2332.3237747165394,5936.124481645956,39519891.939228915,-111598323.4881765,126447.64090177721
442.98155948435743,-184.97311744226832,2332.319317726437,5936.124486695995,39699785.811262205,-112106317.14756157,127023.22839999899
442.98155948439705,-184.9715409711433,2332.3148660053935,5936.124491740064,39880332.65538938,-112616154.7034602,127600.90514433951
442.9815594844365,-184.96996414502277,2332.3104132818953,5936.124496785268,40061789.96735541,-113128563.2857311,128181.49501684638
442.9815594844757,-184.968389277446,2332.305966089035,5936.124501824206,40243894.58527423,-113642799.76417205,128764.15600611638
442.9815594845148,-184.96681412794734,2332.3015181000687,5936.124506864046,40426908.60606168,-114159604.26166706,129349.72671607956
442.98155948455366,-184.9652387233975,2332.2970693908755,5936.124511904703,40610833.8011507,-114678981.78048044,129938.21281460352
442.98155948459237,-184.96366309106577,2332.29262003846,5936.124516946087,40795671.86295687,-115200937.09974326,130529.61971673238
442.98155948463085,-184.96208958814083,2332.288176699174,5936.124521980659,40981149.14910548,-115724697.49390505,131123.07187774588
442.9815594846691,-184.96051827448713,2332.283739542066,5936.124527008225,41167259.43712196,-116250245.3916189,131718.5493882467
442.98155948470725,-184.958944509207,2332.279295461928,5936.1245320436365,41354557.15076605,-116779146.40349391,132317.82617961575
442.9815594847452,-184.9573706508644,2332.2748511189952,5936.124537079346,41542768.3171907,-117310626.87077464,132920.02564975512
442.98155948478296,-184.95579910111832,2332.270413295197,5936.124542107668,41731608.39131407,-117843883.28027993,133524.23736969946
442.98155948482054,-184.95422753929043,2332.265975437282,5936.124547136029,41921358.829175204,-118379710.42219149,134131.3618847289
442.98155948485794,-184.95265599587407,2332.2615376313584,5936.124552164331,42112020.54812509,-118918110.88697262,134741.40212999482
442.9815594848952,-184.95108450179623,2332.257099964759,5936.124557192476,42303594.36573616,-119459086.98332684,135354.36072139777
442.9815594849322,-184.94951550403607,2332.2526693473915,5936.124562212633,42495784.39174929,-120001803.16097218,135969.29093000214
442.981559484969,-184.9479466407567,2332.248239109778,5936.124567232359,42688882.27557525,-120547082.99466273,136587.12591574714
442.98155948500573,-184.946375506749,2332.2438024599637,5936.124572259351,42883190.63414235,-121095781.02979837,137208.83393018422
442.9815594850423,-184.9448045503154,2332.239366311592,5936.124577285776,43078413.25815058,-121647060.81517287,137833.46722357618
442.9815594850786,-184.94323626448116,2332.234937704598,5936.124582303655,43274242.528164245,-122200053.67904618,138460.041538375
442.98155948511476,-184.94166824538638,2332.2305098508364,5936.124587320681,43470980.724312656,-122755613.21574767,139089.52404851172
442.98155948515074,-184.94010052727117,2332.2260828469966,5936.124592336743,43668627.80891918,-123313739.31888406,139721.9146334364
442.98155948518655,-184.9385331448441,2332.2216567910905,5936.124597351732,43867183.62201068,-123874431.53671494,140357.2127812998
442.9815594852222,-184.93696613328663,2332.217231782465,5936.124602365534,44066647.87841826,-124437689.06396556,140995.41757967704
442.98155948525766,-184.93539952825742,2332.2128079218155,5936.124607378035,44267020.16483651,-125003510.73352264,141636.52770615826
442.98155948529296,-184.9338333658967,2332.2083853111963,5936.12461238912,44468299.93684203,-125571895.0080151,142280.54141880918
442.9815594853281,-184.93226768283054,2332.203964054034,5936.124617398671,44670486.51587035,-126142839.97127731,142927.45654649843
442.98155948536305,-184.93070251617524,2332.1995442551392,5936.12462240657,44873579.086151876,-126716343.31969678,143577.2704790939
442.98155948539784,-184.9291379035416,2332.1951260207197,5936.124627412696,45077576.69160734,-127292402.3534472,144229.98015752927
442.9815594854325,-184.92757130901876,2332.1907021897387,5936.124632425164,45282816.26510226,-127871968.5210542,144886.66363045038
442.98155948546696,-184.92600790756177,2332.1862873755026,5936.124637427415,45488623.6654317,-128453138.14756896,145545.16391916075
442.98155948550124,-184.92444517591775,2332.181874452719,5936.124642427523,45695332.38834758,-129036852.97561724,146206.5480749354
442.98155948553534,-184.92288315371863,2332.177463533303,5936.124647425361,45902940.88484723,-129623108.6310449,146870.8111415934
442.98155948556933,-184.92131925996998,2332.1730473289085,5936.124652429187,46111798.34222278,-130212891.16706386,147539.0703769803
442.9815594856031,-184.9197587657211,2332.1686407241978,5936.124657422137,46321204.39736407,-130804222.86194746,148209.08490292792
442.98155948563675,-184.91819645785455,2332.164228998099,5936.124662420889,46531862.16035755,-131399089.19447671,148883.10438681545
442.98155948567023,-184.91663499908086,2332.159819669713,5936.124667416924,46743418.63383766,-131996493.3523564,149559.9993801063
442.9815594857036,-184.91507176235888,2332.1554053206646,5936.1246724186485,46956235.7902047,-132597457.492051,150240.9280478116
442.98155948573674,-184.91351211648524,2332.1510011116397,5936.124677408883,47169586.10411012,-133199927.18969427,150923.56260360644
442.98155948576976,-184.91195075410525,2332.146592055455,5936.12468240461,47384198.92682293,-133805962.02528146,151610.2366760213
442.9815594858026,-184.91039038793554,2332.142185812421,5936.1246873971495,47599707.3014494,-134414525.76687667,152299.7761516858
442.98155948583536,-184.90882834405866,2332.13777483179,5936.124692395057,47816486.44803019,-135026677.98031932,152993.38158269235
442.9815594858679,-184.9072700908856,2332.1333745555457,5936.124697380836,48033780.6041265,-135640284.5043811,153688.63483546875
442.9815594859003,-184.9057102250959,2332.1289697255106,5936.124702371774,48252346.340471886,-136257481.782795,154387.95662980294
442.9815594859325,-184.9041515103804,2332.1245681459386,5936.124707359029,48471802.174124,-136877192.56421456,155090.12637485474
442.98155948596457,-184.90259399295545,2332.1201699473377,5936.124712342454,48692144.53834487,-137499406.7766998,155795.13265850785
442.98155948599646,-184.90103771960884,2332.11577526183,5936.124717321898,48913369.665220134,-138124113.7802185,156502.96342496312
442.98155948602823,-184.899479944664,2332.1113763360313,5936.124722306146,49135873.480793804,-138752431.6112978,157214.88547713368
442.98155948605984,-184.89792348373004,2332.106981120805,5936.124727286191,49359259.39840307,-139383240.36792082,157929.6298983939
442.9815594860913,-184.8963655666748,2332.1025817937075,5936.124732270894,49583930.56116862,-140017678.46657073,158648.486583378
442.98155948612265,-184.89480903535235,2332.098186379714,5936.124737251163,49809482.65612986,-140654604.18730974,159370.16189443806
442.9815594861538,-184.89325393916985,2332.093795018344,5936.124742226841,50035911.04954968,-141294004.44515026,160094.6410054929
442.98155948618484,-184.89169747098626,2332.089399782645,5936.124747206908,50263629.900998324,-141937048.7653979,160823.24905935148
442.9815594862157,-184.89014251258638,2332.0850088103525,5936.124752182145,50492222.96258763,-142582561.7256465,161554.6542314337
442.9815594862464,-184.88858911503044,2332.0806222456517,5936.124757152388,50721685.01801595,-143230528.5958325,162288.8398316879
442.981559486277,-184.88703443368868,2332.07623205573,5936.1247621267385,50952441.534903154,-143882150.83351934,163027.16718409985
442.9815594863074,-184.88548139083366,2332.071846492652,5936.124767095846,51184063.97555727,-144536218.31171456,163768.26514169705
442.9815594863377,-184.8839271165117,2332.067457452094,5936.124772068894,51416985.550341524,-145193954.3523424,164513.5198021067
442.9815594863678,-184.88237456024666,2332.0630732630743,5936.124777036445,51650769.36226726,-145854125.22299424,165261.533271994
442.9815594863978,-184.8808208265323,2332.058685749112,5936.124782007763,51885856.50422738,-146517976.50469103,166013.71686988717
442.98155948642767,-184.87926889240686,2332.0543033169224,5936.124786973323,52121801.55244415,-147184250.38663432,166768.64542018142
442.98155948645734,-184.87771881283754,2332.0499261217246,5936.12479193295,52358597.86644462,-147852928.11711162,167526.29767605395
442.9815594864869,-184.87616765366542,2332.0455458778883,5936.124796896031,52596698.56544519,-148525289.2377009,168288.1234353952
442.9815594865163,-184.87461843375957,2332.041171110253,5936.124801852907,52835645.06393444,-149200038.77081642,169052.65541038557
442.98155948654556,-184.87306819286323,2332.0367934594915,5936.12480681305,53075898.71160734,-149878479.49968895,169821.36973311196
442.9815594865747,-184.87151694725668,2332.0324129715773,5936.124811776407,53317465.06414251,-150560627.11273238,170594.28417949483
442.9815594866037,-184.8699677580459,2332.0280382906203,5936.124816733185,53559872.102982484,-151245148.69942784,171369.88848141028
442.98155948663253,-184.86842068364905,2332.0236695815847,5936.124821683196,53803111.85847383,-151932021.75465405,172148.15713919664
442.9815594866613,-184.86686963863687,2332.0192896601193,5936.1248266459115,54048149.11732335,-152623970.6932239,172932.17707938788
442.9815594866899,-184.86532077146725,2332.014915888559,5936.124831601659,54294020.499750376,-153318275.0732756,173718.8658770436
442.9815594867183,-184.86377414226988,2332.0105484367004,5936.124836550246,54540717.37160798,-154014910.5132566,174508.19590639215
442.9815594867466,-184.86222669748255,2332.006178681737,5936.1248415014425,54788731.13927448,-154715264.6720212,175301.73946872816
442.9815594867748,-184.86067845615034,2332.0018066774487,5936.124846455187,55038066.61566617,-155419351.1405325,176099.51196343367
442.98155948680284,-184.85913258041978,2331.997441353269,5936.124851401363,55288218.7694366,-156125743.78504336,176899.89749483668
442.98155948683075,-184.85758597580397,2331.9930739708257,5936.124856349871,55539692.50496572,-156835868.3807663,177704.51155236783
442.9815594868585,-184.8560418339546,2331.98871354287,5936.124861290499,55791972.91801912,-157548270.91438046,178511.7066511141
442.9815594868861,-184.8544970328704,2331.9843512533325,5936.124866233236,56045574.06624675,-158264403.00857747,179323.12756726122
442.9815594869136,-184.85295159366908,2331.979987161847,5936.124871178015,56300500.14980674,-158984276.52398205,180138.78773961338
442.981559486941,-184.8514055378055,2331.9756213289984,5936.124876124768,56556755.29453609,-159707903.11134702,180958.70036917718
442.98155948696825,-184.84986211658176,2331.971262935983,5936.1248810630905,56813804.39775274,-160433771.71992594,181781.15334419147
442.98155948699537,-184.8483181520378,2331.966903008711,5936.124886003151,57072180.455607794,-161163387.4519337,182607.8520363719
442.98155948702237,-184.84677366689138,2331.9625416113354,5936.124890944878,57331887.20334997,-161896760.85515964,183438.80839700086
442.98155948704925,-184.84522868421428,2331.9581788090068,5936.124895888196,57592928.28938478,-162633902.23216072,184274.03409949763
442.981559487076,-184.84368322743617,2331.953814667887,5936.1249008330315,57855307.272459514,-163374821.6323124,185113.54053041158
442.98155948710263,-184.84214062401705,2331.9494585842303,5936.124905768737,58118462.68393072,-164117933.55129707,185955.53121758852
442.98155948712906,-184.84060094321873,2331.9451107536224,5936.124910695092,58382381.98754648,-164863202.58859548,186799.966050102
442.98155948715544,-184.8390575875679,2331.940752545775,5936.124915633204,58648203.3947613,-165613842.88483056,187650.4868434076
442.9815594871817,-184.83751388583306,2331.9363933606373,5936.124920572424,58915364.992822394,-166368267.68158576,188505.29570438122
442.9815594872078,-184.83597322772263,2331.9320427702446,5936.124925501906,59183283.24945599,-167124829.1701182,189362.52556619182
442.9815594872337,-184.83443568504796,2331.9277009773814,5936.124930421419,59451944.45258842,-167883488.62956208,190222.1325557597
442.9815594872596,-184.83289454076458,2331.923349014108,5936.124935352456,59722529.41978216,-168647580.51388097,191087.89481082218
442.98155948728527,-184.8313565962128,2331.9190060864034,5936.124940273256,59993851.047042385,-169413752.6171571,191956.01407960567
442.98155948731085,-184.82981849945236,2331.9146627288837,5936.124945194542,60266503.378180444,-170183682.4311591,192828.3910616023
442.98155948733637,-184.828276837067,2331.9103093025674,5936.124950127237,60541102.84419484,-170959110.66575748,193706.99808623188
442.9815594873617,-184.82673850443294,2331.9059652789756,5936.124955049278,60816428.18756061,-171736588.67052215,194587.92762426322
442.98155948738696,-184.82520010452316,2331.901621065407,5936.124959971534,61093089.86931788,-172517840.29704502,195473.13290366833
442.9815594874121,-184.8236616664958,2331.8972767442006,5936.124964893912,61371089.48043094,-173302870.0379737,196362.61901488827
442.9815594874371,-184.82212321992702,2331.892932398874,5936.124969816317,61650428.47134193,-174091681.98914206,197256.3905987502
442.98155948746194,-184.8205883151728,2331.8885980551076,5936.1249747273905,61930464.33270214,-174882461.79927978,198152.3918856805
442.9815594874867,-184.81904995797373,2331.884253962148,5936.12497964951,62212479.80804113,-175678831.7461903,199054.72713521117
442.98155948751133,-184.8175152360469,2331.8799201346587,5936.124984559999,62495182.1249673,-176477141.23204866,199959.25999951529
442.98155948753583,-184.81598066055338,2331.8755867206755,5936.124989470019,62779215.77525782,-177279210.20620963,200868.05259113433
442.9815594875602,-184.81444626345134,2331.8712538104432,5936.124994379467,63064581.273814246,-178085040.12267894,201781.10655754464
442.9815594875845,-184.81291207714256,2331.8669214954602,5936.124999288242,63351278.97026618,-178894631.96875882,202698.42301741926
442.98155948760865,-184.81137813447674,2331.8625898684886,5936.125004196238,63639309.04493167,-179707986.25364077,203620.0025477029
442.9815594876327,-184.8098444687557,2331.8582590235683,5936.125009103346,63928671.50471723,-180525102.99682772,204545.84517049356
442.9815594876566,-184.80831111373763,2331.853929056027,5936.125014009461,64219366.17895793,-181345981.7163872,205475.95033973263
442.98155948768044,-184.80677810364136,2331.849600062494,5936.125018914472,64511392.715197384,-182170621.41703457,206410.31692770252
442.98155948770415,-184.8052454731506,2331.8452721409108,5936.125023818268,64804750.57490744,-182999020.57804605,207348.94321133132
442.98155948772774,-184.80371325741808,2331.8409453905433,5936.125028720738,65099439.029147446,-183831177.1410012,208291.82685830435
442.9815594877512,-184.80218149206996,2331.8366199119946,5936.125033621766,65395457.154163845,-184667088.4973567,209238.96491298452
442.9815594877746,-184.80065021320988,2331.8322958072163,5936.125038521238,65692803.82692945,-185506751.47585008,210190.35378213983
442.9815594877978,-184.7991194574233,2331.82797317952,5936.125043419036,65991477.720622554,-186350162.32973328,211145.98922047848
442.98155948782096,-184.79758926178167,2331.8236521335903,5936.1250483150425,66291477.30004683,-187197316.72383916,212105.86631599427
442.981559487844,-184.7960596638466,2331.8193327754952,5936.125053209136,66592800.8169914,-188048209.72147906,213069.97947512075
442.9815594878669,-184.7945307016741,2331.8150152126996,5936.1250581011955,66895446.30553162,-188902835.77117282,214038.32240769564
442.9815594878897,-184.79300241381873,2331.8106995540757,5936.125062991097,67199411.57727104,-189761188.69321296,215010.88811173706
442.9815594879124,-184.79147100211833,2331.806375074176,5936.125067890995,67505462.92015074,-190625432.3712878,215990.1283981596
442.98155948793504,-184.78994030845584,2331.802052621909,5936.1250727885945,67812843.39872146,-191493429.33176112,216973.6213802329
442.98155948795755,-184.7884103726814,2331.7977323098053,5936.125077683769,68121550.32519354,-192365171.98471293,217961.3584581191
442.98155948797995,-184.78688123516082,2331.7934142518525,5936.125082576389,68431580.77122572,-193240652.06094107,218953.33026231275
442.98155948800223,-184.78535293677987,2331.789098563506,5936.125087466325,68742931.56285383,-194119860.59764063,219949.5266374146
442.9815594880244,-184.7838255189483,2331.7847853617004,5936.125092353443,69055599.2753609,-195002787.92391795,220949.93662571794
442.98155948804646,-184.78229902360394,2331.780474764862,5936.125097237609,69369580.22809157,-195889423.64614728,221954.5484506171
442.9815594880684,-184.7807734932167,2331.7761668929197,5936.125102118688,69684870.47920975,-196779756.63316712,222963.34949983374
442.9815594880903,-184.77924499164658,2331.771850630797,5936.125107009274,70002294.15010466,-197676114.08176053,223978.97662788266
442.981559488112,-184.7777215026617,2331.7675485234727,5936.125111883822,70320197.8570562,-198573827.08110332,224996.1396768041
442.98155948813366,-184.7761950937943,2331.7632381708327,5936.125116767712,70640241.41652709,-199477582.70713243,226020.14938672772
442.9815594881552,-184.77466978860753,2331.758930934823,5936.1251216480705,70961591.66744456,-200385028.2363368,227048.33997981413
442.98155948817663,-184.7731456320714,2331.754626942433,5936.125126524754,71284243.49159138,-201296149.21562886,228080.69507984217
442.98155948819795,-184.77162266971297,2331.750326322224,5936.125131397616,71608191.47830494,-202210930.36609846,229117.19737488384
442.98155948821915,-184.7701009476202,2331.746029204341,5936.125136266511,71933429.91882843,-203129355.5670617,230157.82859923053
442.9815594882403,-184.76857640491775,2331.7417241214744,5936.12514114443,72260837.03612126,-204053904.79012543,231205.39871049987
442.9815594882613,-184.76705315903672,2331.7374227006394,5936.125146018199,72589538.83515935,-204982110.00274608,232257.11127875408
442.98155948828224,-184.76553125755208,2331.733125076181,5936.125150887668,72919528.89491871,-205913953.07290268,233312.94575931827
442.98155948830305,-184.76401074861622,2331.7288313840736,5936.12515575268,73250800.47440425,-206849414.9650231,234372.88058373946
442.9815594883238,-184.76248749820743,2331.724529950453,5936.125160626464,73584264.37199283,-207791067.63887006,235439.82993777178
442.98155948834443,-184.76096570039564,2331.720232618751,5936.1251654956,73919012.51654941,-208736346.836008,236510.88836172994
442.98155948836495,-184.75944540487097,2331.7159395292856,5936.12517035993,74255037.39329252,-209685231.33580664,237586.03181135812
442.98155948838536,-184.75792666191717,2331.7116508240506,5936.125175219292,74592331.1445789,-210637698.9494449,238665.23514538188
442.98155948840565,-184.75640952241503,2331.7073666467254,5936.125180073524,74930885.56375241,-211593726.50254086,239748.4721058268
442.9815594884259,-184.7548897591751,2331.703075060353,5936.12518493615,75271653.76722115,-212556005.45471177,240838.7922789998
442.981559488446,-184.75337166412493,2331.6987881847017,5936.125189793439,75613683.14492632,-213521845.77619585,241933.1476987066
442.981559488466,-184.7518552897451,2331.6945061679685,5936.125194645222,75956964.63373293,-214491221.87404177,243031.5093665875
442.98155948848597,-184.75033635186313,2331.690216912285,5936.125199505208,76302477.75691593,-215466899.77694896,244137.01136022343
442.9815594885058,-184.74881920208836,2331.6859327059515,5936.125204359472,76649242.24316609,-216446111.34387997,245246.51720862693
442.9815594885256,-184.74729951772323,2331.6816413423103,5936.1252092218465,76998255.71792677,-217431673.72137758,246363.2189089829
442.98155948854526,-184.74578169056358,2331.677355223142,5936.125214078278,77348519.09547533,-218420765.63928652,247483.9197918044
442.9815594885648,-184.7442657757695,2331.6730745042114,5936.1252189285915,77700021.8523309,-219413357.3808549,248608.58618621674
442.9815594885843,-184.74274739231936,2331.668786814161,5936.125223786803,78053789.26791236,-220412344.18335798,249740.4985709212
442.9815594886037,-184.74123099315784,2331.6645047274483,5936.125228638666,78408793.19943023,-221414822.72378585,250876.36730559077
442.98155948862296,-184.73971663514573,2331.660228404639,5936.125233483998,78765022.13136654,-222420760.4840208,252016.15554523404
442.9815594886422,-184.73819987816654,2331.655945307502,5936.125238337006,79123529.74809869,-223433132.91273522,253163.23465290992
442.9815594886613,-184.7366852371597,2331.651668185558,5936.125243183243,79483258.00149962,-224448952.23867387,254314.2193033288
442.9815594886803,-184.73516823207532,2331.6473843878084,5936.125248037044,79845280.03825416,-225471248.86918354,255472.54313104725
442.98155948869925,-184.73365341958228,2331.6431067816125,5936.12525288383,80208517.47579648,-226496977.6115647,256634.75574881103
442.98155948871806,-184.7321408593887,2331.6388355355766,5936.12525772341,80572957.10508561,-227526101.16544133,257800.81489304127
442.9815594887368,-184.73062601100867,2331.634557828041,5936.125262570311,80939701.79374647,-228561733.8656947,258974.24929326013
442.98155948875547,-184.7291134945723,2331.6302867055692,5936.12526740975,81307641.77172881,-229600741.8860164,260151.50813498118
442.98155948877405,-184.7275987287673,2331.6260092312136,5936.125272256388,81677900.26383403,-230646297.04693997,261336.18528244272
442.9815594887925,-184.7260863764302,2331.621738572134,5936.125277095302,82049346.16245577,-231695205.2680578,262524.6616496247
442.98155948881094,-184.72457181504015,2331.6174616750154,5936.125281941285,82423123.42968805,-232750696.9289474,263720.5974516991
442.98155948882925,-184.723059750556,2331.6131918287897,5936.125286779278,82798079.19694214,-233809516.4994089,264920.30397631973
442.98155948884744,-184.721550246805,2331.6089292136953,5936.125291609079,83174197.67168468,-234871619.38366637,266123.73069377895
442.98155948886557,-184.72003861891918,2331.604660600359,5936.125296445675,83552654.47363275,-235940325.35773757,267334.63911081495
442.9815594888836,-184.7185296384034,2331.600399462803,5936.125301273802,83932263.161651,-237012284.08752173,268549.23309653584
442.98155948890155,-184.7170185782926,2331.596132452779,5936.125306108582,84314221.02835923,-238090876.55010507,269771.34350218676
442.9815594889194,-184.71551025418538,2331.591873168824,5936.125310934608,84697318.81731057,-239172687.98432505,270997.1011971236
442.9815594889372,-184.71399989663897,2331.5876081427377,5936.12531576714,85082775.89127256,-240261161.69009742,272230.4076481216
442.9815594889549,-184.71249236575966,2331.583351098741,5936.125320590628,85469359.73367254,-241352817.22310838,273467.31930155907
442.9815594889725,-184.71098284924648,2331.579088447608,5936.125325420469,85858312.17995456,-242451161.34278476,274711.80952767015
442.98155948899,-184.70947625212696,2331.57483404041,5936.12533024097,86248377.00209378,-243552646.64718258,275959.858905794
442.98155948900745,-184.70796771886194,2331.5705741658244,5936.125335067664,86640818.91595854,-244660844.50665912,277215.51401425136
442.9815594890248,-184.70646219981313,2331.566322802939,5936.125339884716,87034357.52430698,-245772139.26898012,278474.6781006803
442.98155948904207,-184.7049547958237,2331.56206611726,5936.125344707798,87430280.83632442,-246890168.0813811,279741.4722725775
442.98155948905924,-184.70345050300168,2331.5578182170575,5936.125349520926,87827283.8214344,-248011245.73073813,281011.7209608916
442.98155948907635,-184.70194437819393,2331.5535651435985,5936.125354339915,88226678.20009443,-249139076.32140884,282289.62113958265
442.9815594890934,-184.7004364257582,2331.5493069091885,5936.125359164752,88628479.42576127,-250273703.49166694,283575.2222534506
442.98155948911034,-184.6989317110827,2331.5450578177342,5936.125363979229,89031344.78382659,-251411335.614262,284864.22815981146
442.9815594891272,-184.69742522408808,2331.540803721513,5936.125368799378,89436622.57094695,-252555780.07932228,286160.95286164177
442.981559489144,-184.69592207701248,2331.5365590567285,5936.125373608839,89842944.21096222,-253703172.23040405,287461.01746977074
442.9815594891607,-184.69441721476016,2331.532309548539,5936.125378423789,90251682.82554768,-254857389.55981275,288768.81541717576
442.98155948917736,-184.69291064328252,2331.5280552137506,5936.125383244207,90662853.35181746,-256018474.2477471,290084.39449656964
442.9815594891939,-184.6914075457536,2331.5238106888787,5936.1253880535105,91075047.65860297,-257182449.94027606,291403.249258782
442.9815594892104,-184.68990279862038,2331.5195615057687,5936.125392868092,91489677.15018412,-258353302.2341124,292729.8956256132
442.98155948922675,-184.6884016330104,2331.51532243635,5936.125397671213,91905306.55865678,-259526978.14520183,294059.74132133485
442.98155948924307,-184.68689887933405,2331.511078882467,5936.125402479416,92323373.2656318,-260707536.6263935,295397.38538468035
442.9815594892593,-184.6853945452416,2331.506830865723,5936.125407292676,92743891.56607729,-261895018.04456082,296742.87355375546
442.98155948927547,-184.6838939344496,2331.502593363028,5936.125412094022,93165384.69627136,-263085252.23760402,298091.4807830288
442.98155948929156,-184.6823918073831,2331.4983515785984,5936.12541690022,93589330.08378395,-264282411.24223143,299447.9342420765
442.98155948930753,-184.68089351681172,2331.494120627863,5936.125421694143,94014222.50714397,-265482244.53587306,300807.4178321007
442.98155948932344,-184.67939377610705,2331.489885582166,5936.125426492706,94441566.5610392,-266689000.87115565,302174.7456464466
442.9815594893393,-184.6778925947247,2331.4856464682084,5936.125431295878,94871375.76117924,-267902718.414442,303549.96092990844
442.9815594893551,-184.6763899823259,2331.481403313272,5936.125436103629,95303663.63182834,-269123435.3562519,304933.10695465177
442.9815594893708,-184.67489139083602,2331.477171512787,5936.125440898514,95736866.76591031,-270346736.8664816,306319.1814515192
442.9815594893864,-184.673391437903,2331.4729358677887,5936.125445697756,96172546.0035509,-271577030.52654684,307713.1784764668
442.981559489402,-184.67189013424974,2331.4686964085563,5936.125450501319,96610714.41177681,-272814353.23579633,309115.1398386854
442.98155948941746,-184.67039300750614,2331.4644687442983,5936.125455291518,97049763.33126485,-274054162.37848085,310519.91848016315
442.98155948943287,-184.6688946024435,2331.4602374702563,5936.125460085807,97491297.06577723,-275300988.2708903,311932.6475228815
442.9815594894482,-184.66739493088443,2331.456002619816,5936.125464884149,97935328.17326023,-276554866.3748057,313353.36714718025
442.98155948946345,-184.66589959719892,2331.4517800188883,5936.12546966861,98380201.43479542,-277811122.59707445,314776.78132320853
442.9815594894786,-184.66440307232028,2331.4475540542076,5936.125474456883,98827565.80268951,-279074413.33486545,316208.16603019886
442.98155948949375,-184.66290536920917,2331.443324762373,5936.125479248926,99277433.27140892,-280344772.45877594,317647.5596455837
442.98155948950875,-184.66141217000663,2331.4391081889094,5936.125484026558,99728100.72875439,-281617390.6321194,319089.51290041965
442.9815594895237,-184.65991787085042,2331.4348885093395,5936.12548880771,100181262.98214161,-282897053.74010324,320539.4484917078
442.9815594895386,-184.65842248587757,2331.4306657635843,5936.125493592336,100636931.40559943,-284183793.9013008,321997.40281173156
442.98155948955343,-184.65692602948312,2331.426439992293,5936.12549838039,101095117.3203099,-285477643.085054,323463.4120836864
442.9815594895682,-184.65542851632358,2331.422211236854,5936.125503171826,101555831.99129026,-286778633.10210353,324937.5123510628
442.9815594895829,-184.65393576038295,2331.417995915096,5936.12550794804,102017289.64170061,-288081721.18305725,326413.9898515629
442.9815594895975,-184.65244203064017,2331.413777843465,5936.12551272737,102481264.64827074,-289391917.9050843,327898.5218717515
442.98155948961204,-184.65094734299072,2331.409557066848,5936.125517509765,102947767.56501736,-290709253.07116526,329391.1421802057
442.98155948962653,-184.64945171360785,2331.405333630915,5936.125522295173,103416808.86870526,-292033756.2661328,330891.8842983276
442.9815594896409,-184.64796106426482,2331.4011242578767,5936.125527064647,103886533.63278045,-293360189.45204026,332394.81321275345
442.98155948965524,-184.64646956017876,2331.396912471171,5936.125531836856,104358782.47535296,-294693750.261907,333905.8181556241
442.9815594896695,-184.64497721881264,2331.3926983201104,5936.125536611744,104833565.0814062,-296034466.04469216,335424.93011496216
442.9815594896837,-184.64348405792373,2331.3884818548386,5936.125541389254,105310891.03594327,-297382363.8670254,336952.17975889373
442.9815594896978,-184.6419961090213,2331.384280107445,5936.125546150088,105788833.60536802,-298732002.9185049,338481.40232061595
442.98155948971186,-184.64050743174332,2331.380076303227,5936.125550913252,106269302.06263351,-300088774.7032616,340018.7066999488
442.98155948972584,-184.63901804518733,2331.3758704961124,5936.1255556786855,106752305.11550686,-301452703.81074053,341564.1207582187
442.98155948973977,-184.63752796876202,2331.3716627409094,5936.125560446326,107237851.34738535,-302823814.47918475,343117.671958819
442.98155948975364,-184.63603722219085,2331.3674530933135,5936.125565216111,107725949.21266419,-304202130.58255464,344679.38735238864
442.98155948976745,-184.63454582551583,2331.363241609921,5936.125569987976,108216607.0320075,-305587675.6171736,346249.29356168135
442.98155948978115,-184.63305997848167,2331.359045797892,5936.125574742085,108707785.35546306,-306974690.4783393,347820.86517322704
442.98155948979485,-184.63156737120062,2331.354830895927,5936.125579517823,109203568.24385832,-308374707.949139,349407.1695268283
442.98155948980843,-184.6300804118116,2331.350631942773,5936.125584275491,109699848.77621503,-309776130.6928043,350995.0661394628
442.98155948982196,-184.62859294272715,2331.3464315503143,5936.125589034789,110198681.73931296,-311184761.1229677,352591.1294962344
442.98155948983543,-184.62710498607956,2331.3422297810494,5936.125593795648,110700074.12197827,-312600618.97503966,354195.38195855496
442.98155948984885,-184.62561656434437,2331.3380266984464,5936.125598557994,111204032.7417757,-314023723.5008135,355807.84533986915
442.9815594898622,-184.62412770034425,2331.3338223669525,5936.125603321755,111710564.2395387,-315454093.4530196,357428.5408881532
442.98155948987545,-184.62264479614083,2331.329634865042,5936.125608066448,112217489.23914148,-316885574.59615904,359050.49548287917
442.9815594898887,-184.6211551465731,2331.3254283152214,5936.125612832723,112729165.14532681,-318330471.5960644,360687.65105362074
442.9815594899019,-184.61966512547798,2331.3212207162624,5936.125617600187,113243432.53208467,-319782686.5534098,362333.0983121367
442.98155948991496,-184.6181812235668,2331.3170303969728,5936.125622348072,113758049.31463777,-321235888.1527491,363979.6634956237
442.981559489928,-184.6166970579237,2331.3128393329434,5936.125627096801,114275226.91777912,-322696321.13027245,365634.4222673587
442.98155948994093,-184.61521265397872,2331.308647595985,5936.125631846292,114794970.1777757,-324163999.14288163,367297.39010143647
442.98155948995384,-184.61372803753818,2331.3044552589704,5936.125636596463,115317283.7058855,-325638935.2120865,368968.58175201406
442.9815594899667,-184.6122432347885,2331.3002623958464,5936.12564134723,115842171.88200666,-327121141.70607096,370648.01123299083
442.9815594899795,-184.61075827230027,2331.2960690816444,5936.125646098509,116369638.8482177,-328610630.3214514,372335.69179733965
442.9815594899922,-184.60927317703232,2331.2918753924923,5936.125650850212,116899688.50220574,-330107412.0647192,374031.63591608003
442.9815594900049,-184.60778797633574,2331.2876814056253,5936.125655602253,117432324.49058172,-331611497.2333637,375735.85525688936
442.9815594900175,-184.606302697958,2331.283487199398,5936.125660354542,117967550.20208362,-333122895.3966792,377448.3606623561
442.98155949003007,-184.60481737004693,2331.2792928532963,5936.125665106989,118505368.76066615,-334641615.37625134,379169.16212786944
442.9815594900425,-184.6033387880541,2331.2751175566686,5936.125669837852,119043315.13032626,-336160696.2753827,380890.37253704254
442.9815594900549,-184.6018602756318,2331.270942456498,5936.125674568492,119583813.4969805,-337686983.6361747,382619.7483025378
442.98155949006724,-184.60038186259328,2331.266767636972,5936.125679298815,120126865.48289391,-339220482.0396636,384357.29461494595
442.9815594900795,-184.59890357916902,2331.2625931834577,5936.125684028723,120672472.41001126,-340761195.2188257,386103.0157039547
442.98155949009174,-184.59742545601077,2331.258419182511,5936.1256887581185,121220635.29248653,-342309126.03748167,387856.9148144457
442.9815594901039,-184.5959475241957,2331.2542457218888,5936.125693486902,121771354.82909788,-343864276.4688776,389618.9941822261
442.981559490116,-184.59446981523035,2331.2500728905616,5936.125698214972,122324631.39554891,-345426647.5739448,391389.255009395
442.98155949012806,-184.59299236105477,2331.245900778723,5936.125702942227,122880465.0366553,-346996239.4792362,393167.69743934466
442.9815594901401,-184.5915081772844,2331.241709663505,5936.125707691013,123441514.2755911,-348580559.460572,394962.82766900875
442.98155949015205,-184.59003129837586,2331.237539176135,5936.125712416428,124002485.72801194,-350164659.7843067,396757.70901334373
442.98155949016393,-184.58855477257347,2331.233369685885,5936.125717140712,124566012.55748567,-351755976.1144875,398560.76652881934
442.98155949017575,-184.58707863359191,2331.2292012879593,5936.125721863759,125132093.40645649,-353354504.61757785,400371.99587180704
442.9815594901875,-184.58560291559965,2331.225034078845,5936.125726585459,125700726.5456881,-354960240.4104704,402191.3915094514
442.98155949019923,-184.58412765322302,2331.220868156322,5936.125731305701,126271909.86576262,-356573177.5364815,404018.9466924699
442.9815594902109,-184.58265288155027,2331.216703619474,5936.125736024373,126845640.86846642,-358193308.9410256,405854.65342759114
442.9815594902225,-184.5811786361356,2331.212540568701,5936.1257407413605,127421916.65806136,-359820626.446967,407698.5024496264
442.981559490234,-184.57970495300313,2331.20837910573,5936.125745456549,128000733.93244241,-361455120.7296501,409550.48319317773
442.9815594902455,-184.578231868651,2331.2042193336256,5936.125750169823,128582088.97418353,-363096781.291614,411410.583763988
442.9815594902569,-184.5767594200553,2331.2000613568034,5936.125754881062,129165977.64147082,-364745596.4369896,413278.79090993095
442.9815594902683,-184.57528764467412,2331.1959052810394,5936.125759590147,129752395.3589239,-366401553.24558014,415155.0899916433
442.98155949027966,-184.57380917131968,2331.1917302911907,5936.125764320663,130344310.48772162,-368073033.9298566,417048.97856212925
442.981559490291,-184.57233138014416,2331.187557227714,5936.125769048996,130938799.90593688,-369751784.02629673,418951.1038156594
442.98155949030223,-184.57085430964193,2331.183386199312,5936.125773775023,131535858.44185646,-371437788.93074816,420861.44920484704
442.98155949031343,-184.5693779988064,2331.179217316096,5936.125778498619,132135480.4582511,-373131032.72451013,422779.99669284275
442.98155949032457,-184.5679024871341,2331.175050689599,5936.125783219659,132737659.84255263,-374831498.14659506,424706.7267219051
442.98155949033566,-184.56642781462858,2331.1708864327848,5936.125787938014,133342389.99691859,-376539166.5656728,426641.6181816117
442.9815594903467,-184.5649540218045,2331.1667246600605,5936.125792653554,133949663.82818823,-378254017.95170766,428584.6483767223
442.98155949035765,-184.56348114969146,2331.162565487288,5936.125797366148,134559473.73772806,-379976030.84728366,430535.7929946887
442.98155949036857,-184.56200923983783,2331.1584090317933,5936.125802075663,135171811.61117166,-381705182.33863145,432495.0260728261
442.9815594903794,-184.56053833431486,2331.15425541238,5936.1258067819645,135786668.8080534,-383441448.0263554,434462.31996514567
442.9815594903902,-184.55906847572027,2331.150104749337,5936.125811484916,136404036.15133864,-385184801.9958684,436437.64530885505
442.98155949040097,-184.55759970718216,2331.1459571644527,5936.125816184381,137023903.91685227,-386935216.7875398,438420.9709905341
442.98155949041166,-184.5561320723628,2331.141812781022,5936.125820880217,137646261.82260785,-388692663.3665622,440412.26411199244
442.9815594904223,-184.55466561546226,2331.1376717238595,5936.125825572285,138271099.01804003,-390457111.0925456,442411.4899558175
442.98155949043286,-184.5532003812221,2331.133534119309,5936.125830260441,138898404.07314163,-392228527.68884224,444418.61195061787
442.98155949044343,-184.55172848357387,2331.1293776982807,5936.125834969917,139531585.02467528,-394016536.94667274,446444.5344331107
442.98155949045395,-184.55025782763676,2331.125224783661,5936.12583967542,140167273.2037232,-395811626.2437813,448478.4790277305
442.9815594904644,-184.54878845937844,2331.1210755052552,5936.125844376803,140805456.2100035,-397613760.56360805,450520.4060585999
442.9815594904748,-184.54732042532527,2331.1169299944477,5936.125849073917,141446121.02399606,-399422903.1409556,452570.2738685298
442.98155949048515,-184.54585377256592,2331.112788384209,5936.125853766612,142089253.9954589,-401239015.42956185,454628.038782277
442.98155949049544,-184.54438854875482,2331.108650809109,5936.125858454734,142734840.8318587,-403062057.06942874,456693.6550695261
442.9815594905057,-184.54292480211572,2331.104517405324,5936.125863138131,143382866.58672002,-404891985.85392267,458767.074907612
442.9815594905159,-184.5414543939951,2331.100365190501,5936.125867842841,144036966.47316456,-406739067.0866666,460859.92950555007
442.9815594905261,-184.53998548678263,2331.0962172140207,5936.125872542749,144693541.7337746,-408593138.40954787,462960.70429780596
442.9815594905362,-184.53851813001637,2331.092073615771,5936.125877237696,145352576.2618668,-410454154.3396776,465069.3477495193
442.98155949054626,-184.5370523738207,2331.0879345372955,5936.125881927522,146014053.2532577,-412322067.4245296,467185.80609411193
442.98155949055626,-184.53558826890963,2331.083800121803,5936.125886612064,146677955.19402424,-414196828.2073785,469310.02329412685
442.9815594905662,-184.53412586659,2331.079670514177,5936.125891291159,147344263.84819487,-416078385.1925406,471441.9410018441
442.98155949057616,-184.53265680509213,2331.0755221020177,5936.12589599156,148016821.3503417,-417977587.9991778,473593.85249107674
442.98155949058605,-184.53118947407555,2331.071378576481,5936.125900686425,148691819.19445536,-419883681.9702102,475753.57208578626
442.9815594905959,-184.52972392623747,2331.0672400863764,5936.125905375584,149369237.8093332,-421796611.83945936,477921.03716605454
442.98155949060566,-184.52826021488474,2331.0631067822346,5936.125910058867,150049056.8549286,-423716320.16964513,480096.1826519739
442.9815594906154,-184.52679839393676,2331.058978816316,5936.125914736102,150731255.2094981,-425642747.31609124,482278.9409625238
442.98155949062505,-184.52533851792845,2331.054856342619,5936.1259194071135,151415810.9567,-427575831.3902938,484469.2419742913
442.98155949063465,-184.52388064201298,2331.0507395168884,5936.125924071725,152102701.37265456,-429515508.2233808,486667.0129800687
442.98155949064426,-184.52241613663327,2331.046603970532,5936.125928757549,152796024.51402128,-431473350.12059706,488885.3661006501
442.9815594906538,-184.5209536646666,2331.0424741662328,5936.125933436867,153491711.46270514,-433437867.05968964,491111.28244684107
442.9815594906633,-184.51949328274446,2331.03835026391,5936.125938109497,154189737.93176883,-435408990.45794356,493344.6843102831
442.98155949067274,-184.51803504813267,2331.034232425274,5936.125942775257,154890078.7764442,-437386649.3102565,495585.4912379067
442.9815594906821,-184.51657901873372,2331.030120813832,5936.12594743396,155592707.98073763,-439370770.1513143,497833.6199890737
442.9815594906915,-184.5151163684766,2331.025990506067,5936.125952113848,156301916.88401592,-441373471.08810973,500102.80111092445
442.9815594907008,-184.51365596051613,2331.021866530216,5936.125956786562,157013440.16212413,-443382707.4767566,502379.3872944554
442.9815594907101,-184.51219785429572,2331.0177490541378,5936.125961451911,157727250.068343,-445398400.9646278,504663.28976140777
442.9815594907193,-184.5107421099109,2331.013638247534,5936.125966109704,158443317.9319045,-447420470.5897195,506954.41677694104
442.9815594907285,-184.50927974069367,2331.009508733384,5936.125970788693,159166096.51861528,-449461490.3033895,509267.01538739365
442.98155949073765,-184.5078197732973,2331.0053860016205,5936.125975459997,159891156.72712904,-451508952.97921234,511586.91426311166
442.98155949074675,-184.506362269409,2331.0012702264394,5936.125980123419,160618468.01896727,-453562772.3810462,513914.01569333795
442.9815594907558,-184.5049072913828,2330.9971615839186,5936.12598477876,161347998.87666175,-455622859.50822735,516248.21883494494
442.98155949076477,-184.5034549022415,2330.9930602520253,5936.125989425816,162079716.78965774,-457689122.5557627,518589.41966733057
442.98155949077375,-184.50199591066374,2330.988940275829,5936.125994093998,162818284.46112934,-459774728.3070522,520952.5369513431
442.9815594907827,-184.50053955208466,2330.9848277348315,5936.125998753755,163559058.84472042,-461866565.4866395,523322.714819987
442.98155949079154,-184.49908589117956,2330.9807228116656,5936.126003404881,164302005.37522477,-463964536.48749995,525699.842678608
442.98155949080035,-184.49763499330632,2330.976625690893,5936.126008047167,165047088.4372095,-466068540.7369244,528083.8065722522
442.98155949080916,-184.49617750005484,2330.9725099457482,5936.126012710554,165799145.89755338,-468192239.6546799,530490.0857146471
442.9815594908179,-184.4947228171419,2330.968402136584,5936.12601736495,166553356.4714877,-470322018.6464229,532903.2539480982
442.9815594908266,-184.4932710116271,2330.9643024527654,5936.126022010139,167309682.33631042,-472457770.90644306,535323.1902552847
442.9815594908353,-184.49181259755844,2330.9601841073695,5936.126026676474,168073097.43413368,-474613542.110819,537765.8092355438
442.98155949084395,-184.49035711035233,2330.9560740270003,5936.126031333443,168838642.5548102,-476775328.18435955,540215.2434258566
442.98155949085253,-184.48890461880902,2330.951972405939,5936.1260359808275,169606277.55426773,-478943015.7661485,542671.3643814579
442.98155949086106,-184.48745519243573,2330.9478794404645,5936.126040618405,170375961.13321057,-481116488.23308957,545134.039961336
442.9815594908696,-184.48599917268186,2330.943767856259,5936.1260452770775,171152854.20574483,-483310319.2424892,547619.7829994484
442.98155949087806,-184.48454627098036,2330.939665076972,5936.126049925774,171931806.92944074,-485509966.4018156,550112.1160867155
442.98155949088647,-184.4830965586269,2330.9355713039313,5936.126054564266,172712775.51848277,-487715306.06640875,552610.8991262695
442.9815594908949,-184.48164024539392,2330.9314588909842,5936.126059223879,173501066.0578019,-489941321.8344903,555133.109439885
442.98155949090324,-184.48018717671715,2330.9273556401836,5936.12606387311,174291381.25672206,-492173054.9415124,557661.7978438397
442.98155949091154,-184.47873742571886,2330.9232617580155,5936.126068511726,175083674.71884173,-494410374.37090665,560196.8158884485
442.98155949091984,-184.47728106859282,2330.919149221121,5936.126073171478,175883401.88694534,-496668685.48535883,562755.6187800976
442.9815594909281,-184.475828086751,2330.9150462155294,5936.126077820431,176685113.65010056,-498932600.80239594,565320.7715717618
442.98155949093626,-184.47437855518027,2330.9109529529924,5936.126082458345,177488760.87279454,-501201981.5706048,567892.1170497095
442.9815594909444,-184.47293254960655,2330.906869647349,5936.126087084977,178294293.10350513,-503476685.3223567,570469.4937895127
442.9815594909525,-184.47147996558112,2330.902767765132,5936.126091732658,179107370.86333224,-505772696.53113633,573071.0131650701
442.9815594909606,-184.4700309688987,2330.8986760130406,5936.12609636886,179922335.37173927,-508074035.63855207,575678.5693715803
442.9815594909686,-184.46858563719383,2330.894594610303,5936.126100993336,180739133.25573692,-510380551.9271846,578291.9916371038
442.9815594909766,-184.46713372832062,2330.890494634616,5936.126105638856,181563584.12925288,-512708679.1251087,580929.900368125
442.9815594909846,-184.46568554833777,2330.886405188763,5936.126110272445,182389867.1602044,-515041980.06436014,583573.6712605569
442.9815594909925,-184.4642411768246,2330.882326497465,5936.126114893848,183217925.9162904,-517380295.388476,586223.1237539024
442.9815594910004,-184.462790232044,2330.8782292442324,5936.126119536284,184053743.57787558,-519740520.7129316,588897.4016009675
442.9815594910082,-184.46134316228472,2330.8741429334864,5936.126124166321,184891332.57258725,-522105748.0198713,591577.3469963003
442.981559491016,-184.45990004910607,2330.8700677955385,5936.126128783698,185730633.26684484,-524475808.912893,594262.769136606
442.9815594910238,-184.45845036928782,2330.8659741143724,5936.126133422086,186577796.9728231,-526868073.7868098,596973.3497283567
442.98155949103153,-184.45700471531248,2330.861891801591,5936.1261380475935,187426664.5882078,-529265150.2486081,599689.3821397906
442.98155949103926,-184.45555246825558,2330.857790870923,5936.126142694196,188283502.775481,-531684734.42529,602430.9171516235
442.98155949104694,-184.45410431772225,2330.8537015082316,5936.126147327691,189142035.76797485,-534109104.48098075,605177.8748534342
442.98155949105455,-184.4526603485572,2330.8496239531046,5936.126151947808,190002198.6655912,-536538077.1474123,607930.0475912057
442.9815594910621,-184.4512206463852,2330.8455584473345,5936.126156554271,190863924.9876113,-538971464.6928781,610687.2226535758
442.9815594910697,-184.4497743989949,2330.8414744588367,5936.126161181676,191733716.82306758,-541427628.0541011,613470.2040908277
442.9815594910772,-184.4483324934957,2330.837402731197,5936.12616579519,192605056.7939551,-543888163.1205636,616258.1389341612
442.9815594910847,-184.44688401945766,2330.833312454976,5936.12617042972,193484568.7476614,-546371774.6565559,619072.2208112597
442.9815594910921,-184.445439963726,2330.8292346553976,5936.1261750501135,194365611.94656026,-548859710.2022544,621891.2020525199
442.9815594910995,-184.44400041532757,2330.825169583861,5936.126179656085,195248114.14002243,-551351765.7325797,624714.8514852038
442.9815594911069,-184.44255431507105,2330.8210860108475,5936.12618428302,196138885.3279795,-553867171.6790445,627564.9583497077
442.98155949111424,-184.44111280153638,2330.8170153900573,5936.1261888952795,197031094.3477964,-556386637.8497949,630419.6656935592
442.9815594911215,-184.43967596588902,2330.8129579789284,5936.1261934925715,197924665.03355813,-558909949.163564,633278.7298166925
442.9815594911288,-184.43823259830688,2330.8088821225824,5936.126198110763,198826598.5438017,-561456875.855463,636164.5515895843
442.981559491136,-184.4367939910427,2330.8048197086696,5936.126202713723,199729868.01797837,-564007575.1117053,639054.6479057348
442.98155949114323,-184.43534883247867,2330.800738794856,5936.126207337645,200641605.63629547,-566582187.1531996,641971.8388518761
442.9815594911504,-184.4339085183106,2330.7966715608995,5936.126211946066,201554651.51695317,-569160493.5338413,644893.2157074047
442.9815594911575,-184.43247314326257,2330.7926182742867,5936.126216538684,202468923.0151251,-571742260.8768772,647818.5140423634
442.9815594911646,-184.43103124159197,2330.788546557458,5936.126221152185,203391752.55165076,-574348194.8531138,650771.1946323707
442.98155949117165,-184.4295943662791,2330.7844890343194,5936.126225749604,204315775.0241751,-576957497.5039835,653727.692134201
442.9815594911787,-184.4281509474587,2330.7804130332843,5936.126230367959,205248460.0550099,-579591261.9369364,656711.9063125903
442.9815594911857,-184.42671264396222,2330.776351477167,5936.126234969947,206182303.07682848,-582228296.3649744,659699.8255929145
442.9815594911926,-184.4252795541689,2330.772304643775,5936.126239555254,207117214.4977066,-584868347.7937684,662691.163317318
442.98155949119956,-184.42383995060024,2330.768239416446,5936.126244161402,208060873.57721746,-587533101.3153557,665710.4900048296
442.98155949120644,-184.42240565297575,2330.7641891723174,5936.126248750573,209005560.6638796,-590200757.7769306,668733.105898681
442.9815594912133,-184.420964827376,2330.7601204941534,5936.1262533606305,209959098.60426155,-592893407.7389454,671784.0409381049
442.98155949122014,-184.41952940177077,2330.7560670647745,5936.1262579534105,210913621.61336756,-595588839.3891869,674838.1277982998
442.98155949122696,-184.41808743469548,2330.7519951632526,5936.126262567121,211877098.99073356,-598309556.8496033,677920.8650086521
442.9815594912337,-184.41665096350732,2330.7479387813023,5936.126267163247,212841515.84780252,-601032927.2616007,681006.6081733804
442.98155949124043,-184.4152200918271,2330.7438982115336,5936.126271741457,213806772.29736272,-603758668.5584826,684095.0376938811
442.98155949124714,-184.4137827154446,2330.7398392734485,5936.126276340478,214781061.34446755,-606509916.5734568,687212.3678665519
442.9815594912538,-184.4123510378985,2330.7357964280336,5936.126280921267,215756138.2622195,-609263389.4184854,690332.2189060512
442.98155949126044,-184.4109128451255,2330.7317351845827,5936.126285522901,216740349.20334634,-612042655.3931338,693481.2951192803
442.98155949126703,-184.4094804524396,2330.727690319719,5936.126290105977,217725293.33255926,-614823991.7823806,696632.7172372999
442.9815594912736,-184.4080539673339,2330.723662136987,5936.126294670152,218710862.61126393,-617607093.5012321,699786.139580385
442.9815594912801,-184.406621009552,2330.7196156763757,5936.126299255036,219705637.05541292,-620416189.2443739,702969.0147229952
442.9815594912866,-184.4051940641414,2330.715586193811,5936.1263038206835,220700975.30614388,-623226877.0938255,706153.6938182156
442.98155949129307,-184.40376063871543,2330.711538412642,5936.126308407064,221705617.40563995,-626063837.634654,709368.1414596017
442.9815594912995,-184.4023333324518,2330.7075079110814,5936.126312973866,222710758.67989996,-628902207.7711078,712584.1862579687
442.9815594913059,-184.40089953973168,2330.7034590927283,5936.126317561422,223725302.2976498,-631767128.733458,715830.3147457108
442.9815594913123,-184.39947197499748,2330.699427861285,5936.126322129051,224740277.0458954,-634633267.1444947,719077.822676347
442.98155949131865,-184.3980379182927,2330.6953782974783,5936.126326717452,225764752.37072036,-637526233.7771282,722355.7286024411
442.98155949132496,-184.39661020046253,2330.691346633715,5936.12633128557,226789587.24236438,-640420215.716744,725634.7849326693
442.98155949133127,-184.3951759861041,2330.687296624718,5936.1263358744745,227824020.5856401,-643341302.3190899,728944.5524828562
442.9815594913375,-184.3937482236068,2330.6832648348213,5936.126340442736,228858738.22225574,-646263191.723735,732255.2296565362
442.9815594913438,-184.39231396100976,2330.6792146896055,5936.126345031796,229903151.80767637,-649212461.0522152,735596.9299376323
442.98155949134997,-184.39088626539063,2330.675183088563,5936.126349599843,230947770.62930918,-652162309.937371,738939.2868914463
442.98155949135617,-184.38945206711685,2330.671133124986,5936.1263541886965,232002182.37568706,-655139812.5920584,742312.9772363903
442.9815594913623,-184.38802455310062,2330.6671020367635,5936.1263587561625,233056716.36019832,-658117660.4291358,745687.0586938307
442.98155949136844,-184.38659053492188,2330.6630525817486,5936.12636334444,234121139.6572241,-661123434.2205342,749092.7819442073
442.9815594913745,-184.38516332047558,2330.659022339467,5936.126367910948,235185598.11259583,-664129307.2938961,752498.6176870449
442.9815594913806,-184.38372960143707,2330.65497372918,5936.126372498268,236260041.58949384,-667163376.5896575,755936.4014528755
442.98155949138663,-184.3823028078333,2330.650944675295,5936.12637706343,237334428.9190378,-670197287.3336043,759374.0055699236
442.98155949139266,-184.38086951031713,2330.6468972553243,5936.126381649401,238418896.20606327,-673259662.385032,762843.8614665538
442.9815594913986,-184.3794432621974,2330.642869741806,5936.126386212817,239503211.66649008,-676321608.7006247,766313.2315795878
442.98155949140454,-184.3780241880845,2330.6388624866204,5936.126390753279,240587229.00176245,-679382713.1549219,769781.6478129268
442.98155949141045,-184.3765986757201,2330.634837050766,5936.126395314342,241681368.43343946,-682472400.9107797,773282.4506533272
442.98155949141636,-184.37516666484197,2330.6307932640707,5936.126399896196,242785773.5850454,-685591077.5397657,776816.099637871
442.9815594914222,-184.37374195816824,2330.626770103367,5936.12640445468,243889821.37901318,-688708745.0436924,780348.6052227728
442.9815594914281,-184.37231075718566,2330.622728603697,5936.126409033943,245004226.87993962,-691855661.1784995,783914.2512730403
442.98155949143387,-184.3708869913301,2330.6187080997247,5936.126413589416,246118165.30525604,-695001258.3609395,787478.402870613
442.98155949143967,-184.36945673660847,2330.6146692721554,5936.126418165652,247242552.23591903,-698176360.5754638,791075.9854516018
442.9815594914454,-184.36803405032026,2330.6106518167217,5936.126422717672,248366357.37599432,-701349819.8995088,794671.7065384492
442.98155949145115,-184.36660488187934,2330.6066160566484,5936.126427290432,249500700.51757693,-704553036.9795452,798301.1449601634
442.98155949145684,-184.36518341759202,2330.6026020519644,5936.126431838542,250634341.9925223,-707754272.6568874,801928.338332951
442.9815594914625,-184.36375547916887,2330.598569765279,5936.126436407367,251778609.5453626,-710985514.8048989,805589.5308493576
442.98155949146815,-184.36233538306266,2330.594559624136,5936.126440951099,252922050.2273031,-714214421.9919165,809248.0777139297
442.9815594914738,-184.360908822174,2330.590531227404,5936.126445515515,254076203.5222328,-717473580.0118973,812940.900599359
442.98155949147935,-184.35949024423758,2330.5865253733473,5936.126450054389,255229399.24368134,-720730033.9861463,816630.6596376534
442.9815594914849,-184.3580652122417,2330.582501293982,5936.126454613915,256393392.4464173,-724016978.448867,820354.9662409709
442.98155949149043,-184.3566483063333,2330.5785001614854,5936.126459147439,257556291.7018225,-727300833.7662961,824075.772656093
442.98155949149594,-184.35522495849122,2330.5744808379213,5936.126463701576,258730071.51054484,-730615414.1553093,827831.392433073
442.9815594915014,-184.353809882399,2330.570484872554,5936.126468229246,259902615.15116733,-733926503.7886366,831583.0569730238
442.98155949150686,-184.35238837793472,2330.566470754416,5936.126472777484,261086120.48743704,-737268547.6274737,835369.7944974101
442.9815594915123,-184.35096038485725,2330.562438313395,5936.126477346484,262280743.23655862,-740641985.3941511,839192.1032381906
442.9815594915177,-184.34954081919045,2330.558429670134,5936.126481888518,263474021.97659475,-744011627.8781663,843010.111694485
442.9815594915231,-184.3481147795024,2330.5544027451956,5936.126486451268,264678499.8435196,-747412895.0383632,846863.9528189813
442.98155949152846,-184.34669731886422,2330.550400046224,5936.126490986568,265881478.5564605,-750809928.8096753,850712.9972581802
442.9815594915338,-184.3452734003107,2330.546379111055,5936.12649554253,267095735.9050864,-754238811.7782378,854598.1287615127
442.9815594915391,-184.34385821508425,2330.542382837509,5936.12650007055,268308332.476405,-757663004.9575804,858477.9464504021
442.9815594915444,-184.34243658959593,2330.538368377617,5936.126504619176,269532284.8390587,-761119265.2103056,862394.0980702423
442.9815594915496,-184.34102385437384,2330.5343790225206,5936.126509139356,270754408.1330795,-764570360.4440248,866304.3974115886
442.98155949155483,-184.33960469812428,2330.5303715353934,5936.126513680081,271987961.8691173,-768053733.5535992,870251.2695358193
442.98155949156,-184.33819459176482,2330.526389603816,5936.12651819185,273219511.38575506,-771531447.0443343,874191.7289700717
442.9815594915652,-184.3367780852263,2330.5223895990803,5936.1265227240965,274462563.3344738,-775041641.7002063,878168.9915262432
442.98155949157035,-184.3353551185887,2330.5183713519814,5936.126527277013,275717280.9554819,-778584778.4873943,882183.5795068565
442.98155949157547,-184.33394137538988,2330.514379150508,5936.126531800419,276969847.57239723,-782121841.157504,886191.2851459514
442.9815594915806,-184.33252119422272,2330.510368769165,5936.126536344424,278234151.5980236,-785692048.5319629,890236.5457369699
442.98155949158564,-184.33111040253308,2330.5063849023163,5936.126540858385,279496114.045869,-789255643.6374644,894274.3142278874
442.9815594915907,-184.32969319670036,2330.5023829228776,5936.126545392869,280769882.6446076,-792852577.5650598,898349.8576178576
442.9815594915957,-184.32828554916682,2330.4984079346605,5936.1265498967705,282041111.53784806,-796442339.7403592,902417.2749793123
442.9815594916007,-184.32687151304265,2330.4944149060093,5936.126554421113,283324212.1599136,-800065625.9201226,906522.6770626297
442.9815594916057,-184.32545102852282,2330.4904036680437,5936.126558966088,284619352.97136235,-803722911.8120236,910666.6028733363
442.98155949161065,-184.3240402875789,2330.4864199444937,5936.126563479887,285911780.1221536,-807372534.7280148,914801.8460695035
442.9815594916156,-184.32262312523346,2330.4824180878563,5936.126568014232,287216312.219297,-811056340.2202361,918975.8201891213
442.9815594916205,-184.32121588197526,2330.478444241253,5936.1265725168405,288517915.39097935,-814731874.8606144,923140.4229340527
442.9815594916254,-184.31980224611803,2330.4744523428963,5936.126577039902,289831684.7303742,-818441764.95728,927343.9524859812
442.98155949163026,-184.31838215776602,2330.4704422236496,5936.12658158361,291157793.02846295,-822186498.4463804,931586.9617060327
442.9815594916351,-184.31697218222263,2330.4664606614774,5936.12658609496,292480778.39322585,-825922413.2341528,935819.9788048419
442.9815594916399,-184.31555578453975,2330.462460964134,5936.126590626858,293816162.71115476,-829693340.8298666,940092.6675297754
442.9815594916447,-184.31414968206929,2330.4584903389464,5936.1265951258165,295148190.40522337,-833454789.8167835,944354.6164184468
442.9815594916495,-184.3127371897045,2330.454501669643,5936.126599645219,296492673.1122832,-837251409.916288,948656.416301968
442.98155949165425,-184.3113182475535,2330.4504947870983,5936.12660418526,297849787.7878502,-841083700.8245571,952998.6333662889
442.98155949165897,-184.3099098030772,2330.4465175484324,5936.126608691711,299203330.045754,-844905903.7542803,957329.4201416168
442.9815594916637,-184.30849494272667,2330.442522192288,5936.126613218691,300569558.65679044,-848763931.066898,961700.798106509
442.98155949166835,-184.30709076954216,2330.438557015118,5936.126617711477,301931961.3829472,-852611154.6470792,966059.9347900198
442.981559491673,-184.30568021636654,2330.4345738217976,5936.126622224675,303307100.4853566,-856494343.8680394,970459.8227168097
442.9815594916777,-184.30426322341324,2330.4305724434985,5936.126626758478,304695156.8775237,-860414009.6027306,974901.0407367896
442.9815594916823,-184.30285712911746,2330.4266018413946,5936.12663125741,306079147.9758643,-864322195.5495665,979329.2514637655
442.9815594916869,-184.30144463271037,2330.4226131606765,5936.126635776826,307476104.2198107,-868266993.1479632,983798.9454032546
442.9815594916914,-184.30004323172392,2330.4186558117835,5936.126640260742,308868720.5167517,-872199535.3785926,988254.7532708556
442.981559491696,-184.29863546834386,2330.414680496433,5936.126644765014,310274344.9992589,-876168810.7992581,992752.1820614032
442.9815594917005,-184.29722128299738,2330.4106870464,5936.126649289834,311693162.28836995,-880175340.7524351,997291.8224874102
442.981559491705,-184.29581841386891,2330.406725551691,5936.126653778447,313107374.68562,-884168867.1728007,1001816.7291253458
442.9815594917095,-184.29440916439285,2330.4027460398256,5936.126658287474,314534820.2254528,-888199762.0285097,1006383.9764575292
442.98155949171394,-184.29301143534047,2330.3987990599308,5936.126662759641,315957363.57242763,-892216813.8174107,1010935.5387589164
442.9815594917184,-184.29160736968907,2330.3948341864184,5936.1266672520815,317393175.1010058,-896271332.9866613,1015529.5538652195
442.9815594917228,-184.2901969081948,2330.3908512519924,5936.126671764987,318842442.8422693,-900363850.5081974,1020166.6233997117
442.9815594917272,-184.2887981974883,2330.3869015000514,5936.126676240295,320286515.904475,-904441699.0252025,1024787.072066082
442.98155949173156,-184.2873931367071,2330.3829338164396,5936.12668073592,321744076.9328077,-908557635.5615109,1029450.6767587885
442.98155949173594,-184.28598166639753,2330.378948033269,5936.126685252053,323215317.3426204,-912712200.6457382,1034158.0499293997
442.98155949174026,-184.2845821827921,2330.3749960987757,5936.126689729834,324681055.233356,-916851227.4307994,1038847.8172685632
442.9815594917446,-184.2831763375131,2330.3710261998585,5936.126694227969,326160500.67257535,-921028962.3032274,1043581.4432086302
442.9815594917489,-184.2817640709232,2330.36703816811,5936.12669874665,327653848.4368058,-925245955.283097,1048359.5509555658
442.98155949175316,-184.28036403262263,2330.36308466724,5936.126703226205,329141369.76169175,-929446495.2609253,1053119.0164574492
442.9815594917574,-184.27895762302063,2330.359113174758,5936.1267077261455,330642817.6748135,-933686361.8619491,1057923.0413986885
442.98155949176163,-184.27756366276515,2330.3551768373873,5936.126712186254,332138088.86399704,-937908786.3091024,1062707.3033261097
442.98155949176584,-184.27616338352206,2330.351222656131,5936.12671666658,333647304.49650884,-942170587.7995888,1067536.1818219482
442.98155949177004,-184.27475672622103,2330.3472504641836,5936.126721167314,335170662.153764,-946472324.2740704,1072410.3090666728
442.9815594917742,-184.2733627700139,2330.343314138245,5936.126725627409,336687486.93264997,-950755612.8673007,1077263.5337477126
442.98155949177834,-184.2719624903364,2330.3393599557626,5936.126730107736,338218467.0052548,-955078873.9141487,1082162.0496329837
442.9815594917825,-184.270555828035,2330.335387749695,5936.126734608485,339763803.0798351,-959442674.1850137,1087106.4989075812
442.9815594917866,-184.2691621245113,2330.331452137297,5936.126739067771,341302231.95415246,-963786969.5450218,1092028.8479401073
442.9815594917907,-184.26776209529376,2330.3274986620763,5936.126743547297,342855025.1505029,-968171827.6236581,1096997.1569827732
442.98155949179477,-184.26635568117743,2330.3235271568465,5936.1267480472525,344422386.44559383,-972597823.8561724,1102012.0780384724
442.9815594917988,-184.26496248956803,2330.3195929900185,5936.126752504902,345982447.23928654,-977003204.5536567,1107003.6404478317
442.98155949180284,-184.2635629724015,2330.3156409607536,5936.12675698279,347557079.1227638,-981449731.8512847,1112041.8244403538
442.9815594918069,-184.26215707045466,2330.311670901815,5936.126761481106,349146488.8732339,-985937989.6572772,1117127.2916193197
442.98155949181086,-184.26076466089623,2330.3077389433834,5936.126765936252,350728185.0057932,-990404465.3483744,1122188.0783464983
442.98155949181483,-184.25936592838016,2330.3037891298554,5936.126770411629,352324656.26981217,-994912663.8230952,1127296.1395075233
442.9815594918188,-184.25796081369975,2330.29982129404,5936.126774907427,353936112.36498463,-999463177.242327,1132452.146056445
442.98155949182274,-184.25656946754566,2330.295892338505,5936.1267793591705,355539421.05054003,-1003990683.5831125,1137582.0841958905
442.98155949182666,-184.25517180360032,2330.2919455424626,5936.126783831129,357157705.6900127,-1008560479.800408,1142759.9393196737
442.9815594918306,-184.2537677627096,2330.287980738871,5936.1267883234905,358791178.8169939,-1013173166.0576075,1147986.3914491693
442.98155949183445,-184.25237777284067,2330.284055613284,5936.126792770895,360416049.1848484,-1017761559.396765,1153185.3182352635
442.9815594918383,-184.25098147301915,2330.2801126693257,5936.1267972384885,362056092.5885818,-1022392799.1427121,1158432.7925881161
442.9815594918422,-184.24957880418117,2330.2761517402078,5936.12680172646,363711524.2960278,-1027067493.1799383,1163729.503277569
442.981559491846,-184.24819047531528,2330.2722313050476,5936.12680616855,365357875.43274754,-1031716545.0299106,1168997.1598201096
442.9815594918498,-184.24679584711424,2330.2682930814976,5936.126810630794,367019592.3970065,-1036408987.7017763,1174313.980784603
442.9815594918536,-184.2453948606435,2330.2643369031357,5936.126815113384,368696893.07967085,-1041145436.4870805,1179680.6633335326
442.98155949185735,-184.24400850964318,2330.2604220531753,5936.126819549145,370364611.993335,-1045854827.7754129,1185016.6881041566
442.9815594918611,-184.24261587281111,2330.2564894529564,5936.1268240050185,372047884.6572985,-1050608140.5516894,1190402.4785734206
442.98155949186486,-184.24121689138272,2330.252538936537,5936.126828481192,373746931.4622225,-1055405997.1665059,1195838.7399021387
442.98155949186855,-184.23983284755917,2330.2486306017017,5936.126832909572,375435870.9699726,-1060175312.2705982,1201242.661975337
442.98155949187225,-184.23844253440112,2330.2447045631943,5936.126837358011,377140546.67437446,-1064989064.0641207,1206696.9335015763
442.98155949187594,-184.23704589335586,2330.2407606556703,5936.126841826696,378861181.3301746,-1069847881.5734962,1212202.2672057864
442.98155949187964,-184.2356428650399,2330.2367987114394,5936.1268463158185,380598001.93309647,-1074752405.8010385,1217759.3893823042
442.9815594918833,-184.23425512260448,2330.232879932272,5936.126850756032,382324141.41130584,-1079626768.1138492,1223282.3362876913
442.9815594918869,-184.23286107121868,2330.228943337563,5936.126855216431,384066421.9388133,-1084546710.3600202,1228856.928010543
442.98155949189055,-184.23146065174592,2330.2249887603193,5936.126859697206,385825072.8312731,-1089512880.0930066,1234483.8982680351
442.98155949189413,-184.23007583594313,2330.221078245529,5936.126864128055,387572460.5293637,-1094447244.2327325,1240074.8308673478
442.9815594918977,-184.22868473336123,2330.2171499778055,5936.126868579019,389336164.6145021,-1099427683.4336634,1245717.9692938777
442.9815594919013,-184.22728728515588,2330.213203790981,5936.126873050287,391116416.55927217,-1104454851.3401043,1251414.0541661019
442.9815594919048,-184.2259057653754,2330.20930258367,5936.12687747059,392884795.55090255,-1109448491.7847981,1257072.1503991527
442.98155949190834,-184.22451798433124,2330.2053836954774,5936.126881910927,394669658.8005906,-1114488681.3335738,1262782.989578632
442.98155949191187,-184.22312388351804,2330.2014469611927,5936.126886371485,396471239.76082677,-1119576079.2216992,1268547.318657915
442.9815594919154,-184.2217234035998,2330.19749221326,5936.1268908524535,398289776.3307923,-1124711357.2412386,1274365.8988179862
442.98155949191886,-184.2203392280507,2330.1935835064514,5936.126895281254,400095764.5925358,-1129811200.696272,1280144.3294762715
442.9815594919223,-184.21894876112827,2330.1896570337362,5936.126899730185,401918635.91576135,-1134958719.4172103,1285976.7790903498
442.9815594919258,-184.21755194387697,2330.1857126286322,5936.126904199434,403758630.08740276,-1140154590.526852,1291864.0148812484
442.9815594919292,-184.21617177223212,2330.1818152282567,5936.126908615423,405585401.5857706,-1145313122.764929,1297708.9434754467
442.9815594919326,-184.21478534120163,2330.1779001523028,5936.126913051441,407429212.50973076,-1150519771.8180072,1303608.3913272324
442.981559491936,-184.21339259226028,2330.173967235504,5936.126917507673,409290304.32575715,-1155775219.5516572,1309563.131031481
442.98155949193944,-184.21199346605144,2330.170016310246,5936.12692198431,411168923.1025398,-1161080160.8274264,1315573.9499082947
442.9815594919428,-184.21061138151376,2330.166113508144,5936.12692640642,413033565.95604634,-1166345636.1651506,1321540.0514936135
442.98155949194614,-184.20922301424363,2330.162192964536,5936.1269308486335,414915641.88553625,-1171660339.9282963,1327561.9318582658
442.9815594919495,-184.20782830536075,2330.1582545131528,5936.126935311137,416815398.5108393,-1177024971.3585997,1333640.383285372
442.9815594919528,-184.20645099643866,2330.154365196682,5936.126939717967,418700434.15894663,-1182348032.9289026,1339671.733550334
442.9815594919561,-184.20506744380484,2330.150458248894,5936.126944144775,420603044.38933814,-1187720722.5174685,1345759.3153574537
442.9815594919594,-184.20367758910822,2330.146533505014,5936.126948591746,422523478.1309856,-1193143743.0628574,1351903.9251785765
442.9815594919627,-184.20228137316934,2330.1425907979274,5936.126953059072,424461989.0549588,-1198617810.8946114,1358106.374658339
442.9815594919659,-184.20090297410547,2330.138698403058,5936.12695746939,426384940.14368004,-1204047940.0554159,1364259.0389700786
442.98155949196916,-184.1995183155101,2330.1347883321982,5936.126961899736,428325850.175095,-1209528782.6113715,1370469.1646215457
442.9815594919724,-184.19812733878337,2330.130860419871,5936.126966350298,430284973.9606335,-1215061058.1122284,1376737.566906067
442.9815594919756,-184.19675455478372,2330.1269838811118,5936.126970742651,432227715.7817683,-1220547073.3711364,1382953.5535424037
442.98155949197877,-184.19537555787505,2330.123089798017,5936.1269751548825,434188539.43725437,-1226084149.053041,1389227.3947219767
442.98155949198195,-184.19399029009304,2330.119178006905,5936.1269795871785,436167700.60085577,-1231673007.1427965,1395559.9084972332
442.98155949198514,-184.19259869265179,2330.115248341772,5936.126984039726,438165459.80848676,-1237314383.3552496,1401951.9284775306
442.98155949198826,-184.19122572635436,2330.1113712882307,5936.126988432662,440145904.47646874,-1242906865.8713393,1408288.548946734
442.9815594919914,-184.18984653964148,2330.107476669157,5936.1269928455,442144801.33395195,-1248551454.6385338,1414684.2089455873
442.9815594919945,-184.18846107441743,2330.1035643204978,5936.126997278428,444162411.56617236,-1254248887.2052684,1421139.7441610142
442.98155949199764,-184.1870692717622,2330.0996340758707,5936.127001731632,446199001.33056897,-1259999915.160743,1427656.0061889736
442.9815594920007,-184.18569655118614,2330.09575771621,5936.127006123782,448217289.5096119,-1265699262.1489267,1434113.710559531
442.9815594920038,-184.18431760656958,2330.0918637807804,5936.127010535846,450254396.39961946,-1271451750.3905606,1440631.6271799083
442.98155949200685,-184.18293237973978,2330.0879521053107,5936.12701496801,452310588.57023275,-1277258132.6388426,1447210.6089649438
442.9815594920099,-184.18154081169806,2330.0840225231977,5936.127019420464,454386137.6695433,-1283119175.9877627,1453851.5250784596
442.98155949201293,-184.18016878945485,2330.0801481355256,5936.12702381038,456442340.7498513,-1288925589.0434072,1460430.5417700976
442.98155949201595,-184.17879054366188,2330.0762561734705,5936.127028220208,458517723.8860671,-1294786163.7371202,1467070.9268689577
442.98155949201896,-184.1774060161272,2330.072346472707,5936.127032650134,460612558.87588024,-1300701667.5853343,1473773.5500175152
442.981559492022,-184.17601514783232,2330.0684188665755,5936.127037100349,462727122.69711167,-1306672882.7324064,1480539.297432567
442.9815594920249,-184.1746443020944,2330.06454780118,5936.1270414865,464821235.6610455,-1312586347.6864412,1487239.6103908727
442.9815594920279,-184.17326723765296,2330.060659175087,5936.127045892548,466934883.3945193,-1318554975.9373226,1494002.4266962952
442.98155949203084,-184.1718838963581,2330.056752824089,5936.12705031868,469068342.73552144,-1324579549.2345407,1500828.6321182232
442.9815594920338,-184.17049421923392,2330.052828581647,5936.127054765084,471221895.7984802,-1330660864.227471,1507719.1293085162
442.9815594920367,-184.1691250547063,2330.048962263741,5936.127059145855,473353829.6514526,-1336681129.7723584,1514540.453786871
442.9815594920396,-184.1677496809212,2330.0450784118107,5936.127063546494,475505644.786237,-1342757537.1134436,1521425.3903112074
442.9815594920425,-184.16636803983545,2330.0411768619515,5936.127067967186,477677622.85990006,-1348890881.6085806,1528374.8400700125
442.9815594920454,-184.16498007258173,2330.0372574479306,5936.127072408119,479870050.89602697,-1355081973.769877,1535389.721422458
442.98155949204823,-184.16361312147194,2330.0333973803886,5936.127076781809,482039624.6603492,-1361208528.8514194,1542331.4783655892
442.9815594920511,-184.16223997539842,2330.029519819186,5936.127081175319,484229416.3295233,-1367392176.302784,1549337.9244120314
442.9815594920539,-184.16086057649298,2330.025624600912,5936.127085588837,486439712.1229593,-1373633724.365206,1556409.9753479215
442.98155949205676,-184.1594748660662,2330.021711559836,5936.127090022549,488670803.7095445,-1379933996.668439,1563548.564395516
442.98155949205955,-184.15811068904665,2330.0178593259143,5936.127094387362,490877735.983865,-1386166046.6508844,1570609.8534331212
442.98155949206233,-184.15674033645544,2330.0139896530923,5936.127098771935,493105211.0894689,-1392456106.5472853,1577736.8712069595
442.9815594920651,-184.15536375067077,2330.0101023786547,5936.127103176452,495353519.51391035,-1398804996.651485,1584930.5471594995
442.9815594920679,-184.15398087325406,2330.00619733758,5936.127107601099,497622957.2691273,-1405213552.8573682,1592191.828409
442.98155949207063,-184.15262006041044,2330.0023546035927,5936.127111955148,499866857.3613066,-1411549994.4839609,1599371.39948454
442.98155949207336,-184.15125309673732,2329.9984945005735,5936.127116328878,502131611.5871357,-1417945325.0963,1606617.6953377468
442.9815594920761,-184.1498799249341,2329.9946168667143,5936.127120722472,504417514.3688114,-1424400376.0990772,1613931.6580003519
442.9815594920788,-184.14850048688933,2329.9907215379167,5936.127125136115,506724865.7188078,-1430915994.6830993,1621314.2473907082
442.98155949208154,-184.1471147236651,2329.9868083477486,5936.127129569996,509053971.37349695,-1437493044.2026129,1628766.4417413229
442.9815594920842,-184.14575164409948,2329.982959212874,5936.127133931299,511355932.99865335,-1443993443.001694,1636131.7861960863
442.9815594920869,-184.14438238592763,2329.97909263053,5936.12713831237,513679348.7722139,-1450554425.139349,1643565.775232607
442.98155949208956,-184.1430068914273,2329.975208437718,5936.127142713395,516024522.4443032,-1457176848.3609567,1651069.3807282054
442.98155949209223,-184.141625102057,2329.971306469125,5936.127147134562,518391763.5488043,-1463861586.7443728,1658643.5930658851
442.98155949209485,-184.1402665599832,2329.9674701474555,5936.127151481346,520730309.2315234,-1470465293.5053449,1666125.9916811339
442.98155949209746,-184.13890187472745,2329.9636164783496,5936.127155847786,523090596.8221161,-1477130396.1950269,1673677.9555918432
442.9815594920981,-184.1385746204802,2329.962692360809,5936.127156894867,523658268.46763086,-1478733416.8720226,1675494.2748391873
442.9815594920987,-184.1382470108853,2329.961767239819,5936.127157943085,524227205.1694235,-1480340009.880642,1677314.6417540247
