Time (s),X (km),Y (km),Z (km),Vx (km/s),Vy (km/s),Vz (km/s),Event
0.0,-458.708149922512,3081.87505277474,5546.65660601263,-0.224735806416073,-0.0343930667990539,0.000524097448327249,general_trajectory
0.999999999996648,-458.932959645249,3081.84116453756,5546.65802434893,-0.224886751561326,-0.0333796181366612,0.00232007628488426,general_trajectory
1.9999999999933,-459.15792221962,3081.80830230393,5546.6612612767,-0.225041519378046,-0.0323409958294432,0.00416139842277665,general_trajectory
2.99999999998995,-459.383041475214,3081.77649144429,5546.66636249562,-0.225200168730733,-0.0312768119512218,0.00604877903536374,general_trajectory
3.89705206309771,-459.585128709164,3081.74887011895,5546.6725629822,-0.225345837328229,-0.0303001096837695,0.00778164670153232,general_trajectory
3.9999999999866,-459.6083304047,3081.74575632477,5546.67337444876,-0.225362759468142,-0.0301866718353644,0.00798294734156716,general_trajectory
4.99999999998325,-459.833774884646,3081.71612587701,5546.68234425211,-0.225529352788808,-0.0290701714065975,0.00996464662139862,general_trajectory
5.9999999999799,-460.059387985001,3081.68762528021,5546.69331983519,-0.225700010705952,-0.0279269011405845,0.0119946342174641,general_trajectory
6.99999999997654,-460.285173779449,3081.66028151582,5546.7063498708,-0.2258747964182,-0.0267564434127517,0.0140736815265771,general_trajectory
7.79410412619542,-460.464601930341,3081.63940919696,5546.71819336439,-0.226016577500116,-0.0258073296420858,0.0157601300190969,general_trajectory
7.99999999997319,-460.511136472682,3081.63412197633,5546.72148381031,-0.226053774223562,-0.0255583731640322,0.0162025739781358,general_trajectory
8.99999999996984,-460.737280266985,3081.60917449334,5546.73877189736,-0.226237009527056,-0.0243322578944739,0.0183821110005192,general_trajectory
9.99999999996649,-460.963609430595,3081.58546733466,5546.75826518199,-0.226424568846479,-0.0230776576762213,0.020613105975275,general_trajectory
10.9999999999631,-461.190128366101,3081.56302920139,5546.78001553475,-0.226616519818356,-0.0217941251710063,0.0228963861791906,general_trajectory
11.6911561892931,-461.346804365941,3081.54827743478,5546.79639511954,-0.226751790503579,-0.0208898570428824,0.0245054866991007,general_trajectory
11.9999999999598,-461.416850512825,3081.54188786512,5546.80407568129,-0.226812931145387,-0.0204812063023889,0.0252327927142495,general_trajectory
12.9999999999564,-461.64376229436,3081.52207572448,5546.83049913207,-0.227013872846463,-0.0191384376230786,0.0276231804265698,general_trajectory
13.9999999999531,-461.870877289892,3081.50362147596,5546.85934032243,-0.227219415924007,-0.0177653501097686,0.0300684182024306,general_trajectory
14.9999999999497,-462.098200181919,3081.48655567121,5546.89065454595,-0.227429633357848,-0.0163614616254792,0.0325693977166084,general_trajectory
15.5882082523908,-462.232013136284,3081.47717833944,5546.91025159098,-0.227555498350354,-0.0155210978325485,0.0340668974471784,general_trajectory
15.5882082523908,-462.232013136243,3081.47717833918,5546.91025159052,-0.227555498325927,-0.0155210979957992,0.0340668971530742,general_trajectory
15.5882082523908,-462.232013136243,3081.47717833918,5546.91025159052,-0.227555498325927,-0.0155210979957992,0.0340668971530742,general_trajectory
15.5882082523908,-462.231172339195,3081.47730799685,5546.91024963653,-0.227555502518461,-0.0155210360731099,0.0340668968347093,general_trajectory
16.5882082523942,-462.458833537684,3081.46250619861,5546.94561043405,-0.227764893559226,-0.0140822885168009,0.0366673241839514,general_trajectory
17.5882082523977,-462.686698107534,3081.44914398881,5546.98360970395,-0.227962228341069,-0.012641833668216,0.0393440090888763,general_trajectory
18.5882082524011,-462.914753942214,3081.43722315293,5547.0243242082,-0.22814740674587,-0.0111995135125377,0.0420979622834578,general_trajectory
19.0860734853525,-463.028362544446,3081.43182622299,5547.04563107399,-0.228235037533667,-0.0104806852067116,0.0434981875686554,general_trajectory
19.5882082524045,-463.142988836359,3081.4267456394,5547.06783172522,-0.22832033123468,-0.00975516016680658,0.0449302059591519,general_trajectory
20.5882082524079,-463.37139048838,3081.4177135695,5547.11421106136,-0.228480906899212,-0.00830859578621101,0.0478417737359386,general_trajectory
21.5882082524114,-463.599946503105,3081.41012924735,5547.16354206228,-0.228629041489458,-0.0068596325119747,0.0508337106626887,general_trajectory
22.5839387183142,-463.827667677168,3081.40401827315,5547.21567549474,-0.228764093210004,-0.00541427575873723,0.0538937768337855,general_trajectory
22.5882082524148,-463.828644394443,3081.40399516995,5547.21590562444,-0.228764645415868,-0.00540807246336434,0.0539070732489886,general_trajectory
23.5882082524182,-464.057471588037,3081.39931403719,5547.27138370655,-0.228887631724382,-0.00395370777670662,0.057062929530781,general_trajectory
24.5882082524216,-464.286415423869,3081.39608876176,5547.33005934116,-0.228997916042421,-0.0024963206945099,0.0603023591722568,general_trajectory
25.588208252425,-464.515463158808,3081.394322479,5547.39201664636,-0.229095416493991,-0.0010356837078705,0.063626453606427,general_trajectory
26.0818039512759,-464.628554508437,3081.39398948033,5547.42383424924,-0.229138805511393,-0.000313449336154674,0.0652987587363156,general_trajectory
26.5882082524285,-464.744601969046,3081.39401855656,5547.45734083763,-0.229180053581992,0.000428440244699313,0.0670363162167753,general_trajectory
27.5882082524319,-464.973818952406,3081.39518060383,5547.5261182399,-0.229251750035944,0.00189629751896279,0.0705330625622283,general_trajectory
28.5882082524353,-465.203101130477,3081.39781248105,5547.59843629986,-0.229310430623429,0.00336814344428703,0.0741178206475143,general_trajectory
29.5796691842376,-465.430476965252,3081.40187699673,5547.67371946523,-0.229355688227357,0.00483161867189745,0.0777599788452961,general_trajectory
29.5796691842376,-465.430476965255,3081.40187699675,5547.67371946525,-0.22935568822746,0.00483161867248006,0.0777599788462498,general_trajectory
29.5796691842376,-465.430476965255,3081.40187699675,5547.67371946525,-0.22935568822746,0.00483161867248006,0.0777599788462498,general_trajectory
29.5796691842376,-465.430476870635,3081.40187693759,5547.67371930925,-0.22935566783527,0.00483162007404954,0.0777599805380183,general_trajectory
29.836952680225,-465.489487610023,3081.40316907111,5547.69384893221,-0.229365924198405,0.00521324301669678,0.0787189644609251,general_trajectory
30.0942361762124,-465.548501036643,3081.4045597218,5547.71422589897,-0.229376557555238,0.0055974480205556,0.0796827170463774,general_trajectory
30.3515196721998,-465.607517247842,3081.40604955561,5547.73485143874,-0.22938757066852,0.0059842475893521,0.0806512562750042,general_trajectory
30.5796691842445,-465.659853054973,3081.40745419606,5547.7533503448,-0.229397656604138,0.00632942776283952,0.0815141399531335,general_trajectory
30.6088031681872,-465.666536341683,3081.40763924167,5547.75572678537,-0.229398966303037,0.00637365425547837,0.0816246001971157,general_trajectory
30.6088031681872,-465.666536341683,3081.40763924167,5547.75572678537,-0.229398966303037,0.00637365425547833,0.0816246001971156,general_trajectory
30.6088031681872,-465.666536341683,3081.40763924167,5547.75572678537,-0.229398966303037,0.00637365425547833,0.0816246001971156,general_trajectory
30.6088031681872,-465.666536351457,3081.40763927148,5547.75572677493,-0.229398963395152,0.00637365289827814,0.0816246012273837,general_trajectory
31.6088031681871,-465.895954276183,3081.41477053266,5547.83926430797,-0.229433250619648,0.00788704209931921,0.0854672555187096,general_trajectory
32.6088031681871,-466.125395268607,3081.42340917762,5547.92669534079,-0.22944478450412,0.00938789451276706,0.0894120741552595,general_trajectory
33.6088031681872,-466.354835626826,3081.43354107791,5548.01812345738,-0.229431662349984,0.0108730131329085,0.0934618957003188,general_trajectory
34.6088031681871,-466.584249730189,3081.44514886794,5548.11365507675,-0.229391950027676,0.0123391216245635,0.0976195502732301,general_trajectory
35.608803168187,-466.813610009857,3081.45821186848,5548.21339944052,-0.22932368594541,0.0137828699900178,0.101887851736233,general_trajectory
36.6088031681871,-467.042886923303,3081.47270601585,5548.3174685929,-0.229224884969198,0.0152008402401776,0.106269590113166,general_trajectory
37.6088031681871,-467.272048932706,3081.48860379673,5548.42597735313,-0.229093542285525,0.0165895520663345,0.11076752428282,general_trajectory
38.6088031681871,-467.501062487179,3081.5058741887,5548.53904328083,-0.228927637199117,0.0179454685098964,0.115384374986304,general_trajectory
39.608803168187,-467.729892008753,3081.52448260642,5548.65678663452,-0.228725136859075,0.0192650016278616,0.120122818184361,general_trajectory
40.608803168187,-467.958499882055,3081.54439085348,5548.77933032366,-0.228483999907211,0.0205445181517315,0.124985478797165,general_trajectory
41.6088031681871,-468.186846447588,3081.56555707988,5548.90679985465,-0.228202180042787,0.0217803451370215,0.129974924855743,general_trajectory
42.608803168187,-468.414889998535,3081.58793574518,5549.0393232712,-0.227877629498057,0.0229687755996269,0.135093662090813,general_trajectory
43.6088031681869,-468.642586780991,3081.61147758731,5549.17703108953,-0.227508302419032,0.0241060741340954,0.14034412898145,general_trajectory
43.8827127229215,-468.704888597928,3081.6181219402,5549.21567260982,-0.227399058096342,0.024408173650843,0.141805579408355,general_trajectory
44.6088031681869,-468.869890997537,3081.6361295969,5549.32005622881,-0.227092158147326,0.0251884825100202,0.145728692281047,general_trajectory
45.6088031681869,-469.096754813985,3081.66183499722,5549.46853393747,-0.226627164388788,0.0262122252234351,0.151249643045866,general_trajectory
46.608803168187,-469.323128367609,3081.68853318029,5549.62260159198,-0.226111293713674,0.0271733221262089,0.156908709507319,general_trajectory
47.6088031681869,-469.54895977,3081.71615933674,5549.78239769698,-0.225542529989041,0.0280675168852099,0.162706823706578,general_trajectory
48.6088031681868,-469.774195136656,3081.74464462309,5549.94806218153,-0.224918894269542,0.0288909389585174,0.16864576080227,general_trajectory
49.6088031681869,-469.998778615506,3081.77391633857,5550.11973672768,-0.224238430341324,0.0296397331781606,0.174727221611524,general_trajectory
50.6088031681869,-470.222652495033,3081.8038814565,5550.29751941413,-0.223499713943903,0.0302289690956462,0.180729527956118,general_trajectory
51.6088031681868,-470.44575977244,3081.83422339868,5550.48089719091,-0.222705606167742,0.0304172761524108,0.185979992688188,general_trajectory
52.6088031681868,-470.66804445365,3081.86468487405,5550.669512032,-0.221853931551279,0.0304919161253403,0.191272146099212,general_trajectory
53.6088031681868,-470.889447638603,3081.89517898927,5550.8634865932,-0.220942266636082,0.0304818306099744,0.196699625946435,general_trajectory
54.6088031681869,-471.109908298577,3081.92561884063,5551.06295676076,-0.219968537335157,0.030382660922951,0.202263532458882,general_trajectory
55.6088031681868,-471.329363339685,3081.95591316022,5551.26805946257,-0.218930688045873,0.0301900385547806,0.207964848281785,general_trajectory
56.6088031681867,-471.54774762327,3081.98596630986,5551.4789325493,-0.217826685458211,0.0298995927844339,0.213804435954269,general_trajectory
57.1566222776559,-471.666904646161,3082.0022919217,5551.59694917643,-0.217193121314774,0.029697435385702,0.217062367393293,general_trajectory
57.6088031681867,-471.764993990064,3082.01567828274,5551.69571467332,-0.216654522260117,0.0295069583233117,0.219783036033247,general_trajectory
58.6088031681868,-471.981033287975,3082.04494471264,5551.918545166,-0.215412220717783,0.0290077829456705,0.225901265883766,general_trajectory
59.6088031681867,-472.195794403404,3082.07365689081,5552.14756391426,-0.214097836115148,0.0283977350724477,0.232159619144391,general_trajectory
60.6088031681866,-472.40920429593,3082.10170179039,5552.38291123682,-0.212709460031128,0.0276725112630838,0.238558465877866,general_trajectory
61.6088031681867,-472.621188036931,3082.12896209436,5552.62472774572,-0.211245243151141,0.0268277458448049,0.245097666959247,general_trajectory
62.6088031681867,-472.831669564497,3082.15531291247,5552.87314081717,-0.209705274579657,0.0258505308007513,0.251742002232019,general_trajectory
63.6088031681867,-473.040573349862,3082.18061577251,5553.12823805509,-0.208089600547075,0.0247311712469363,0.258465248820609,general_trajectory
64.6088031681866,-473.247823228938,3082.20472658426,5553.39009610228,-0.20639731974981,0.0234658058095459,0.265262855477485,general_trajectory
65.6088031681866,-473.453342183966,3082.2274974878,5553.65878701301,-0.204627625893117,0.0220507578833072,0.272130201837501,general_trajectory
66.6088031681867,-473.657052777921,3082.24877609075,5553.93437352254,-0.202781046752754,0.0204791288478152,0.279045722781409,general_trajectory
67.6088031681866,-473.858879325212,3082.26840045205,5554.21688207765,-0.200859577482655,0.018741737360435,0.285972626356026,general_trajectory
68.6088031681865,-474.058747008357,3082.28620347275,5554.50632019079,-0.198863337006838,0.0168360777311552,0.292903789228806,general_trajectory
69.6088031681866,-474.25658112298,3082.30201582431,5554.80268903808,-0.196792469759441,0.0147600781337441,0.299833112174805,general_trajectory
70.4305318323903,-474.41757237564,3082.31339904145,5555.05140975795,-0.195034407220911,0.0129265428554305,0.30552887156373,general_trajectory
70.6088031681865,-474.452306845503,3082.31566676066,5555.10598709927,-0.194646111602831,0.0125137734691176,0.306766435231754,general_trajectory
71.6088031681866,-474.645847540349,3082.32698709628,5555.41622868327,-0.192422366110973,0.0100985982737097,0.313719772821593,general_trajectory
72.6088031681865,-474.837125742454,3082.33580705096,5555.73343203455,-0.190121116225368,0.0075127110915071,0.320689289067946,general_trajectory
73.6088031681864,-475.026063923701,3082.34195504497,5556.05761134527,-0.187742295412759,0.00475443744926275,0.327671295308651,general_trajectory
74.6088031681865,-475.212582245104,3082.34526028133,5556.38879764794,-0.185279486682168,0.00182878684335545,0.334719461667006,general_trajectory
75.6088031681865,-475.39659296947,3082.34555757021,5556.7270864345,-0.182726896507263,-0.00126200627776025,0.341876125664682,general_trajectory
76.6088031681864,-475.578005707459,3082.34268013678,5557.07258579061,-0.180083315656383,-0.00452119252853628,0.349140463934784,general_trajectory
77.6088031681864,-475.75672768505,3082.3364587417,5557.42541238851,-0.177341620263251,-0.00794830003265255,0.356558343504699,general_trajectory
78.6088031681864,-475.932646930897,3082.3267309856,5557.78582073406,-0.174475632268741,-0.0115342306200086,0.364316947989482,general_trajectory
79.6088031681865,-476.10563604931,3082.31333476048,5558.1541621988,-0.171480800922506,-0.0152866418785192,0.372424393621817,general_trajectory
80.6088031681864,-476.275564182956,3082.29609954552,5558.53078751545,-0.16835319383284,-0.0192136044359553,0.380883906117426,general_trajectory
81.6088031681863,-476.442303922494,3082.27484496162,5558.91600011252,-0.165108501397479,-0.0233276620420364,0.389565095597178,general_trajectory
82.6088031681864,-476.605745430887,3082.2493794927,5559.30996515647,-0.161756546271936,-0.0276359022753356,0.39838863321702,general_trajectory
83.6088031681864,-476.765780899066,3082.21950739061,5559.71282448895,-0.158296245116219,-0.0321414382424285,0.407353499625033,general_trajectory
83.7044413871247,-476.78090397961,3082.2164123504,5559.75182439349,-0.157959593510208,-0.0325827873669991,0.408218249694218,general_trajectory
84.6088031681863,-476.922301462777,3082.18502984797,5560.12471891388,-0.15472657078914,-0.0368472753150821,0.416458639434792,general_trajectory
85.6088031681863,-477.07519725841,3082.14574510584,5560.54578816343,-0.151046551585542,-0.0417563112333643,0.425702965159202,general_trajectory
86.6088031681863,-477.224357478006,3082.10144856119,5560.97617086786,-0.147255270351105,-0.046871336519249,0.435085361065112,general_trajectory
87.6088031681864,-477.369670423315,3082.05193287383,5561.41600452912,-0.143351863482794,-0.0521950351847422,0.444604686944599,general_trajectory
88.6088031681863,-477.511023558803,3081.99698807237,5561.86542549826,-0.139335519825196,-0.0577299857128951,0.454259781800771,general_trajectory
89.6088031681862,-477.648303563508,3081.93640165923,5562.32456895647,-0.135205479470327,-0.0634786622944705,0.464049467450284,general_trajectory
90.6088031681863,-477.781396381651,3081.86995871417,5562.79356889959,-0.130961032468118,-0.0694434363027906,0.473972552047322,general_trajectory
91.6088031681863,-477.910187271914,3081.79744199629,5563.27255812627,-0.126601517453804,-0.0756265779907124,0.484027833536363,general_trajectory
92.6088031681862,-478.034560855302,3081.7186320442,5563.76166822938,-0.122126320197401,-0.082030258395094,0.494214103043102,general_trajectory
93.6088031681861,-478.15440116153,3081.63330727423,5564.26102959091,-0.117534872079561,-0.0886565514356658,0.504530148214459,general_trajectory
94.6088031681862,-478.269591673833,3081.54124407639,5564.77077138015,-0.112826648497196,-0.0955074361968352,0.514974756519711,general_trajectory
95.6088031681861,-478.380015372166,3081.44221690802,5565.29102155511,-0.108001167201412,-0.102584799382571,0.525546718525377,general_trajectory
96.6088031681862,-478.485554774691,3081.33599838486,5565.8219068673,-0.103057986569649,-0.109890437936102,0.536244831156638,general_trajectory
96.9783509418592,-478.523297068568,3081.29488000002,5566.02081077749,-0.101201378878479,-0.112648331462082,0.540229979202388,general_trajectory
97.6088031681861,-478.586091977518,3081.22235936944,5566.36355286967,-0.0979967038133078,-0.117426061817495,0.54706790095774,general_trajectory
98.608803168186,-478.681508692616,3081.10106905658,5566.9160839279,-0.0928169531213518,-0.125193296934395,0.558014747363201,general_trajectory
99.6088031681861,-478.771686280098,3080.97189505323,5567.47962325079,-0.0875184072046647,-0.133193685544651,0.569084191588726,general_trajectory
100.608803168186,-478.856506252022,3080.83460381069,5568.05429092912,-0.0821019425693681,-0.141427805773211,0.580270159748911,general_trajectory
101.608803168186,-478.935850938221,3080.68896122048,5568.64020140003,-0.0765677955027158,-0.149896589337363,0.591569627039553,general_trajectory
102.608803168186,-479.009602470598,3080.53473194809,5569.23746799789,-0.0709155581927553,-0.158601402393907,0.602982430226931,general_trajectory
103.608803168186,-479.077642605406,3080.37167933374,5569.84620381135,-0.0651449738538821,-0.167543459459235,0.614507887902312,general_trajectory
103.615305719226,-479.078066090667,3080.37058968227,5569.85019992511,-0.0651070627149092,-0.16760238441861,0.614583199225971,general_trajectory
103.615305719226,-479.078033447278,3080.37060448542,5569.85018600551,-0.0651056380778686,-0.167602120203069,0.614583234702856,general_trajectory
104.608803168186,-479.139818859001,3080.19958064586,5570.46650710628,-0.059254464762324,-0.176723594050376,0.626145036615648,general_trajectory
105.608803168186,-479.196079355849,3080.01816715489,5571.09851687315,-0.0532467458260836,-0.186143367935783,0.637892877079907,general_trajectory
106.608803168186,-479.246272764244,3079.82721378627,5571.74232947824,-0.0471202679857338,-0.195803511611421,0.649750573130131,general_trajectory
107.608803168186,-479.290280267131,3079.62647969002,5572.39805436829,-0.0408749163143616,-0.205704979031699,0.661717318100138,general_trajectory
108.608803168186,-479.327982936237,3079.41572308062,5573.06580021698,-0.0345105828892962,-0.215848688164849,0.673792373031761,general_trajectory
109.608803168186,-479.35926173783,3079.19470127055,5573.74567499399,-0.0280271642974261,-0.226235525836085,0.685975069285972,general_trajectory
110.252260496593,-479.375936207079,3079.04694202849,5574.18960857334,-0.0237923478817668,-0.233047968097874,0.693870748849014,general_trajectory
110.608803168186,-479.383997535986,3078.96317069901,5574.43778603656,-0.0214245591537131,-0.23686635258999,0.698264811070705,general_trajectory
111.608803168186,-479.402071093378,3078.72088695577,5575.14224012361,-0.0147026656355091,-0.247742007566105,0.710661077886211,general_trajectory
112.608803168186,-479.413363069621,3078.46760480013,5575.85914355217,-0.00786137903552674,-0.258863313381063,0.723163426888805,general_trajectory
113.608803168186,-479.417754017168,3078.203078175,5576.58860221623,-0.000900589335782935,-0.270231081011916,0.735771495173756,general_trajectory
114.608803168186,-479.415124374794,3077.92706021608,5577.33072168775,0.00617982119527853,-0.281846114675453,0.748485001978136,general_trajectory
115.608803168186,-479.405354458697,3077.63930325622,5578.0856072999,0.0133799803801523,-0.293709216697954,0.761303750804816,general_trajectory
116.608803168186,-479.388324451224,3077.33955882488,5578.85336423233,0.0207000284823283,-0.305821192370936,0.77422763146891,general_trajectory
117.608803168186,-479.363914387273,3077.0275776427,5579.63409759848,0.0281401205273329,-0.318182854788537,0.787256622068397,general_trajectory
118.608803168186,-479.332004138377,3076.70310961134,5580.42791253485,0.03570042859333,-0.330795029662659,0.800390790881062,general_trajectory
119.608803168186,-479.292473400254,3076.3659038052,5581.23491427415,0.0433811100949292,-0.34365851992889,0.813630192322317,general_trajectory
120.608803168186,-479.245201844768,3076.01570865704,5582.05520770477,0.0511820475407648,-0.356773795334093,0.826974062440884,general_trajectory
121.608803168186,-479.190069167841,3075.65227202478,5582.8888972648,0.0591033978659786,-0.37014164114789,0.840422533052106,general_trajectory
122.608803168186,-479.126954817389,3075.27534087302,5583.73608781636,0.0671454440835778,-0.38376299340086,0.853976143340599,general_trajectory
123.526170051328,-479.06193285493,3074.91747156185,5584.52523618685,0.074629364668831,-0.39648255349033,0.866502785004908,general_trajectory
123.608803168186,-479.05573794418,3074.88466121145,5584.59688480881,0.0753084978013303,-0.397638826639919,0.867635528861669,general_trajectory
124.608803168186,-478.976297372259,3074.47997805412,5585.47139437582,0.0835929011842942,-0.411770158323241,0.88140142288038,general_trajectory
125.608803168186,-478.88851155943,3074.06103536418,5586.35972345694,0.091999071350681,-0.426158107105613,0.895274781026671,general_trajectory
126.608803168186,-478.792258436002,3073.62757584127,5587.26198026634,0.10052760722126,-0.440804033206969,0.909257080831752,general_trajectory
127.608803168186,-478.687415414845,3073.17934092161,5588.17827425302,0.109178934963844,-0.455709089921724,0.92334928801204,general_trajectory
128.608803168186,-478.573859492313,3072.71607089564,5589.10871580227,0.117953485489842,-0.470874446291957,0.937552379029504,general_trajectory
129.608803168186,-478.451467211475,3072.23750485064,5590.05341633763,0.126851734741669,-0.486301340254318,0.951867453821397,general_trajectory
130.608803168186,-478.320114616252,3071.74338059973,5591.01248844423,0.135874205337376,-0.501991083002743,0.966295735660943,general_trajectory
131.608803168186,-478.179677203935,3071.23343460637,5591.98604599212,0.14502146819125,-0.517945063288816,0.980838571099855,general_trajectory
132.608803168186,-478.030029876083,3070.70740190474,5592.97420425955,0.154294144117444,-0.534164751672408,0.995497430004517,general_trajectory
133.608803168186,-477.871046887829,3070.1650160158,5593.97708005635,0.163692905423779,-0.550651704735603,1.01027390569737,general_trajectory
134.608803168186,-477.702601795585,3069.60600885916,5594.9947918475,0.17321847750294,-0.567407569273325,1.02516971521476,general_trajectory
135.608803168185,-477.524567403166,3069.03011066079,5596.02745987704,0.182871640428377,-0.584434086474412,1.04018669969246,general_trajectory
136.608803168186,-477.336815706302,3068.43704985654,5597.0752062924,0.192653230562247,-0.601733096107243,1.05532682488947,general_trajectory
136.800079606062,-477.299785413756,3068.32163321246,5597.27734369675,0.194538923620008,-0.605073194417157,1.058236975618,general_trajectory
137.608803168186,-477.139217835541,3067.82655299144,5598.13815526935,0.202564142182841,-0.619306540724344,1.07059218186122,general_trajectory
138.608803168185,-476.931643997505,3067.19834461481,5599.2164331377,0.21260532913901,-0.637156469900814,1.08598498779231,general_trajectory
139.608803168185,-476.713963414481,3066.5521471711,5600.31016850793,0.222777806539089,-0.655285044521452,1.10150758699988,general_trajectory
140.608803168185,-476.486044262299,3065.88768088643,5601.41949239889,0.233082652482092,-0.67369454113235,1.11716245211756,general_trajectory
141.608803168186,-476.247753606452,3065.20466365068,5602.54453836679,0.243521009838859,-0.69238735637252,1.13295218547112,general_trajectory
142.608803168185,-475.998957336417,3064.50281089516,5603.68544263563,0.254094088091077,-0.711366011501892,1.14887952065611,general_trajectory
143.608803168185,-475.739520098089,3063.78183546569,5604.84234422943,0.264803165236204,-0.730633157042312,1.16494732432862,general_trajectory
144.608803168185,-475.469305224288,3063.04144749096,5606.01538510617,0.275649589766508,-0.750191577548652,1.18115859822014,general_trajectory
145.608803168185,-475.188174663241,3062.28135424604,5607.20471029407,0.286634782730604,-0.770044196527715,1.19751648138806,general_trajectory
146.608803168185,-474.895988904951,3061.50126001089,5608.41046803008,0.297760239886146,-0.79019408152316,1.21402425271356,general_trajectory
147.608803168185,-474.592606905379,3060.70086592376,5609.63280990109,0.309027533952563,-0.810644449385318,1.23068533365934,general_trajectory
148.608803168185,-474.277886008303,3059.87986982907,5610.87189098798,0.32043831697307,-0.831398671745563,1.24750329130009,general_trajectory
149.608803168185,-473.951681864657,3059.03796611974,5612.12787001316,0.331994321828228,-0.852460279243227,1.26448183937686,general_trajectory
150.073989160797,-473.79598202114,3058.63911271294,5612.71793789678,0.337419986303883,-0.862363591960905,1.27243577266839,general_trajectory
150.608803168185,-473.613848382045,3058.17484562338,5613.40090941512,0.343697289597266,-0.87383285261561,1.28162466654965,general_trajectory
151.608803168185,-473.264237669294,3057.29019547982,5614.69117543366,0.355549097581214,-0.895520218700113,1.29893573515646,general_trajectory
152.608803168185,-472.902699957628,3056.38369898194,5615.99883824927,0.367551611659569,-0.917526226412073,1.31641893608674,general_trajectory
153.608803168185,-472.529083515498,3055.45503540438,5617.32407213404,0.379706920280132,-0.939855108282061,1.33407862701375,general_trajectory
154.608803168185,-472.143234447309,3054.50387965042,5618.66705586582,0.392017241406583,-0.962511341601501,1.35191941107574,general_trajectory
155.608803168185,-471.744996592964,3053.52990205073,5620.02797290519,0.40448488035028,-0.985499585708316,1.36994603736382,general_trajectory
156.608803168185,-471.334211475358,3052.53276823503,5621.40701146234,0.417112166606356,-1.00882458458853,1.38816325781185,general_trajectory
157.608803168185,-470.910718207347,3051.51213893875,5622.80436465436,0.429901613659742,-1.03249141925653,1.40657618503799,general_trajectory
158.608803168185,-470.474353312479,3050.46766967161,5624.22023085289,0.44285587112465,-1.05650543632696,1.4251901800626,general_trajectory
159.608803168185,-470.024950609026,3049.39901048226,5625.6548138858,0.455977700698294,-1.08087221290825,1.44401079569798,general_trajectory
160.608803168185,-469.562341095566,3048.30580572289,5627.10832323312,0.469269980879503,-1.10559756656336,1.46304378481388,general_trajectory
161.608803168185,-469.086352831708,3047.1876938035,5628.58097423141,0.482735711972999,-1.13068756586213,1.48229510912734,general_trajectory
162.608803168185,-468.59681081365,3046.04430693541,5630.07298828722,0.496378021399358,-1.15614854156747,1.50177094855165,general_trajectory
163.347898715531,-468.226177338637,3045.18277176386,5631.1883068243,0.506576382493591,-1.17520891882068,1.51631349700118,general_trajectory
163.608803168185,-468.093536844281,3044.87527086314,5631.58459310025,0.510200169332354,-1.18198709850162,1.52147771114257,general_trajectory
164.608803168185,-467.576349397457,3043.68020458417,5633.11602289671,0.524205554687212,-1.20821012814192,1.54142204368292,general_trajectory
165.608803168185,-467.045063476112,3042.45872005561,5634.66751867361,0.538397721485289,-1.23482482200034,1.56161084295086,general_trajectory
166.608803168185,-466.499490463806,3041.21042188716,5636.23932845472,0.552780365622965,-1.26183868584528,1.58205126772078,general_trajectory
167.608803168185,-465.93943796928,3039.93490701937,5637.83170755887,0.567357342074951,-1.28925955482945,1.60275075155037,general_trajectory
168.608803168185,-465.364709663586,3038.63176438627,5639.44491888147,0.582132672564924,-1.31709560959334,1.62371701641237,general_trajectory
169.608803168185,-464.775105109295,3037.3005745614,5641.07923319014,0.597110553739393,-1.34535539341987,1.64495808723487,general_trajectory
170.608803168185,-464.17041958126,3035.94090938612,5642.73492943534,0.612295365883987,-1.374047830523,1.66648230742005,general_trajectory
171.608803168185,-463.550443878381,3034.55233157905,5644.412295077,0.627691682225036,-1.40318224556058,1.68829835541777,general_trajectory
172.608803168185,-462.914964125749,3033.1343943253,5646.11162642839,0.643304278863326,-1.43276838447018,1.71041526243794,general_trajectory
173.608803168185,-462.263761566522,3031.68664084418,5647.83322901817,0.65913814539145,-1.46281643673635,1.73284243139355,general_trajectory
174.608803168185,-461.596612342821,3030.2086039339,5649.57741797219,0.6751984962511,-1.4933370592078,1.75558965717523,general_trajectory
175.608803168185,-460.913287264869,3028.69980549157,5651.34451841614,0.691490782892293,-1.52434140159528,1.77866714836853,general_trajectory
176.608803168185,-460.213551567545,3027.15975600687,5653.13486590079,0.708020706802584,-1.55584113379326,1.80208555053589,general_trajectory
176.621808270265,-460.204342277799,3027.13951944882,5653.15830420259,0.708237271564756,-1.55625410760663,1.80239240344108,general_trajectory
176.621808270265,-460.204342669005,3027.13952026746,5653.15830381016,0.708237237678584,-1.55625404935076,1.80239234012227,general_trajectory
176.621808270265,-460.204360246638,3027.13955025361,5653.15826851027,0.708237237678584,-1.55625404935076,1.80239234012227,general_trajectory
176.621808270265,-460.204204158912,3027.13938653602,5653.15836881578,0.708241843591193,-1.55626022174941,1.80239455575982,general_trajectory
177.621808269872,-459.494226822453,3025.57849827368,5654.95933957439,0.711711553440835,-1.56550766290575,1.7995591821125,general_trajectory
178.621808269478,-458.780783669318,3024.00838858717,5656.75751146594,0.7151734130687,-1.57470297599068,1.79679667312722,general_trajectory
179.621808269084,-458.063882741576,3022.4291098911,5658.55295692201,0.718627038563045,-1.58384558385939,1.79410617470891,general_trajectory
180.62180826869,-457.343532465868,3020.84071518885,5660.34574755446,0.722072044679635,-1.59293488664013,1.79148689974573,general_trajectory
181.621808268296,-456.619741654775,3019.24325809374,5662.13595421742,0.72550804477975,-1.60197026486192,1.78893811838295,general_trajectory
182.621808267902,-455.892519507617,3017.63679284583,5663.9236470605,0.72893465396763,-1.61095108924045,1.78645915107827,general_trajectory
183.621808267508,-455.16187560349,3016.02137430868,5665.70889557707,0.732351494092136,-1.61987673501511,1.78404936121646,general_trajectory
184.621808267114,-454.427819907375,3014.39705799186,5667.4917686369,0.735758172090263,-1.62874653613608,1.78170813854147,general_trajectory
185.62180826672,-453.690362779127,3012.76390007895,5669.27233451495,0.739154292344862,-1.63755981322332,1.77943490333234,general_trajectory
186.621808266326,-452.94951497469,3011.12195743708,5671.05066091982,0.742539458300701,-1.64631587896416,1.77722910176809,general_trajectory
187.621808265932,-452.205287647022,3009.4712876239,5672.82681501719,0.745913272493484,-1.65501403981672,1.77509020106974,general_trajectory
187.714705879168,-452.135979553009,3009.31750337107,5672.99170758328,0.746226101420969,-1.65581911403021,1.77489488005361,general_trajectory
188.621808265538,-451.457692346983,3007.8119488931,5674.60086344872,0.749275336583656,-1.66365359749689,1.77301768531588,general_trajectory
189.621808265144,-450.706741024196,3006.14400019849,5676.37287234707,0.752625251393065,-1.6722338502747,1.7710110518407,general_trajectory
190.62180826475,-449.952446027867,3004.46750119684,5678.14290734752,0.75596261694298,-1.68075409410311,1.76906980813616,general_trajectory
191.621808264356,-449.194820107565,3002.78251224971,5679.91103359681,0.759287032492354,-1.68921362359944,1.76719346918972,general_trajectory
192.621808263962,-448.433876413962,3001.08909442437,5681.67731575945,0.762598096575551,-1.6976117328976,1.76538155519874,general_trajectory
193.621808263569,-447.669628499547,2999.38730949387,5683.44181802193,0.765895407038968,-1.70594771638706,1.7636335896102,general_trajectory
194.621808263175,-446.902090319289,2997.67721993647,5685.20460409509,0.769178561076187,-1.71422086935275,1.76194909744137,general_trajectory
195.621808262781,-446.131276231278,2995.95888893446,5686.96573721496,0.772447155261455,-1.72243048852827,1.76032760384302,general_trajectory
196.621808262387,-445.357200997324,2994.2323803725,5688.72528014229,0.775700785581368,-1.73057587257365,1.75876863287172,general_trajectory
197.621808261993,-444.579879783533,2992.49775883542,5690.48329516087,0.778939047464771,-1.73865632248717,1.75727170644262,general_trajectory
198.621808261599,-443.799328160848,2990.75508960575,5692.23984407497,0.782161535810917,-1.74667114196006,1.75583634343757,general_trajectory
198.807603488071,-443.653950817004,2990.43042875142,5692.56604590555,0.782758488643008,-1.74815297177406,1.75557640266844,general_trajectory
198.807603488071,-443.653950817004,2990.43042875142,5692.56604590555,0.782758488643008,-1.74815297177406,1.75557640266844,general_trajectory
199.621808261205,-443.015558581423,2989.00442666364,5693.99498093096,0.785380835719923,-1.75466385750166,1.75443524998976,general_trajectory
200.621808260811,-442.228558950165,2987.24573978059,5695.74870786555,0.788622205728931,-1.76272103625826,1.75301516820195,general_trajectory
201.621808260417,-441.438306638791,2985.47896234077,5697.50100425062,0.791886171229867,-1.77084497051114,1.75157404020555,general_trajectory
202.621808260023,-440.644779123964,2983.70402758513,5699.25184870611,0.795172589627534,-1.77903567176466,1.75011119684546,general_trajectory
203.621808259629,-439.847954023924,2981.92086874044,5701.00121918106,0.798481316818725,-1.78729314782052,1.74862596772485,general_trajectory
204.621808259235,-439.047809104087,2980.12941903349,5702.749092955,0.801812204652542,-1.79561739621402,1.74711768294756,general_trajectory
205.621808258841,-438.24432227736,2978.32961169175,5704.49544663609,0.805165106192771,-1.80400841773482,1.74558566962221,general_trajectory
206.621808258447,-437.43747160309,2976.52137994057,5706.24025615808,0.808539875496693,-1.8124662159306,1.74402925181856,general_trajectory
207.621808258053,-436.627235286172,2974.70465700058,5707.98349677725,0.811936367295439,-1.82099079634612,1.74244775061263,general_trajectory
208.621808257659,-435.813591676712,2972.87937608658,5709.72514306961,0.815354436372298,-1.82958216497037,1.7408404843576,general_trajectory
209.621808257266,-434.996519270074,2971.0454704073,5711.46516892815,0.818793937433974,-1.83824032793845,1.73920676866483,general_trajectory
209.900501096974,-434.768193198978,2970.53282821374,5711.9498093357,0.819756300856748,-1.84066519831047,1.73874665806669,general_trajectory
209.900501096974,-434.768436747849,2970.53686266828,5711.95131018108,0.819764505804778,-1.84067767827332,1.73873863972182,general_trajectory
210.621808256872,-434.176235280555,2969.20690241715,5713.20504543738,0.822259011036371,-1.84696197157974,1.73754961602056,general_trajectory
211.621808256478,-433.35224497583,2967.35558214698,5714.94177692768,0.825722628096166,-1.85567959012179,1.73591629670009,general_trajectory
212.621808256084,-432.524787962676,2965.49554119077,5716.6768839026,0.829192432189653,-1.86440335149961,1.73430059696348,general_trajectory
213.62180825569,-431.693858041079,2963.62677338196,5718.41038401698,0.832668449392928,-1.87313330342562,1.73270258744575,general_trajectory
214.621808255296,-430.859448984563,2961.7492725054,5720.14229499664,0.83615070656742,-1.88186949539457,1.73112233948865,general_trajectory
215.621808254902,-430.021554539437,2959.86303229564,5721.87263463912,0.839639231255948,-1.89061197843738,1.7295599251462,general_trajectory
216.621808254508,-429.18016842421,2957.96804643565,5723.60142081438,0.843134051486284,-1.89936080464066,1.72801541723959,general_trajectory
217.621808254114,-428.335284329057,2956.06430855562,5725.32867146554,0.846635195950181,-1.90811602759973,1.72648888926958,general_trajectory
218.62180825372,-427.486895915138,2954.1518122314,5727.05440460959,0.850142693946865,-1.91687770228451,1.72498041542286,general_trajectory
219.621808253326,-426.63499681409,2952.23055098338,5728.77863833804,0.853656575182487,-1.92564588454297,1.72349007064829,general_trajectory
220.621808252932,-425.77958062765,2950.30051827569,5730.50139081777,0.857176869824304,-1.93442063124083,1.7220179306266,general_trajectory
220.993398705877,-425.460818568911,2949.58109994636,5731.141175391,0.85848661825159,-1.93768292789681,1.72147555201158,general_trajectory
220.993398705877,-425.460818568911,2949.58109994636,5731.141175391,0.85848661825159,-1.93768292789681,1.72147555201158,general_trajectory
221.621808252538,-424.920640786463,2948.36170698902,5732.22267990008,0.860704279959032,-1.94320451149622,1.72056220173449,general_trajectory
222.621808252144,-424.058168804326,2946.41410288958,5733.94251825334,0.864241334972822,-1.95200693473118,1.71911598305344,general_trajectory
223.62180825175,-423.19215481035,2944.45768661093,5735.6609148198,0.86778831057732,-1.9608288886085,1.71767862927749,general_trajectory
224.621808251356,-422.322588862982,2942.49243856599,5737.37787846778,0.871345248814202,-1.96967048629936,1.71625014722382,general_trajectory
225.621808250963,-421.449460978362,2940.51833905377,5739.09341807244,0.87491219219856,-1.97853184234609,1.71483054378822,general_trajectory
226.621808250569,-420.572761130003,2938.53536825837,5740.80754251593,0.878489183421996,-1.98741307191142,1.71341982611149,general_trajectory
227.621808250175,-419.692479248533,2936.54350624814,5742.52026068762,0.882076265689695,-1.99631429164098,1.71201800138577,general_trajectory
228.621808249781,-418.808605221047,2934.54273297385,5744.23158148407,0.885673482784557,-2.00523561983262,1.71062507681204,general_trajectory
229.621808249387,-417.92112889068,2932.53302826745,5745.94151380906,0.889280878821983,-2.01417717581629,1.7092410597405,general_trajectory
230.621808248993,-417.030040056343,2930.51437184118,5747.65006657389,0.892898498165406,-2.0231390797423,1.7078659577222,general_trajectory
231.621808248599,-416.135328472326,2928.48674328637,5749.35724869738,0.896526385699936,-2.03212145328454,1.70649977834554,general_trajectory
232.086296314779,-415.718510580494,2927.54187669984,5750.14975073404,0.898215001201642,-2.036300654978,1.70586824123473,general_trajectory
232.621808248205,-415.236983847836,2926.45012207208,5751.06306910602,0.900164586685249,-2.04112441926957,1.70514252932307,general_trajectory
233.621808247811,-414.334995846676,2924.40448754407,5752.7675367341,0.903813146641538,-2.05014810138875,1.70379421856335,general_trajectory
234.621808247417,-413.429354086995,2922.34981892397,5754.47066052391,0.90747211142146,-2.05919262438644,1.70245485412849,general_trajectory
235.621808247023,-412.520048140837,2920.28609530792,5756.17244942583,0.911141527346445,-2.06825811441399,1.70112444414884,general_trajectory
236.621808246629,-411.607067533755,2918.21329566536,5757.87291239844,0.914821441074644,-2.07734469869571,1.6998029969068,general_trajectory
237.621808246235,-410.690401744526,2916.13139883811,5759.57205840872,0.918511899477245,-2.08645250521473,1.69849052092079,general_trajectory
238.621808245841,-409.770040204872,2914.04038353942,5761.26989643224,0.922212949847566,-2.09558166325505,1.69718702481031,general_trajectory
239.621808245447,-408.845972299005,2911.94022835257,5762.96643545321,0.925924639885073,-2.10473230336522,1.6958925173071,general_trajectory
240.621808245053,-407.918187363268,2909.83091172979,5764.66168446468,0.92964701762098,-2.11390455717136,1.69460700730621,general_trajectory
241.62180824466,-406.986674685842,2907.71241199118,5766.35565246869,0.933380131342744,-2.12309855718665,1.69333050392026,general_trajectory
242.621808244266,-406.05142350642,2905.58470732374,5768.04834847646,0.937124029768267,-2.13231443726643,1.69206301635986,general_trajectory
243.179193923682,-405.528501264412,2904.39475186083,5768.99128424095,0.939215524164513,-2.13746078334461,1.69136045358073,general_trajectory
243.179193923682,-405.528501270187,2904.39475187534,5768.99128424364,0.939215523782394,-2.13746078237077,1.69136045380097,general_trajectory
243.179193923682,-405.528518866021,2904.39477963322,5768.9912441019,0.939215523782394,-2.13746078237077,1.69136045380097,general_trajectory
243.179193923682,-405.529716487353,2904.40102729873,5768.99263053999,0.939220183577976,-2.13747330209017,1.69134232789532,general_trajectory
244.17919392377,-404.588576589515,2902.25886774156,5770.68343862383,0.94306120652053,-2.14684869357806,1.69027629208339,general_trajectory
245.179193923858,-403.643590876606,2900.10732412704,5772.37318803952,0.946911822094097,-2.15624143753911,1.68922500151288,general_trajectory
246.179193923945,-402.694749730791,2897.9463790402,5774.06189356213,0.95077208078914,-2.16565165923284,1.68818851589431,general_trajectory
247.179193924033,-401.742043483518,2895.77601494014,5775.74957002668,0.954642033523473,-2.17507948511877,1.68716689553119,general_trajectory
248.179193924121,-400.785462415135,2893.59621415902,5777.43623232888,0.958521731596102,-2.18452504273974,1.68616020136242,general_trajectory
249.179193924209,-399.824996754473,2891.4069589008,5779.12189542561,0.962411226731657,-2.19398846083987,1.68516849494028,general_trajectory
250.179193924297,-398.860636678452,2889.2082312402,5780.8065743357,0.966310571034122,-2.20346986924769,1.68419183847311,general_trajectory
251.179193924384,-397.892372311671,2887.00001312147,5782.49028414044,0.970219817040143,-2.2129693990177,1.68323029479586,general_trajectory
252.179193924472,-396.920193725998,2884.78228635728,5784.17303998434,0.97413901767209,-2.2224871823116,1.68228392741442,general_trajectory
253.17919392456,-395.944090940166,2882.5550326275,5785.85485707571,0.97806822628375,-2.23202335252004,1.68135280048237,general_trajectory
254.179193924648,-394.964053919355,2880.31823347805,5787.53575068736,0.98200749662293,-2.24157804416874,1.68043697883892,general_trajectory
255.179193924735,-393.980072574783,2878.07187031971,5789.21573615727,0.985956882871777,-2.25115139302672,1.6795365279888,general_trajectory
256.179193924823,-392.992136763278,2875.8159244269,5790.89482888929,0.989916439618641,-2.26074353603646,1.67865151413407,general_trajectory
257.179193924911,-392.000236286869,2873.55037693647,5792.57304435379,0.99388622188595,-2.27035461138985,1.67778200416398,general_trajectory
258.179193924999,-391.004360892348,2871.27520884648,5794.2503980884,0.99786628511849,-2.27998475850116,1.67692806567473,general_trajectory
259.179193925087,-390.004500270848,2868.99040101494,5795.92690569869,1.00185668519187,-2.28963411803263,1.67608976697422,general_trajectory
260.179193925175,-389.000644057407,2866.69593415857,5797.6025828589,1.00585747842135,-2.29930283192112,1.67526717708655,general_trajectory
261.179193925262,-387.992781830534,2864.39178885153,5799.27744531267,1.00986872155182,-2.3089910433556,1.67446036577147,general_trajectory
262.17919392535,-386.980903111764,2862.07794552412,5800.95150887375,1.01389047178321,-2.31869889684733,1.67366940351585,general_trajectory
263.179193925438,-385.964997365215,2859.75438446149,5802.62478942676,1.01792278675427,-2.32842653819134,1.67289436155849,general_trajectory
264.179193925526,-384.945053997136,2857.42108580235,5804.29730292792,1.021965724563,-2.33817411452358,1.67213531188619,general_trajectory
265.179193925613,-383.921062355466,2855.0780295376,5805.96906540584,1.0260193437178,-2.34794177419688,1.67139232728576,general_trajectory
265.86346418035,-383.218037004306,2853.4691126423,5807.11257826582,1.02879930021664,-2.35463714328011,1.67089322038767,general_trajectory
266.179193925701,-382.89301172942,2852.72519550921,5807.64009296232,1.03008370318879,-2.35772966691915,1.67066548131561,general_trajectory
267.179193925789,-381.860891348977,2850.36256340861,5809.31040177306,1.03415886246582,-2.36753794391013,1.66995484827063,general_trajectory
268.179193925877,-380.82469038439,2847.99011277536,5810.98000808848,1.03824488150937,-2.37736675777666,1.66926050323481,general_trajectory
269.179193925965,-379.784397945714,2845.60782299569,5812.64892823445,1.04234182075538,-2.38721626252968,1.66858252209052,general_trajectory
270.179193926052,-378.740003082329,2843.21567330113,5814.31717861314,1.04644974112044,-2.39708661360219,1.66792098152765,general_trajectory
271.17919392614,-377.691494782454,2840.81364276702,5815.98477570382,1.05056870400702,-2.4069779678674,1.66727595905289,general_trajectory
272.179193926228,-376.638861972664,2838.40171031114,5817.65173606367,1.05469877130878,-2.4168904836572,1.66664753299925,general_trajectory
273.179193926316,-375.582093517389,2835.97985469219,5819.31807632863,1.05884000541597,-2.42682432078098,1.66603578253559,general_trajectory
274.179193926404,-374.521178218419,2833.54805450829,5820.98381321422,1.06299246922091,-2.43677964054463,1.66544078767638,general_trajectory
275.179193926491,-373.4561048144,2831.10628819553,5822.64896351642,1.06715622612351,-2.44675660577003,1.66486262929155,general_trajectory
276.179193926579,-372.38686198032,2828.6545340264,5824.31354411249,1.07133134003693,-2.45675538081466,1.66430138911659,general_trajectory
277.179193926667,-371.313438326996,2826.19277010825,5825.97757196188,1.07551787539329,-2.46677613159169,1.66375714976265,general_trajectory
278.179193926755,-370.235822400551,2823.72097438173,5827.64106410707,1.07971589714944,-2.4768190255903,1.66322999472693,general_trajectory
279.179193926843,-369.154002681884,2821.23912461921,5829.30403767452,1.08392547079285,-2.48688423189633,1.66272000840317,general_trajectory
280.17919392693,-368.067967586144,2818.74719842318,5830.9665098755,1.08814666234759,-2.49697192121335,1.66222727609228,general_trajectory
281.179193927018,-366.977705462178,2816.24517322458,5832.62849800706,1.09237953838034,-2.50708226588395,1.66175188401321,general_trajectory
282.179193927106,-365.883204592,2813.7330262812,5834.29001945293,1.09662416600654,-2.51721543991147,1.6612939193139,general_trajectory
283.179193927194,-364.784453190224,2811.21073467599,5835.95109168446,1.10088061289665,-2.52737161898206,1.66085347008246,general_trajectory
284.179193927282,-363.681439403521,2808.67827531534,5837.61173226154,1.10514894728238,-2.53755098048707,1.66043062535852,general_trajectory
285.179193927369,-362.57415131004,2806.1356249274,5839.27195883362,1.10942923796319,-2.54775370354585,1.66002547514472,general_trajectory
286.179193927457,-361.46257691885,2803.58276006034,5840.93178914061,1.1137215543127,-2.55797996902887,1.65963811041844,general_trajectory
287.179193927545,-360.346704169351,2801.01965708056,5842.59124101389,1.11802596628534,-2.56822995958128,1.65926862314364,general_trajectory
288.179193927633,-359.226520930701,2798.44629217091,5844.25033237732,1.12234254442303,-2.57850385964684,1.65891710628297,general_trajectory
288.547734437017,-358.812598577445,2797.49531031642,5844.8616874239,1.12393646055239,-2.58229627457031,1.65879210856079,general_trajectory
289.179193927721,-358.102015001215,2795.86264132891,5845.9090812482,1.12667135986192,-2.58880185549219,1.65858365381001,general_trajectory
290.179193927808,-356.973174107773,2793.26868036486,5847.56750573834,1.13101248433933,-2.59912413523162,1.65826836072174,general_trajectory
291.179193927896,-355.839985905216,2790.66438490005,5849.22562405506,1.13536599020069,-2.60947088885215,1.65797132305118,general_trajectory
292.179193927984,-354.702437975731,2788.0497303648,5850.88345450222,1.13973195040665,-2.6198423082391,1.65769263788027,general_trajectory
293.179193928072,-353.560517828234,2785.42469199661,5852.54101548132,1.14411043854027,-2.63023858720208,1.65743240335296,general_trajectory
294.179193928159,-352.414212897743,2782.78924483818,5854.1983254925,1.14850152881431,-2.64065992150134,1.65719071868843,general_trajectory
295.179193928247,-351.263510544747,2780.14336373547,5855.85540313569,1.15290529607863,-2.65110650887469,1.65696768419463,general_trajectory
296.179193928335,-350.108398054563,2777.48702333571,5857.51226711169,1.15732181582771,-2.66157854906475,1.656763401282,general_trajectory
297.179193928423,-348.948862636686,2774.82019808537,5859.16893622324,1.16175116420827,-2.67207624384672,1.65657797247739,general_trajectory
298.179193928511,-347.784891424137,2772.1428622281,5860.82542937618,1.16619341802702,-2.68259979705664,1.65641150143824,general_trajectory
299.179193928598,-346.616471472797,2769.45498980269,5862.48176558058,1.17064865475852,-2.69314941462008,1.65626409296697,general_trajectory
300.179193928686,-345.443589760734,2766.75655464094,5864.1379639519,1.17511695255311,-2.70372530458135,1.65613585302566,general_trajectory
301.179193928774,-344.266233187526,2764.04753036554,5865.79404371213,1.17959839024506,-2.71432767713318,1.65602688875086,general_trajectory
302.179193928862,-343.08438857357,2761.3278903879,5867.45002419101,1.18409304736074,-2.72495674464697,1.6559373084688,general_trajectory
303.17919392895,-341.898042659388,2758.59760790595,5869.10592482719,1.18860100412699,-2.73561272170349,1.65586722171072,general_trajectory
304.179193929037,-340.70718210492,2755.85665590192,5870.76176516947,1.19312234147957,-2.74629582512415,1.65581673922852,general_trajectory
305.179193929125,-339.511793488814,2753.10500714009,5872.41756487801,1.19765714107173,-2.75700627400279,1.65578597301069,general_trajectory
306.179193929213,-338.311863307701,2750.3426341645,5874.0733437256,1.20220548528299,-2.76774428973806,1.65577503629843,general_trajectory
307.179193929301,-337.107377975467,2747.56950929663,5875.72912159889,1.20676745722794,-2.77851009606631,1.65578404360215,general_trajectory
308.179193929388,-335.898323822511,2744.78560463301,5877.38491849969,1.21134314076529,-2.7893039190951,1.65581311071814,general_trajectory
309.179193929476,-334.684687094998,2741.9908920429,5879.04075454624,1.21593262050694,-2.80012598733728,1.65586235474562,general_trajectory
310.179193929564,-333.466453954099,2739.18534316582,5880.69664997456,1.22053598182732,-2.81097653174565,1.65593189410402,general_trajectory
311.179193929652,-332.243610475229,2736.36892940908,5882.35262513975,1.22515331087274,-2.82185578574828,1.65602184855055,general_trajectory
311.232004693685,-332.178902743889,2736.21988985721,5882.44008105907,1.22539754549839,-2.82243113006399,1.65602716894814,general_trajectory
312.17919392974,-331.016142647263,2733.54162194534,5884.00870051734,1.22978469457103,-2.83276398528442,1.65613233919816,general_trajectory
313.179193929828,-329.784036371756,2730.70339171004,5885.66489670465,1.23443022064118,-2.84370136884106,1.65626348853366,general_trajectory
314.179193929915,-328.547277462142,2727.85420939882,5887.3212344222,1.23908997760324,-2.85466817749011,1.65641542043633,general_trajectory
315.179193930003,-327.305851642933,2724.99404546499,5888.97773451509,1.24376405478836,-2.86566465492631,1.65658826019668,general_trajectory
316.179193930091,-326.059744548898,2722.12287011678,5890.6344179544,1.24845254234891,-2.87669104750579,1.6567821345357,general_trajectory
317.179193930179,-324.808941724239,2719.24065331477,5892.29130583868,1.25315553126889,-2.88774760428528,1.65699717162428,general_trajectory
318.179193930267,-323.553428621755,2716.34736476907,5893.94841939539,1.25787311337438,-2.8988345770621,1.65723350110314,general_trajectory
319.179193930354,-322.293190601991,2713.44297393664,5895.60577998234,1.26260538134422,-2.90995222041485,1.65749125410299,general_trajectory
320.179193930442,-321.028212932385,2710.52745001844,5897.26340908925,1.26735242872086,-2.9211007917448,1.65777056326506,general_trajectory
321.17919393053,-319.758480786396,2707.60076195659,5898.92132833925,1.27211434992138,-2.93228055131813,1.65807156276209,general_trajectory
322.179193930618,-318.48397924262,2704.66287843151,5900.5795594904,1.27689124024867,-2.94349176230883,1.65839438831955,general_trajectory
323.179193930705,-317.204693283909,2701.71376785897,5902.23812443729,1.2816831959028,-2.95473469084248,1.65873917723737,general_trajectory
324.179193930793,-315.920607796455,2698.75339838712,5903.89704521257,1.28649031399258,-2.96600960604081,1.65910606841196,general_trajectory
325.179193930881,-314.631707568886,2695.78173789346,5905.55634398864,1.2913126925473,-2.97731678006703,1.6594952023587,general_trajectory
326.179193930969,-313.337977291335,2692.79875398181,5907.2160430792,1.29615043052867,-2.98865648817214,1.65990672123479,general_trajectory
326.354851531463,-313.11022384823,2692.27359852564,5907.5076248535,1.29700180940299,-2.99065177424398,1.65998132978875,general_trajectory
326.354851531463,-313.11022384823,2692.27359852564,5907.5076248535,1.29700180940299,-2.99065177424398,1.65998132978875,general_trajectory
327.179193931057,-312.039401463847,2689.80441418854,5908.87616507085,1.30100395797408,-3.00002824637389,1.66034124188128,general_trajectory
328.179193931144,-310.735963863715,2686.79868720568,5910.53673358664,1.30587400746844,-3.01143088172249,1.66079981508678,general_trajectory
329.179193931232,-309.427647899262,2683.78154205347,5912.19777277963,1.31076070525748,-3.02286463045161,1.661282623299,general_trajectory
330.17919393132,-308.114436866084,2680.75294748184,5913.85930696616,1.31566416374064,-3.03432976648331,1.66178982946477,general_trajectory
331.179193931408,-306.796313946827,2677.7128719652,5915.52136062645,1.3205844964279,-3.04582656693169,1.66232159846577,general_trajectory
332.179193931496,-305.473262210063,2674.66128369922,5917.18395840659,1.32552181795468,-3.05735531215267,1.6628780971466,general_trajectory
333.179193931583,-304.145264609159,2671.59815059759,5918.84712512051,1.33047624409715,-3.06891628579472,1.66345949434336,general_trajectory
333.916274950352,-303.163246497941,2669.33296360664,5920.07339254493,1.33413907593191,-3.07745845966347,1.66390407054641,general_trajectory
334.179193931671,-302.812303981132,2668.52344028866,5920.510885752,1.33544789178766,-3.08050977485065,1.66406596091282,general_trajectory
335.179193931759,-301.474363045479,2665.43712011212,5922.1752654567,1.34043687913049,-3.09213606971024,1.66469766976208,general_trajectory
336.179193931847,-300.131424403001,2662.33915711552,5923.84028956422,1.34544332541791,-3.10379546421404,1.66535479587884,general_trajectory
337.179193931934,-298.783470534607,2659.22951805085,5925.50598358019,1.35046735114644,-3.11548825570811,1.66603751636216,general_trajectory
338.179193932022,-297.430483800098,2656.10816937097,5927.17237318841,1.35550907803343,-3.12721474509991,1.6667460104539,general_trajectory
339.17919393211,-296.072446436944,2652.975077226,5928.83948425304,1.36056862903394,-3.13897523691521,1.66748045957069,general_trajectory
340.179193932198,-294.709340559031,2649.83020745975,5930.50734282071,1.36564612835791,-3.15077003935617,1.66824104733654,general_trajectory
341.179193932286,-293.341148155401,2646.67352560593,5932.17597512282,1.3707417014876,-3.16259946436052,1.66902795961606,general_trajectory
342.179193932374,-291.967851088971,2643.50499688442,5933.84540757776,1.37585547519536,-3.17446382766196,1.66984138454834,general_trajectory
343.179193932461,-290.589431095231,2640.32458619746,5935.51566679321,1.38098757756173,-3.18636344885174,1.67068151258143,general_trajectory
344.179193932549,-289.205869780931,2637.13225812573,5937.18677956848,1.38613813799383,-3.19829865144143,1.67154853650757,general_trajectory
345.179193932637,-287.817148622742,2633.92797692443,5938.85877289685,1.39130728724408,-3.210269762927,1.67244265149905,general_trajectory
346.179193932725,-286.423248965902,2630.71170651922,5940.53167396797,1.39649515742927,-3.22227711485418,1.67336405514476,general_trajectory
347.179193932813,-285.024152022842,2627.48341050217,5942.20551017031,1.40170188205,-3.23432104288509,1.67431294748753,general_trajectory
348.1791939329,-283.619838871792,2624.24305212761,5943.88030909362,1.40692759601037,-3.2464018868663,1.67528953106211,general_trajectory
349.179193932988,-282.210290455368,2620.99059430789,5945.55609853146,1.41217243563814,-3.25851999089818,1.67629401093395,general_trajectory
350.179193933076,-280.795487579138,2617.72599960913,5947.23290648373,1.41743653870518,-3.27067570340576,1.67732659473878,general_trajectory
351.179193933164,-279.375410910166,2614.44923024679,5948.91076115926,1.42272004444833,-3.28286937721096,1.67838749272291,general_trajectory
352.179193933251,-277.950040975542,2611.16024808132,5950.58969097847,1.42802309359062,-3.29510136960634,1.6794769177844,general_trajectory
353.179193933339,-276.519358160875,2607.85901461358,5952.26972457599,1.43334582836292,-3.30737204243043,1.680595085515,general_trajectory
354.179193933427,-275.083342708785,2604.5454909803,5953.95089080343,1.4386883925259,-3.31968176214446,1.68174221424299,general_trajectory
355.179193933515,-273.641974717353,2601.21963794941,5955.6332187321,1.4440509313925,-3.33203089991093,1.68291852507686,general_trajectory
356.179193933603,-272.195234138567,2597.88141591528,5957.31673765586,1.44943359185075,-3.34441983167355,1.68412424194988,general_trajectory
356.60054520702,-271.584034488117,2596.47113833528,5958.02645426101,1.45170764381129,-3.34965193178812,1.68464113246801,general_trajectory
357.179193933691,-270.743100776723,2594.53078489393,5959.00147709388,1.45483652238703,-3.35684893823909,1.68535959166556,general_trajectory
358.179193933778,-269.285554286827,2591.16770451808,5960.68746679364,1.46025987310981,-3.36931860536082,1.68662480394412,general_trajectory
359.179193933866,-267.822574172952,2587.79213403222,5962.37473673378,1.46570379577374,-3.38182922382376,1.68792011146981,general_trajectory
360.179193933954,-266.354139786585,2584.40403228749,5964.06331712715,1.4711684438043,-3.39438118953171,1.68924574993929,general_trajectory
361.179193934042,-264.880230324941,2581.0033577365,5965.75323842382,1.47665397232283,-3.40697490359622,1.69060195811099,general_trajectory
362.179193934129,-263.400824829256,2577.59006842817,5967.44453131416,1.48216053817213,-3.41961077242734,1.69198897785548,general_trajectory
363.179193934217,-261.915902183049,2574.16412200225,5969.137226732,1.48768829994241,-3.43228920782644,1.69340705420694,general_trajectory
364.179193934305,-260.425441110368,2570.72547568402,5970.83135585779,1.49323741799793,-3.44501062708093,1.69485643541565,general_trajectory
365.179193934393,-258.929420173995,2567.27408627864,5972.52695012188,1.49880805450395,-3.45777545306117,1.69633737300166,general_trajectory
366.179193934481,-257.427817773636,2563.8099101656,5974.22404120779,1.50440037345434,-3.47058411431932,1.69785012180957,general_trajectory
367.179193934568,-255.920612144078,2560.33290329292,5975.92266105558,1.5100145406997,-3.4834370451905,1.69939494006444,general_trajectory
367.942680335354,-254.766095460429,2557.66959060392,5977.22058332863,1.51431569323935,-3.49328015815039,1.70059613904742,general_trajectory
367.942680335354,-254.764395277363,2557.66397756663,5977.22353733785,1.51433222443021,-3.49329296793262,1.70063449433531,general_trajectory
368.179193934656,-254.406077258619,2556.83740510027,5977.625804941,1.51566727839015,-3.49634754783266,1.70101038283677,general_trajectory
369.179193934744,-252.88758240421,2553.33458941001,5979.32761686041,1.52132628864769,-3.50929170278332,1.70261855654098,general_trajectory
370.179193934832,-251.363416934455,2549.81880587496,5981.0310522972,1.52700853877484,-3.52228331533993,1.70425745883315,general_trajectory
371.17919393492,-249.83355752007,2546.29000680263,5982.73614210427,1.53271420793894,-3.53532285635212,1.70592733890856,general_trajectory
372.179193935008,-248.297980651576,2542.74814402645,5984.44291738539,1.5384434773684,-3.54841080314813,1.70762844932226,general_trajectory
373.179193935095,-246.756662637224,2539.19316889922,5986.15140949861,1.54419653038509,-3.56154763965295,1.70936104604709,general_trajectory
374.179193935183,-245.209579600881,2535.62503228647,5987.86165005967,1.54997355243747,-3.57473385650895,1.71112538853297,general_trajectory
375.179193935271,-243.656707479887,2532.0436845597,5989.57367094552,1.55577473113424,-3.58796995119934,1.71292173976747,general_trajectory
376.179193935359,-242.098022022881,2528.44907558943,5991.28750429791,1.56160025627882,-3.60125642817445,1.71475036633778,general_trajectory
377.179193935446,-240.533498787586,2524.84115473819,5993.00318252699,1.56745031990441,-3.61459379898077,1.71661153849399,general_trajectory
378.179193935534,-238.963113138562,2521.21987085338,5994.72073831501,1.57332511630984,-3.62798258239315,1.71850553021387,general_trajectory
379.179193935622,-237.386840244923,2517.58517225994,5996.44020462012,1.57922484209613,-3.64142330454983,1.72043261926898,general_trajectory
379.284815463687,-237.220007120713,2517.2004844383,5996.6219301909,1.5798494438746,-3.6428459885987,1.72063810537662,general_trajectory
380.17919393571,-235.804655078012,2513.93700675293,5998.16161468013,1.58514969620377,-3.65491649909075,1.72239308729245,general_trajectory
381.179193935798,-234.216532409051,2510.27532158998,5999.88500201647,1.5910998799508,-3.66846270729902,1.72438721984812,general_trajectory
382.179193935885,-232.622446806734,2506.60006348353,6001.61040043812,1.59707559707172,-3.68206247824569,1.72641530650138,general_trajectory
383.179193935973,-231.0223726348,2502.91117859301,6003.33784404564,1.60307705375713,-3.6957163689379,1.72847764089157,general_trajectory
384.179193936061,-229.416284049549,2499.20861251682,6005.06736723533,1.60910445869424,-3.70942494447059,1.73057452080609,general_trajectory
385.179193936149,-227.804154997332,2495.49231028412,6006.79900470336,1.61515802310824,-3.72318877818169,1.73270624825617,general_trajectory
386.179193936237,-226.185959211984,2491.76221634659,6008.53279145005,1.62123796080453,-3.73700845181115,1.73487312955445,general_trajectory
387.179193936324,-224.561670212231,2488.01827456987,6010.26876278423,1.62734448821185,-3.75088455566361,1.73707547539436,general_trajectory
388.179193936412,-222.931261299036,2484.26042822495,6012.00695432766,1.63347782442637,-3.76481768877508,1.73931360093132,general_trajectory
389.1791939365,-221.294705552917,2480.48861997936,6013.74740201948,1.63963819125659,-3.77880845908361,1.74158782586592,general_trajectory
390.179193936588,-219.651975831205,2476.70279188815,6015.49014212089,1.64582581326941,-3.7928574836041,1.74389847452904,general_trajectory
391.179193936675,-218.003044765269,2472.90288538476,6017.23521121972,1.65204091783703,-3.80696538860735,1.74624587596898,general_trajectory
392.179193936763,-216.34788475768,2469.08884127164,6018.98264623529,1.65828373518494,-3.82113280980351,1.74863036404069,general_trajectory
393.179193936851,-214.686467979338,2465.26059971075,6020.73248442318,1.66455449844095,-3.83536039253002,1.75105227749715,general_trajectory
394.179193936939,-213.018766366543,2461.41810021379,6022.48476338024,1.67085344368531,-3.84964879194422,1.75351196008297,general_trajectory
395.179193937027,-211.344751618017,2457.56128163234,6024.23952104959,1.67718081000189,-3.8639986732207,1.7560097606302,general_trajectory
396.179193937114,-209.664395191875,2453.6900821477,6025.99679572574,1.68353683953056,-3.87841071175361,1.75854603315659,general_trajectory
397.179193937202,-207.977668302542,2449.80443926058,6027.75662605991,1.68992177751802,-3.89288559335628,1.7611211369703,general_trajectory
398.17919393729,-206.284541917623,2445.90428978059,6029.51905106526,1.6963358723719,-3.90742401447198,1.7637354367741,general_trajectory
399.179193937378,-204.584986754704,2441.98956981547,6031.28411012243,1.70277937572569,-3.92202668241805,1.76638930275673,general_trajectory
400.179193937466,-202.878973278106,2438.06021476011,6033.05184298501,1.70925254249044,-3.9366943155933,1.76908311070995,general_trajectory
401.179193937554,-201.166471695574,2434.1161592854,6034.82228978526,1.71575563091302,-3.95142764370672,1.77181724213972,general_trajectory
401.969085720355,-199.809174510738,2430.99034699064,6036.22269629757,1.72091369083697,-3.96311230584763,1.77400566960371,general_trajectory
402.179193937641,-199.447451954917,2430.15733732674,6036.59549103981,1.72228890263603,-3.96622740801253,1.77459208438003,general_trajectory
403.179193937729,-197.721883740573,2426.18368207241,6038.37148765562,1.72885262275899,-3.98109436155142,1.77740803070952,general_trajectory
404.179193937817,-195.989736470129,2422.19512595164,6040.15032093595,1.73544705990097,-3.99602926939798,1.78026548047108,general_trajectory
405.179193937905,-194.250979290766,2418.19160062249,6041.93203258646,1.74207248626472,-4.01103290891449,1.78316483919455,general_trajectory
406.179193937992,-192.505581075643,2414.17303695939,6043.71666472152,1.74872917770217,-4.02610607001158,1.7861065187225,general_trajectory
407.17919393808,-190.753510420216,2410.13936504047,6045.50425987051,1.75541741378163,-4.04124955541554,1.78909093733933,general_trajectory
408.179193938168,-188.994735638483,2406.09051413462,6047.29486098442,1.76213747785646,-4.05646418094284,1.79211851990371,general_trajectory
409.179193938256,-187.229224759169,2402.02641268825,6049.0885114424,1.76888965713539,-4.07175077578189,1.7951896979844,general_trajectory
409.530509139244,-186.607369017483,2400.59499862755,6049.71938007064,1.77126947754651,-4.07713842857596,1.79627907909887,general_trajectory
409.530509139244,-186.607369017483,2400.59499862755,6049.71938007064,1.77126947754651,-4.07713842857596,1.79627907909887,general_trajectory
410.179193938344,-185.456945295953,2397.94698859477,6050.88525521914,1.77567528806039,-4.08710887335528,1.79830565297039,general_trajectory
411.179193938431,-183.677861653433,2393.85217242278,6052.68513873337,1.78249830899851,-4.10253477383558,1.80146942166558,general_trajectory
412.179193938519,-181.891935992878,2389.74189630248,6054.48821023937,1.78935938440311,-4.11802890645379,1.80468172038882,general_trajectory
413.179193938607,-180.099130078141,2385.61609158998,6056.2945185202,1.79625887849968,-4.13359209705289,1.8079430565956,general_trajectory
414.179193938695,-178.29940530623,2381.47468880852,6058.10411287053,1.80319716077639,-4.14922518552048,1.81125394602676,general_trajectory
415.179193938783,-176.492722701987,2377.31761763433,6059.91704310496,1.81017460608817,-4.16492902610269,1.81461491288603,general_trajectory
416.17919393887,-174.679042912676,2373.14480688207,6061.73335956661,1.81719159476342,-4.18070448772675,1.81802649002247,general_trajectory
417.179193938958,-172.858326202446,2368.95618448999,6063.55311313587,1.82424851271339,-4.19655245433268,1.82148921911783,general_trajectory
418.179193939046,-171.0305324467,2364.75167750475,6065.37635523929,1.83134575154441,-4.21247382521413,1.82500365087904,general_trajectory
419.179193939134,-169.195621126336,2360.53121206591,6067.20313785871,1.83848370867296,-4.22846951536894,1.82857034523616,general_trajectory
420.179193939221,-167.353551321884,2356.29471339001,6069.03351354062,1.84566278744374,-4.24454045585955,1.83218987154562,general_trajectory
421.179193939309,-165.504281707514,2352.04210575435,6070.86753540566,1.85288339725082,-4.26068759418371,1.83586280879931,general_trajectory
422.179193939397,-163.647770544926,2347.77331248037,6072.70525715836,1.86014595366188,-4.27691189465585,1.83958974583948,general_trajectory
423.179193939485,-161.783975677111,2343.4882559166,6074.54673309712,1.86745087854583,-4.29321433879935,1.84337128157968,general_trajectory
424.179193939573,-159.912854521988,2339.18685742128,6076.39201812437,1.87479860020368,-4.30959592575026,1.84720802523207,general_trajectory
424.653355977023,-159.023067014342,2337.14156319067,6077.26832947149,1.87829769326188,-4.31739140496615,1.8490467365824,general_trajectory
425.179193939661,-158.034364065902,2334.86903734455,6078.24116775701,1.88218955350302,-4.32605767267275,1.85110059654116,general_trajectory
426.179193939748,-156.14846085699,2330.53471501019,6080.09423813704,1.88962418001597,-4.34260061518667,1.85504962602428,general_trajectory
427.179193939836,-154.255100998405,2326.18380869693,6081.95128604249,1.89710292816094,-4.35922580780786,1.85905575521904,general_trajectory
428.179193939924,-152.3542401414,2321.81623561937,6083.81236889852,1.90462625334818,-4.37593432440133,1.86311963693797,general_trajectory
429.179193940012,-150.445833478258,2317.43191190837,6085.67754478886,1.91219461812929,-4.39272725864812,1.86724193553063,general_trajectory
430.179193940099,-148.529835735075,2313.03075259099,6087.54687246745,1.91980849235084,-4.40960572452601,1.87142332715341,general_trajectory
431.179193940187,-146.60620116439,2308.61267156998,6089.42041137045,1.92746835331223,-4.42657085680484,1.87566450004736,general_trajectory
432.179193940275,-144.674883537647,2304.17758160269,6091.29822162836,1.93517468592793,-4.44362381155677,1.87996615482431,general_trajectory
433.179193940363,-142.735836137499,2299.72539427954,6093.18036407867,1.94292798289421,-4.46076576668221,1.88432900476151,general_trajectory
434.179193940451,-140.789011749941,2295.25602000191,6095.06690027854,1.95072874486058,-4.47799792245181,1.88875377610526,general_trajectory
435.179193940538,-138.834362656268,2290.7693679595,6096.95789251803,1.9585774806061,-4.49532150206519,1.89324120838367,general_trajectory
436.179193940626,-136.871840624857,2286.26534610708,6098.85340383351,1.96647470722064,-4.51273775222713,1.89779205472901,general_trajectory
437.179193940714,-134.901396902759,2281.74386114074,6100.75349802138,1.97442095029138,-4.53024794374167,1.90240708221002,general_trajectory
438.179193940802,-132.922982207115,2277.20481847346,6102.65823965226,1.98241674409464,-4.54785337212492,1.90708707217442,general_trajectory
439.17919394089,-130.936546716358,2272.64812221007,6104.56769408539,1.9904626317933,-4.56555535823728,1.91183282060214,general_trajectory
440.179193940977,-128.942040061233,2268.07367512162,6106.48192748344,1.99855916563996,-4.58335524893582,1.91664513846961,general_trajectory
441.179193941065,-126.9394113156,2263.481378619,6108.40100682775,2.00670690718606,-4.60125441774749,1.92152485212555,general_trajectory
442.179193941153,-124.928608987028,2258.87113272596,6110.32499993382,2.01490642749722,-4.6192542655641,1.92647280367862,general_trajectory
443.179193941241,-122.909581007173,2254.24283605138,6112.25397546732,2.02315830737488,-4.63735622135983,1.93148985139759,general_trajectory
444.179193941329,-120.882274721926,2249.59638576083,6114.18800296043,2.03146313758473,-4.65556174293218,1.93657687012423,general_trajectory
445.179193941416,-118.846636881331,2244.93167754732,6116.12715282866,2.0398215190919,-4.67387231766724,1.94173475169969,general_trajectory
446.179193941504,-116.802613629268,2240.24860560138,6118.07149638802,2.0482340633033,-4.69228946333031,1.94696440540468,general_trajectory
447.179193941592,-114.750150492885,2235.54706258023,6120.02110587271,2.05670139231744,-4.71081472888284,1.95226675841416,general_trajectory
447.33762623369,-114.424195925641,2234.80048414787,6120.33047502563,2.05804795971477,-4.71375975488549,1.95311355588756,general_trajectory
448.17919394168,-112.689192371779,2230.82693957619,6121.97605445326,2.06522413918188,-4.72944969532671,1.957642756267,general_trajectory
449.179193941767,-110.619683526916,2226.08812608418,6123.93641625512,2.0738029481586,-4.74819597657703,1.96309336335127,general_trajectory
450.179193941855,-108.541567569275,2221.3305099684,6125.90226637774,2.0824384749978,-4.76705522036456,1.9686195634058,general_trajectory
451.179193941943,-106.454787448227,2216.55397742801,6127.87368091424,2.09113138722008,-4.78602910916896,1.9742223600386,general_trajectory
452.179193942031,-104.359285439616,2211.7584129619,6129.85073697147,2.09988236440778,-4.8051193611842,1.97990277726288,general_trajectory
453.179193942119,-102.255003133547,2206.94369933251,6131.83351269073,2.1086920985054,-4.82432773131736,1.98566186005146,general_trajectory
454.179193942207,-100.141881421871,2202.10971752859,6133.82208726903,2.11756129412977,-4.84365601222234,1.99150067491012,general_trajectory
455.179193942294,-98.019860485352,2197.25634672691,6135.81654098088,2.12649066889022,-4.86310603536978,1.99742031047097,general_trajectory
456.179193942382,-95.8888797805125,2192.38346425291,6137.81695520075,2.13548095371913,-4.88267967215494,2.0034218781064,general_trajectory
457.17919394247,-93.7488780261394,2187.49094554018,6139.82341242612,2.14453289321332,-4.9023788350449,2.0095065125647,general_trajectory
458.179193942558,-91.5997931894427,2182.57866408883,6141.83599630116,2.1536472459868,-4.92220547876706,2.01567537262814,general_trajectory
459.179193942645,-89.4415624718601,2177.64649142259,6143.85479164115,2.16282478503511,-4.94216160154035,2.02192964179451,general_trajectory
460.179193942733,-87.2741222944848,2172.69429704471,6145.87988445749,2.17206629811199,-4.9622492463515,2.02827052898317,general_trajectory
461.179193942821,-85.0974082831175,2167.72194839251,6147.91136198353,2.18137258811871,-4.98247050227777,2.03469926926661,general_trajectory
462.179193942909,-82.9113552529147,2162.72931079061,6149.9493127011,2.19074447350663,-5.00282750585874,2.04121712462871,general_trajectory
463.179193942997,-80.7158971926355,2157.71624740278,6151.99382636775,2.20018278869311,-5.02332244251791,2.04782538475007,general_trajectory
464.179193943084,-78.5109672484584,2152.68261918231,6154.04499404495,2.2096883844921,-5.04395754803835,2.05452536782302,general_trajectory
465.179193943172,-76.2964977073654,2147.6282848209,6156.10290812693,2.21926212856168,-5.06473511009785,2.06131842139963,general_trajectory
466.17919394326,-74.0724199800652,2142.55310069594,6158.16766237053,2.22890490586444,-5.08565746985658,2.06820592326754,general_trajectory
467.179193943348,-71.8386645834551,2137.45692081626,6160.23935192587,2.23861761914508,-5.10672702360768,2.07518928236037,general_trajectory
468.179193943436,-69.5951611225909,2132.3395967661,6162.31807336799,2.24840118942522,-5.12794622449167,2.08226993970302,general_trajectory
469.179193943523,-67.3418382721549,2127.20097764741,6164.40392472938,2.25825655651586,-5.14931758427737,2.08944936939321,general_trajectory
470.021896490358,-65.4352802015127,2122.85400339113,6166.16728600891,2.26661814938211,-5.16744731423123,2.09557729099239,general_trajectory
470.179193943611,-65.0786237574028,2122.04091002029,6166.4970055336,2.26818467954851,-5.17084367521274,2.09672907962111,general_trajectory
471.179193943699,-62.8054443345714,2116.85923784153,6168.59741682988,2.27818653752563,-5.19252713194862,2.10411061372871,general_trajectory
472.179193943787,-60.5222257707223,2111.65580240126,6170.70526122884,2.28826312989139,-5.21437065353913,2.11159555131099,general_trajectory
473.179193943874,-58.2288928230057,2106.4304422575,6172.82064293927,2.29841547712354,-5.2363770055222,2.11918550936066,general_trajectory
474.179193943962,-55.925369217322,2101.18299316856,6174.94366780617,2.30864462134756,-5.25854902208426,2.12688214345879,general_trajectory
475.17919394405,-53.6115776263588,2095.91328802333,6177.07444334992,2.31895162697386,-5.28088960831298,2.13468714901335,general_trajectory
476.179193944138,-51.2874396469766,2090.62115676918,6179.21307880676,2.32933758135928,-5.30340174254271,2.14260226254819,general_trajectory
477.179193944226,-48.9528757769187,2085.30642633751,6181.35968517056,2.33980359549402,-5.32608847879691,2.15062926304478,general_trajectory
478.179193944314,-46.6078053908276,2079.96892056679,6183.51437523599,2.35035080471513,-5.34895294933251,2.15876997333948,general_trajectory
479.179193944401,-44.2521467155258,2074.60846012303,6185.67726364308,2.36098036944788,-5.3719983672915,2.16702626157901,general_trajectory
480.179193944489,-41.8858168045483,2069.22486241749,6187.8484669233,2.37169347597633,-5.39522802946489,2.17540004273707,general_trajectory
481.179193944577,-39.5087315118822,2063.81794152163,6190.02810354715,2.38249133724456,-5.41864531917512,2.18389328019537,general_trajectory
482.179193944665,-37.1208054648968,2058.38750807908,6192.21629397341,2.39337519369,-5.44225370928273,2.19250798739213,general_trajectory
483.179193944753,-34.7219520364153,2052.93336921453,6194.41316070004,2.40434631411053,-5.46605676532408,2.20124622954183,general_trajectory
484.17919394484,-32.3120833159105,2047.45532843944,6196.61882831684,2.41540599656692,-5.49005814878671,2.21011012542966,general_trajectory
485.179193944928,-29.8911100797707,2041.95318555438,6198.83342355997,2.42655556932256,-5.51426162052988,2.21910184928491,general_trajectory
486.179193945016,-27.4589417606157,2036.4267365479,6201.05707536834,2.4377963918222,-5.53867104435791,2.22822363273717,general_trajectory
487.179193945104,-25.0154864156044,2030.87577349173,6203.28991494204,2.44912985571184,-5.56329039075462,2.23747776686011,general_trajectory
488.179193945191,-22.5606506937104,2025.30008443214,6205.53207580285,2.46055738590179,-5.5881237407876,2.24686660430736,general_trajectory
489.179193945279,-20.0943398019023,2019.69945327737,6207.78369385691,2.47208044167527,-5.61317529019181,2.25639256154563,general_trajectory
490.179193945367,-17.6164574702019,2014.0736596808,6210.04490745971,2.48370051784488,-5.63844935364214,2.26605812119045,general_trajectory
491.179193945455,-15.1269059155502,2008.42247891981,6212.31585748344,2.49541914595952,-5.66395036922589,2.27586583445017,general_trajectory
492.179193945543,-12.6255858044513,2002.74568177006,6214.59668738685,2.50723789556446,-5.68968290312608,2.28581832368438,general_trajectory
492.706166747025,-11.3026890799695,1999.74377859888,6215.80264715787,2.51350688131447,-5.70333798395808,2.29112217418175,general_trajectory
492.706166747025,-11.302689014937,1999.74377845922,6215.80264723108,2.51350688086923,-5.70333798278398,2.29112217327973,general_trajectory
492.706166747025,-11.3025503851355,1999.74350919679,6215.80286823693,2.51350688086923,-5.70333798278398,2.29112217327973,general_trajectory
492.706166747025,-11.3015464299855,1999.74196801069,6215.80990444943,2.51356177157371,-5.70345950983969,2.29117536832571,general_trajectory
492.706173182903,-11.3015302530095,1999.74193130392,6215.80991919515,2.51356177167687,-5.70345952816635,2.29117531118348,general_trajectory
492.706179618781,-11.3015140760335,1999.74189459716,6215.80993394088,2.51356177178003,-5.703459546493,2.29117525404125,general_trajectory
492.706186054658,-11.3014978990575,1999.74185789039,6215.8099486866,2.51356177188319,-5.70345956481966,2.29117519689901,general_trajectory
492.706192490536,-11.3014817220815,1999.74182118362,6215.80996343232,2.51356177198635,-5.70345958314631,2.29117513975678,general_trajectory
492.706198926414,-11.3014655451055,1999.74178447685,6215.80997817805,2.51356177208951,-5.70345960147296,2.29117508261455,general_trajectory
492.706205362291,-11.3014493681295,1999.74174777008,6215.80999292377,2.51356177219267,-5.70345961979962,2.29117502547232,general_trajectory
492.706205362291,-11.3014493681295,1999.74174777009,6215.80999292377,2.51356177219267,-5.70345961979962,2.29117502547232,general_trajectory
492.706205362291,-11.3014493681295,1999.74174777009,6215.80999292377,2.51356177219267,-5.70345961979962,2.29117502547232,general_trajectory
492.706205362291,-11.3014493687025,1999.74174777045,6215.80999292763,2.51356177219279,-5.70345961979714,2.29117502548384,general_trajectory
493.706205362289,-8.78763434629201,1994.03639929563,6218.09717314438,2.51406773836483,-5.70723610159167,2.2831850679172,general_trajectory
494.706205362287,-6.27331496042584,1988.32727802364,6220.37636238364,2.51457049921286,-5.71100521435219,2.27519307090228,general_trajectory
495.706205362284,-3.75849441610276,1982.6143913229,6222.64755860716,2.51507005538641,-5.71476695926202,2.26719903684413,general_trajectory
496.706205362282,-1.24317591767318,1976.8977465607,6224.91075977911,2.51556640752909,-5.71852133748847,2.25920296815032,general_trajectory
497.706205362281,1.27263733114778,1971.17735110313,6227.16596386604,2.51605955627848,-5.72226835018284,2.25120486723098,general_trajectory
498.706205362277,3.78894212728494,1965.45321231516,6229.41316883695,2.51654950226627,-5.72600799848049,2.24320473649877,general_trajectory
499.706205362276,6.30573526829004,1959.72533756062,6231.65237266323,2.51703624611818,-5.72974028350084,2.23520257836902,general_trajectory
500.706205362273,8.82301355233763,1953.99373420224,6233.88357331869,2.51751978845405,-5.73346520634743,2.2271983952597,general_trajectory
501.706205362272,11.3407737782191,1948.25840960165,6236.10676877955,2.51800012988782,-5.73718276810795,2.21919218959151,general_trajectory
502.706205362268,13.8590127453369,1942.51937111939,6238.32195702448,2.51847727102755,-5.74089296985426,2.21118396378789,general_trajectory
503.706205362267,16.3777272537004,1936.77662611495,6240.52913603455,2.51895121247547,-5.74459581264246,2.20317372027507,general_trajectory
504.706205362265,18.8969141039128,1931.03018194676,6242.72830379326,2.51942195482795,-5.74829129751287,2.19516146148216,general_trajectory
505.706205362262,21.4165700971763,1925.28004597224,6244.91945828656,2.51988949867557,-5.75197942549013,2.18714718984111,general_trajectory
506.70620536226,23.9366920352789,1919.52622554777,6247.1025975028,2.5203538446031,-5.7556601975832,2.17913090778681,general_trajectory
507.706205362258,26.4572767205905,1913.76872802873,6249.27771943279,2.52081499318953,-5.75933361478537,2.17111261775712,general_trajectory
508.706205362255,28.978320956057,1908.00756076953,6251.44482206979,2.5212729450081,-5.76299967807436,2.16309232219292,general_trajectory
509.706205362253,31.4998215451949,1902.2427311236,6253.60390340947,2.52172770062631,-5.7666583884123,2.15507002353814,general_trajectory
510.706205362252,34.0217752920869,1896.4742464434,6255.75496144997,2.52217926060593,-5.77030974674579,2.14704572423978,general_trajectory
511.706205362248,36.5441790013694,1890.70211408048,6257.89799419188,2.52262762550304,-5.77395375400592,2.13901942674802,general_trajectory
512.706205362247,39.0670294782373,1884.92634138547,6260.03299963821,2.52307279586803,-5.77759041110831,2.1309911335162,general_trajectory
513.706205362244,41.5903235284313,1879.14693570805,6262.15997579447,2.52351477224561,-5.78121971895318,2.12296084700089,general_trajectory
514.706205362243,44.114057958234,1873.36390439704,6264.2789206686,2.52395355517487,-5.78484167842533,2.11492856966193,general_trajectory
515.706205362239,46.6382295744644,1867.57725480039,6266.389832271,2.52438914518925,-5.78845629039419,2.10689430396245,general_trajectory
516.706205362238,49.1628351844718,1861.78699426517,6268.49270861455,2.52482154281659,-5.7920635557139,2.09885805236896,general_trajectory
517.706205362236,51.6878715961327,1855.99313013759,6270.58754771459,2.52525074857913,-5.79566347522326,2.09081981735133,general_trajectory
518.706205362234,54.2133356178375,1850.19566976307,6272.67434758893,2.52567676299356,-5.79925604974586,2.0827796013829,general_trajectory
519.706205362231,56.7392240584958,1844.39462048618,6274.75310625785,2.52609958657098,-5.80284128009004,2.07473740694048,general_trajectory
520.706205362229,59.2655337275239,1838.58998965071,6276.82382174413,2.52651921981699,-5.80641916704896,2.06669323650438,general_trajectory
521.706205362226,61.792261434841,1832.78178459965,6278.88649207301,2.52693566323166,-5.80998971140065,2.05864709255849,general_trajectory
522.706205362224,64.3194039908633,1826.97001267522,6280.94111527223,2.52734891730954,-5.81355291390799,2.0505989775903,general_trajectory
523.706205362222,66.8469582064991,1821.15468121889,6282.98768937201,2.52775898253973,-5.8171087753188,2.04254889409095,general_trajectory
524.70620536222,69.3749208931448,1815.33579757139,6285.02621240506,2.52816585940585,-5.82065729636586,2.03449684455525,general_trajectory
525.706205362219,71.9032888626722,1809.51336907273,6287.0566824066,2.52856954838609,-5.82419847776691,2.02644283148177,general_trajectory
526.706205362215,74.4320589274342,1803.6874030622,6289.07909741434,2.5289700499532,-5.82773232022473,2.01838685737284,general_trajectory
527.706205362214,76.9612279002517,1797.85790687839,6291.09345546849,2.52936736457454,-5.83125882442718,2.01032892473458,general_trajectory
528.70620536221,79.4907925944103,1792.02488785923,6293.09975461179,2.52976149271207,-5.83477799104717,2.002269036077,general_trajectory
529.706205362209,82.020749823655,1786.18835334197,6295.09799288947,2.53015243482239,-5.83828982074278,1.99420719391399,general_trajectory
530.706205362206,84.5510964021847,1780.3483106632,6297.08816834928,2.53054019135673,-5.84179431415721,1.98614340076337,general_trajectory
531.706205362205,87.0818291446485,1774.50476715889,6299.0702790415,2.53092476276101,-5.84529147191889,1.97807765914696,general_trajectory
532.706205362202,89.6129448661336,1768.6577301644,6301.04432301892,2.53130614947583,-5.84878129464148,1.9700099715906,general_trajectory
533.7062053622,92.1444403821704,1762.80720701445,6303.01029833687,2.53168435193647,-5.85226378292389,1.96194034062417,general_trajectory
534.706205362198,94.6763125087201,1756.9532050432,6304.9682030532,2.53205937057298,-5.85573893735034,1.95386876878168,general_trajectory
535.706205362195,97.2085580621715,1751.09573158421,6306.91803522831,2.53243120581011,-5.85920675849039,1.94579525860126,general_trajectory
536.706205362193,99.7411738593353,1745.23479397049,6308.85979292513,2.53279985806738,-5.86266724689897,1.93771981262527,general_trajectory
537.706205362191,102.274156717439,1739.3703995345,6310.79347420913,2.53316532775909,-5.86612040311641,1.92964243340025,general_trajectory
538.70620536219,104.807503454125,1733.50255560817,6312.71907714835,2.53352761529434,-5.86956622766849,1.92156312347704,general_trajectory
539.706205362186,107.341210887434,1727.6312695229,6314.63659981337,2.53388672107704,-5.87300472106646,1.91348188541078,general_trajectory
540.706205362185,109.875275835816,1721.75654860961,6316.54604027731,2.53424264550594,-5.87643588380708,1.90539872176097,general_trajectory
541.706205362181,112.409695118114,1715.87840019871,6318.44739661587,2.53459538897462,-5.87985971637267,1.89731363509149,general_trajectory
542.70620536218,114.944465553563,1709.99683162013,6320.34066690733,2.53494495187155,-5.8832762192311,1.88922662797067,general_trajectory
543.706205362177,117.479583961782,1704.11185020336,6322.22584923251,2.53529133458008,-5.88668539283587,1.88113770297131,general_trajectory
544.706205362176,120.015047162774,1698.22346327742,6324.10294167483,2.53563453747847,-5.89008723762614,1.87304686267071,general_trajectory
545.706205362173,122.550851976917,1692.33167817093,6325.97194232027,2.5359745609399,-5.89348175402675,1.86495410965075,general_trajectory
546.706205362171,125.086995224955,1686.43650221205,6327.83284925741,2.53631140533249,-5.89686894244825,1.85685944649791,general_trajectory
547.706205362169,127.623473728002,1680.53794272858,6329.68566057741,2.53664507101932,-5.90024880328693,1.84876287580328,general_trajectory
548.706205362166,130.160284307532,1674.63600704791,6331.53037437403,2.53697555835846,-5.90362133692491,1.84066440016266,general_trajectory
549.706205362164,132.697423785375,1668.73070249704,6333.36698874361,2.53730286770297,-5.90698654373009,1.83256402217655,general_trajectory
550.706205362162,135.234888983711,1662.82203640263,6335.19550178513,2.53762699940093,-5.91034442405626,1.82446174445023,general_trajectory
551.706205362159,137.772676725064,1656.910016091,6337.01591160013,2.53794795379543,-5.91369497824308,1.81635756959377,general_trajectory
552.706205362157,140.310783832303,1650.99464888811,6338.8282162928,2.53826573122466,-5.91703820661615,1.80825150022208,general_trajectory
553.706205362156,142.849207128626,1645.07594211963,6340.63241396993,2.53858033202184,-5.92037410948702,1.80014353895496,general_trajectory
554.706205362152,145.387943437567,1639.1539031109,6342.42850274095,2.53889175651528,-5.92370268715326,1.79203368841714,general_trajectory
555.706205362152,147.926989582985,1633.22853918699,6344.21648071788,2.53920000502843,-5.92702393989844,1.78392195123829,general_trajectory
556.706205362148,150.466342389059,1627.29985767268,6345.99634601541,2.53950507787983,-5.93033786799223,1.77580833005311,general_trajectory
557.706205362147,153.005998680284,1621.3678658925,6347.76809675085,2.53980697538318,-5.93364447169036,1.76769282750133,general_trajectory
558.706205362143,155.545955281467,1615.43257117071,6349.53173104416,2.54010569784734,-5.93694375123474,1.75957544622778,general_trajectory
559.706205362142,158.086209017723,1609.49398083136,6351.28724701795,2.54040124557635,-5.94023570685343,1.7514561888824,general_trajectory
560.70620536214,160.626756714464,1603.55210219826,6353.03464279745,2.54069361886945,-5.94352033876067,1.7433350581203,general_trajectory
561.706205362138,163.167595197403,1597.60694259503,6354.77391651059,2.54098281802108,-5.946797647157,1.73521205660181,general_trajectory
562.706205362135,165.708721292544,1591.65850934509,6356.50506628795,2.54126884332095,-5.95006763222917,1.72708718699249,general_trajectory
563.706205362133,168.250131826178,1585.70680977165,6358.22809026276,2.54155169505398,-5.95333029415028,1.71896045196318,general_trajectory
564.706205362131,170.791823624878,1579.75185119781,6359.94298657095,2.5418313735004,-5.95658563307978,1.71083185419008,general_trajectory
565.706205362128,173.333793515496,1573.79364094647,6361.64975335111,2.5421078789357,-5.95983364916346,1.70270139635473,general_trajectory
566.706205362127,175.876038325159,1567.83218634041,6363.34838874453,2.5423812116307,-5.96307434253356,1.69456908114407,general_trajectory
567.706205362124,178.418554881256,1561.86749470229,6365.03889089517,2.54265137185153,-5.96630771330875,1.68643491125051,general_trajectory
568.706205362123,180.961340011446,1555.89957335465,6366.72125794969,2.54291835985967,-5.9695337615942,1.67829888937195,general_trajectory
569.706205362119,183.504390543645,1549.92842961993,6368.39548805748,2.54318217591197,-5.97275248748158,1.67016101821178,general_trajectory
570.706205362118,186.047703306024,1543.95407082049,6370.06157937059,2.54344282026065,-5.97596389104912,1.662021300479,general_trajectory
571.706205362114,188.591275127003,1537.97650427861,6371.71953004381,2.54370029315333,-5.97916797236165,1.65387973888819,general_trajectory
572.706205362113,191.135102835248,1531.99573731653,6373.36933823464,2.54395459483305,-5.98236473147061,1.64573633615958,general_trajectory
573.706205362111,193.679183259667,1526.01177725642,6375.01100210332,2.54420572553829,-5.98555416841411,1.63759109501909,general_trajectory
574.706205362109,196.223513229401,1520.02463142044,6376.64451981278,2.54445368550297,-5.98873628321693,1.62944401819838,general_trajectory
575.706205362106,198.768089573825,1514.03430713072,6378.26988952873,2.5446984749565,-5.9919110758906,1.62129510843485,general_trajectory
576.706205362104,201.31290912254,1508.04081170939,6379.88710941958,2.54494009412376,-5.99507854643341,1.61314436847172,general_trajectory
577.706205362102,203.857968705372,1502.0441524786,6381.49617765651,2.54517854322517,-5.99823869483044,1.60499180105805,general_trajectory
578.706205362099,206.403265152362,1496.04433676048,6383.09709241345,2.54541382247663,-6.00139152105361,1.59683740894879,general_trajectory
579.706205362097,208.948795293767,1490.04137187725,6384.68985186709,2.54564593208963,-6.0045370250617,1.58868119490481,general_trajectory
580.706205362095,211.494555960054,1484.03526515114,6386.27445419687,2.5458748722712,-6.00767520680041,1.58052316169295,general_trajectory
581.706205362094,214.04054398189,1478.02602390446,6387.850897585,2.54610064322395,-6.01080606620235,1.57236331208604,general_trajectory
582.70620536209,216.586756190147,1472.01365545957,6389.41918021649,2.54632324514611,-6.01392960318713,1.56420164886297,general_trajectory
583.706205362089,219.133189415891,1465.99816713895,6390.97930027911,2.54654267823149,-6.01704581766135,1.55603817480869,general_trajectory
584.706205362085,221.679840490382,1459.97956626515,6392.53125596342,2.54675894266957,-6.02015470951866,1.54787289271429,general_trajectory
585.706205362085,224.226706245065,1453.95786016085,6394.07504546279,2.54697203864548,-6.0232562786398,1.53970580537702,general_trajectory
586.706205362081,226.773783511567,1447.93305614885,6395.61066697336,2.54718196634002,-6.0263505248926,1.53153691560032,general_trajectory
587.70620536208,229.3210691217,1441.90516155209,6397.1381186941,2.54738872592966,-6.02943744813205,1.52336622619386,general_trajectory
588.706205362078,231.868559907439,1435.87418369367,6398.6573988268,2.54759231758661,-6.03251704820032,1.51519373997363,general_trajectory
589.706205362075,234.416252700939,1429.84012989683,6400.16850557605,2.54779274147879,-6.03558932492681,1.50701945976188,general_trajectory
590.706205362073,236.964144334518,1423.80300748502,6401.67143714926,2.54798999776987,-6.03865427812816,1.49884338838727,general_trajectory
591.706205362071,239.512231640653,1417.76282378185,6403.16619175671,2.54818408661928,-6.04171190760831,1.49066552868482,general_trajectory
592.706205362068,242.060511451982,1411.71958611114,6404.65276761146,2.54837500818225,-6.04476221315851,1.482485883496,general_trajectory
593.706205362066,244.608980601294,1405.67330179694,6406.13116292948,2.54856276260979,-6.04780519455739,1.47430445566875,general_trajectory
594.706205362064,247.157635921527,1399.62397816351,6407.60137592953,2.54874735004873,-6.05084085157096,1.46612124805752,general_trajectory
595.706205362061,249.706474245766,1393.57162253537,6409.06340483328,2.54892877064175,-6.05386918395267,1.45793626352332,general_trajectory
596.70620536206,252.255492407232,1387.51624223726,6410.51724786522,2.54910702452738,-6.05689019144341,1.44974950493375,general_trajectory
597.706205362057,254.804687239285,1381.45784459423,6411.96290325275,2.54928211184003,-6.05990387377161,1.44156097516303,general_trajectory
598.706205362056,257.354055575419,1375.39643693156,6413.40036922611,2.54945403270998,-6.06291023065321,1.43337067709206,general_trajectory
599.706205362052,259.903594249254,1369.33202657486,6414.82964401845,2.54962278726345,-6.06590926179174,1.42517861360843,general_trajectory
600.706205362051,262.453300094536,1363.26462085003,6416.25072586581,2.54978837562257,-6.0689009668783,1.41698478760651,general_trajectory
601.706205362049,265.003169945131,1357.19422708326,6417.66361300712,2.54995079790542,-6.07188534559168,1.40878920198741,general_trajectory
602.706205362046,267.553200635016,1351.1208526011,6419.06830368421,2.55011005422605,-6.07486239759832,1.4005918596591,general_trajectory
603.706205362044,270.103388998287,1345.04450473044,6420.46479614184,2.55026614469449,-6.07783212255238,1.3923927635364,general_trajectory
604.706205362042,272.653731869144,1338.9651907985,6421.85308862766,2.55041906941678,-6.08079452009577,1.38419191654102,general_trajectory
605.706205362039,275.204226081894,1332.88291813287,6423.23317939226,2.55056882849497,-6.08374958985819,1.37598932160163,general_trajectory
606.706205362037,277.754868470941,1326.79769406153,6424.60506668918,2.55071542202716,-6.08669733145714,1.36778498165387,general_trajectory
607.706205362035,280.305655870786,1320.70952591283,6425.96874877488,2.55085885010749,-6.089637744498,1.35957889964038,general_trajectory
608.706205362032,282.856585116023,1314.61842101555,6427.32422390875,2.5509991128262,-6.09257082857403,1.35137107851088,general_trajectory
609.706205362031,285.407653041336,1308.52438669884,6428.67149035317,2.55113621026961,-6.09549658326643,1.34316152122217,general_trajectory
610.706205362028,287.958856481488,1302.42743029231,6430.01054637346,2.55127014252015,-6.09841500814433,1.33495023073819,general_trajectory
611.706205362027,290.510192271327,1296.327559126,6431.3413902379,2.55140090965638,-6.1013261027649,1.32673721003004,general_trajectory
612.706205362023,293.061657245776,1290.22478053038,6432.66402021776,2.55152851175303,-6.10422986667332,1.31852246207604,general_trajectory
613.706205362022,295.613248239831,1284.1191018364,6433.97843458729,2.55165294888097,-6.10712629940284,1.31030598986175,general_trajectory
614.706205362018,298.164962088559,1278.01053037549,6435.28463162373,2.55177422110728,-6.11001540047483,1.30208779638001,general_trajectory
615.706205362017,300.71679562709,1271.89907347953,6436.58260960729,2.55189232849522,-6.11289716939879,1.29386788463099,general_trajectory
616.706205362015,303.268745690613,1265.78473848093,6437.87236682123,2.5520072711043,-6.11577160567241,1.28564625762224,general_trajectory
617.706205362013,305.820809114379,1259.6675327126,6439.15390155178,2.55211904899026,-6.11863870878158,1.27742291836868,general_trajectory
618.706205362011,308.372982733691,1253.54746350796,6440.42721208822,2.55222766220508,-6.12149847820045,1.26919786989269,general_trajectory
619.706205362008,310.925263383903,1247.42453820097,6441.69229672283,2.55233311079707,-6.12435091339145,1.2609711152241,general_trajectory
620.706205362006,313.477647900414,1241.29876412613,6442.94915375094,2.55243539481078,-6.12719601380534,1.25274265740029,general_trajectory
621.706205362004,316.030133118667,1235.1701486185,6444.19778147092,2.55253451428711,-6.13003377888123,1.24451249946617,general_trajectory
622.706205362001,318.582715874143,1229.0386990137,6445.43817818418,2.55263046926328,-6.13286420804663,1.23628064447425,general_trajectory
623.706205361999,321.135393002361,1222.90442264793,6446.6703421952,2.55272325977288,-6.13568730071748,1.22804709548464,general_trajectory
624.706205361998,323.688161338866,1216.76732685799,6447.8942718115,2.55281288584585,-6.13850305629818,1.21981185556517,general_trajectory
625.706205361994,326.241017719238,1210.62741898126,6449.10996534371,2.55289934750854,-6.14131147418164,1.21157492779133,general_trajectory
626.706205361993,328.793958979076,1204.48470635576,6450.31742110549,2.55298264478368,-6.1441125537493,1.20333631524636,general_trajectory
627.70620536199,331.346981954004,1198.33919632011,6451.51663741363,2.55306277769046,-6.1469062943712,1.19509602102131,general_trajectory
628.706205361989,333.900083479661,1192.19089621357,6452.707612588,2.55313974624449,-6.14969269540596,1.18685404821501,general_trajectory
629.706205361985,336.453260391701,1186.03981337607,6453.89034495157,2.55321355045787,-6.15247175620088,1.17861039993416,general_trajectory
630.706205361984,339.006509525789,1179.88595514816,6455.06483283041,2.55328419033915,-6.15524347609191,1.17036507929335,general_trajectory
631.706205361982,341.559827717593,1173.7293288711,6456.23107455374,2.55335166589341,-6.15800785440375,1.16211808941512,general_trajectory
632.706205361979,344.113211802789,1167.56994188681,6457.38906845387,2.55341597712224,-6.16076489044985,1.15386943342996,general_trajectory
633.706205361977,346.66665861705,1161.40780153789,6458.53881286627,2.55347712402376,-6.16351458353244,1.14561911447636,general_trajectory
634.706205361975,349.220164996047,1155.24291516766,6459.68030612954,2.55353510659266,-6.16625693294261,1.13736713570088,general_trajectory
635.706205361972,351.773727775443,1149.07529012016,6460.81354658544,2.5535899248202,-6.16899193796029,1.12911350025814,general_trajectory
636.70620536197,354.327343790891,1142.90493374014,6461.93853257888,2.55364157869424,-6.17171959785433,1.12085821131089,general_trajectory
637.706205361969,356.881009878032,1136.7318533731,6463.05526245795,2.55369006819925,-6.17443991188252,1.11260127203002,general_trajectory
638.706205361965,359.434722872483,1130.55605636528,6464.16373457389,2.55373539331632,-6.17715287929162,1.10434268559464,general_trajectory
639.706205361965,361.988479609849,1124.37755006367,6465.26394728114,2.55377755402322,-6.17985849931742,1.09608245519208,general_trajectory
640.706205361961,364.542276925706,1118.19634181606,6466.35589893734,2.55381655029435,-6.18255677118474,1.08782058401793,general_trajectory
641.70620536196,367.096111655604,1112.01243897098,6467.43958790332,2.55385238210085,-6.18524769410751,1.0795570752761,general_trajectory
642.706205361956,369.649980635064,1105.82584887778,6468.5150125431,2.55388504941051,-6.18793126728877,1.07129193217883,general_trajectory
643.706205361955,372.203880699569,1099.63657888661,6469.58217122396,2.55391455218789,-6.19060748992074,1.06302515794676,general_trajectory
644.706205361953,374.757808684572,1093.44463634842,6470.64106231636,2.55394089039428,-6.19327636118482,1.05475675580892,general_trajectory
645.706205361951,377.311761425477,1087.250028615,6471.69168419401,2.55396406398772,-6.19593788025166,1.04648672900284,general_trajectory
646.706205361948,379.86573575765,1081.05276303896,6472.73403523388,2.55398407292305,-6.19859204628118,1.0382150807745,general_trajectory
647.706205361946,382.419728516409,1074.85284697376,6473.76811381617,2.55400091715191,-6.20123885842262,1.02994181437842,general_trajectory
648.706205361943,384.973736537022,1068.65028777373,6474.79391832433,2.55401459662275,-6.20387831581455,1.0216669330777,general_trajectory
649.706205361941,387.527756654705,1062.44509279404,6475.81144714511,2.55402511128087,-6.20651041758494,1.01339044014404,general_trajectory
650.706205361939,390.081785704616,1056.23726939075,6476.8206986685,2.55403246106842,-6.20913516285119,1.00511233885778,general_trajectory
651.456401936132,391.997813507492,1051.57846041912,6477.57240072631,2.55403589709325,-6.21109940770733,0.998901081734451,general_trajectory
651.456401936132,391.997813507492,1051.57846041912,6477.57240072631,2.55403589709325,-6.21109940770733,0.998901081734451,general_trajectory
651.706205361937,392.635820521699,1050.02682492069,6477.82167128772,2.55403664405497,-6.21175255228026,0.996832631530054,general_trajectory
652.706205361936,395.189857921952,1043.81376672584,6478.81436338939,2.55403761895979,-6.21436261933421,0.988551299892397,general_trajectory
653.706205361932,397.743894684569,1037.59810211847,6479.7987733442,2.55403536875196,-6.2169653771493,0.980268338354017,general_trajectory
654.706205361931,400.297927584345,1031.3798384083,6480.77489952387,2.55402989324714,-6.21956082477865,0.971983750143985,general_trajectory
655.706205361927,402.85195339589,1025.15898290599,6481.74274030334,2.55402119225777,-6.2221489612648,0.963697538500061,general_trajectory
656.706205361926,405.405968893624,1018.93554292317,6482.7022940608,2.55400926559316,-6.22472978563977,0.955409706668734,general_trajectory
657.706205361923,407.959970851775,1012.70952577243,6483.65355917769,2.55399411305941,-6.22730329692507,0.947120257905255,general_trajectory
658.706205361922,410.513956044377,1006.48093876737,6484.59653403872,2.5539757344595,-6.22986949413175,0.938829195473669,general_trajectory
659.706205361919,413.067921245262,1000.24978922255,6485.53121703184,2.55395412959328,-6.23242837626042,0.930536522646881,general_trajectory
660.706205361917,415.621863228062,994.01608445357,6486.4576065483,2.5539292982575,-6.23497994230132,0.922242242706648,general_trajectory
661.706205361915,418.175778766206,987.779831777015,6487.37570098264,2.55390124024583,-6.23752419123432,0.913946358943647,general_trajectory
662.706205361912,420.729664632914,981.54103851051,6488.28549873268,2.55386995534886,-6.240061122029,0.905648874657502,general_trajectory
663.70620536191,423.283517601193,975.299711972712,6489.18699819955,2.55383544335412,-6.24259073364463,0.897349793156826,general_trajectory
664.706205361908,425.837334443839,969.055859483326,6490.08019778769,2.55379770404613,-6.24511302503026,0.889049117759248,general_trajectory
665.706205361907,428.391111933431,962.809488363107,6490.96509590487,2.55375673720639,-6.24762799512474,0.880746851791455,general_trajectory
666.706205361903,430.944846842324,956.560605933889,6491.84169096219,2.55371254261341,-6.25013564285673,0.872442998589244,general_trajectory
667.706205361902,433.498535942654,950.30921951857,6492.70998137408,2.55366512004271,-6.25263596714479,0.864137561497527,general_trajectory
668.706205361898,436.052176006329,944.05533644114,6493.56996555834,2.55361446926687,-6.25512896689737,0.855830543870391,general_trajectory
669.706205361897,438.60576380503,937.798964026684,6494.4216419361,2.55356059005553,-6.25761464101287,0.847521949071129,general_trajectory
670.706205361894,441.159296110205,931.540109601393,6495.26500893187,2.55350348217539,-6.26009298837968,0.839211780472273,general_trajectory
671.706205361893,443.712769693068,925.278780492577,6496.10006497356,2.55344314539027,-6.26256400787621,0.830900041455636,general_trajectory
672.706205361891,446.266181324594,919.014984028666,6496.92680849244,2.55337957946112,-6.26502769837092,0.822586735412338,general_trajectory
673.706205361888,448.819527775518,912.74872753924,6497.74523792318,2.55331278414599,-6.26748405872238,0.81427186574287,general_trajectory
674.706205361886,451.372805816331,906.480018355015,6498.55535170385,2.55324275920011,-6.26993308777929,0.805955435857092,general_trajectory
675.706205361883,453.92601221728,900.208863807863,6499.35714827595,2.55316950437588,-6.27237478438052,0.797637449174292,general_trajectory
676.706205361881,456.479143748361,893.935271230825,6500.15062608441,2.55309301942289,-6.27480914735515,0.789317909123221,general_trajectory
677.706205361879,459.03219717932,887.659247958117,6500.93578357755,2.55301330408796,-6.27723617552253,0.780996819142125,general_trajectory
678.706205361877,461.585169279646,881.380801325142,6501.71261920719,2.55293035811511,-6.27965586769226,0.772674182678784,general_trajectory
679.706205361874,464.138056818575,875.09993866849,6502.48113142857,2.55284418124562,-6.2820682226643,0.764350003190541,general_trajectory
680.706205361873,466.690856565075,868.816667325974,6503.24131870038,2.55275477321806,-6.28447323922895,0.756024284144362,general_trajectory
681.706205361869,469.243565287858,862.530994636604,6503.99317948482,2.55266213376826,-6.28687091616693,0.747697029016837,general_trajectory
682.706205361869,471.79617975537,856.242927940621,6504.73671224755,2.55256626262937,-6.28926125224938,0.739368241294238,general_trajectory
683.706205361865,474.348696735785,849.952474579499,6505.47191545771,2.55246715953186,-6.29164424623794,0.731037924472554,general_trajectory
684.706205361864,476.901112997011,843.659641895955,6506.19878758796,2.55236482420354,-6.29401989688475,0.72270608205752,general_trajectory
685.70620536186,479.453425306679,837.364437233958,6506.91732711446,2.5522592563696,-6.29638820293252,0.71437271756466,general_trajectory
686.706205361859,482.005630432146,831.066867938736,6507.6275325169,2.5521504557526,-6.29874916311455,0.706037834519312,general_trajectory
687.706205361857,484.557725140486,824.766941356801,6508.32940227849,2.55203842207249,-6.30110277615476,0.697701436456691,general_trajectory
688.706205361855,487.109706198497,818.464664835932,6509.02293488599,2.55192315504667,-6.30344904076776,0.689363526921887,general_trajectory
689.706205361852,489.661570372691,812.160045725202,6509.70812882969,2.55180465438995,-6.30578795565887,0.681024109469925,general_trajectory
690.70620536185,492.213314429292,805.853091374985,6510.38498260347,2.55168291981462,-6.30811951952414,0.672683187665796,general_trajectory
691.706205361848,494.764935134238,799.543809136963,6511.05349470476,2.55155795103043,-6.31044373105043,0.664340765084493,general_trajectory
692.706205361845,497.316429253174,793.232206364134,6511.71366363457,2.55142974774463,-6.31276058891542,0.655996845311046,general_trajectory
693.706205361844,499.867793551452,786.918290410821,6512.36548789752,2.551298309662,-6.31507009178766,0.64765143194055,general_trajectory
694.706205361841,502.419024794123,780.602068632694,6513.00896600179,2.55116363648484,-6.31737223832659,0.639304528578227,general_trajectory
695.70620536184,504.970119745945,774.283548386758,6513.64409645921,2.551025727913,-6.31966702718263,0.630956138839426,general_trajectory
696.706205361836,507.521075171372,767.962737031372,6514.27087778521,2.55088458364393,-6.32195445699714,0.622606266349681,general_trajectory
697.706205361835,510.071887834554,761.639641926263,6514.88930849887,2.55074020337265,-6.32423452640254,0.614254914744742,general_trajectory
698.706205361831,512.622554499335,755.314270432525,6515.49938712288,2.55059258679178,-6.32650723402231,0.605902087670609,general_trajectory
699.70620536183,515.173071929252,748.986629912638,6516.1011121836,2.55044173359161,-6.328772578471,0.597547788783568,general_trajectory
700.706205361828,517.723436887531,742.656727730463,6516.69448221106,2.55028764346005,-6.33103055835435,0.589192021750222,general_trajectory
701.706205361826,520.27364613708,736.324571251277,6517.27949573894,2.55013031608268,-6.33328117226925,0.580834790247548,general_trajectory
702.706205361823,522.823696440497,729.990167841748,6517.85615130463,2.54996975114279,-6.33552441880383,0.572476097962898,general_trajectory
703.706205361821,525.37358456006,723.653524869966,6518.42444744917,2.54980594832135,-6.33776029653746,0.564115948594057,general_trajectory
704.706205361819,527.923307257727,717.314649705446,6518.98438271735,2.54963890729709,-6.33998880404083,0.555754345849276,general_trajectory
705.706205361817,530.472861295134,710.973549719136,6519.53595565765,2.54946862774646,-6.34220993987598,0.547391293447302,general_trajectory
706.706205361814,533.022243433591,704.630232283428,6520.07916482227,2.5492951093437,-6.34442370259631,0.539026795117415,general_trajectory
707.706205361812,535.571450434084,698.284704772158,6520.61400876715,2.54911835176081,-6.34663009074666,0.530660854599461,general_trajectory
708.706205361811,538.120479057266,691.936974560638,6521.14048605199,2.54893835466762,-6.34882910286333,0.522293475643906,general_trajectory
709.706205361807,540.66932606346,685.58704902563,6521.65859524021,2.54875511773178,-6.3510207374741,0.513924662011837,general_trajectory
710.706205361806,543.217988212658,679.234935545381,6522.16833489904,2.54856864061876,-6.35320499309834,0.505554417475021,general_trajectory
711.706205361803,545.766462264515,672.880641499621,6522.66970359945,2.54837892299194,-6.35538186824695,0.497182745815936,general_trajectory
712.706205361802,548.314744978346,666.524174269574,6523.16269991623,2.54818596451254,-6.35755136142251,0.488809650827802,general_trajectory
713.706205361798,550.86283311313,660.165541237965,6523.64732242793,2.54798976483971,-6.35971347111921,0.48043513631462,general_trajectory
714.706205361797,553.410723427503,653.804749789025,6524.12356971695,2.54779032363052,-6.36186819582299,0.472059206091199,general_trajectory
715.706205361795,555.958412679754,647.441807308516,6524.59144036948,2.54758764053998,-6.36401553401151,0.463681863983214,general_trajectory
716.706205361792,558.505897627829,641.076721183714,6525.05093297556,2.54738171522106,-6.36615548415423,0.455303113827205,general_trajectory
717.70620536179,561.053175029325,634.709498803432,6525.50204612907,2.54717254732471,-6.36828804471244,0.446922959470638,general_trajectory
718.706205361788,563.60024164149,628.340147558029,6525.94477842772,2.5469601364999,-6.37041321413929,0.438541404771933,general_trajectory
719.706205361785,566.147094221219,621.968674839412,6526.37912847312,2.5467444823936,-6.37253099087984,0.430158453600495,general_trajectory
720.706205361783,568.693729525053,615.595088041048,6526.80509487072,2.54652558465084,-6.37464137337112,0.421774109836755,general_trajectory
721.706205361782,571.24014430918,609.219394557968,6527.22267622989,2.54630344291469,-6.37674436004214,0.413388377372193,general_trajectory
722.706205361778,573.786335329422,602.841601786789,6527.63187116387,2.54607805682633,-6.37883994931395,0.405001260109399,general_trajectory
723.706205361777,576.332299341249,596.461717125699,6528.03267828981,2.54584942602502,-6.38092813959966,0.396612761962072,general_trajectory
724.706205361774,578.878033099768,590.07974797448,6528.4250962288,2.54561755014815,-6.38300892930452,0.388222886855078,general_trajectory
725.706205361773,581.423533359721,583.695701734514,6528.80912360585,2.54538242883126,-6.38508231682593,0.379831638724476,general_trajectory
726.706205361769,583.968796875484,577.309585808789,6529.18475904989,2.54514406170803,-6.38714830055348,0.371439021517558,general_trajectory
727.706205361768,586.513820401067,570.921407601907,6529.55200119384,2.54490244841033,-6.38920687886903,0.363045039192877,general_trajectory
728.706205361766,589.058600690113,564.531174520088,6529.91084867456,2.54465758856825,-6.39125805014671,0.354649695720279,general_trajectory
729.706205361763,591.603134495888,558.138893971196,6530.26130013289,2.54440948181007,-6.39330181275297,0.346252995080962,general_trajectory
730.706205361761,594.147418571291,551.744573364717,6530.60335421366,2.54415812776234,-6.39533816504663,0.337854941267471,general_trajectory
731.706205361759,596.691449668846,545.348220111786,6530.9370095657,2.54390352604986,-6.39736710537893,0.329455538283758,general_trajectory
732.706205361756,599.235224540699,538.949841625194,6531.26226484184,2.54364567629572,-6.39938863209357,0.32105479014521,general_trajectory
733.706205361754,601.778739938619,532.549445319389,6531.57911869895,2.54338457812128,-6.40140274352674,0.312652700878684,general_trajectory
734.706205361752,604.321992613996,526.147038610488,6531.8875697979,2.54312023114627,-6.40340943800715,0.304249274522538,general_trajectory
735.706205361749,606.86497931784,519.742628916277,6532.18761680364,2.54285263498873,-6.40540871385611,0.295844515126664,general_trajectory
736.706205361749,609.407696800775,513.33622365624,6532.47925838516,2.54258178926508,-6.40740056938755,0.28743842675254,general_trajectory
737.706205361745,611.950141813042,506.927830251536,6532.76249321551,2.54230769359011,-6.40938500290808,0.279031013473233,general_trajectory
738.706205361744,614.492311104497,500.517456125024,6533.03731997183,2.54203034757702,-6.41136201271698,0.270622279373453,general_trajectory
739.70620536174,617.034201424608,494.105108701271,6533.30373733535,2.54174975083743,-6.41333159710633,0.262212228549583,general_trajectory
740.706205361739,619.575809522455,487.690795406553,6533.56174399139,2.54146590298142,-6.41529375436098,0.253800865109712,general_trajectory
741.706205361735,622.117132146724,481.274523668865,6533.8113386294,2.54117880361751,-6.41724848275861,0.24538819317367,general_trajectory
742.706205361735,624.658166045713,474.856300917923,6534.05251994295,2.54088845235272,-6.41919578056979,0.236974216873054,general_trajectory
743.706205361732,627.19890796732,468.436134585191,6534.28528662974,2.54059484879259,-6.42113564605804,0.228558940351285,general_trajectory
744.70620536173,629.739354659055,462.014032103859,6534.50963739163,2.54029799254115,-6.4230680774798,0.220142367763607,general_trajectory
745.706205361728,632.279502868028,455.590000908867,6534.72557093463,2.539997883201,-6.42499307308455,0.211724503277145,general_trajectory
746.706205361725,634.81934934095,449.164048436911,6534.93308596894,2.53969452037331,-6.42691063111484,0.203305351070931,general_trajectory
747.706205361723,637.358890824134,442.736182126447,6535.13218120893,2.53938790365782,-6.42882074980628,0.194884915335938,general_trajectory
748.706205361721,639.898124063491,436.306409417699,6535.32285537317,2.53907803265291,-6.43072342738766,0.186463200275113,general_trajectory
749.70620536172,642.437045804532,429.87473775266,6535.50510718444,2.53876490695556,-6.43261866208093,0.178040210103406,general_trajectory
750.706205361716,644.97565279236,423.44117457512,6535.67893536975,2.5384485261614,-6.43450645210129,0.169615949047823,general_trajectory
751.706205361715,647.513941771676,417.005727330642,6535.84433866032,2.53812888986475,-6.43638679565719,0.161190421347428,general_trajectory
752.706205361711,650.051909486774,410.568403466589,6536.00131579164,2.53780599765861,-6.43825969095042,0.152763631253399,general_trajectory
753.70620536171,652.589552681542,404.129210432127,6536.14986550345,2.53747984913468,-6.44012513617614,0.144335583029051,general_trajectory
754.706205361707,655.126868099456,397.688155678227,6536.28998653975,2.53715044388343,-6.44198312952288,0.135906280949876,general_trajectory
755.706205361706,657.663852483584,391.245246657677,6536.42167764883,2.53681778149405,-6.44383366917267,0.12747572930357,general_trajectory
756.706205361703,660.200502576584,384.80049082508,6536.54493758327,2.5364818615545,-6.44567675330099,0.119043932390062,general_trajectory
757.706205361701,662.736815120695,378.353895636884,6536.65976509995,2.53614268365157,-6.4475123800769,0.110610894521571,general_trajectory
758.706205361699,665.272786857749,371.905468551353,6536.7661589601,2.53580024737084,-6.44934054766302,0.102176620022605,general_trajectory
759.706205361696,667.808414529161,365.455217028599,6536.86411792923,2.53545455229672,-6.45116125421562,0.0937411132300119,general_trajectory
760.706205361694,670.343694875928,359.00314853058,6536.95364077724,2.53510559801252,-6.45297449788463,0.0853043784930131,general_trajectory
761.706205361692,672.878624638631,352.549270521107,6537.03472627836,2.53475338410038,-6.4547802768137,0.0768664201732314,general_trajectory
762.706205361689,675.413200557434,346.09359046585,6537.10737321119,2.53439791014137,-6.45657858914026,0.0684272426447251,general_trajectory
763.706205361687,677.94741937208,339.636115832346,6537.17158035871,2.53403917571547,-6.45836943299555,0.0599868502940208,general_trajectory
764.706205361686,680.481277821892,333.17685409,6537.2273465083,2.53367718040162,-6.46015280650465,0.0515452475201396,general_trajectory
765.706205361682,683.01477264577,326.715812710105,6537.27467045174,2.53331192377769,-6.46192870778655,0.0431024387346535,general_trajectory
766.706205361681,685.547900582192,320.252999165828,6537.31355098524,2.53294340542058,-6.4636971349542,0.0346584283616816,general_trajectory
767.706205361678,688.080658369213,313.788420932229,6537.34398690942,2.53257162490615,-6.46545808611454,0.026213220837947,general_trajectory
768.706205361677,690.613042744465,307.322085486264,6537.36597702935,2.53219658180933,-6.46721155936852,0.0177668206128023,general_trajectory
769.706205361673,693.145050445151,300.854000306792,6537.37952015456,2.53181827570406,-6.46895755281122,0.00931923214826226,general_trajectory
770.706205361672,695.676678208051,294.384172874575,6537.38461509905,2.53143670616339,-6.47069606453182,0.000870459919029901,general_trajectory
771.70620536167,698.207922769513,287.912610672301,6537.38126068131,2.53105187275942,-6.47242709261368,-0.00757949158744771,general_trajectory
772.706205361668,700.738780865461,281.439321184565,6537.36945572429,2.5306637750634,-6.47415063513441,-0.0160306178709831,general_trajectory
773.706205361665,703.269249231388,274.964311897892,6537.34919905548,2.53027241264569,-6.47586669016586,-0.0244829144185927,general_trajectory
774.706205361663,705.799324602357,268.487590300737,6537.32048950687,2.52987778507582,-6.4775752557742,-0.0329363767044706,general_trajectory
775.706205361661,708.329003713,262.009163883494,6537.283325915,2.52947989192249,-6.47927633001998,-0.0413910001899573,general_trajectory
776.706205361658,710.858283297518,255.529040138497,6537.23770712094,2.52907873275359,-6.48096991095815,-0.0498467803235074,general_trajectory
777.706205361656,713.387160089679,249.047226560027,6537.18363197033,2.52867430713626,-6.48265599663811,-0.0583037125406581,general_trajectory
778.706205361653,715.91563082282,242.563730644317,6537.12109931336,2.52826661463686,-6.48433458510377,-0.0667617922640035,general_trajectory
779.706205361653,718.443692229837,236.078559889571,6537.05010800483,2.527855654821,-6.4860056743936,-0.0752210149031393,general_trajectory
780.706205361649,720.9713410432,229.591721795941,6536.97065690411,2.52744142725361,-6.48766926254065,-0.0836813758546668,general_trajectory
781.706205361648,723.498573994937,223.103223865558,6536.88274487522,2.52702393149891,-6.48932534757262,-0.0921428705021377,general_trajectory
782.706205361644,726.025387816644,216.613073602524,6536.78637078675,2.52660316712043,-6.49097392751191,-0.100605494216029,general_trajectory
783.706205361643,728.551779239479,210.121278512923,6536.68153351198,2.52617913368109,-6.49261500037565,-0.109069242353711,general_trajectory
784.706205361641,731.077744994164,203.627846104819,6536.56823192879,2.52575183074315,-6.49424856417577,-0.117534110259422,general_trajectory
785.706205361639,733.603281810976,197.132783888282,6536.44646491976,2.52532125786829,-6.49587461691901,-0.126000093264215,general_trajectory
786.706205361636,736.128386419763,190.636099375363,6536.31623137212,2.52488741461757,-6.49749315660702,-0.134467186685959,general_trajectory
787.706205361634,738.653055549928,184.137800080118,6536.17753017781,2.52445030055153,-6.49910418123637,-0.142935385829288,general_trajectory
788.706205361632,741.177285930436,177.63789351861,6536.03036023346,2.52400991523014,-6.50070768879861,-0.151404685985572,general_trajectory
789.706205361629,743.701074289811,171.136387208911,6535.87472044041,2.52356625821286,-6.5023036772803,-0.159875082432891,general_trajectory
790.706205361627,746.224417356138,164.633288671112,6535.71060970474,2.52311932905866,-6.50389214466311,-0.168346570435997,general_trajectory
791.706205361625,748.747311857057,158.128605427323,6535.53802693727,2.52266912732603,-6.5054730889238,-0.176819145246291,general_trajectory
792.706205361624,751.269754519773,151.622345001674,6535.35697105357,2.52221565257302,-6.50704650803431,-0.185292802101794,general_trajectory
793.70620536162,753.791742071039,145.114514920341,6535.16744097398,2.52175890435722,-6.50861239996182,-0.193767536227091,general_trajectory
794.706205361619,756.313271237174,138.60512271152,6534.96943562362,2.52129888223586,-6.51017076266876,-0.202243342833341,general_trajectory
795.706205361615,758.834338744049,132.094175905454,6534.76295393242,2.52083558576573,-6.51172159411288,-0.210720217118218,general_trajectory
796.706205361614,761.354941317096,125.581682034428,6534.5479948351,2.5203690145033,-6.5132648922473,-0.219198154265889,general_trajectory
797.706205361611,763.875075681299,119.067648632777,6534.32455727121,2.51989916800468,-6.51480065502056,-0.227677149446984,general_trajectory
798.70620536161,766.394738561202,112.552083236885,6534.09264018514,2.51942604582567,-6.51632888037666,-0.23615719781857,general_trajectory
799.706205361608,768.913926680899,106.034993385209,6533.85224252613,2.51894964752175,-6.51784956625511,-0.244638294524096,general_trajectory
800.706205361605,771.432636764044,99.5163866182528,6533.60336324828,2.51846997264816,-6.519362710591,-0.253120434693403,general_trajectory
801.706205361603,773.950865533845,92.9962704785943,6533.34600131055,2.51798702075988,-6.52086831131502,-0.261603613442665,general_trajectory
802.7062053616,776.468609713065,86.4746525108816,6533.08015567683,2.51750079141163,-6.52236636635352,-0.27008782587437,general_trajectory
803.706205361598,778.985866024021,79.9515402618387,6532.80582531588,2.51701128415796,-6.52385687362858,-0.278573067077285,general_trajectory
804.706205361596,781.502631188586,73.42694128027,6532.5230092014,2.51651849855323,-6.52533983105804,-0.287059332126427,general_trajectory
805.706205361593,784.018901928184,66.9008631170637,6532.231706312,2.51602243415162,-6.52681523655553,-0.295546616083039,general_trajectory
806.706205361591,786.534674963798,60.3733133251922,6531.93191563125,2.51552309050719,-6.52828308803057,-0.304034913994559,general_trajectory
807.70620536159,789.049947015959,53.844299459734,6531.62363614768,2.51502046717387,-6.52974338338857,-0.312524220894569,general_trajectory
808.706205361587,791.564714804756,47.3138290778506,6531.30686685479,2.5145145637055,-6.53119612053095,-0.321014531802803,general_trajectory
809.706205361586,794.078975049831,40.7819097388085,6530.98160675107,2.51400537965586,-6.53264129735508,-0.329505841725091,general_trajectory
810.206598509975,795.336902094793,37.5128404927028,6530.81566111887,2.51374935579854,-6.53336161518491,-0.333755208487805,general_trajectory
810.206598509975,795.336902094793,37.5128404927028,6530.81566111887,2.51374935579854,-6.53336161518491,-0.333755208487805,general_trajectory
810.706205361582,796.592724471459,34.2485490044292,6530.64785483998,2.51349292106123,-6.53407890905113,-0.337998145823132,general_trajectory
811.706205361581,799.105959814356,27.7137544490175,6530.30561012934,2.5129772264613,-6.53550893725929,-0.346491440094006,general_trajectory
812.706205361579,801.618677847747,21.1775336593778,6529.95487163135,2.51245830198789,-6.53693137714324,-0.354985719668857,general_trajectory
813.706205361576,804.130875341574,14.6398942249077,6529.59563836325,2.51193614727323,-6.53834622657431,-0.363480979494343,general_trajectory
814.706205361574,806.642549065413,8.10084373712137,6529.22790934731,2.51141076194968,-6.53975348342013,-0.371977214503117,general_trajectory
815.706205361572,809.15369578847,1.56038978967165,6528.85168361088,2.51088214564972,-6.54115314554469,-0.380474419613771,general_trajectory
816.706205361569,811.664312279586,-4.98146002165063,6528.46696018641,2.51035029800602,-6.54254521080837,-0.388972589730812,general_trajectory
817.706205361567,814.174395307233,-11.5246980989133,6528.07373811145,2.50981521865145,-6.54392967706803,-0.397471719744638,general_trajectory
818.706205361565,816.683941639518,-18.0693168420394,6527.67201642867,2.50927690721909,-6.545306542177,-0.405971804531503,general_trajectory
819.706205361562,819.192948044178,-24.6153086488033,6527.26179418585,2.50873536334225,-6.54667580398523,-0.414472838953493,general_trajectory
820.706205361561,821.701411288589,-31.1626659148326,6526.84307043593,2.50819058665453,-6.54803746033922,-0.422974817858504,general_trajectory
821.706205361558,824.209328139752,-37.7113810335856,6526.41584423702,2.50764257678979,-6.54939150908218,-0.431477736080185,general_trajectory
822.706205361557,826.716695364309,-44.2614463963761,6525.98011465239,2.50709133338223,-6.55073794805402,-0.439981588437951,general_trajectory
823.706205361553,829.223509728535,-50.8128543923517,6525.5358807505,2.50653685606636,-6.55207677509142,-0.448486369736925,general_trajectory
824.706205361552,831.729767998339,-57.3655974084948,6525.08314160501,2.50597914447706,-6.55340798802788,-0.456992074767924,general_trajectory
825.706205361548,834.235466939265,-63.9196678296201,6524.6218962948,2.50541819824959,-6.55473158469379,-0.465498698307423,general_trajectory
826.706205361548,836.740603316494,-70.4750580383755,6524.15214390397,2.50485401701962,-6.55604756291644,-0.474006235117536,general_trajectory
827.706205361545,839.245173894839,-77.0317604152208,6523.67388352189,2.50428660042324,-6.55735592052012,-0.482514679945966,general_trajectory
828.706205361543,841.749175438752,-83.5897673384526,6523.18711424317,2.50371594809699,-6.55865665532616,-0.491024027526012,general_trajectory
829.70620536154,844.252604712324,-90.1490711841828,6522.69183516769,2.5031420596779,-6.55994976515295,-0.499534272576515,general_trajectory
830.706205361538,846.755458479278,-96.7096643263401,6522.18804540063,2.5025649348035,-6.56123524781605,-0.508045409801838,general_trajectory
831.706205361536,849.25773350298,-103.271539136667,6521.67574405246,2.50198457311183,-6.5625131011282,-0.516557433891843,general_trajectory
832.706205361533,851.759426546431,-109.834687984719,6521.154930239,2.50140097424148,-6.56378332289938,-0.525070339521854,general_trajectory
833.706205361531,854.260534372271,-116.399103237858,6520.62560308135,2.50081413783163,-6.56504591093688,-0.533584121352639,general_trajectory
834.706205361529,856.761053742784,-122.964777261257,6520.08776170601,2.50022406352202,-6.56630086304535,-0.542098774030383,general_trajectory
835.706205361528,859.260981419886,-129.53170241788,6519.5414052448,2.49963075095306,-6.56754817702682,-0.550614292186639,general_trajectory
836.706205361524,861.760314165139,-136.099871068504,6518.98653283494,2.49903419976575,-6.56878785068082,-0.559130670438337,general_trajectory
837.706205361523,864.259048739747,-142.669275571701,6518.42314361903,2.49843440960179,-6.57001988180438,-0.567647903387732,general_trajectory
838.70620536152,866.757181904553,-149.239908283837,6517.85123674507,2.49783138010357,-6.57124426819209,-0.576165985622386,general_trajectory
839.706205361519,869.254710420045,-155.811761559074,6517.2708113665,2.49722511091418,-6.57246100763619,-0.584684911715135,general_trajectory
840.706205361516,871.751631046356,-162.384827749366,6516.68186664217,2.49661560167745,-6.57367009792658,-0.593204676224077,general_trajectory
841.706205361514,874.247940543256,-168.959099204445,6516.0844017364,2.496002852038,-6.5748715368509,-0.601725273692514,general_trajectory
842.706205361512,876.743635670168,-175.534568271844,6515.47841581896,2.49538686164122,-6.57606532219458,-0.610246698648964,general_trajectory
843.706205361509,879.238713186156,-182.111227296872,6514.8639080651,2.49476763013329,-6.57725145174091,-0.618768945607113,general_trajectory
844.706205361507,881.733169849934,-188.689068622623,6514.24087765558,2.49414515716127,-6.57842992327105,-0.627292009065792,general_trajectory
845.706205361505,884.227002419862,-195.268084589971,6513.60932377665,2.49351944237304,-6.57960073456415,-0.635815883508951,general_trajectory
846.706205361502,886.720207653946,-201.848267537567,6512.96924562008,2.4928904854174,-6.58076388339735,-0.644340563405632,general_trajectory
847.7062053615,889.212782309846,-208.42960980184,6512.3206423832,2.49225828594404,-6.58191936754585,-0.652866043209948,general_trajectory
848.706205361499,891.704723144869,-215.012103716996,6511.66351326888,2.49162284360359,-6.58306718478299,-0.661392317361057,general_trajectory
849.706205361495,894.196026915971,-221.595741615,6510.99785748556,2.49098415804762,-6.58420733288029,-0.669919380283115,general_trajectory
850.706205361494,896.686690379765,-228.180515825602,6510.32367424726,2.49034222892872,-6.58533980960748,-0.678447226385286,general_trajectory
851.706205361491,899.176710292514,-234.766418676317,6509.6409627736,2.48969705590045,-6.5864646127326,-0.686975850061694,general_trajectory
852.70620536149,901.666083410136,-241.353442492425,6508.94972228982,2.48904863861742,-6.58758174002204,-0.6955052456914,general_trajectory
853.706205361486,904.154806488204,-247.941579596973,6508.24995202678,2.48839697673531,-6.58869118924058,-0.70403540763838,general_trajectory
854.706205361485,906.642876281947,-254.530822310773,6507.54165122099,2.48774206991085,-6.58979295815147,-0.712566330251499,general_trajectory
855.706205361483,909.130289546254,-261.121162952402,6506.82481911461,2.4870839178019,-6.59088704451647,-0.721098007864488,general_trajectory
856.70620536148,911.617043035666,-267.712593838185,6506.09945495549,2.48642252006744,-6.59197344609592,-0.729630434795902,general_trajectory
857.706205361478,914.103133504389,-274.30510728222,6505.36555799715,2.48575787636761,-6.59305216064877,-0.738163605349126,general_trajectory
858.706205361476,916.588557706288,-280.898695596362,6504.62312749883,2.48508998636374,-6.59412318593269,-0.746697513812326,general_trajectory
859.706205361473,919.073312394891,-287.493351090218,6503.87216272547,2.48441884971834,-6.59518651970407,-0.755232154458432,general_trajectory
860.706205361471,921.557394323388,-294.089066071153,6503.11266294777,2.48374446609517,-6.59624215971811,-0.763767521545116,general_trajectory
861.706205361469,924.040800244633,-300.685832844289,6502.34462744215,2.48306683515925,-6.59729010372888,-0.772303609314761,general_trajectory
862.706205361466,926.523526911148,-307.283643712502,6501.56805549084,2.48238595657685,-6.59833034948934,-0.780840411994447,general_trajectory
863.706205361466,929.005571075117,-313.882490976409,6500.78294638179,2.48170183001559,-6.59936289475146,-0.789377923795903,general_trajectory
864.706205361462,931.486929488397,-320.482366934391,6499.98929940881,2.48101445514438,-6.60038773726621,-0.797916138915516,general_trajectory
865.706205361461,933.967598902514,-327.083263882578,6499.18711387147,2.48032383163352,-6.60140487478368,-0.806455051534286,general_trajectory
866.706205361457,936.447576068663,-333.685174114845,6498.37638907519,2.47962995915465,-6.6024143050531,-0.814994655817807,general_trajectory
867.706205361456,938.926857737713,-340.28808992282,6497.55712433123,2.47893283738085,-6.60341602582289,-0.82353494591624,general_trajectory
868.706205361452,941.405440660207,-346.892003595876,6496.72931895671,2.47823246598662,-6.60441003484076,-0.832075915964295,general_trajectory
869.706205361452,943.883321586362,-353.496907421141,6495.89297227462,2.47752884464791,-6.60539632985375,-0.84061756008121,general_trajectory
870.706205361449,946.36049726607,-360.102793683472,6495.04808361383,2.47682197304217,-6.60637490860825,-0.849159872370702,general_trajectory
871.706205361447,948.836964448906,-366.709654665489,6494.19465230912,2.47611185084833,-6.60734576885013,-0.857702846920984,general_trajectory
872.706205361445,951.31271988412,-373.317482647552,6493.33267770121,2.47539847774688,-6.60830890832474,-0.866246477804713,general_trajectory
873.706205361442,953.787760320646,-379.926269907767,6492.46215913672,2.47468185341984,-6.60926432477701,-0.874790759078979,general_trajectory
874.70620536144,956.2620825071,-386.536008721983,6491.58309596824,2.47396197755084,-6.61021201595148,-0.883335684785273,general_trajectory
875.706205361438,958.735683191784,-393.146691363794,6490.69548755434,2.47323884982511,-6.61115197959236,-0.891881248949473,general_trajectory
876.706205361437,961.208559122684,-399.758310104545,6489.79933325953,2.4725124699295,-6.61208421344363,-0.900427445581822,general_trajectory
877.706205361433,963.680707047473,-406.370857213307,6488.89463245435,2.47178283755254,-6.61300871524905,-0.908974268676885,general_trajectory
878.706205361432,966.152123713514,-412.984324956911,6487.98138451536,2.47104995238443,-6.61392548275223,-0.917521712213556,general_trajectory
879.706205361428,968.622805867863,-419.598705599928,6487.05958882513,2.47031381411709,-6.61483451369673,-0.92606977015502,general_trajectory
880.706205361427,971.092750257268,-426.213991404669,6486.12924477227,2.46957442244418,-6.61573580582608,-0.934618436448731,general_trajectory
881.706205361424,973.56195362817,-432.830174631192,6485.19035175148,2.46883177706112,-6.61662935688383,-0.94316770502639,general_trajectory
882.706205361423,976.030412726708,-439.447247537297,6484.24290916349,2.46808587766511,-6.61751516461367,-0.951717569803928,general_trajectory
883.70620536142,978.498124298719,-446.065202378532,6483.28691641517,2.46733672395517,-6.61839322675942,-0.960268024681482,general_trajectory
884.706205361418,980.965085089737,-452.684031408176,6482.32237291947,2.46658431563217,-6.61926354106515,-0.968819063543358,general_trajectory
885.706205361416,983.431291845002,-459.303726877266,6481.34927809547,2.46582865239883,-6.62012610527519,-0.977370680258038,general_trajectory
886.706205361413,985.896741309455,-465.924281034578,6480.36763136839,2.46506973395978,-6.62098091713424,-0.985922868678139,general_trajectory
887.706205361411,988.361430227744,-472.545686126635,6479.37743216961,2.46430756002155,-6.62182797438739,-0.994475622640396,general_trajectory
888.706205361409,990.825355344223,-479.167934397702,6478.37867993666,2.46354213029262,-6.62266727478022,-1.00302893596564,general_trajectory
889.581696796895,992.981871046866,-484.966342178021,6477.4972585313,2.46286932992637,-6.62339570502037,-1.01051774288281,general_trajectory
889.581696796895,992.981987348886,-484.966576251566,6477.49746510565,2.46287020450159,-6.62339737740836,-1.01051686174145,general_trajectory
889.706205361406,993.288629813836,-485.791252371614,6477.37158079725,2.46277431823034,-6.62350048963564,-1.01158192378566,general_trajectory
890.706205361404,995.751018407829,-492.415165433915,6476.3557216371,2.46200230912914,-6.62432436739476,-1.02013654198405,general_trajectory
891.706205361403,998.212633310687,-499.039898570719,6475.33130742325,2.46122693583691,-6.62514063818057,-1.02869203026869,general_trajectory
892.706205361399,1000.67347115784,-505.665444173649,6474.29833728841,2.46044819758669,-6.62594929917601,-1.03724838304421,general_trajectory
893.706205361399,1003.13352858394,-512.291794631504,6473.25681037088,2.4596660936125,-6.62675034756267,-1.0458055946999,general_trajectory
894.706205361395,1005.59280222289,-518.918942330267,6472.2067258146,2.45888062314937,-6.62754378052088,-1.05436365960971,general_trajectory
895.706205361394,1008.05128870781,-525.546879653099,6471.14808276913,2.45809178543334,-6.62832959522977,-1.06292257213221,general_trajectory
896.70620536139,1010.50898467107,-532.175598980339,6470.08088038968,2.45729957970152,-6.62910778886729,-1.07148232661058,general_trajectory
897.706205361389,1012.96588674428,-538.805092689509,6469.00511783715,2.45650400519208,-6.6298783586103,-1.08004291737257,general_trajectory
898.706205361387,1015.42199155827,-545.435353155294,6467.92079427808,2.45570506114427,-6.63064130163459,-1.08860433873049,general_trajectory
899.706205361384,1017.87729574312,-552.066372749566,6466.82790888473,2.45490274679849,-6.63139661511497,-1.0971665849812,general_trajectory
900.706205361382,1020.33179592817,-558.698143841369,6465.72646083506,2.45409706139626,-6.63214429622531,-1.10572965040605,general_trajectory
901.70620536138,1022.78548874197,-565.33065879692,6464.61644931277,2.45328800418026,-6.6328843421386,-1.1142935292709,general_trajectory
902.706205361378,1025.23837081233,-571.963909979607,6463.49787350729,2.45247557439437,-6.63361675002699,-1.12285821582605,general_trajectory
903.706205361375,1027.6904387663,-578.597889749992,6462.37073261382,2.45165977128368,-6.63434151706185,-1.13142370430627,general_trajectory
904.706205361374,1030.14168923019,-585.23259046581,6461.23502583331,2.4508405940945,-6.63505864041387,-1.13998998893073,general_trajectory
905.706205361371,1032.59211882954,-591.868004481956,6460.09075237251,2.45001804207442,-6.63576811725304,-1.14855706390301,general_trajectory
906.70620536137,1035.04172418913,-598.504124150504,6458.93791144399,2.4491921144723,-6.63646994474876,-1.15712492341105,general_trajectory
907.706205361366,1037.49050193303,-605.140941820698,6457.77650226612,2.4483628105383,-6.63716412006989,-1.16569356162716,general_trajectory
908.706205361365,1039.93844868451,-611.778449838945,6456.60652406312,2.44753012952391,-6.63785064038478,-1.17426297270797,general_trajectory
909.706205361361,1042.38556106612,-618.416640548823,6455.42797606504,2.44669407068199,-6.63852950286136,-1.18283315079443,general_trajectory
910.70620536136,1044.83183569967,-625.055506291079,6454.24085750783,2.44585463326675,-6.63920070466718,-1.19140409001176,general_trajectory
911.706205361358,1047.27726920621,-631.69503940363,6453.04516763328,2.44501181653381,-6.63986424296946,-1.19997578446948,general_trajectory
912.706205361356,1049.72185820604,-638.335232221547,6451.84090568912,2.44416561974021,-6.64052011493516,-1.2085482282613,general_trajectory
913.706205361353,1052.16559931874,-644.97607707708,6450.62807092896,2.44331604214446,-6.64116831773105,-1.2171214154652,general_trajectory
914.706205361351,1054.60848916314,-651.617566299643,6449.40666261237,2.4424630830065,-6.64180884852372,-1.22569534014334,general_trajectory
915.706205361349,1057.05052435731,-658.259692215817,6448.17668000484,2.4416067415878,-6.64244170447968,-1.23426999634206,general_trajectory
916.706205361346,1059.49170151863,-664.902447149348,6446.93812237784,2.44074701715133,-6.64306688276542,-1.24284537809187,general_trajectory
917.706205361344,1061.93201726369,-671.545823421149,6445.6909890088,2.4398839089616,-6.64368438054743,-1.2514214794074,general_trajectory
918.706205361342,1064.37146820838,-678.1898133493,6444.43527918117,2.4390174162847,-6.6442941949923,-1.25999829428741,general_trajectory
919.706205361341,1066.81005096784,-684.834409249051,6443.17099218438,2.43814753838829,-6.64489632326675,-1.26857581671476,general_trajectory
920.706205361337,1069.24776215649,-691.479603432806,6441.89812731391,2.43727427454167,-6.64549076253771,-1.27715404065638,general_trajectory
921.706205361336,1071.68459838802,-698.12538821015,6440.61668387126,2.43639762401576,-6.64607750997234,-1.28573296006324,general_trajectory
922.706205361332,1074.12055627538,-704.77175588783,6439.32666116399,2.43551758608315,-6.64665656273813,-1.29431256887037,general_trajectory
923.706205361332,1076.5556324308,-711.418698769762,6438.02805850575,2.4346341600181,-6.64722791800296,-1.30289286099681,general_trajectory
924.706205361328,1078.98982346578,-718.066209157028,6436.72087521626,2.4337473450966,-6.64779157293512,-1.31147383034557,general_trajectory
925.706205361327,1081.42312599112,-724.714279347884,6435.40511062136,2.43285714059637,-6.64834752470339,-1.32005547080368,general_trajectory
926.706205361324,1083.85553661687,-731.362901637743,6434.080764053,2.43196354579689,-6.64889577047711,-1.32863777624208,general_trajectory
927.706205361322,1086.28705195237,-738.012068319199,6432.74783484927,2.43106655997941,-6.64943630742624,-1.33722074051567,general_trajectory
928.70620536132,1088.71766860624,-744.661771682013,6431.40632235441,2.430166182427,-6.64996913272139,-1.34580435746326,general_trajectory
929.706205361318,1091.14738318639,-751.312004013117,6430.05622591885,2.42926241242456,-6.6504942435339,-1.35438862090755,general_trajectory
930.706205361315,1093.57619230002,-757.962757596613,6428.69754489917,2.42835524925885,-6.65101163703591,-1.36297352465514,general_trajectory
931.706205361313,1096.00409255361,-764.614024713779,6427.33027865818,2.42744469221849,-6.65152131040041,-1.37155906249647,general_trajectory
932.706205361311,1098.43108055292,-771.265797643062,6425.95442656489,2.42653074059404,-6.65202326080128,-1.38014522820582,general_trajectory
933.706205361308,1100.85715290302,-777.918068660092,6424.56998799457,2.42561339367795,-6.65251748541338,-1.38873201554129,general_trajectory
934.706205361307,1103.28230620827,-784.570830037658,6423.17696232869,2.42469265076466,-6.65300398141261,-1.39731941824479,general_trajectory
935.706205361304,1105.70653707231,-791.224074045741,6421.77534895505,2.42376851115056,-6.65348274597595,-1.40590743004202,general_trajectory
936.706205361303,1108.12984209809,-797.877792951493,6420.36514726768,2.42284097413405,-6.65395377628152,-1.41449604464241,general_trajectory
937.706205361299,1110.55221788786,-804.531979019247,6418.94635666694,2.42191003901558,-6.65441706950866,-1.42308525573919,general_trajectory
938.706205361298,1112.97366104317,-811.186624510514,6417.51897655949,2.42097570509762,-6.654872622838,-1.43167505700927,general_trajectory
939.706205361296,1115.39416816488,-817.841721683991,6416.08300635832,2.42003797168474,-6.65532043345147,-1.44026544211331,general_trajectory
940.706205361293,1117.81373585314,-824.497262795546,6414.63844548277,2.4190968380836,-6.65576049853242,-1.44885640469564,general_trajectory
941.706205361291,1120.23236070741,-831.153240098242,6413.18529335856,2.41815230360298,-6.65619281526564,-1.45744793838426,general_trajectory
942.706205361289,1122.65003932648,-837.809645842326,6411.72354941777,2.41720436755384,-6.65661738083745,-1.46604003679086,general_trajectory
943.706205361286,1125.06676830842,-844.466472275229,6410.25321309888,2.41625302924928,-6.65703419243575,-1.47463269351074,general_trajectory
944.706205361284,1127.48254425065,-851.123711641572,6408.77428384679,2.41529828800463,-6.65744324725006,-1.48322590212285,general_trajectory
945.706205361282,1129.89736374988,-857.781356183167,6407.28676111282,2.41434014313742,-6.65784454247163,-1.49181965618971,general_trajectory
946.706205361279,1132.31122340215,-864.439398139017,6405.79064435475,2.41337859396746,-6.65823807529347,-1.50041394925747,general_trajectory
947.706205361278,1134.72411980281,-871.097829745325,6404.28593303681,2.41241363981681,-6.65862384291039,-1.50900877485585,general_trajectory
948.706205361275,1137.13604954655,-877.756643235476,6402.7726266297,2.41144528000984,-6.65900184251914,-1.51760412649808,general_trajectory
949.706205361274,1139.54700922738,-884.415830840063,6401.25072461064,2.41047351387324,-6.65937207131837,-1.52619999768099,general_trajectory
950.70620536127,1141.95699543862,-891.075384786878,6399.72022646334,2.40949834073608,-6.6597345265088,-1.5347963818849,general_trajectory
951.706205361269,1144.36600477295,-897.735297300914,6398.18113167804,2.40851975992976,-6.66008920529317,-1.54339327257366,general_trajectory
952.706205361265,1146.77403382236,-904.395560604367,6396.63343975155,2.40753777078812,-6.66043610487641,-1.55199066319458,general_trajectory
953.706205361264,1149.18107917818,-911.056166916643,6395.07715018721,2.4065523726474,-6.66077522246563,-1.56058854717849,general_trajectory
954.706205361262,1151.58713743109,-917.717108454343,6393.51226249494,2.4055635648463,-6.66110655527022,-1.56918691793965,general_trajectory
955.70620536126,1153.99220517109,-924.378377431294,6391.93877619128,2.40457134672601,-6.6614301005019,-1.57778576887576,general_trajectory
956.706205361258,1156.39627898754,-931.03996605853,6390.35669079935,2.40357571763021,-6.66174585537479,-1.58638509336799,general_trajectory
957.706205361255,1158.79935546913,-937.701866544299,6388.76600584891,2.40257667690509,-6.66205381710544,-1.59498488478089,general_trajectory
958.706205361253,1161.20143120391,-944.364071094069,6387.16672087637,2.40157422389943,-6.66235398291297,-1.60358513646243,general_trajectory
959.706205361251,1163.60250277927,-951.026571910527,6385.55883542479,2.40056835796456,-6.66264635001906,-1.61218584174395,general_trajectory
960.706205361248,1166.00256678197,-957.689361193583,6383.94234904392,2.39955907845441,-6.66293091564804,-1.62078699394017,general_trajectory
961.706205361246,1168.4016197981,-964.35243114038,6382.31726129018,2.39854638472557,-6.66320767702698,-1.62938858634918,general_trajectory
962.706205361245,1170.79965841312,-971.015773945271,6380.68357172673,2.39753027613726,-6.6634766313857,-1.63799061225239,general_trajectory
963.706205361241,1173.19667921186,-977.679381799858,6379.04127992343,2.39651075205138,-6.6637377759569,-1.64659306491455,general_trajectory
964.70620536124,1175.5926787785,-984.34324689297,6377.3903854569,2.39548781183253,-6.66399110797617,-1.65519593758372,general_trajectory
965.706205361236,1177.9876536966,-991.007361410674,6375.73088791052,2.39446145484807,-6.66423662468207,-1.66379922349128,general_trajectory
966.706205361236,1180.38160054906,-997.671717536279,6374.06278687444,2.39343168046809,-6.66447432331623,-1.67240291585187,general_trajectory
967.706205361233,1182.77451591818,-1004.33630745034,6372.38608194561,2.39239848806546,-6.66470420112335,-1.68100700786344,general_trajectory
968.706205361231,1185.16639638563,-1011.00112333064,6370.70077272778,2.39136187701588,-6.66492625535135,-1.68961149270715,general_trajectory
968.956795083816,1185.76561448525,-1012.67129218061,6370.27710328522,2.39110157719119,-6.66498067363963,-1.69176774892781,general_trajectory
968.956795083816,1185.76561448525,-1012.67129218061,6370.27710328522,2.39110157719119,-6.66498067363963,-1.69176774892781,general_trajectory
969.706205361229,1187.55723853277,-1017.66615734678,6369.00685885499,2.39032184798869,-6.66514046145121,-1.69821626962424,general_trajectory
970.706205361226,1189.94703894321,-1024.33140161825,6367.30434017287,2.38927840368861,-6.66534676361031,-1.70682110141266,general_trajectory
971.706205361224,1192.33579420166,-1030.99684823781,6365.59321663987,2.3882315439584,-6.66554515728834,-1.71542597011981,general_trajectory
972.706205361222,1194.72350089254,-1037.66248929594,6363.87348822282,2.38718126850362,-6.66573564039482,-1.72403086827135,general_trajectory
973.706205361219,1197.11015559998,-1044.32831688102,6362.14515489602,2.38612757703369,-6.66591821084495,-1.73263578837555,general_trajectory
974.706205361217,1199.49575490783,-1050.99432307936,6360.40821664126,2.3850704692619,-6.66609286655969,-1.74124072292331,general_trajectory
975.706205361216,1201.88029539963,-1057.66049997518,6358.66267344787,2.38400994490547,-6.6662596054658,-1.74984566438815,general_trajectory
976.706205361212,1204.26377365867,-1064.32683965063,6356.9085253127,2.38294600368553,-6.66641842549596,-1.75845060522619,general_trajectory
977.706205361211,1206.64618626795,-1070.99333418583,6355.14577224016,2.38187864532722,-6.66656932458881,-1.76705553787618,general_trajectory
978.706205361208,1209.02752981018,-1077.65997565878,6353.37441424221,2.38080786955962,-6.66671230068903,-1.77566045475943,general_trajectory
979.706205361207,1211.40780086783,-1084.32675614549,6351.59445133843,2.37973367611588,-6.66684735174744,-1.78426534827987,general_trajectory
980.706205361203,1213.78699602309,-1090.99366771989,6349.80588355599,2.37865606473319,-6.66697447572104,-1.79287021082399,general_trajectory
981.706205361202,1216.16511185789,-1097.66070245387,6348.00871092966,2.3775750351528,-6.66709367057312,-1.80147503476086,general_trajectory
982.7062053612,1218.5421449539,-1104.32785241729,6346.20293350189,2.37649058712011,-6.66720493427331,-1.8100798124421,general_trajectory
983.706205361197,1220.91809189255,-1110.99510967799,6344.38855132276,2.37540272038461,-6.66730826479766,-1.81868453620192,general_trajectory
984.706205361195,1223.29294925501,-1117.66246630179,6342.56556445003,2.37431143470001,-6.66740366012873,-1.82728919835707,general_trajectory
985.706205361193,1225.66671362221,-1124.32991435248,6340.73397294916,2.37321672982417,-6.66749111825567,-1.83589379120684,general_trajectory
986.706205361191,1228.03938157484,-1130.99744589187,6338.8937768933,2.37211860551921,-6.66757063717426,-1.84449830703306,general_trajectory
987.706205361188,1230.41094969335,-1137.66505297973,6337.04497636335,2.37101706155149,-6.66764221488702,-1.85310273810011,general_trajectory
988.706205361186,1232.78141455796,-1144.33272767388,6335.18757144794,2.36991209769163,-6.66770584940329,-1.8617070766549,general_trajectory
989.706205361183,1235.15077274868,-1151.00046203012,6333.32156224348,2.36880371371461,-6.66776153873929,-1.87031131492685,general_trajectory
990.706205361183,1237.51902084527,-1157.66824810228,6331.44694885412,2.36769190939972,-6.66780928091818,-1.87891544512791,general_trajectory
991.706205361179,1239.88615542729,-1164.33607794221,6329.56373139185,2.36657668453062,-6.66784907397019,-1.88751945945254,general_trajectory
992.706205361178,1242.25217307407,-1171.00394359982,6327.67190997646,2.36545803889537,-6.66788091593266,-1.89612335007771,general_trajectory
993.706205361174,1244.61707036474,-1177.67183712303,6325.77148473555,2.36433597228646,-6.66790480485011,-1.90472710916291,general_trajectory
994.706205361173,1246.98084387824,-1184.33975055783,6323.86245580461,2.36321048450085,-6.66792073877434,-1.91333072885013,general_trajectory
995.706205361171,1249.34349019328,-1191.00767594824,6321.94482332695,2.36208157533996,-6.66792871576451,-1.92193420126383,general_trajectory
996.706205361169,1251.70500588838,-1197.67560533637,6320.01858745381,2.36094924460975,-6.6679287338872,-1.930537518511,general_trajectory
997.706205361166,1254.0653875419,-1204.34353076239,6318.0837483443,2.35981349212071,-6.66792079121649,-1.9391406726811,general_trajectory
998.706205361164,1256.42463173197,-1211.01144426454,6316.14030616546,2.3586743176879,-6.66790488583406,-1.94774365584609,general_trajectory
999.706205361162,1258.78273503655,-1217.67933787915,6314.18826109226,2.35753172113099,-6.66788101582925,-1.95634646006041,general_trajectory
1000.70620536116,1261.13969403345,-1224.34720364066,6312.22761330765,2.35638570227427,-6.66784917929914,-1.96494907736098,general_trajectory
1001.70620536116,1263.49550530027,-1231.01503358158,6310.25836300252,2.35523626094672,-6.66780937434862,-1.9735514997672,general_trajectory
1002.70620536115,1265.85016541445,-1237.68281973255,6308.28051037575,2.35408339698197,-6.66776159909051,-1.98215371928095,general_trajectory
1003.70620536115,1268.20367095329,-1244.35055412234,6306.29405563426,2.3529271102184,-6.66770585164558,-1.9907557278866,general_trajectory
1004.70620536115,1270.5560184939,-1251.0182287778,6304.29899899297,2.35176740049912,-6.66764213014268,-1.99935751755096,general_trajectory
1005.70620536115,1272.90720461324,-1257.68583572395,6302.29534067484,2.35060426767203,-6.66757043271879,-2.00795908022335,general_trajectory
1006.70620536115,1275.25722588814,-1264.35336698395,6300.28308091089,2.34943771158983,-6.66749075751911,-2.01656040783553,general_trajectory
1007.70620536114,1277.60607889528,-1271.02081457909,6298.26221994022,2.34826773211006,-6.66740310269714,-2.02516149230175,general_trajectory
1008.70620536114,1279.95376021117,-1277.68817052882,6296.23275801004,2.34709432909512,-6.66730746641476,-2.03376232551873,general_trajectory
1009.70620536114,1282.30026641224,-1284.35542685079,6294.19469537565,2.34591750241232,-6.6672038468423,-2.04236289936565,general_trajectory
1010.70620536114,1284.64559407472,-1291.02257556078,6292.14803230049,2.34473725193387,-6.66709224215866,-2.05096320570415,general_trajectory
1011.70620536114,1286.98973977479,-1297.68960867277,6290.09276905614,2.34355357753695,-6.66697265055131,-2.05956323637836,general_trajectory
1012.70620536113,1289.33270008844,-1304.35651819894,6288.02890592235,2.34236647910373,-6.66684507021647,-2.06816298321486,general_trajectory
1013.70620536113,1291.6744715916,-1311.02329614966,6285.95644318706,2.34117595652137,-6.66670949935912,-2.07676243802272,general_trajectory
1014.70620536113,1294.01505086005,-1317.68993453353,6283.8753811464,2.33998200968211,-6.66656593619309,-2.08536159259347,general_trajectory
1015.70620536113,1296.3544344695,-1324.35642535732,6281.7857201047,2.33878463848322,-6.66641437894119,-2.09396043870109,general_trajectory
1016.70620536112,1298.69261899552,-1331.02276062609,6279.68746037457,2.3375838428271,-6.66625482583521,-2.10255896810207,general_trajectory
1017.70620536112,1301.02960101363,-1337.6889323431,6277.58060227683,2.33637962262127,-6.66608727511609,-2.11115717253536,general_trajectory
1018.70620536112,1303.36537709921,-1344.35493250984,6275.46514614059,2.33517197777842,-6.66591172503393,-2.11975504372237,general_trajectory
1019.70620536112,1305.6999438276,-1351.0207531261,6273.34109230324,2.33396090821641,-6.66572817384812,-2.128352573367,general_trajectory
1020.70620536112,1308.03329777404,-1357.6863861899,6271.20844111049,2.33274641385835,-6.66553661982739,-2.13694975315562,general_trajectory
1021.70620536111,1310.36543551368,-1364.35182369754,6269.06719291634,2.33152849463256,-6.6653370612499,-2.14554657475711,general_trajectory
1022.70620536111,1312.69635362165,-1371.01705764361,6266.91734808316,2.33030715047269,-6.66512949640335,-2.15414302982281,general_trajectory
1023.70620536111,1315.02604867296,-1377.68208002099,6264.75890698167,2.32908238131766,-6.66491392358502,-2.16273910998656,general_trajectory
1024.70620536111,1317.35451724259,-1384.34688282086,6262.59186999096,2.32785418711174,-6.66469034110188,-2.17133480686468,general_trajectory
1025.7062053611,1319.68175590547,-1391.01145803272,6260.41623749851,2.32662256780457,-6.66445874727066,-2.17993011205599,general_trajectory
1026.7062053611,1322.00776123647,-1397.67579764437,6258.23200990022,2.32538752335119,-6.66421914041794,-2.18852501714181,general_trajectory
1027.7062053611,1324.33252981043,-1404.33989364196,6256.03918760042,2.32414905371206,-6.66397151888024,-2.19711951368598,general_trajectory
1028.7062053611,1326.65605820214,-1411.00373800998,6253.83777101186,2.32290715885312,-6.66371588100408,-2.20571359323482,general_trajectory
1029.70620536109,1328.97834298638,-1417.66732273128,6251.62776055578,2.32166183874577,-6.6634522251461,-2.21430724731718,general_trajectory
1030.70620536109,1331.29938073787,-1424.33063978704,6249.40915666189,2.32041309336695,-6.66318054967309,-2.22290046744442,general_trajectory
1031.70620536109,1333.61916803134,-1430.99368115685,6247.18195976839,2.31916092269912,-6.66290085296214,-2.23149324511044,general_trajectory
1032.70620536109,1335.93770144149,-1437.65643881865,6244.946170322,2.31790532673035,-6.66261313340066,-2.24008557179163,general_trajectory
1033.70620536109,1338.25497754302,-1444.3189047488,6242.70178877799,2.31664630545429,-6.66231738938652,-2.24867743894696,general_trajectory
1034.70620536108,1340.57099291062,-1450.98107092205,6240.44881560015,2.31538385887025,-6.66201361932808,-2.25726883801791,general_trajectory
1035.70620536108,1342.88574411898,-1457.64292931155,6238.18725126085,2.31411798698319,-6.66170182164432,-2.26585976042851,general_trajectory
1036.70620536108,1345.19922774281,-1464.30447188891,6235.91709624105,2.31284868980377,-6.66138199476491,-2.27445019758535,general_trajectory
1037.70620536108,1347.51144035682,-1470.96569062414,6233.63835103031,2.31157596734838,-6.66105413713027,-2.28304014087759,general_trajectory
1038.70620536108,1349.82237853575,-1477.62657748571,6231.3510161268,2.31029981963918,-6.66071824719171,-2.29162958167693,general_trajectory
1039.70620536107,1352.13203885435,-1484.28712444054,6229.05509203735,2.30902024670408,-6.66037432341144,-2.30021851133766,general_trajectory
1040.70620536107,1354.44041788741,-1490.94732345404,6226.75057927741,2.30773724857684,-6.66002236426274,-2.30880692119667,general_trajectory
1041.70620536107,1356.74751220977,-1497.60716649008,6224.43747837112,2.30645082529706,-6.65966236822997,-2.31739480257341,general_trajectory
1042.70620536107,1359.05331839629,-1504.26664551101,6222.11578985133,2.30516097691021,-6.65929433380869,-2.32598214676994,general_trajectory
1043.70620536106,1361.3578330219,-1510.9257524777,6219.78551425956,2.30386770346767,-6.65891825950575,-2.33456894507094,general_trajectory
1044.70620536106,1363.66105266155,-1517.58447934953,6217.44665214607,2.30257100502676,-6.65853414383939,-2.34315518874368,general_trajectory
1045.70620536106,1365.9629738903,-1524.24281808441,6215.09920406987,2.30127088165075,-6.65814198533926,-2.3517408690381,general_trajectory
1046.70620536106,1368.26359328322,-1530.90076063876,6212.74317059872,2.29996733340893,-6.65774178254658,-2.36032597718673,general_trajectory
1047.70620536105,1370.56290741551,-1537.55829896756,6210.37855230915,2.2986603603766,-6.65733353401419,-2.36891050440476,general_trajectory
1048.70620536105,1372.86091286239,-1544.21542502436,6208.0053497865,2.29734996263513,-6.65691723830664,-2.37749444189005,general_trajectory
1049.70620536105,1375.15760619922,-1550.87213076127,6205.6235636249,2.29603614027198,-6.65649289400029,-2.38607778082311,general_trajectory
1050.70620536105,1377.45298400142,-1557.52840812899,6203.23319442733,2.29471889338069,-6.65606049968338,-2.39466051236712,general_trajectory
1051.70620536105,1379.7470428445,-1564.18424907681,6200.83424280559,2.293398222061,-6.65562005395612,-2.40324262766798,general_trajectory
1052.70620536104,1382.03977930409,-1570.83964555261,6198.42670938037,2.2920741264188,-6.65517155543078,-2.41182411785425,general_trajectory
1053.70620536104,1384.33118995592,-1577.49458950292,6196.01059478123,2.29074660656617,-6.65471500273178,-2.42040497403722,general_trajectory
1054.70620536104,1386.62127137585,-1584.14907287287,6193.58589964661,2.28941566262147,-6.65425039449579,-2.4289851873109,general_trajectory
1055.70620536104,1388.91002013983,-1590.80308760625,6191.1526246239,2.28808129470929,-6.65377772937176,-2.43756474875204,general_trajectory
1056.70620536103,1391.19743282398,-1597.4566256455,6188.71077036938,2.28674350296054,-6.6532970060211,-2.44614364942013,general_trajectory
1057.70620536103,1393.48350600451,-1604.10967893174,6186.26033754831,2.28540228751244,-6.65280822311768,-2.45472188035741,general_trajectory
1058.70620536103,1395.76823625781,-1610.76223940475,6183.80132683491,2.2840576485086,-6.65231137934797,-2.46329943258893,general_trajectory
1059.70620536103,1398.05162016038,-1617.41429900302,6181.33373891238,2.28270958609897,-6.65180647341112,-2.47187629712249,general_trajectory
1060.70620536103,1400.33365428891,-1624.06584966373,6178.85757447291,2.28135810043997,-6.65129350401903,-2.48045246494869,general_trajectory
1061.70620536102,1402.61433522022,-1630.71688332279,6176.37283421773,2.28000319169443,-6.65077246989645,-2.48902792704097,general_trajectory
1062.70620536102,1404.89365953132,-1637.36739191483,6173.8795188571,2.27864486003167,-6.65024336978107,-2.49760267435558,general_trajectory
1063.70620536102,1407.17162379936,-1644.01736737324,6171.37762911031,2.27728310562753,-6.64970620242361,-2.50617669783163,general_trajectory
1064.70620536102,1409.44822460171,-1650.66680163015,6168.86716570575,2.27591792866437,-6.64916096658791,-2.51474998839107,general_trajectory
1065.70620536102,1411.72345851589,-1657.31568661648,6166.34812938088,2.27454932933114,-6.648607661051,-2.52332253693874,general_trajectory
1066.70620536101,1413.99732211964,-1663.96401426192,6163.82052088226,2.27317730782338,-6.64804628460321,-2.53189433436235,general_trajectory
1067.70620536101,1416.26981199087,-1670.61177649496,6161.28434096558,2.27180186434326,-6.64747683604825,-2.54046537153254,general_trajectory
1068.70620536101,1418.54092470773,-1677.25896524289,6158.73959039567,2.2704229990996,-6.64689931420332,-2.54903563930285,general_trajectory
1069.70620536101,1420.81065684854,-1683.90557243185,6156.18626994651,2.26904071230792,-6.64631371789915,-2.55760512850979,general_trajectory
1070.706205361,1423.07900499189,-1690.55158998679,6153.62438040125,2.26765500419047,-6.64572004598014,-2.56617382997279,general_trajectory
1071.706205361,1425.34596571655,-1697.19700983152,6151.05392255222,2.26626587497623,-6.64511829730444,-2.57474173449427,general_trajectory
1072.706205361,1427.61153560154,-1703.84182388874,6148.47489720099,2.26487332490097,-6.644508470744,-2.58330883285965,general_trajectory
1073.706205361,1429.87571122614,-1710.48602407999,6145.88730515831,2.26347735420727,-6.64389056518473,-2.59187511583735,general_trajectory
1074.706205361,1432.13848916983,-1717.12960232571,6143.2911472442,2.26207796314456,-6.6432645795265,-2.60044057417881,general_trajectory
1075.70620536099,1434.39986601238,-1723.77255054528,6140.68642428793,2.26067515196914,-6.64263051268334,-2.60900519861852,general_trajectory
1076.70620536099,1436.6598383338,-1730.41486065696,6138.07313712804,2.25926892094418,-6.64198836358342,-2.61756897987405,general_trajectory
1077.70620536099,1438.91840271439,-1737.05652457798,6135.45128661236,2.25785927033983,-6.64133813116922,-2.62613190864603,general_trajectory
1078.70620536099,1441.17555573471,-1743.69753422448,6132.82087359803,2.25644620043316,-6.64067981439758,-2.63469397561822,general_trajectory
1079.70620536098,1443.43129397558,-1750.33788151162,6130.18189895151,2.25502971150826,-6.64001341223981,-2.64325517145749,general_trajectory
1080.70620536098,1445.68561401814,-1756.97755835347,6127.53436354862,2.25360980385624,-6.63933892368178,-2.65181548681383,general_trajectory
1081.70620536098,1447.9385124438,-1763.61655666315,6124.87826827451,2.25218647777524,-6.638656347724,-2.66037491232045,general_trajectory
1082.70620536098,1450.1899858343,-1770.25486835276,6122.21361402373,2.2507597335705,-6.6379656833817,-2.6689334385937,general_trajectory
1083.70620536097,1452.44003077166,-1776.89248533343,6119.54040170021,2.24932957155438,-6.63726692968496,-2.67749105623317,general_trajectory
1084.70620536097,1454.68864383824,-1783.52939951533,6116.8586322173,2.24789599204636,-6.63656008567878,-2.68604775582164,general_trajectory
1085.70620536097,1456.93582161669,-1790.16560280767,6114.16830649775,2.24645899537311,-6.63584515042314,-2.69460352792518,general_trajectory
1086.70620536097,1459.18156069003,-1796.80108711875,6111.46942547377,2.2450185818685,-6.63512212299317,-2.70315836309311,general_trajectory
1087.70620536097,1461.42585764159,-1803.43584435594,6108.76199008704,2.24357475187363,-6.63439100247916,-2.71171225185806,general_trajectory
1088.70620536096,1463.66870905505,-1810.06986642569,6106.04600128869,2.24212750573688,-6.6336517879867,-2.72026518473597,general_trajectory
1089.70620536096,1465.91011151446,-1816.7031452336,6103.32146003937,2.24067684381388,-6.63290447863675,-2.72881715222613,general_trajectory
1090.70620536096,1468.1500616042,-1823.33567268436,6100.58836730922,2.23922276646764,-6.63214907356575,-2.7373681448112,general_trajectory
1091.70620536096,1470.38855590903,-1829.96744068184,6097.84672407791,2.23776527406848,-6.6313855719257,-2.74591815295721,general_trajectory
1092.70620536095,1472.6255910141,-1836.59844112905,6095.09653133465,2.23630436699412,-6.63061397288426,-2.75446716711363,general_trajectory
1093.70620536095,1474.86116350491,-1843.22866592817,6092.33779007822,2.23484004562971,-6.62983427562483,-2.76301517771336,general_trajectory
1094.70620536095,1477.09526996738,-1849.8581069806,6089.57050131695,2.23337231036781,-6.62904647934667,-2.77156217517277,general_trajectory
1095.70620536095,1479.32790698781,-1856.4867561869,6086.79466606879,2.23190116160848,-6.62825058326494,-2.78010814989172,general_trajectory
1096.70620536095,1481.55907115289,-1863.11460544691,6084.0102853613,2.23042659975927,-6.62744658661086,-2.78865309225357,general_trajectory
1097.70620536094,1483.78875904976,-1869.74164665965,6081.21736023163,2.22894862523528,-6.62663448863175,-2.79719699262526,general_trajectory
1098.70620536094,1486.01696726593,-1876.36787172345,6078.41589172661,2.22746723845917,-6.62581428859117,-2.80573984135727,general_trajectory
1099.70620536094,1488.24369238939,-1882.99327253588,6075.6058809027,2.22598243986117,-6.62498598576896,-2.81428162878369,general_trajectory
1100.70620536094,1490.46893100852,-1889.6178409938,6072.78732882605,2.22449422987917,-6.62414957946136,-2.82282234522224,general_trajectory
1101.70620536093,1492.69267971216,-1896.24156899338,6069.96023657249,2.22300260895868,-6.62330506898113,-2.83136198097427,general_trajectory
1102.70620536093,1494.9149350896,-1902.86444843012,6067.12460522758,2.22150757755293,-6.6224524536576,-2.83990052632484,general_trajectory
1103.70620536093,1497.13569373058,-1909.48647119883,6064.28043588657,2.22000913612284,-6.62159173283678,-2.84843797154271,general_trajectory
1104.70620536093,1499.35495222531,-1916.10762919372,6061.42772965447,2.21850728513707,-6.62072290588146,-2.85697430688036,general_trajectory
1105.70620536092,1501.57270716448,-1922.72791430831,6058.56648764603,2.21700202507208,-6.6198459721713,-2.86550952257406,general_trajectory
1106.70620536092,1503.78895513925,-1929.34731843557,6055.6967109858,2.2154933564121,-6.61896093110294,-2.87404360884387,general_trajectory
1107.70620536092,1506.00369274126,-1935.96583346784,6052.8184008081,2.21398127964923,-6.61806778209004,-2.88257655589368,general_trajectory
1108.70620536092,1508.21691656267,-1942.58345129689,6049.93155825704,2.2124657952834,-6.61716652456345,-2.89110835391125,general_trajectory
1109.70620536092,1510.42862319612,-1949.20016381392,6047.03618448657,2.21094690382245,-6.61625715797125,-2.89963899306819,general_trajectory
1110.70620536091,1512.63880923478,-1955.8159629096,6044.13228066048,2.20942460578216,-6.61533968177887,-2.90816846352006,general_trajectory
1111.70620536091,1514.84747127233,-1962.43084047407,6041.2198479524,2.20789890168622,-6.61441409546918,-2.91669675540638,general_trajectory
1112.70620536091,1517.05460590297,-1969.04478839697,6038.29888754583,2.20636979206635,-6.61348039854256,-2.92522385885064,general_trajectory
1113.70620536091,1519.26020972145,-1975.65779856743,6035.36940063416,2.20483727746224,-6.61253859051704,-2.93374976396034,general_trajectory
1114.70620536091,1521.46427932307,-1982.26986287412,6032.43138842067,2.20330135842166,-6.61158867092836,-2.94227446082704,general_trajectory
1115.7062053609,1523.66681130366,-1988.88097320526,6029.48485211857,2.20176203550043,-6.61063063933008,-2.95079793952638,general_trajectory
1116.7062053609,1525.86780225962,-1995.49112144861,6026.529792951,2.20021930926247,-6.60966449529369,-2.9593201901181,general_trajectory
1117.7062053609,1528.06724878793,-2002.10029949153,6023.56621215104,2.19867318027986,-6.60869023840866,-2.96784120264611,general_trajectory
1118.7062053609,1530.26514748612,-2008.70849922098,6020.59411096173,2.19712364913279,-6.60770786828257,-2.97636096713851,general_trajectory
1119.70620536089,1532.46149495232,-2015.31571252353,6017.61349063612,2.1955707164097,-6.60671738454122,-2.98487947360759,general_trajectory
1120.70620536089,1534.65628778527,-2021.92193128537,6014.62435243721,2.1940143827072,-6.60571878682868,-2.99339671204991,general_trajectory
1121.70620536089,1536.84952258427,-2028.52714739238,6011.62669763805,2.19245464863019,-6.60471207480742,-3.00191267244632,general_trajectory
1122.70620536089,1539.04119594926,-2035.13135273009,6008.62052752169,2.19089151479181,-6.60369724815841,-3.010427344762,general_trajectory
1123.70620536089,1541.2313044808,-2041.7345391837,6005.60584338124,2.18932498181355,-6.60267430658118,-3.01894071894647,general_trajectory
1124.70620536088,1543.41984478004,-2048.33669863815,6002.58264651988,2.18775505032521,-6.60164324979394,-3.02745278493367,general_trajectory
1125.70620536088,1545.60681344881,-2054.9378229781,5999.55093825082,2.18618172096496,-6.60060407753371,-3.03596353264197,general_trajectory
1126.70620536088,1547.79220708956,-2061.53790408794,5996.5107198974,2.18460499437939,-6.59955678955634,-3.04447295197421,general_trajectory
1127.70620536088,1549.97602230537,-2068.13693385186,5993.46199279305,2.18302487122349,-6.59850138563667,-3.05298103281773,general_trajectory
1127.70699165766,1549.97773881031,-2068.14212223194,5993.45959224126,2.1830236274415,-6.59850055258263,-3.05298772216502,general_trajectory
1127.70699165766,1549.97773881031,-2068.14212223194,5993.45959224126,2.1830236274415,-6.59850055258263,-3.05298772216502,general_trajectory
1128.70620536087,1552.15825567612,-2074.7349041661,5990.40475815828,2.18144128034179,-6.59743790242022,-3.06148813449317,general_trajectory
1129.70620536087,1554.33890368613,-2081.33180697543,5987.33901673007,2.17985414971305,-6.59636637548626,-3.06999461817984,general_trajectory
1130.70620536087,1556.51796279552,-2087.92763423515,5984.26476913096,2.17826347904281,-6.59528680285922,-3.07850047478623,general_trajectory
1131.70620536087,1558.6954294641,-2094.52237789857,5981.18201599257,2.17666926804279,-6.59419918257704,-3.08700569520496,general_trajectory
1132.70620536087,1560.87130015139,-2101.11602991707,5978.09075795566,2.17507151643085,-6.59310351269126,-3.09551027031311,general_trajectory
1133.70620536086,1563.04557131665,-2107.70858224008,5974.99099567011,2.17347022393102,-6.59199979126716,-3.10401419097217,general_trajectory
1134.70620536086,1565.21823941886,-2114.30002681509,5971.88272979494,2.17186539027351,-6.59088801638374,-3.11251744802812,general_trajectory
1135.70620536086,1567.38930091672,-2120.89035558769,5968.76596099833,2.17025701519474,-6.58976818613391,-3.12102003231145,general_trajectory
1136.70620536086,1569.55875226868,-2127.47956050158,5965.64068995764,2.16864509843738,-6.58864029862447,-3.12952193463718,general_trajectory
1137.70620536085,1571.72658993294,-2134.06763349854,5962.50691735945,2.16702963975033,-6.58750435197627,-3.13802314580485,general_trajectory
1138.70620536085,1573.89281036744,-2140.6545665185,5959.36464389951,2.16541063888881,-6.58636034432423,-3.14652365659862,general_trajectory
1139.70620536085,1576.0574100299,-2147.24035149954,5956.2138702828,2.16378809561433,-6.58520827381746,-3.15502345778726,general_trajectory
1140.70620536085,1578.22038537778,-2153.82498037787,5953.05459722356,2.16216200969472,-6.58404813861932,-3.16352254012417,general_trajectory
1141.70620536085,1580.38173286832,-2160.40844508791,5949.88682544527,2.16053238090418,-6.58287993690751,-3.17202089434742,general_trajectory
1142.70620536084,1582.54144895855,-2166.99073756222,5946.71055568068,2.15889920902328,-6.58170366687415,-3.1805185111798,general_trajectory
1143.70620536084,1584.69953010526,-2173.57184973159,5943.52578867182,2.157262493839,-6.58051932672584,-3.1890153813288,general_trajectory
1144.70620536084,1586.85597276505,-2180.15177352501,5940.33252517003,2.15562223514472,-6.57932691468377,-3.19751149548671,general_trajectory
1145.70620536084,1589.0107733943,-2186.73050086971,5937.13076593597,2.15397843274031,-6.5781264289838,-3.20600684433057,general_trajectory
1146.70620536083,1591.16392844922,-2193.30802369115,5933.9205117396,2.15233108643206,-6.5769178678765,-3.21450141852227,general_trajectory
1147.70620536083,1593.31543438579,-2199.88433391305,5930.70176336027,2.1506801960328,-6.57570122962728,-3.22299520870854,general_trajectory
1148.70620536083,1595.46528765985,-2206.45942345742,5927.47452158666,2.14902576136185,-6.57447651251645,-3.23148820552101,general_trajectory
1149.70620536083,1597.61348472702,-2213.03328424453,5924.23878721683,2.14736778224509,-6.57324371483929,-3.23998039957622,general_trajectory
1150.70620536083,1599.76002204279,-2219.60590819298,5920.99456105824,2.14570625851494,-6.57200283490615,-3.24847178147565,general_trajectory
1151.70620536082,1601.90489606245,-2226.17728721967,5917.74184392775,2.14404119001042,-6.57075387104251,-3.25696234180578,general_trajectory
1152.70620536082,1604.04810324116,-2232.74741323984,5914.48063665164,2.14237257657718,-6.5694968215891,-3.2654520711381,general_trajectory
1153.70620536082,1606.18964003391,-2239.31627816707,5911.21094006563,2.14070041806748,-6.56823168490192,-3.27394096002915,general_trajectory
1154.70620536082,1608.32950289555,-2245.88387391333,5907.9327550149,2.13902471434024,-6.56695845935239,-3.28242899902054,general_trajectory
1155.70620536081,1610.46768828079,-2252.45019238892,5904.64608235407,2.13734546526106,-6.56567714332737,-3.29091617863903,general_trajectory
1156.70620536081,1612.60419264423,-2259.01522550259,5901.35092294725,2.13566267070225,-6.56438773522929,-3.29940248939651,general_trajectory
1157.70620536081,1614.73901244032,-2265.57896516147,5898.04727766807,2.13397633054283,-6.56309023347618,-3.30788792179005,general_trajectory
1158.70620536081,1616.8721441234,-2272.14140327111,5894.73514739965,2.1322864446686,-6.56178463650182,-3.31637246630198,general_trajectory
1159.7062053608,1619.00358414771,-2278.70253173552,5891.41453303462,2.1305930129721,-6.56047094275576,-3.32485611339984,general_trajectory
1160.7062053608,1621.13332896736,-2285.26234245716,5888.08543547518,2.12889603535267,-6.55914915070342,-3.33333885353649,general_trajectory
1161.7062053608,1623.2613750364,-2291.82082733695,5884.74785563307,2.12719551171648,-6.55781925882619,-3.34182067715015,general_trajectory
1162.7062053608,1625.38771880875,-2298.37797827434,5881.4017944296,2.12549144197653,-6.55648126562148,-3.35030157466435,general_trajectory
1163.7062053608,1627.51235673828,-2304.93378716723,5878.04725279566,2.12378382605269,-6.55513516960284,-3.35878153648808,general_trajectory
1164.70620536079,1629.63528527876,-2311.48824591209,5874.68423167173,2.12207266387169,-6.5537809693,-3.36726055301574,general_trajectory
1165.70620536079,1631.75650088391,-2318.04134640389,5871.31273200794,2.12035795536721,-6.55241866325898,-3.37573861462722,general_trajectory
1166.70620536079,1633.87600000736,-2324.59308053618,5867.93275476401,2.11863970047981,-6.55104825004217,-3.38421571168794,general_trajectory
1167.70620536079,1635.99377910271,-2331.14344020108,5864.54430090932,2.11691789915705,-6.5496697282284,-3.39269183454888,general_trajectory
1168.70620536079,1638.1098346235,-2337.69241728927,5861.14737142288,2.11519255135343,-6.54828309641304,-3.4011669735466,general_trajectory
1169.70620536078,1640.22416302324,-2344.24000369008,5857.74196729342,2.11346365703046,-6.54688835320804,-3.40964111900331,general_trajectory
1170.70620536078,1642.33676075537,-2350.78619129141,5854.3280895193,2.11173121615667,-6.54548549724207,-3.41811426122691,general_trajectory
1171.70620536078,1644.44762427335,-2357.33097197982,5850.90573910863,2.10999522870763,-6.54407452716056,-3.426586390511,general_trajectory
1172.70620536078,1646.55675003058,-2363.87433764055,5847.47491707918,2.10825569466596,-6.5426554416258,-3.43505749713495,general_trajectory
1173.70620536077,1648.66413448047,-2370.41628015746,5844.0356244585,2.1065126140214,-6.54122823931702,-3.44352757136391,general_trajectory
1174.70620536077,1650.76977407641,-2376.95679141313,5840.58786228385,2.10476598677075,-6.53979291893047,-3.45199660344891,general_trajectory
1175.70620536077,1652.8736652718,-2383.49586328883,5837.13163160226,2.10301581291799,-6.5383494791795,-3.46046458362684,general_trajectory
1176.70620536077,1654.97580452004,-2390.03348766458,5833.66693347051,2.10126209247421,-6.53689791879464,-3.46893150212051,general_trajectory
1177.70620536077,1657.07618827455,-2396.5696564191,5830.19376895519,2.09950482545769,-6.53543823652369,-3.47739734913872,general_trajectory
1178.70620536076,1659.17481298876,-2403.10436142989,5826.71213913267,2.09774401189392,-6.5339704311318,-3.48586211487628,general_trajectory
1179.70620536076,1661.27167511616,-2409.63759457322,5823.22204508915,2.09597965181557,-6.53249450140155,-3.49432578951402,general_trajectory
1180.70620536076,1663.36677111023,-2416.16934772415,5819.72348792064,2.09421174526258,-6.53101044613304,-3.50278836321892,general_trajectory
1181.70620536076,1665.46009742453,-2422.69961275655,5816.21646873299,2.09244029228214,-6.52951826414395,-3.51124982614408,general_trajectory
1182.70620536075,1667.55165051266,-2429.22838154312,5812.70098864191,2.09066529292872,-6.52801795426966,-3.51971016842879,general_trajectory
1183.70620536075,1669.64142682827,-2435.75564595538,5809.17704877299,2.08888674726409,-6.5265095153633,-3.52816938019857,general_trajectory
1184.70620536075,1671.7294228251,-2442.28139786376,5805.64465026167,2.08710465535736,-6.52499294629583,-3.53662745156524,general_trajectory
1185.70620536075,1673.81563495692,-2448.80562913752,5802.10379425331,2.08531901728497,-6.52346824595616,-3.54508437262693,general_trajectory
1186.70620536075,1675.90005967763,-2455.32833164486,5798.55448190317,2.08352983313072,-6.52193541325119,-3.55354013346814,general_trajectory
1187.70620536074,1677.98269344118,-2461.84949725285,5794.99671437644,2.08173710298582,-6.52039444710591,-3.56199472415978,general_trajectory
1188.70620536074,1680.06353270163,-2468.36911782754,5791.43049284823,2.07994082694888,-6.51884534646351,-3.57044813475927,general_trajectory
1189.70620536074,1682.14257391314,-2474.8871852339,5787.85581850362,2.07814100512594,-6.5172881102854,-3.57890035531049,general_trajectory
1190.70620536074,1684.21981352998,-2481.40369133589,5784.27269253763,2.07633763763048,-6.51572273755135,-3.58735137584391,general_trajectory
1191.70620536073,1686.29524800654,-2487.91862799645,5780.68111615528,2.07453072458348,-6.51414922725954,-3.59580118637662,general_trajectory
1192.70620536073,1688.36887379733,-2494.43198707754,5777.08109057156,2.07272026611338,-6.51256757842667,-3.60424977691235,general_trajectory
1193.70620536073,1690.44068735699,-2500.94376044011,5773.47261701147,2.07090626235617,-6.510977790088,-3.61269713744153,general_trajectory
1194.70620536073,1692.51068514032,-2507.4539399442,5769.85569671003,2.06908871345534,-6.50937986129749,-3.62114325794139,general_trajectory
1195.70620536073,1694.57886360223,-2513.96251744888,5766.23033091229,2.06726761956195,-6.50777379112782,-3.62958812837591,general_trajectory
1196.70620536072,1696.64521919782,-2520.46948481233,5762.59652087334,2.06544298083465,-6.50615957867054,-3.63803173869599,general_trajectory
1197.70620536072,1698.70974838234,-2526.9748338918,5758.95426785831,2.06361479743966,-6.50453722303607,-3.64647407883939,general_trajectory
1198.70620536072,1700.77244761119,-2533.47855654369,5755.30357314243,2.06178306955084,-6.50290672335388,-3.65491513873086,general_trajectory
1199.70620536072,1702.83331333999,-2539.98064462351,5751.64443801098,2.05994779734968,-6.50126807877249,-3.66335490828215,general_trajectory
1200.70620536071,1704.89234202451,-2546.48108998596,5747.97686375936,2.05810898102531,-6.49962128845958,-3.67179337739209,general_trajectory
1201.70620536071,1706.94953012072,-2552.97988448489,5744.30085169306,2.05626662077456,-6.49796635160211,-3.6802305359466,general_trajectory
1202.70620536071,1709.00487408481,-2559.47701997336,5740.61640312771,2.05442071680195,-6.49630326740634,-3.68866637381881,general_trajectory
1203.70620536071,1711.05837037315,-2565.97248830364,5736.92351938905,2.05257126931973,-6.49463203509796,-3.69710088086903,general_trajectory
1204.7062053607,1713.11001544234,-2572.46628132724,5733.22220181298,2.05071827854785,-6.49295265392214,-3.70553404694488,general_trajectory
1205.7062053607,1715.15980574921,-2578.95839089492,5729.51245174556,2.04886174471407,-6.49126512314365,-3.71396586188131,general_trajectory
1206.7062053607,1717.20773775082,-2585.44880885672,5725.794270543,2.04700166805388,-6.4895694420469,-3.72239631550066,general_trajectory
1207.7062053607,1719.25380790445,-2591.93752706198,5722.06765957174,2.04513804881059,-6.48786560993605,-3.73082539761267,general_trajectory
1208.7062053607,1721.29801266765,-2598.42453735933,5718.33262020836,2.04327088723534,-6.4861536261351,-3.73925309801464,general_trajectory
1209.70620536069,1723.34034849822,-2604.90983159677,5714.5891538397,2.04140018358707,-6.48443348998794,-3.74767940649139,general_trajectory
1210.70620536069,1725.38081185422,-2611.39340162162,5710.83726186278,2.03952593813261,-6.48270520085845,-3.75610431281536,general_trajectory
1211.70620536069,1727.41939919397,-2617.87523928059,5707.07694568488,2.03764815114663,-6.48096875813062,-3.76452780674664,general_trajectory
1212.70620536069,1729.45610697608,-2624.35533641979,5703.30820672352,2.03576682291174,-6.47922416120854,-3.77294987803308,general_trajectory
1213.70620536068,1731.49093165946,-2630.83368488472,5699.53104640647,2.03388195371842,-6.47747140951659,-3.78137051641028,general_trajectory
1214.70620536068,1733.52386970329,-2637.31027652035,5695.74546617178,2.03199354386511,-6.47571050249944,-3.78978971160171,general_trajectory
1215.70620536068,1735.55491756707,-2643.78510317107,5691.95146746777,2.03010159365818,-6.47394143962218,-3.79820745331869,general_trajectory
1216.70620536068,1737.58407171059,-2650.25815668077,5688.14905175308,2.02820610341198,-6.47216422037039,-3.80662373126057,general_trajectory
1217.70620536068,1739.61132859397,-2656.72942889283,5684.33822049663,2.02630707344887,-6.47037884425021,-3.81503853511466,general_trajectory
1218.70620536067,1741.63668467768,-2663.19891165013,5680.51897517767,2.02440450409917,-6.46858531078843,-3.82345185455637,general_trajectory
1219.70620536067,1743.66013642248,-2669.66659679511,5676.69131728579,2.02249839570128,-6.46678361953258,-3.83186367924926,general_trajectory
1220.70620536067,1745.68168028951,-2676.13247616976,5672.85524832089,2.02058874860159,-6.46497377005101,-3.84027399884508,general_trajectory
1221.70620536067,1747.70131274023,-2682.59654161564,5669.01076979326,2.01867556315461,-6.46315576193297,-3.84868280298382,general_trajectory
1222.70620536067,1749.71903023648,-2689.05878497392,5665.15788322355,2.01675883972289,-6.46132959478869,-3.85709008129383,general_trajectory
1223.70620536066,1751.73482924046,-2695.51919808539,5661.29659014277,2.01483857867709,-6.45949526824945,-3.86549582339182,general_trajectory
1224.70620536066,1753.74870621474,-2701.97777279048,5657.42689209232,2.012914780396,-6.45765278196771,-3.87390001888296,general_trajectory
1225.70620536066,1755.76065762229,-2708.43450092927,5653.54879062402,2.01098744526652,-6.45580213561711,-3.88230265736092,general_trajectory
1226.70620536066,1757.77067992645,-2714.88937434156,5649.66228730009,2.00905657368374,-6.45394332889266,-3.89070372840796,general_trajectory
1227.70620536065,1759.77876959097,-2721.34238486681,5645.76738369318,2.00712216605088,-6.45207636151071,-3.89910322159496,general_trajectory
1228.70620536065,1761.78492308,-2727.79352434424,5641.86408138635,2.00518422277939,-6.45020123320912,-3.90750112648153,general_trajectory
1229.70620536065,1763.78913685811,-2734.24278461281,5637.95238197315,2.0032427442889,-6.44831794374729,-3.91589743261602,general_trajectory
1230.70620536065,1765.7914073903,-2740.69015751125,5634.03228705754,2.00129773100727,-6.44642649290627,-3.92429212953561,general_trajectory
1231.70620536065,1767.791731142,-2747.13563487807,5630.10379825399,1.9993491833706,-6.44452688048883,-3.93268520676642,general_trajectory
1232.70620536064,1769.79010457906,-2753.57920855161,5626.16691718742,1.99739710182326,-6.44261910631953,-3.94107665382349,general_trajectory
1233.70620536064,1771.78652416781,-2760.02087037004,5622.22164549325,1.99544148681789,-6.44070317024484,-3.94946646021091,general_trajectory
1234.70620536064,1773.78098637503,-2766.4606121714,5618.2679848174,1.99348233881541,-6.43877907213318,-3.95785461542189,general_trajectory
1235.70620536064,1775.77348766793,-2772.89842579357,5614.30593681632,1.99151965828508,-6.43684681187503,-3.96624110893877,general_trajectory
1236.70620536063,1777.76402451424,-2779.33430307437,5610.33550315695,1.98955344570445,-6.43490638938298,-3.97462593023315,general_trajectory
1237.70620536063,1779.75259338214,-2785.76823585154,5606.35668551679,1.98758370155944,-6.43295780459186,-3.98300906876592,general_trajectory
1238.70620536063,1781.73919074032,-2792.20021596275,5602.36948558388,1.98561042634433,-6.43100105745879,-3.99139051398736,general_trajectory
1239.70620536063,1783.72381305796,-2798.63023524564,5598.37390505679,1.98363362056176,-6.42903614796325,-3.99977025533717,general_trajectory
1240.70620536062,1785.70645680475,-2805.05828553786,5594.3699456447,1.98165328472278,-6.42706307610719,-4.00814828224459,general_trajectory
1241.70620536062,1787.68711845089,-2811.48435867704,5590.35760906733,1.97966941934683,-6.4250818419151,-4.01652458412841,general_trajectory
1242.70620536062,1789.6657944671,-2817.9084465009,5586.336897055,1.9776820249618,-6.42309244543409,-4.02489915039711,general_trajectory
1243.70620536062,1791.64248132465,-2824.33054084715,5582.30781134862,1.97569110210401,-6.42109488673396,-4.03327197044886,general_trajectory
1244.70620536062,1793.61717549532,-2830.75063355363,5578.27035369973,1.97369665131824,-6.41908916590731,-4.04164303367165,general_trajectory
1245.70620536061,1795.58987345148,-2837.16871645826,5574.22452587045,1.97169867315773,-6.41707528306961,-4.05001232944333,general_trajectory
1246.70620536061,1797.56057166602,-2843.58478139911,5570.17032963356,1.96969716818422,-6.41505323835925,-4.0583798471317,general_trajectory
1247.70620536061,1799.52926661243,-2849.99882021438,5566.10776677245,1.96769213696797,-6.41302303193767,-4.06674557609457,general_trajectory
1248.70620536061,1801.49595476473,-2856.41082474245,5562.03683908117,1.96568358008773,-6.41098466398941,-4.07510950567983,general_trajectory
1249.70620536061,1803.46063259757,-2862.82078682189,5557.95754836445,1.96367149813081,-6.40893813472219,-4.08347162522555,general_trajectory
1250.7062053606,1805.42329658616,-2869.2286982915,5553.86989643765,1.96165589169305,-6.40688344436702,-4.09183192406002,general_trajectory
1251.7062053606,1807.38394320632,-2875.63455099032,5549.77388512681,1.95963676137888,-6.40482059317825,-4.10019039150186,general_trajectory
1252.7062053606,1809.34256893448,-2882.03833675764,5545.66951626869,1.95761410780128,-6.40274958143365,-4.10854701686007,general_trajectory
1253.7062053606,1811.2991702477,-2888.44004743307,5541.55679171071,1.95558793158186,-6.40067040943453,-4.11690178943413,general_trajectory
1254.70620536059,1813.25374362363,-2894.83967485651,5537.435713311,1.95355823335081,-6.39858307750576,-4.12525469851402,general_trajectory
1255.70620536059,1815.2062855406,-2901.23721086819,5533.30628293844,1.95152501374697,-6.3964875859959,-4.13360573338039,general_trajectory
1256.70620536059,1817.15679247755,-2907.63264730874,5529.16850247257,1.94948827341779,-6.39438393527727,-4.14195488330456,general_trajectory
1257.70620536059,1819.10526091407,-2914.02597601912,5525.02237380374,1.9474480130194,-6.39227212574602,-4.1503021375486,general_trajectory
1258.70620536058,1821.05168733044,-2920.41718884074,5520.86789883297,1.94540423321659,-6.39015215782219,-4.15864748536549,general_trajectory
1259.70620536058,1822.99606820758,-2926.80627761542,5516.70507947208,1.94335693468282,-6.38802403194985,-4.16699091599909,general_trajectory
1260.70620536058,1824.93840002711,-2933.19323418544,5512.53391764364,1.94130611810025,-6.38588774859712,-4.17533241868429,general_trajectory
1261.70620536058,1826.87867927132,-2939.57805039358,5508.35441528098,1.93925178415977,-6.38374330825628,-4.18367198264708,general_trajectory
1262.70620536058,1828.81690242321,-2945.96071808311,5504.1665743282,1.93719393356095,-6.38159071144384,-4.19200959710462,general_trajectory
1263.70620536057,1830.75306596645,-2952.3412290978,5499.97039674021,1.93513256701215,-6.37942995870064,-4.20034525126528,general_trajectory
1264.70620536057,1832.68716638548,-2958.71957528202,5495.76588448272,1.93306768523043,-6.37726105059188,-4.20867893432883,general_trajectory
1265.70620536057,1834.6192001654,-2965.0957484807,5491.55303953221,1.93099928894164,-6.37508398770727,-4.2170106354864,general_trajectory
1266.70620536057,1836.54916379209,-2971.46974053936,5487.33186387601,1.9289273788804,-6.37289877066104,-4.22534034392065,general_trajectory
1267.70620536056,1838.47705375215,-2977.84154330415,5483.10235951224,1.92685195579012,-6.37070540009206,-4.2336680488058,general_trajectory
1268.70620536056,1840.40286653291,-2984.21114862189,5478.86452844988,1.92477302042301,-6.36850387666393,-4.24199373930776,general_trajectory
1269.70620536056,1842.32659862248,-2990.57854834006,5474.61837270872,1.92269057354009,-6.366294201065,-4.25031740458416,general_trajectory
1270.70620536056,1844.24824650973,-2996.94373430684,5470.36389431942,1.92060461591121,-6.36407637400852,-4.25863903378448,general_trajectory
1271.70620536056,1846.1678066843,-3003.30669837114,5466.10109532348,1.91851514831506,-6.36185039623268,-4.26695861605009,general_trajectory
1272.70620536055,1848.08527563662,-3009.66743238263,5461.82997777327,1.91642217153918,-6.35961626850068,-4.2752761405144,general_trajectory
1273.70620536055,1850.00064985791,-3016.02592819172,5457.55054373203,1.91432568637997,-6.35737399160084,-4.28359159630288,general_trajectory
1274.70620536055,1851.91392584018,-3022.38217764968,5453.26279527387,1.91222569364271,-6.35512356634665,-4.29190497253318,general_trajectory
1275.70620536055,1853.82510007627,-3028.73617260855,5448.9667344838,1.91012219414157,-6.35286499357687,-4.30021625831521,general_trajectory
1276.70620536054,1855.73416905981,-3035.08790492126,5444.6623634577,1.90801518869959,-6.35059827415558,-4.30852544275125,general_trajectory
1277.70620536054,1857.64112928529,-3041.43736644158,5440.34968430239,1.90590467814876,-6.34832340897231,-4.31683251493597,general_trajectory
1278.70620536054,1859.54597724801,-3047.78454902422,5436.02869913557,1.90379066332997,-6.34604039894206,-4.3251374639566,general_trajectory
1279.70620536054,1861.44870944413,-3054.1294445248,5431.69941008586,1.90167314509305,-6.34374924500539,-4.33344027889297,general_trajectory
1280.70620536054,1863.34932237067,-3060.47204479989,5427.36181929281,1.89955212429675,-6.34144994812854,-4.34174094881762,general_trajectory
1281.70620536053,1865.24781252549,-3066.81234170704,5423.0159289069,1.8974276018088,-6.33914250930345,-4.35003946279587,general_trajectory
1282.70620536053,1867.14417640734,-3073.15032710482,5418.66174108954,1.89529957850588,-6.33682692954789,-4.35833580988593,general_trajectory
1283.70620536053,1869.03841051585,-3079.48599285282,5414.29925801309,1.89316805527366,-6.33450320990548,-4.36662997913897,general_trajectory
1284.70620536053,1870.93051135153,-3085.81933081167,5409.92848186087,1.89103303300678,-6.33217135144581,-4.37492195959925,general_trajectory
1285.70620536053,1872.82047541581,-3092.15033284311,5405.54941482716,1.88889451260887,-6.32983135526453,-4.38321174030415,general_trajectory
1286.4571882315,1874.23839906356,-3096.90326619547,5402.25536074205,1.88728622102278,-6.32806870850791,-4.38943577071133,general_trajectory
1286.4571882315,1874.23839794562,-3096.9032651915,5402.25535492976,1.88728622164438,-6.32806871238545,-4.3894357770326,general_trajectory
1286.4571882315,1874.23839794562,-3096.9032651915,5402.25535492976,1.88728622164438,-6.32806871238545,-4.3894357770326,general_trajectory
1286.4571882315,1874.23988247413,-3096.90684054033,5402.25611318586,1.88729452257525,-6.3280896594675,-4.38943347246738,general_trajectory
1287.4571882315,1876.12582336328,-3103.23269279351,5397.8627682552,1.884586779523,-6.32361328758786,-4.39725539285302,general_trajectory
1288.4571882315,1878.00905508144,-3109.55406399791,5393.46160439433,1.88187618125423,-6.31912756292573,-4.4050713307418,general_trajectory
1289.4571882315,1879.88957477537,-3115.87094480381,5389.05262759212,1.87916273170108,-6.31463249153117,-4.41288127335333,general_trajectory
1290.4571882315,1881.76737959573,-3122.18332586744,5384.63584385028,1.87644643480168,-6.31012807947221,-4.42068520791514,general_trajectory
1291.4571882315,1883.64246669717,-3128.49119785122,5380.21125918323,1.8737272945,-6.30561433283477,-4.42848312166293,general_trajectory
1292.4571882315,1885.51483323825,-3134.79455142361,5375.77887961815,1.87100531474593,-6.30109125772271,-4.43627500184046,general_trajectory
1293.4571882315,1887.38447638149,-3141.0933772592,5371.338711195,1.86828049949525,-6.29655886025779,-4.44406083569959,general_trajectory
1294.45718823151,1889.2513932934,-3147.38766603875,5366.89075996642,1.8655528527096,-6.29201714657967,-4.45184061050038,general_trajectory
1295.4571882315,1891.1155811444,-3153.67740844904,5362.43503199791,1.86282237835658,-6.28746612284599,-4.45961431351093,general_trajectory
1296.4571882315,1892.97703710891,-3159.96259518314,5357.97153336758,1.86008908040959,-6.28290579523221,-4.46738193200771,general_trajectory
1297.4571882315,1894.83575836534,-3166.24321694026,5353.50027016631,1.8573529628479,-6.2783361699317,-4.47514345327535,general_trajectory
1298.4571882315,1896.69174209606,-3172.51926442583,5349.02124849768,1.85461402965668,-6.27375725315573,-4.48289886460679,general_trajectory
1299.45718823151,1898.54498548745,-3178.79072835152,5344.53447447795,1.8518722848269,-6.26916905113341,-4.49064815330332,general_trajectory
1300.45718823151,1900.39548572984,-3185.05759943513,5340.03995423616,1.84912773235544,-6.26457157011181,-4.49839130667441,general_trajectory
1301.45718823151,1902.24324001761,-3191.31986840082,5335.53769391395,1.84638037624498,-6.25996481635577,-4.50612831203806,general_trajectory
1302.45718823151,1904.08824554912,-3197.57752597901,5331.02769966565,1.84363022050405,-6.25534879614803,-4.51385915672062,general_trajectory
1303.4571882315,1905.93049952675,-3203.83056290639,5326.5099776583,1.84087726914699,-6.25072351578917,-4.52158382805688,general_trajectory
1304.45718823151,1907.76999915689,-3210.07896992601,5321.98453407152,1.83812152619396,-6.24608898159761,-4.52930231339013,general_trajectory
1305.45718823151,1909.60674164995,-3216.32273778712,5317.45137509771,1.83536299567098,-6.24144519990966,-4.53701460007203,general_trajectory
1306.45718823151,1911.44072422038,-3222.56185724544,5312.91050694181,1.83260168160982,-6.2367921770794,-4.54472067546293,general_trajectory
1307.45718823151,1913.27194408667,-3228.79631906301,5308.36193582143,1.82983758804809,-6.23212991947874,-4.55242052693165,general_trajectory
1308.45718823151,1915.10039847133,-3235.02611400826,5303.80566796681,1.82707071902917,-6.22745843349744,-4.56011414185563,general_trajectory
1309.45718823151,1916.92608460093,-3241.25123285604,5299.24170962076,1.82430107860221,-6.22277772554301,-4.56780150762099,general_trajectory
1310.45718823151,1918.74899970609,-3247.47166638752,5294.6700670388,1.82152867082222,-6.21808780204086,-4.57548261162236,general_trajectory
1311.45718823151,1920.56914102148,-3253.68740539041,5290.09074648897,1.8187534997499,-6.21338866943411,-4.58315744126319,general_trajectory
1312.45718823151,1922.38650578584,-3259.89844065883,5285.50375425193,1.81597556945176,-6.20868033418369,-4.59082598395562,general_trajectory
1313.45718823151,1924.20109124199,-3266.10476299338,5280.90909662091,1.81319488400006,-6.20396280276831,-4.59848822712052,general_trajectory
1314.45718823151,1926.01289463682,-3272.30636320117,5276.3067799017,1.81041144747278,-6.19923608168444,-4.60614415818762,general_trajectory
1315.45718823151,1927.82191322128,-3278.50323209573,5271.69681041273,1.80762526395372,-6.19450017744638,-4.61379376459531,general_trajectory
1316.45718823151,1929.62814425043,-3284.69536049718,5267.07919448492,1.80483633753237,-6.18975509658611,-4.62143703379096,general_trajectory
1317.45718823151,1931.43158498341,-3290.8827392322,5262.45393846174,1.80204467230395,-6.1850008456534,-4.6290739532308,general_trajectory
1318.45718823151,1933.23223268347,-3297.06535913398,5257.82104869923,1.79925027236943,-6.18023743121574,-4.63670451037994,general_trajectory
1319.45718823151,1935.03008461795,-3303.24321104231,5253.18053156593,1.79645314183547,-6.17546485985836,-4.64432869271246,general_trajectory
1320.45718823152,1936.82513805831,-3309.41628580362,5248.5323934429,1.79365328481446,-6.17068313818421,-4.65194648771143,general_trajectory
1321.45718823152,1938.61739028013,-3315.58457427081,5243.87664072377,1.79085070542451,-6.16589227281401,-4.65955788286882,general_trajectory
1322.45718823151,1940.40683856308,-3321.74806730355,5239.21327981461,1.7880454077894,-6.16109227038613,-4.66716286568577,general_trajectory
1323.45718823151,1942.193480191,-3327.90675576811,5234.54231713401,1.78523739603862,-6.15628313755666,-4.67476142367243,general_trajectory
1324.45718823151,1943.97731245183,-3334.06063053741,5229.86375911304,1.78242667430732,-6.1514648809994,-4.68235354434806,general_trajectory
1325.45718823152,1945.75833263767,-3340.20968249112,5225.17761219522,1.77961324673634,-6.14663750740577,-4.68993921524109,general_trajectory
1326.45718823152,1947.53653804474,-3346.35390251547,5220.48388283662,1.77679711747222,-6.141801023485,-4.697518423889,general_trajectory
1327.45718823152,1949.31192597343,-3352.49328150355,5215.78257750569,1.77397829066712,-6.13695543596388,-4.70509115783858,general_trajectory
1328.45718823152,1951.08449372828,-3358.62781035511,5211.07370268333,1.77115677047886,-6.13210075158688,-4.71265740464582,general_trajectory
1329.45718823152,1952.85423861798,-3364.75747997668,5206.35726486293,1.76833256107093,-6.12723697711615,-4.72021715187596,general_trajectory
1330.45718823152,1954.62115795541,-3370.88228128159,5201.63327055023,1.76550566661242,-6.12236411933144,-4.72777038710358,general_trajectory
1331.45718823152,1956.38524905759,-3377.00220518986,5196.90172626351,1.76267609127812,-6.11748218503021,-4.73531709791245,general_trajectory
1332.45718823152,1958.14650924574,-3383.11724262841,5192.16263853335,1.75984383924839,-6.11259118102749,-4.74285727189583,general_trajectory
1333.45718823152,1959.90493584525,-3389.22738453095,5187.41601390279,1.75700891470922,-6.10769111415593,-4.75039089665631,general_trajectory
1334.45718823152,1961.66052618571,-3395.33262183804,5182.66185892725,1.75417132185224,-6.10278199126581,-4.75791795980592,general_trajectory
1335.45718823152,1963.41327760092,-3401.43294549713,5177.90018017449,1.75133106487462,-6.09786381922498,-4.76543844896617,general_trajectory
1336.45718823152,1965.16318742883,-3407.52834646243,5173.13098422475,1.74848814797923,-6.09293660491896,-4.77295235176791,general_trajectory
1337.45718823152,1966.91025301164,-3413.61881569517,5168.35427767054,1.74564257537443,-6.08800035525077,-4.78045965585166,general_trajectory
1338.45718823152,1968.65447169574,-3419.70434416344,5163.57006711674,1.74279435127421,-6.08305507714103,-4.78796034886742,general_trajectory
1339.45718823152,1970.39584083176,-3425.78492284228,5158.77835918061,1.73994347989813,-6.07810077752794,-4.79545441847478,general_trajectory
1340.45718823152,1972.13435777453,-3431.86054271368,5153.97916049169,1.73708996547129,-6.07313746336721,-4.80294185234297,general_trajectory
1341.45718823152,1973.8700198831,-3437.93119476651,5149.17247769192,1.73423381222442,-6.0681651416322,-4.81042263815074,general_trajectory
1342.45718823152,1975.60282452078,-3443.99686999674,5144.35831743552,1.73137502439373,-6.0631838193137,-4.81789676358663,general_trajectory
1343.45718823152,1977.33276905511,-3450.05755940727,5139.53668638898,1.728513606221,-6.05819350342009,-4.82536421634885,general_trajectory
1344.45718823152,1979.05985085786,-3456.11325400805,5134.70759123115,1.72564956195355,-6.05319420097724,-4.83282498414533,general_trajectory
1345.45718823153,1980.78406730507,-3462.16394481608,5129.87103865309,1.72278289584422,-6.04818591902851,-4.84027905469383,general_trajectory
1346.45718823153,1982.50541577703,-3468.20962285532,5125.02703535824,1.7199136121514,-6.04316866463486,-4.84772641572175,general_trajectory
1347.45718823153,1984.22389365827,-3474.25027915689,5120.17558806224,1.71704171513897,-6.03814244487463,-4.85516705496648,general_trajectory
1348.45718823152,1985.93949833762,-3480.28590475897,5115.316703493,1.71416720907633,-6.03310726684371,-4.86260096017521,general_trajectory
1349.45718823152,1987.65222720816,-3486.31649070685,5110.45038839066,1.71129009823835,-6.02806313765541,-4.87002811910501,general_trajectory
1350.45718823153,1989.36207766727,-3492.34202805296,5105.5766495076,1.70841038690541,-6.02301006444052,-4.87744851952294,general_trajectory
1351.45718823153,1991.06904711657,-3498.3625078568,5100.69549360851,1.70552807936341,-6.01794805434734,-4.88486214920587,general_trajectory
1352.45718823153,1992.77313296202,-3504.37792118508,5095.80692747018,1.70264317990367,-6.01287711454155,-4.89226899594079,general_trajectory
1353.45718823153,1994.47433261384,-3510.38825911169,5090.91095788168,1.69975569282302,-6.00779725220626,-4.89966904752466,general_trajectory
1354.45718823153,1996.17264348656,-3516.39351271771,5086.00759164425,1.69686562242372,-6.00270847454204,-4.9070622917645,general_trajectory
1355.45718823153,1997.86806299902,-3522.39367309143,5081.09683557131,1.69397297301348,-5.99761078876681,-4.91444871647745,general_trajectory
1356.45718823153,1999.56058857436,-3528.38873132831,5076.17869648851,1.6910777489055,-5.99250420211601,-4.92182830949062,general_trajectory
1357.45718823153,2001.25021764004,-3534.37867853112,5071.25318123362,1.68817995441839,-5.98738872184235,-4.92920105864141,general_trajectory
1358.45718823153,2002.93694762784,-3540.36350580987,5066.32029665657,1.68527959387617,-5.982264355216,-4.93656695177734,general_trajectory
1359.45718823153,2004.62077597388,-3546.34320428185,5061.38004961946,1.68237667160832,-5.97713110952446,-4.94392597675614,general_trajectory
1360.45718823153,2006.3017001186,-3552.31776507169,5056.43244699647,1.67947119194967,-5.97198899207258,-4.95127812144583,general_trajectory
1361.45718823153,2007.97971750677,-3558.28717931121,5051.47749567401,1.67656315924056,-5.96683801018265,-4.95862337372455,general_trajectory
1362.45718823153,2009.65482558751,-3564.25143813968,5046.51520255053,1.67365257782663,-5.96167817119421,-4.96596172148088,general_trajectory
1363.45718823153,2011.3270218143,-3570.21053270367,5041.5455745366,1.67073945205897,-5.95650948246416,-4.97329315261369,general_trajectory
1364.45718823153,2012.99630364496,-3576.16445415714,5036.56861855489,1.66782378629401,-5.95133195136673,-4.98061765503222,general_trajectory
1365.45718823154,2014.66266854169,-3582.11319366144,5031.58434154011,1.66490558489356,-5.94614558529341,-4.98793521665612,general_trajectory
1366.45718823154,2016.326113971,-3588.05674238523,5026.59275043917,1.66198485222485,-5.9409503916531,-4.99524582541538,general_trajectory
1367.45718823153,2017.98663740384,-3593.99509150469,5021.59385221093,1.65906159266041,-5.93574637787188,-5.00254946925053,general_trajectory
1368.45718823153,2019.64423631548,-3599.9282322034,5016.58765382634,1.65613581057813,-5.93053355139315,-5.00984613611257,general_trajectory
1369.45718823153,2021.29890818561,-3605.85615567239,5011.57416226838,1.65320751036126,-5.92531191967758,-5.01713581396303,general_trajectory
1370.45718823154,2022.95065049829,-3611.7788531102,5006.55338453207,1.65027669639835,-5.92008149020305,-5.02441849077401,general_trajectory
1371.45718823154,2024.59946074196,-3617.69631572273,5001.5253276245,1.64734337308333,-5.91484227046478,-5.03169415452806,general_trajectory
1372.45718823154,2026.24533640947,-3623.60853472353,4996.48999856471,1.6444075448154,-5.90959426797515,-5.03896279321851,general_trajectory
1373.45718823154,2027.88827499808,-3629.5155013336,4991.44740438376,1.64146921599908,-5.90433749026376,-5.04622439484925,general_trajectory
1374.45718823154,2029.52827400942,-3635.41720678149,4986.3975521247,1.63852839104421,-5.89907194487745,-5.05347894743486,general_trajectory
1375.45718823153,2031.16533094959,-3641.31364230331,4981.34044884257,1.63558507436589,-5.89379763938025,-5.06072643900064,general_trajectory
1376.45718823154,2032.79944332906,-3647.20479914277,4976.27610160434,1.63263927038452,-5.88851458135335,-5.06796685758264,general_trajectory
1377.45718823154,2034.43060866274,-3653.09066855107,4971.20451748903,1.62969098352581,-5.8832227783952,-5.07520019122759,general_trajectory
1378.45718823154,2036.05882446996,-3658.97124178711,4966.12570358752,1.62674021822068,-5.87792223812133,-5.08242642799312,general_trajectory
1379.45718823154,2037.68408827451,-3664.84651011741,4961.03966700265,1.62378697890534,-5.87261296816447,-5.08964555594765,general_trajectory
1380.45718823154,2039.30639760458,-3670.71646481609,4955.94641484921,1.62083127002125,-5.86729497617447,-5.09685756317049,general_trajectory
1381.45718823154,2040.92574999285,-3676.58109716499,4950.84595425384,1.6178730960151,-5.86196826981829,-5.10406243775184,general_trajectory
1382.45718823154,2042.5421429764,-3682.44039845352,4945.73829235519,1.61491246133885,-5.8566328567801,-5.11126016779273,general_trajectory
1383.45718823154,2044.15557409679,-3688.29435997888,4940.62343630373,1.61194937044964,-5.8512887447611,-5.11845074140528,general_trajectory
1384.45718823154,2045.76604090004,-3694.14297304595,4935.50139326182,1.60898382780986,-5.84593594147958,-5.12563414671253,general_trajectory
1385.45718823154,2047.37354093664,-3699.98622896733,4930.37217040371,1.60601583788708,-5.84057445467095,-5.13281037184855,general_trajectory
1386.45718823154,2048.97807176155,-3705.82411906339,4925.23577491545,1.60304540515409,-5.83520429208766,-5.1399794049585,general_trajectory
1387.45718823154,2050.57963093418,-3711.65663466219,4920.09221399506,1.6000725340889,-5.82982546149928,-5.14714123419849,general_trajectory
1388.45718823154,2052.17821601845,-3717.48376709964,4914.94149485229,1.59709722917464,-5.82443797069238,-5.15429584773587,general_trajectory
1389.45718823154,2053.77382458274,-3723.30550771943,4909.78362470877,1.59411949489967,-5.81904182747056,-5.1614432337491,general_trajectory
1390.45718823154,2055.36645419995,-3729.12184787304,4904.61861079791,1.59113933575748,-5.81363703965447,-5.16858338042778,general_trajectory
1391.45718823155,2056.95610244747,-3734.93277891984,4899.44646036493,1.58815675624673,-5.80822361508171,-5.1757162759728,general_trajectory
1392.45718823155,2058.54276690717,-3740.73829222693,4894.26718066692,1.58517176087126,-5.80280156160701,-5.18284190859614,general_trajectory
1393.45718823154,2060.12644516543,-3746.53837916937,4889.08077897265,1.58218435414001,-5.79737088710197,-5.18996026652114,general_trajectory
1394.45718823154,2061.70713481316,-3752.33303113008,4883.8872625627,1.57919454056706,-5.7919315994552,-5.19707133798246,general_trajectory
1395.45718823154,2063.28483344579,-3758.12223949986,4878.68663872943,1.57620232467162,-5.78648370657227,-5.20417511122602,general_trajectory
1396.45718823155,2064.85953866325,-3763.90599567748,4873.47891477688,1.573207710978,-5.78102721637567,-5.21127157450919,general_trajectory
1397.45718823155,2066.43124806999,-3769.68429106951,4868.26409802095,1.57021070401566,-5.77556213680494,-5.21836071610058,general_trajectory
1398.45718823155,2067.99995927503,-3775.45711709061,4863.04219578916,1.56721130831912,-5.77008847581641,-5.22544252428034,general_trajectory
1399.45718823155,2069.5656698919,-3781.22446516332,4857.81321542077,1.56420952842799,-5.76460624138338,-5.23251698734005,general_trajectory
1400.45718823155,2071.12837753867,-3786.98632671821,4852.57716426676,1.56120536888696,-5.75911544149606,-5.23958409358276,general_trajectory
1401.45718823155,2072.68807983798,-3792.74269319386,4847.33404968975,1.55819883424578,-5.75361608416148,-5.24664383132307,general_trajectory
1402.45718823155,2074.24477441698,-3798.49355603675,4842.08387906415,1.55518992905932,-5.74810817740366,-5.253696188887,general_trajectory
1403.45718823155,2075.79845890743,-3804.23890670153,4836.82665977593,1.55217865788744,-5.74259172926339,-5.26074115461228,general_trajectory
1404.45718823155,2077.34913094562,-3809.97873665083,4831.56239922276,1.54916502529507,-5.73706674779832,-5.26777871684819,general_trajectory
1405.45718823155,2078.8967881724,-3815.71303735537,4826.29110481395,1.54614903585217,-5.73153324108294,-5.27480886395564,general_trajectory
1406.45718823155,2080.44142823324,-3821.44180029397,4821.01278397041,1.54313069413371,-5.72599121720855,-5.28183158430726,general_trajectory
1407.45718823155,2081.98304877811,-3827.16501695346,4815.72744412477,1.54011000471973,-5.72044068428331,-5.28884686628726,general_trajectory
1408.45718823155,2083.52164746164,-3832.88267882888,4810.43509272117,1.53708697219523,-5.71488165043212,-5.29585469829168,general_trajectory
1409.45718823155,2085.05722194299,-3838.59477742339,4805.13573721539,1.53406160115022,-5.70931412379668,-5.30285506872828,general_trajectory
1410.45718823155,2086.58976988596,-3844.30130424826,4799.82938507477,1.53103389617971,-5.70373811253544,-5.30984796601663,general_trajectory
1411.45718823155,2088.11928895892,-3850.002250823,4794.51604377824,1.52800386188367,-5.69815362482358,-5.31683337858814,general_trajectory
1412.45718823155,2089.64577683483,-3855.69760867518,4789.19572081633,1.52497150286709,-5.69256066885314,-5.32381129488594,general_trajectory
1413.45718823155,2091.16923119128,-3861.38736934068,4783.86842369108,1.52193682373987,-5.68695925283277,-5.33078170336519,general_trajectory
1414.45718823155,2092.68964971047,-3867.07152436356,4778.53415991606,1.5188998291169,-5.68134938498785,-5.33774459249289,general_trajectory
1415.45718823155,2094.20703007922,-3872.75006529612,4773.19293701639,1.515860523618,-5.67573107356048,-5.344699950748,general_trajectory
1416.45718823156,2095.72136998896,-3878.42298369893,4767.84476252867,1.51281891186791,-5.67010432680942,-5.35164776662149,general_trajectory
1417.45718823156,2097.23266713575,-3884.09027114075,4762.48964400109,1.50977499849635,-5.66446915301018,-5.3585880286162,general_trajectory
1418.45718823156,2098.74091922029,-3889.75191919869,4757.12758899323,1.50672878813791,-5.65882556045484,-5.36552072524714,general_trajectory
1419.45718823156,2100.24612394791,-3895.40791945817,4751.75860507621,1.5036802854321,-5.65317355745215,-5.37244584504133,general_trajectory
1420.45718823155,2101.74827902859,-3901.05826351288,4746.38269983259,1.50062949502333,-5.64751315232749,-5.37936337653789,general_trajectory
1421.45718823156,2103.24738217695,-3906.70294296492,4740.99988085636,1.4975764215609,-5.64184435342285,-5.38627330828809,general_trajectory
1422.45718823156,2104.74343111225,-3912.34194942461,4735.61015575305,1.49452106969902,-5.63616716909686,-5.39317562885525,general_trajectory
1423.45718823156,2106.23642355843,-3917.97527451076,4730.21353213953,1.49146344409672,-5.63048160772471,-5.40007032681499,general_trajectory
1424.45718823156,2107.72635724408,-3923.6029098505,4724.8100176441,1.48840354941794,-5.62478767769813,-5.4069573907551,general_trajectory
1425.45718823156,2109.21322990246,-3929.2248470794,4719.3996199065,1.48534139033143,-5.61908538742546,-5.41383680927563,general_trajectory
1426.45718823156,2110.69703927151,-3934.84107784144,4713.9823465778,1.4822769715108,-5.61337474533152,-5.42070857098891,general_trajectory
1427.45718823156,2112.1777830938,-3940.45159378896,4708.55820532056,1.47921029763453,-5.60765575985777,-5.4275726645195,general_trajectory
1428.45718823156,2113.65545911665,-3946.05638658284,4703.12720380861,1.47614137338589,-5.60192843946208,-5.43442907850439,general_trajectory
1429.45718823156,2115.13006509201,-3951.65544789239,4697.68934972719,1.47307020345295,-5.59619279261886,-5.44127780159289,general_trajectory
1430.45718823156,2116.60159877656,-3957.24876939541,4692.24465077285,1.46999679252863,-5.59044882781901,-5.44811882244672,general_trajectory
1431.45718823156,2118.07005793164,-3962.8363427782,4686.79311465349,1.46692114531061,-5.58469655356988,-5.45495212974002,general_trajectory
1432.45718823156,2119.53544032332,-3968.4181597356,4681.3347490883,1.46384326650136,-5.57893597839527,-5.46177771215944,general_trajectory
1433.45718823156,2120.99774372235,-3973.99421197089,4675.86956180787,1.46076316080816,-5.5731671108355,-5.46859555840397,general_trajectory
1434.45718823156,2122.45696590421,-3979.56449119599,4670.39756055399,1.45768083294305,-5.56738995944723,-5.47540565718526,general_trajectory
1435.45718823156,2123.91310464908,-3985.12898913136,4664.91875307976,1.45459628762279,-5.56160453280356,-5.48220799722745,general_trajectory
1436.45718823156,2125.36615774187,-3990.68769750603,4659.43314714954,1.45150952956892,-5.55581083949398,-5.48900256726727,general_trajectory
1437.45718823157,2126.81612297222,-3996.24060805768,4653.94075053895,1.44842056350771,-5.55000888812434,-5.49578935605409,general_trajectory
1438.45718823156,2128.26299813447,-4001.78771253249,4648.44157103491,1.44532939417019,-5.54419868731694,-5.50256835234979,general_trajectory
1439.45718823156,2129.70678102772,-4007.32900268538,4642.9356164355,1.44223602629208,-5.53838024571035,-5.50933954492905,general_trajectory
1440.45718823156,2131.14746945579,-4012.86447027986,4637.42289455003,1.43914046461381,-5.5325535719595,-5.5161029225792,general_trajectory
1441.45718823156,2132.58506122726,-4018.39410708813,4631.90341319905,1.43604271388051,-5.52671867473563,-5.52285847410028,general_trajectory
1442.45718823157,2134.01955415545,-4023.91790489109,4626.37718021425,1.43294277884201,-5.52087556272627,-5.52960618830516,general_trajectory
1443.45718823157,2135.45094605843,-4029.43585547824,4620.84420343858,1.42984066425284,-5.51502424463533,-5.53634605401935,general_trajectory
1444.45718823157,2136.87923475902,-4034.9479506479,4615.3044907261,1.42673637487218,-5.50916472918289,-5.54307806008131,general_trajectory
1445.45718823157,2138.30441808483,-4040.45418220706,4609.75804994203,1.42362991546388,-5.50329702510532,-5.54980219534229,general_trajectory
1446.45718823156,2139.7264938682,-4045.95454197148,4604.20488896274,1.42052129079642,-5.49742114115526,-5.55651844866643,general_trajectory
1447.45718823157,2141.14545994626,-4051.44902176569,4598.64501567569,1.41741050564294,-5.4915370861015,-5.5632268089308,general_trajectory
1448.45718823157,2142.56131416092,-4056.93761342293,4593.07843797958,1.41429756478124,-5.48564486872917,-5.5699272650253,general_trajectory
1449.45718823157,2143.97405435885,-4062.4203087853,4587.50516378407,1.41118247299371,-5.47974449783949,-5.57661980585292,general_trajectory
1450.45718823157,2145.38367839152,-4067.8970997037,4581.92520100999,1.40806523506736,-5.47383598224989,-5.58330442032958,general_trajectory
1451.45718823157,2146.7901841152,-4073.36797803784,4576.33855758923,1.4049458557938,-5.46791933079397,-5.58998109738424,general_trajectory
1452.45718823157,2148.19356939093,-4078.83293565631,4570.7452414647,1.40182433996922,-5.46199455232142,-5.59664982595894,general_trajectory
1453.45718823157,2149.59383208456,-4084.29196443646,4565.14526059046,1.39870069239446,-5.4560616556982,-5.60331059500872,general_trajectory
1454.45718823157,2150.99097006674,-4089.74505626461,4559.53862293154,1.39557491787486,-5.45012064980626,-5.6099633935018,general_trajectory
1455.45718823157,2152.38498121293,-4095.19220303594,4553.92533646399,1.39244702122035,-5.44417154354367,-5.61660821041954,general_trajectory
1456.45718823157,2153.77586340341,-4100.63339665453,4548.3054091749,1.38931700724542,-5.43821434582462,-5.62324503475646,general_trajectory
1457.45718823157,2155.16361452326,-4106.06862903344,4542.67884906231,1.38618488076908,-5.43224906557929,-5.62987385552032,general_trajectory
1458.45718823157,2156.54823246239,-4111.49789209452,4537.04566413535,1.38305064661492,-5.42627571175406,-5.63649466173198,general_trajectory
1459.45718823157,2157.92971511554,-4116.92117776873,4531.40586241403,1.37991430961101,-5.42029429331119,-5.64310744242572,general_trajectory
1460.45718823157,2159.30806038227,-4122.33847799593,4525.75945192933,1.37677587458996,-5.41430481922902,-5.64971218664901,general_trajectory
1461.45718823157,2160.68326616699,-4127.74978472497,4520.10644072321,1.37363534638886,-5.40830729850189,-5.65630888346269,general_trajectory
1462.45718823158,2162.05533037894,-4133.15508991374,4514.44683684849,1.37049272984931,-5.40230174014009,-5.66289752194096,general_trajectory
1463.45718823158,2163.4242509322,-4138.55438552907,4508.78064836905,1.36734802981741,-5.39628815316996,-5.66947809117129,general_trajectory
1464.45718823157,2164.79002574569,-4143.94766354688,4503.10788335954,1.3642012511437,-5.39026654663371,-5.67605058025467,general_trajectory
1465.45718823157,2166.15265274322,-4149.33491595216,4497.42854990556,1.3610523986832,-5.38423692958951,-5.68261497830549,general_trajectory
1466.45718823157,2167.51212985342,-4154.71613473891,4491.74265610357,1.35790147729538,-5.37819931111143,-5.6891712744516,general_trajectory
1467.45718823158,2168.8684550098,-4160.09131191029,4486.05021006089,1.35474849184414,-5.37215370028945,-5.69571945783439,general_trajectory
1468.45718823158,2170.22162615071,-4165.46043947843,4480.35121989575,1.35159344719786,-5.36610010622948,-5.70225951760865,general_trajectory
1469.45718823158,2171.57164121942,-4170.8235094647,4474.64569373716,1.3484363482293,-5.36003853805322,-5.70879144294285,general_trajectory
1470.45718823158,2172.91849816402,-4176.18051389954,4468.93363972496,1.34527719981563,-5.35396900489827,-5.715315223019,general_trajectory
1471.45718823158,2174.26219493752,-4181.53144482255,4463.21506600982,1.34211600683844,-5.34789151591802,-5.7218308470327,general_trajectory
1472.45718823158,2175.60272949781,-4186.87629428251,4457.48998075315,1.33895277418368,-5.34180608028167,-5.72833830419325,general_trajectory
1473.45718823158,2176.94009980763,-4192.21505433731,4451.75839212728,1.33578750674176,-5.33571270717431,-5.73483758372351,general_trajectory
1474.45718823158,2178.27430383466,-4197.5477170541,4446.02030831518,1.33262020940738,-5.32961140579671,-5.74132867486014,general_trajectory
1475.45718823158,2179.60533955145,-4202.87427450921,4440.27573751062,1.32945088707964,-5.32350218536542,-5.74781156685349,general_trajectory
1476.45718823158,2180.93320493546,-4208.19471878821,4434.52468791811,1.32627954466196,-5.31738505511276,-5.75428624896766,general_trajectory
1477.45718823158,2182.25789796905,-4213.50904198593,4428.76716775286,1.32310618706212,-5.31126002428671,-5.76075271048059,general_trajectory
1478.45718823158,2183.5794166395,-4218.81723620637,4423.00318524089,1.31993081919226,-5.3051271021511,-5.7672109406839,general_trajectory
1479.45718823158,2184.89775893898,-4224.11929356288,4417.23274861883,1.31675344596879,-5.29898629798532,-5.77366092888318,general_trajectory
1480.45718823158,2186.21292286462,-4229.41520617809,4411.45586613403,1.31357407231244,-5.29283762108448,-5.78010266439784,general_trajectory
1481.45718823158,2187.52490641844,-4234.7049661839,4405.67254604449,1.31039270314826,-5.28668108075933,-5.78653613656122,general_trajectory
1482.45718823159,2188.8337076074,-4239.9885657216,4399.88279661888,1.30720934340556,-5.28051668633625,-5.79296133472059,general_trajectory
1483.45718823158,2190.13932444337,-4245.26599694168,4394.08662613658,1.30402399801796,-5.27434444715732,-5.79937824823708,general_trajectory
1484.45718823158,2191.4417549432,-4250.5372520041,4388.2840428875,1.30083667192331,-5.26816437258013,-5.80578686648592,general_trajectory
1485.45718823158,2192.74099712863,-4255.80232307816,4382.47505517224,1.29764737006376,-5.26197647197788,-5.81218717885631,general_trajectory
1486.45718823158,2194.03704902638,-4261.06120234251,4376.65967130196,1.29445609738565,-5.25578075473934,-5.81857917475152,general_trajectory
1487.45718823158,2195.32990866811,-4266.31388198522,4370.83789959843,1.29126285883961,-5.24957723026883,-5.82496284358885,general_trajectory
1488.45718823159,2196.61957409043,-4271.5603542038,4365.00974839396,1.28806765938043,-5.24336590798617,-5.83133817479977,general_trajectory
1489.45718823159,2197.90604333489,-4276.80061120509,4359.17522603153,1.28487050396721,-5.23714679732677,-5.83770515782975,general_trajectory
1490.45718823159,2199.18931444803,-4282.03464520547,4353.33434086455,1.28167139756317,-5.23091990774146,-5.84406378213854,general_trajectory
1491.45718823158,2200.46938548134,-4287.26244843074,4347.48710125701,1.27847034513574,-5.22468524869657,-5.85041403720003,general_trajectory
1492.45718823158,2201.74625449128,-4292.48401311619,4341.63351558341,1.27526735165656,-5.21844282967386,-5.85675591250233,general_trajectory
1493.45718823159,2203.0199195393,-4297.69933150662,4335.77359222873,1.2720624221014,-5.21219266017053,-5.86308939754783,general_trajectory
1494.45718823159,2204.29037869179,-4302.90839585623,4329.90733958854,1.26885556145025,-5.20593474969928,-5.86941448185308,general_trajectory
1495.45718823159,2205.55763002016,-4308.11119842886,4324.03476606877,1.26564677468719,-5.19966910778812,-5.87573115494903,general_trajectory
1496.45718823159,2206.82167160079,-4313.30773149784,4318.15588008587,1.26243606680047,-5.19339574398045,-5.88203940638094,general_trajectory
1497.45718823159,2208.08250151505,-4318.49798734604,4312.27069006672,1.25922344278246,-5.18711466783506,-5.88833922570841,general_trajectory
1498.45718823159,2209.34011784932,-4323.68195826594,4306.37920444861,1.25600890762962,-5.18082588892604,-5.89463060250546,general_trajectory
1499.45718823159,2210.59451869494,-4328.85963655952,4300.48143167933,1.2527924663426,-5.17452941684291,-5.90091352636043,general_trajectory
1500.45718823159,2211.84570214829,-4334.03101453843,4294.57738021701,1.24957412392606,-5.16822526119037,-5.90718798687618,general_trajectory
1501.45718823159,2213.09366631075,-4339.19608452391,4288.66705853016,1.24635388538879,-5.16191343158849,-5.91345397367004,general_trajectory
1502.45718823159,2214.3384092887,-4344.35483884683,4282.75047509771,1.24313175574362,-5.15559393767256,-5.91971147637381,general_trajectory
1503.45718823159,2215.57992919354,-4349.50726984772,4276.82763840887,1.23990774000747,-5.1492667890931,-5.92596048463385,general_trajectory
1504.45718823159,2216.81822414169,-4354.6533698767,4270.89855696334,1.23668184320132,-5.14293199551597,-5.93220098811098,general_trajectory
1505.45718823159,2218.0532922546,-4359.79313129364,4264.96323927103,1.23345407035018,-5.13658956662213,-5.93843297648069,general_trajectory
1506.45718823159,2219.28513165872,-4364.92654646807,4259.02169385219,1.23022442648308,-5.13023951210777,-5.94465643943307,general_trajectory
1507.45718823159,2220.51374048557,-4370.05360777921,4253.07392923741,1.22699291663308,-5.12388184168425,-5.95087136667281,general_trajectory
1508.4571882316,2221.73911687168,-4375.17430761606,4247.11995396749,1.22375954583723,-5.11751656507803,-5.95707774791933,general_trajectory
1509.45718823159,2222.96125895861,-4380.28863837724,4241.15977659363,1.22052431913663,-5.11114369203084,-5.96327557290661,general_trajectory
1510.45718823159,2224.18016489299,-4385.39659247122,4235.19340567718,1.21728724157631,-5.1047632322994,-5.96946483138349,general_trajectory
1511.45718823159,2225.39583282649,-4390.4981623162,4229.22084978979,1.2140483182053,-5.09837519565554,-5.9756455131135,general_trajectory
1512.45718823159,2226.60826091582,-4395.59334034015,4223.24211751329,1.2108075540766,-5.0919795918862,-5.98181760787493,general_trajectory
1513.4571882316,2227.81744732275,-4400.68211898088,4217.25721743973,1.20756495424712,-5.08557643079331,-5.98798110546094,general_trajectory
1514.4571882316,2229.0233902141,-4405.76449068592,4211.26615817146,1.2043205237778,-5.07916572219395,-5.99413599567939,general_trajectory
1515.4571882316,2230.22608776178,-4410.84044791271,4205.2689483209,1.20107426773343,-5.07274747592012,-6.00028226835313,general_trajectory
1516.4571882316,2231.42553814273,-4415.90998312848,4199.26559651067,1.19782619118276,-5.06632170181883,-6.00641991331983,general_trajectory
1517.4571882316,2232.621739539,-4420.97308881035,4193.25611137355,1.19457629919843,-5.05988840975208,-6.01254892043209,general_trajectory
1518.4571882316,2233.81469013768,-4426.02975744531,4187.24050155244,1.19132459685697,-5.05344760959676,-6.01866927955749,general_trajectory
1519.4571882316,2235.00438813096,-4431.07998153016,4181.21877570045,1.18807108923885,-5.04699931124485,-6.02478098057845,general_trajectory
1520.4571882316,2236.1908317161,-4436.1237535717,4175.1909424807,1.18481578142836,-5.04054352460309,-6.03088401339253,general_trajectory
1521.4571882316,2237.37401909545,-4441.16106608657,4169.15701056644,1.18155867851367,-5.03408025959318,-6.03697836791223,general_trajectory
1522.4571882316,2238.55394847645,-4446.1919116014,4163.116988641,1.17829978558682,-5.02760952615168,-6.04306403406514,general_trajectory
1523.4571882316,2239.73061807165,-4451.21628265274,4157.07088539775,1.17503910774365,-5.02113133422997,-6.04914100179395,general_trajectory
1524.4571882316,2240.90402609867,-4456.23417178704,4151.01870954021,1.17177665008389,-5.01464569379436,-6.05520926105634,general_trajectory
1525.4571882316,2242.07417078025,-4461.24557156081,4144.96046978181,1.16851241771104,-5.0081526148259,-6.06126880182523,general_trajectory
1526.4571882316,2243.24105034422,-4466.25047454051,4138.89617484607,1.16524641573244,-5.00165210732041,-6.06731961408867,general_trajectory
1527.4571882316,2244.40466302355,-4471.2488733026,4132.82583346648,1.16197864925921,-4.99514418128854,-6.07336168784989,general_trajectory
1528.4571882316,2245.56500705629,-4476.2407604336,4126.74945438651,1.15870912340622,-4.98862884675562,-6.07939501312739,general_trajectory
1529.4571882316,2246.72208068561,-4481.22612852998,4120.66704635968,1.15543784329221,-4.98210611376183,-6.08541957995476,general_trajectory
1530.4571882316,2247.87588215982,-4486.20497019832,4114.5786181494,1.1521648140396,-4.97557599236195,-6.09143537838101,general_trajectory
1531.4571882316,2249.02640973235,-4491.17727805525,4108.48417852904,1.14889004077459,-4.96903849262547,-6.09744239847039,general_trajectory
1532.4571882316,2250.17366166174,-4496.14304472748,4102.38373628189,1.14561352862711,-4.96249362463658,-6.10344063030245,general_trajectory
1533.45718823161,2251.31763621169,-4501.10226285183,4096.27730020113,1.14233528273081,-4.95594139849405,-6.10943006397217,general_trajectory
1534.45718823161,2252.45833165101,-4506.05492507514,4090.16487908994,1.1390553082231,-4.9493818243114,-6.11541068958975,general_trajectory
1535.45718823161,2253.59574625365,-4511.00102405447,4084.04648176127,1.13577361024506,-4.94281491221664,-6.12138249728093,general_trajectory
1536.4571882316,2254.72987829872,-4515.94055245698,4077.92211703798,1.13249019394147,-4.93624067235241,-6.12734547718683,general_trajectory
1537.4571882316,2255.86072607047,-4520.87350295996,4071.79179375278,1.12920506446079,-4.92965911487589,-6.13329961946404,general_trajectory
1538.45718823161,2256.9882878583,-4525.79986825094,4065.65552074818,1.12591822695514,-4.92307024995879,-6.13924491428464,general_trajectory
1539.45718823161,2258.11256195676,-4530.71964102749,4059.51330687661,1.12262968658035,-4.91647408778744,-6.14518135183614,general_trajectory
1540.45718823161,2259.23354666556,-4535.63281399749,4053.3651610002,1.11933944849584,-4.90987063856255,-6.15110892232167,general_trajectory
1541.45718823161,2260.35124028957,-4540.53937987899,4047.21109199092,1.11604751786469,-4.90325991249937,-6.15702761595991,general_trajectory
1542.45718823161,2261.46564113883,-4545.43933140028,4041.0511087305,1.11275389985361,-4.89664191982757,-6.1629374229851,general_trajectory
1543.45718823161,2262.57674752854,-4550.33266129985,4034.88522011042,1.10945859963292,-4.89001667079128,-6.16883833364712,general_trajectory
1544.45718823161,2263.68455777909,-4555.21936232651,4028.71343503188,1.10616162237651,-4.883384175649,-6.17473033821151,general_trajectory
1545.45718823161,2264.78907021601,-4560.09942723923,4022.53576240591,1.10286297326193,-4.87674444467373,-6.18061342695938,general_trajectory
1546.45718823161,2265.89028317005,-4564.97284880734,4016.35221115314,1.09956265747025,-4.87009748815273,-6.18648759018764,general_trajectory
1547.45718823161,2266.98819497712,-4569.83961981044,4010.16279020394,1.09626068018612,-4.86344331638765,-6.19235281820888,general_trajectory
1548.45718823161,2268.08280397832,-4574.69973303846,4003.96750849836,1.09295704659776,-4.85678193969447,-6.19820910135143,general_trajectory
1549.45718823161,2269.17410851995,-4579.55318129165,3997.76637498606,1.0896517618969,-4.85011336840341,-6.20405642995944,general_trajectory
1550.45718823161,2270.26210695348,-4584.39995738054,3991.55939862647,1.08634483127886,-4.84343761285911,-6.20989479439276,general_trajectory
1551.45718823161,2271.3467976356,-4589.24005412607,3985.34658838855,1.08303625994242,-4.83675468342035,-6.21572418502716,general_trajectory
1552.45718823161,2272.42817892819,-4594.07346435953,3979.12795325089,1.0797260530899,-4.8300645904602,-6.22154459225421,general_trajectory
1553.45718823161,2273.50624919834,-4598.9001809226,3972.90350220171,1.07641421592711,-4.82336734436592,-6.22735600648139,general_trajectory
1554.45718823161,2274.58100681835,-4603.72019666737,3966.67324423876,1.07310075366333,-4.81666295553895,-6.23315841813209,general_trajectory
1555.45718823161,2275.65245016571,-4608.53350445626,3960.43718836947,1.06978567151135,-4.80995143439501,-6.23895181764554,general_trajectory
1556.45718823161,2276.72057762314,-4613.34009716219,3954.19534361071,1.06646897468738,-4.80323279136384,-6.24473619547703,general_trajectory
1557.45718823161,2277.7853875786,-4618.1399676685,3947.94771898893,1.06315066841111,-4.79650703688937,-6.2505115420978,general_trajectory
1558.45718823161,2278.84687842522,-4622.93310886897,3941.6943235401,1.05983075790565,-4.78977418142962,-6.25627784799507,general_trajectory
1559.45718823162,2279.90504856141,-4627.71951366788,3935.43516630965,1.05650924839752,-4.78303423545666,-6.26203510367215,general_trajectory
1560.45718823162,2280.95989639076,-4632.49917497989,3929.17025635262,1.05318614511671,-4.77628720945674,-6.2677832996483,general_trajectory
1561.45718823162,2282.01142032213,-4637.27208573027,3922.89960273342,1.04986145329655,-4.76953311393003,-6.27352242645898,general_trajectory
1562.45718823161,2283.05961876959,-4642.03823885474,3916.62321452592,1.0465351781738,-4.76277195939073,-6.2792524746557,general_trajectory
1563.45718823161,2284.10449015246,-4646.79762729955,3910.34110081346,1.04320732498858,-4.75600375636709,-6.28497343480613,general_trajectory
1564.45718823162,2285.1460328953,-4651.55024402152,3904.05327068877,1.03987789898435,-4.74922851540122,-6.2906852974941,general_trajectory
1565.45718823162,2286.1842454279,-4656.29608198791,3897.75973325407,1.03654690540801,-4.74244624704936,-6.29638805331958,general_trajectory
1566.45718823162,2287.21912618534,-4661.03513417667,3891.46049762089,1.03321434950971,-4.7356569618815,-6.30208169289879,general_trajectory
1567.45718823162,2288.2506736079,-4665.76739357626,3885.15557291015,1.02988023654297,-4.72886067048163,-6.3077662068642,general_trajectory
1568.45718823162,2289.27888614115,-4670.49285318575,3878.84496825216,1.02654457176463,-4.72205738344756,-6.31344158586453,general_trajectory
1569.45718823162,2290.30376223592,-4675.21150601483,3872.5286927865,1.02320736043481,-4.71524711139097,-6.31910782056481,general_trajectory
1570.45718823162,2291.32530034826,-4679.92334508375,3866.20675566221,1.01986860781698,-4.70842986493744,-6.32476490164629,general_trajectory
1571.45718823162,2292.34349893954,-4684.62836342345,3859.87916603752,1.01652831917783,-4.70160565472629,-6.33041281980666,general_trajectory
1572.45718823162,2293.35835647637,-4689.3265540755,3853.54593308,1.01318649978736,-4.69477449141063,-6.33605156575995,general_trajectory
1573.45718823162,2294.36987143062,-4694.01791009212,3847.2070659665,1.00984315491881,-4.68793638565736,-6.34168113023655,general_trajectory
1574.45718823162,2295.37804227947,-4698.70242453625,3840.86257388308,1.00649828984865,-4.68109134814705,-6.34730150398333,general_trajectory
1575.45718823162,2296.38286750535,-4703.38009048141,3834.51246602516,1.00315190985663,-4.67423938957414,-6.35291267776348,general_trajectory
1576.45718823162,2297.38434559597,-4708.05090101194,3828.15675159729,0.999804020225699,-4.66738052064662,-6.35851464235675,general_trajectory
1577.45718823162,2298.38247504435,-4712.71484922282,3821.79543981325,0.996454626241998,-4.66051475208621,-6.36410738855937,general_trajectory
1578.45718823162,2299.37725434877,-4717.3719282198,3815.42853989604,0.993103733194881,-4.65364209462826,-6.36969090718406,general_trajectory
1579.45718823163,2300.36868201282,-4722.02213111938,3809.05606107778,0.989751346376868,-4.6467625590217,-6.37526518906011,general_trajectory
1580.45718823163,2301.35675654537,-4726.66545104874,3802.67801259986,0.986397471083707,-4.63987615602921,-6.38083022503329,general_trajectory
1581.45718823162,2302.34147646059,-4731.3018811459,3796.29440371273,0.983042112614249,-4.63298289642689,-6.38638600596606,general_trajectory
1582.45718823162,2303.32284027797,-4735.93141455964,3789.90524367599,0.979685276270515,-4.62608279100445,-6.39193252273743,general_trajectory
1583.45718823162,2304.30084652228,-4740.55404444956,3783.51054175835,0.97632696735766,-4.61917585056514,-6.39746976624309,general_trajectory
1584.45718823163,2305.2754937236,-4745.16976398606,3777.11030723759,0.972967191183945,-4.61226208592565,-6.40299772739538,general_trajectory
1585.45718823163,2306.24678041733,-4749.77856635031,3770.70454940068,0.9696059530608,-4.60534150791629,-6.40851639712327,general_trajectory
1586.45718823163,2307.21470514418,-4754.38044473438,3764.29327754352,0.966243258302697,-4.59841412738069,-6.41402576637251,general_trajectory
1587.45718823163,2308.17926645016,-4758.97539234117,3757.87650097111,0.962879112227215,-4.59147995517598,-6.41952582610557,general_trajectory
1588.45718823163,2309.14046288663,-4763.56340238446,3751.45422899749,0.959513520155007,-4.58453900217268,-6.42501656730167,general_trajectory
1589.45718823163,2310.09829301025,-4768.1444680889,3745.02647094566,0.956146487409771,-4.57759127925466,-6.43049798095685,general_trajectory
1590.45718823163,2311.05275538301,-4772.71858268998,3738.59323614773,0.95277801931831,-4.57063679731927,-6.43597005808386,general_trajectory
1591.45718823163,2312.00384857222,-4777.28573943416,3732.15453394467,0.949408121210411,-4.56367556727707,-6.44143278971239,general_trajectory
1592.45718823163,2312.95157115053,-4781.8459315788,3725.71037368646,0.946036798418902,-4.556707600052,-6.44688616688895,general_trajectory
1593.45718823163,2313.89592169594,-4786.39915239218,3719.26076473203,0.942664056279628,-4.54973290658125,-6.45233018067691,general_trajectory
1594.45718823163,2314.83689879176,-4790.94539515355,3712.80571644918,0.939289900131413,-4.54275149781527,-6.45776482215661,general_trajectory
1595.45718823163,2315.77450102665,-4795.48465315305,3706.34523821476,0.935914335316127,-4.53576338471784,-6.46319008242521,general_trajectory
1596.45718823163,2316.70872699462,-4800.01691969186,3699.87933941438,0.932537367178561,-4.52876857826587,-6.46860595259692,general_trajectory
1597.45718823163,2317.63957529501,-4804.54218808212,3693.40802944256,0.929159001066486,-4.52176708944946,-6.47401242380289,general_trajectory
1598.45718823163,2318.56704453254,-4809.06045164697,3686.93131770272,0.925779242330624,-4.51475892927191,-6.47940948719129,general_trajectory
1599.45718823163,2319.49113331725,-4813.57170372055,3680.44921360708,0.922398096324639,-4.50774410874965,-6.48479713392728,general_trajectory
1600.45718823163,2320.41184026456,-4818.07593764805,3673.96172657666,0.919015568405098,-4.50072263891218,-6.49017535519315,general_trajectory
1601.45718823163,2321.32916399521,-4822.57314678563,3667.46886604142,0.915631663931542,-4.49369453080223,-6.49554414218812,general_trajectory
1602.45718823163,2322.24310313535,-4827.06332450057,3660.97064143998,0.912246388266355,-4.48665979547547,-6.50090348612863,general_trajectory
1603.45718823163,2323.15365631647,-4831.54646417119,3654.46706221978,0.908859746774827,-4.47961844400064,-6.50625337824821,general_trajectory
1604.45718823163,2324.06082217542,-4836.02255918688,3647.95813783701,0.905471744825128,-4.47257048745951,-6.51159380979752,general_trajectory
1605.45718823164,2324.96459935443,-4840.49160294814,3641.44387775659,0.902082387788268,-4.46551593694682,-6.51692477204443,general_trajectory
1606.45718823164,2325.86498650109,-4844.95358886651,3634.92429145224,0.898691681038169,-4.45845480357036,-6.52224625627389,general_trajectory
1607.45718823163,2326.76198226839,-4849.40851036469,3628.39938840629,0.895299629951532,-4.45138709845079,-6.52755825378818,general_trajectory
1608.45718823163,2327.65558531467,-4853.85636087653,3621.8691781098,0.891906239907905,-4.44431283272168,-6.53286075590677,general_trajectory
1609.45718823163,2328.54579430368,-4858.29713384698,3615.3336700625,0.888511516289647,-4.43723201752953,-6.53815375396642,general_trajectory
1610.45718823164,2329.43260790453,-4862.73082273217,3608.79287377274,0.8851154644819,-4.43014466403366,-6.54343723932116,general_trajectory
1611.45718823164,2330.31602479171,-4867.15742099935,3602.24679875761,0.881718089872652,-4.42305078340634,-6.54871120334227,general_trajectory
1612.45718823164,2331.19604364514,-4871.576922127,3595.69545454271,0.878319397852607,-4.41595038683255,-6.55397563741844,general_trajectory
1613.45718823164,2332.07266315008,-4875.98931960476,3589.1388506623,0.874919393815253,-4.40884348551009,-6.55923053295569,general_trajectory
1614.45718823164,2332.94588199723,-4880.3946069335,3582.57699665918,0.871518083156827,-4.40173009064956,-6.56447588137742,general_trajectory
1615.45718823164,2333.81569888266,-4884.79277762531,3576.00990208474,0.868115471276285,-4.39461021347421,-6.56971167412444,general_trajectory
1616.45718823164,2334.68211250784,-4889.18382520344,3569.43757649898,0.864711563575364,-4.38748386522018,-6.57493790265492,general_trajectory
1617.45718823164,2335.54512157967,-4893.56774320247,3562.86002947035,0.861306365458458,-4.38035105713614,-6.58015455844455,general_trajectory
1618.45718823164,2336.40472481042,-4897.94452516818,3556.27727057585,0.857899882332676,-4.37321180048348,-6.58536163298646,general_trajectory
1619.45718823164,2337.2609209178,-4902.31416465766,3549.68930940097,0.854492119607817,-4.36606610653623,-6.59055911779128,general_trajectory
1620.45718823164,2338.11370862491,-4906.67665523927,3543.09615553964,0.851083082696332,-4.35891398658101,-6.59574700438718,general_trajectory
1621.45718823164,2338.96308666027,-4911.03199049261,3536.49781859439,0.847672777013393,-4.35175545191711,-6.60092528431978,general_trajectory
1622.45718823164,2339.80905375782,-4915.38016400863,3529.89430817604,0.844261207976761,-4.3445905138563,-6.60609394915234,general_trajectory
1623.45718823164,2340.65160865691,-4919.72116938962,3523.28563390393,0.840848381006854,-4.3374191837229,-6.61125299046568,general_trajectory
1624.45718823164,2341.49075010233,-4924.05500024916,3516.67180540576,0.83743430152671,-4.33024147285377,-6.61640239985824,general_trajectory
1625.45718823165,2342.32647684427,-4928.38165021222,3510.05283231762,0.834018974961959,-4.32305739259817,-6.62154216894609,general_trajectory
1626.45718823164,2343.15878763837,-4932.70111291504,3503.42872428407,0.830602406740886,-4.31586695431799,-6.62667228936287,general_trajectory
1627.45718823164,2343.98768124568,-4937.0133820053,3496.79949095791,0.827184602294303,-4.3086701693874,-6.63179275276,general_trajectory
1628.45718823164,2344.81315643269,-4941.31845114205,3490.16514200034,0.823765567055612,-4.30146704919303,-6.63690355080655,general_trajectory
1629.45718823164,2345.63521197134,-4945.61631399572,3483.52568708086,0.820345306460775,-4.29425760513387,-6.6420046751893,general_trajectory
1630.45718823165,2346.45384663898,-4949.90696424819,3476.88113587725,0.816923825948278,-4.28704184862126,-6.64709611761281,general_trajectory
1631.45718823165,2347.26905921841,-4954.19039559264,3470.23149807569,0.8135011309592,-4.27981979107897,-6.65217786979932,general_trajectory
1632.45718823165,2348.08084849789,-4958.46660173381,3463.57678337049,0.810077226937081,-4.27259144394294,-6.65724992348892,general_trajectory
1633.45718823165,2348.88921327109,-4962.73557638781,3456.9170014643,0.806652119327988,-4.26535681866144,-6.6623122704395,general_trajectory
1634.45718823164,2349.69415233716,-4966.99731328223,3450.25216206795,0.803225813580483,-4.25811592669499,-6.66736490242676,general_trajectory
1635.45718823165,2350.49566450069,-4971.25180615614,3443.58227490047,0.799798315145587,-4.25086877951628,-6.67240781124429,general_trajectory
1636.45718823165,2351.29374857171,-4975.49904876004,3436.90734968922,0.79636962947685,-4.24361538861034,-6.67744098870346,general_trajectory
1637.45718823165,2352.08840336572,-4979.73903485595,3430.22739616958,0.792939762030219,-4.23635576547423,-6.68246442663361,general_trajectory
1638.45718823165,2352.87962770366,-4983.97175821741,3423.54242408519,0.789508718264103,-4.2290899216172,-6.687478116882,general_trajectory
1639.45718823165,2353.66742041196,-4988.19721262944,3416.85244318777,0.786076503639339,-4.22181786856062,-6.69248205131379,general_trajectory
1640.45718823165,2354.45178032248,-4992.41539188866,3410.15746323717,0.782643123619161,-4.21453961783791,-6.69747622181214,general_trajectory
1641.45718823165,2355.23270627256,-4996.6262898031,3403.45749400146,0.779208583669268,-4.20725518099466,-6.70246062027811,general_trajectory
1642.45718823165,2356.010197105,-5000.82990019245,3396.75254525667,0.775772889257687,-4.19996456958839,-6.70743523863084,general_trajectory
1643.45718823165,2356.78425166807,-5005.02621688794,3390.04262678693,0.772336045854845,-4.19266779518867,-6.71240006880747,general_trajectory
1644.45718823165,2357.55486881553,-5009.21523373235,3383.32774838447,0.768898058933531,-4.18536486937705,-6.71735510276319,general_trajectory
1645.45718823165,2358.3220474066,-5013.3969445801,3376.60791984946,0.765458933968868,-4.178055803747,-6.72230033247127,general_trajectory
1646.45718823165,2359.08578630595,-5017.57134329713,3369.88315099025,0.762018676438374,-4.17074060990403,-6.72723574992299,general_trajectory
1647.45718823165,2359.84608438378,-5021.73842376104,3363.15345162304,0.758577291821836,-4.16341929946544,-6.73216134712783,general_trajectory
1648.45718823165,2360.60294051573,-5025.89817986106,3356.41883157207,0.75513478560137,-4.15609188406046,-6.73707711611335,general_trajectory
1649.45718823165,2361.35635358294,-5030.05060549805,3349.67930066955,0.751691163261393,-4.14875837533012,-6.7419830489253,general_trajectory
1650.45718823166,2362.10632247204,-5034.19569458452,3342.93486875557,0.748246430288588,-4.14141878492729,-6.74687913762758,general_trajectory
1651.45718823166,2362.85284607514,-5038.33344104459,3336.18554567827,0.744800592171969,-4.13407312451672,-6.75176537430224,general_trajectory
1652.45718823165,2363.59592328983,-5042.4638388141,3329.43134129361,0.741353654402751,-4.12672140577481,-6.75664175104962,general_trajectory
1653.45718823165,2364.33555301922,-5046.58688184058,3322.67226546545,0.737905622474418,-4.11936364038974,-6.76150825998824,general_trajectory
1654.45718823165,2365.07173417189,-5050.70256408323,3315.90832806554,0.734456501882683,-4.11199984006141,-6.76636489325491,general_trajectory
1655.45718823165,2365.80446566193,-5054.81087951295,3309.13953897346,0.731006298125483,-4.10463001650141,-6.77121164300471,general_trajectory
1656.45718823166,2366.53374640893,-5058.91182211241,3302.36590807661,0.727555016702941,-4.09725418143292,-6.77604850141102,general_trajectory
1657.45718823166,2367.25957533795,-5063.00538587591,3295.58744527033,0.724102663117432,-4.08987234659089,-6.78087546066549,general_trajectory
1658.45718823166,2367.98195137961,-5067.09156480958,3288.80416045761,0.720649242873456,-4.08248452372177,-6.78569251297816,general_trajectory
1659.45718823166,2368.70087346998,-5071.17035293126,3282.01606354928,0.717194761477696,-4.07509072458358,-6.79049965057743,general_trajectory
1660.45718823165,2369.41634055068,-5075.24174427057,3275.22316446395,0.713739224438995,-4.06769096094592,-6.79529686571006,general_trajectory
1661.45718823166,2370.12835156882,-5079.30573286893,3268.4254731279,0.710282637268311,-4.06028524458986,-6.80008415064124,general_trajectory
1662.45718823166,2370.83690547701,-5083.36231277946,3261.62299947528,0.706825005478795,-4.05287358730809,-6.80486149765451,general_trajectory
1663.45718823166,2371.54200123341,-5087.41147806717,3254.81575344781,0.70336633458565,-4.04545600090464,-6.80962889905193,general_trajectory
1664.45718823166,2372.24363780166,-5091.45322280883,3248.00374499495,0.699906630106202,-4.038032497195,-6.81438634715397,general_trajectory
1665.45718823166,2372.94181415093,-5095.48754109306,3241.18698407383,0.696445897559864,-4.03060308800609,-6.81913383429962,general_trajectory
1666.45718823166,2373.63652925593,-5099.51442702031,3234.36548064919,0.692984142468106,-4.02316778517616,-6.82387135284637,general_trajectory
1667.45718823166,2374.32778209686,-5103.53387470283,3227.53924469351,0.689521370354517,-4.01572660055495,-6.82859889517016,general_trajectory
1668.45718823166,2375.01557165947,-5107.54587826477,3220.7082861868,0.686057586744676,-4.00827954600337,-6.83331645366556,general_trajectory
1669.45718823166,2375.69989693503,-5111.55043184215,3213.87261511666,0.682592797166218,-4.0008266333937,-6.83802402074565,general_trajectory
1670.45718823166,2376.38075692032,-5115.54752958283,3207.03224147831,0.679127007148799,-3.99336787460948,-6.84272158884213,general_trajectory
1671.45718823166,2377.05815061769,-5119.53716564662,3200.18717527446,0.675660222224063,-3.98590328154543,-6.8474091504053,general_trajectory
1672.45718823166,2377.73207703498,-5123.51933420515,3193.33742651549,0.67219244792571,-3.97843286610764,-6.85208669790399,general_trajectory
1673.45718823166,2378.4025351856,-5127.49402944201,3186.48300521919,0.668723689789362,-3.97095664021323,-6.85675422382579,general_trajectory
1674.45718823166,2379.06952408846,-5131.46124555272,3179.62392141087,0.665253953352629,-3.96347461579054,-6.8614117206769,general_trajectory
1675.45718823166,2379.73304276805,-5135.42097674473,3172.76018512336,0.661783244155076,-3.95598680477902,-6.86605918098219,general_trajectory
1676.45718823167,2380.39309025437,-5139.37321723742,3165.89180639688,0.658311567738191,-3.94849321912919,-6.87069659728527,general_trajectory
1677.45718823167,2381.04966558297,-5143.31796126211,3159.01879527924,0.65483892964545,-3.94099387080276,-6.8753239621484,general_trajectory
1678.45718823167,2381.70276779495,-5147.25520306212,3152.14116182555,0.651365335422183,-3.93348877177237,-6.87994126815264,general_trajectory
1679.45718823166,2382.35239593695,-5151.18493689274,3145.25891609836,0.647890790615644,-3.9259779340217,-6.88454850789779,general_trajectory
1680.45718823166,2382.99854906117,-5155.10715702125,3138.37206816764,0.644415300774973,-3.91846136954541,-6.88914567400242,general_trajectory
1681.45718823167,2383.64122622534,-5159.02185772694,3131.48062811066,0.640938871451167,-3.91093909034911,-6.89373275910393,general_trajectory
1682.45718823167,2384.28042649276,-5162.92903330106,3124.58460601219,0.637461508197141,-3.90341110844942,-6.89830975585845,general_trajectory
1683.45718823167,2384.91614893228,-5166.82867804694,3117.68401196418,0.633983216567603,-3.89587743587378,-6.90287665694102,general_trajectory
1684.45718823167,2385.54839261829,-5170.72078627993,3110.77885606597,0.630504002119113,-3.8883380846605,-6.90743345504554,general_trajectory
1685.45718823167,2386.17715663076,-5174.6053523274,3103.86914842419,0.627023870410051,-3.88079306685876,-6.91198014288473,general_trajectory
1686.45718823167,2386.80244005521,-5178.48237052882,3096.95489915269,0.623542827000588,-3.8732423945285,-6.91651671319027,general_trajectory
1687.45718823167,2387.42424198272,-5182.35183523565,3090.03611837271,0.620060877452746,-3.86568607974059,-6.92104315871266,general_trajectory
1688.45718823167,2388.04256150992,-5186.2137408115,3083.11281621261,0.61657802733027,-3.85812413457651,-6.92555947222139,general_trajectory
1689.45718823167,2388.65739773904,-5190.06808163204,3076.18500280801,0.613094282198692,-3.8505565711285,-6.93006564650489,general_trajectory
1690.45718823167,2389.26874977784,-5193.91485208503,3069.25268830175,0.609609647625297,-3.84298340149954,-6.93456167437056,general_trajectory
1691.45718823167,2389.87661673967,-5197.75404657036,3062.31588284377,0.606124129179091,-3.8354046378032,-6.9390475486448,general_trajectory
1692.45718823167,2390.48099774343,-5201.5856595,3055.37459659134,0.602637732430868,-3.82782029216383,-6.94352326217294,general_trajectory
1693.45718823167,2391.08189191362,-5205.40968529808,3048.42883970873,0.599150462953073,-3.82023037671626,-6.94798880781941,general_trajectory
1694.45718823167,2391.67929838029,-5209.22611840087,3041.47862236738,0.595662326319873,-3.81263490360597,-6.95244417846765,general_trajectory
1695.45718823167,2392.27321627907,-5213.03495325679,3034.52395474584,0.592173328107121,-3.80503388498894,-6.95688936702017,general_trajectory
1696.45718823168,2392.86364475117,-5216.83618432642,3027.5648470297,0.588683473892322,-3.79742733303169,-6.96132436639857,general_trajectory
1697.45718823167,2393.45058294338,-5220.62980608248,3020.60130941176,0.5851927692547,-3.78981525991134,-6.96574916954348,general_trajectory
1698.45718823167,2394.03403000807,-5224.41581300991,3013.63335209172,0.581701219775067,-3.78219767781533,-6.97016376941471,general_trajectory
1699.45718823167,2394.61398510318,-5228.19419960584,3006.66098527637,0.578208831035884,-3.7745745989416,-6.97456815899118,general_trajectory
1700.45718823167,2395.19044739224,-5231.9649603796,2999.68421917951,0.574715608621234,-3.76694603549849,-6.97896233127096,general_trajectory
1701.45718823168,2395.76341604439,-5235.72808985274,2992.70306402189,0.571221558116782,-3.75931199970468,-6.98334627927132,general_trajectory
1702.45718823168,2396.33289023431,-5239.48358255899,2985.71753003135,0.567726685109846,-3.75167250378933,-6.98771999602863,general_trajectory
1703.45718823168,2396.89886914231,-5243.23143304435,2978.72762744257,0.564230995189263,-3.74402755999177,-6.99208347459854,general_trajectory
1704.45718823168,2397.46135195425,-5246.97163586709,2971.7333664972,0.560734493945452,-3.7363771805617,-6.9964367080559,general_trajectory
1705.45718823167,2398.02033786162,-5250.70418559768,2964.73475744381,0.557237186970384,-3.72872137775903,-7.0007796894948,general_trajectory
1706.45718823168,2398.57582606148,-5254.42907681892,2957.73181053782,0.553739079857547,-3.7210601638539,-7.0051124120286,general_trajectory
1707.45718823168,2399.12781575649,-5258.1463041258,2950.72453604165,0.550240178202013,-3.71339355112677,-7.00943486878987,general_trajectory
1708.45718823168,2399.6763061549,-5261.85586212566,2943.71294422445,0.546740487600302,-3.70572155186812,-7.01374705293055,general_trajectory
1709.45718823168,2400.22129647057,-5265.55774543812,2936.69704536228,0.543240013650452,-3.69804417837864,-7.01804895762185,general_trajectory
1710.45718823168,2400.76278592295,-5269.2519486951,2929.67684973797,0.539738761951983,-3.69036144296912,-7.02234057605432,general_trajectory
1711.45718823168,2401.30077373709,-5272.93846654087,2922.65236764116,0.536236738105865,-3.6826733579604,-7.02662190143786,general_trajectory
1712.45718823168,2401.83525914365,-5276.61729363195,2915.62360936834,0.532733947714582,-3.67497993568348,-7.03089292700169,general_trajectory
1713.45718823168,2402.36624137888,-5280.28842463726,2908.59058522269,0.529230396382,-3.66728118847928,-7.03515364599444,general_trajectory
1714.45718823168,2402.89371968464,-5283.95185423804,2901.55330551413,0.525726089713432,-3.65957712869873,-7.03940405168414,general_trajectory
1715.45718823168,2403.41769330839,-5287.60757712791,2894.51178055933,0.522221033315608,-3.65186776870274,-7.04364413735823,general_trajectory
1716.45718823168,2403.93816150322,-5291.25558801283,2887.46602068166,0.518715232796657,-3.64415312086214,-7.04787389632357,general_trajectory
1717.45718823168,2404.45512352782,-5294.89588161116,2880.41603621112,0.515208693766075,-3.63643319755764,-7.05209332190649,general_trajectory
1718.45718823168,2404.96857864646,-5298.5284526536,2873.3618374845,0.51170142183479,-3.62870801117993,-7.05630240745271,general_trajectory
1719.45718823168,2405.47852612906,-5302.15329588329,2866.30343484511,0.508193422615033,-3.62097757412942,-7.06050114632751,general_trajectory
1720.45718823168,2405.98496525113,-5305.77040605577,2859.24083864295,0.504684701720397,-3.61324189881637,-7.06468953191565,general_trajectory
1721.45718823168,2406.48789529381,-5309.37977793898,2852.17405923458,0.501175264765811,-3.60550099766085,-7.06886755762137,general_trajectory
1722.45718823169,2406.98731554385,-5312.9814063133,2845.10310698316,0.4976651173675,-3.5977548830926,-7.07303521686849,general_trajectory
1723.45718823169,2407.48322529361,-5316.57528597152,2838.02799225849,0.494154265143053,-3.59000356755124,-7.07719250310031,general_trajectory
1724.45718823168,2407.97562384107,-5320.16141171889,2830.94872543682,0.490642713711293,-3.58224706348593,-7.08133940977975,general_trajectory
1725.45718823168,2408.46451048983,-5323.73977837313,2823.86531690096,0.487130468692338,-3.57448538335556,-7.08547593038928,general_trajectory
1726.45718823168,2408.94988454913,-5327.3103807644,2816.77777704024,0.48361753570757,-3.56671853962863,-7.08960205843099,general_trajectory
1727.45718823169,2409.4317453338,-5330.87321373536,2809.68611625042,0.480103920379602,-3.5589465447832,-7.09371778742657,general_trajectory
1728.45718823169,2409.91009216432,-5334.42827214111,2802.59034493386,0.476589628332342,-3.55116941130704,-7.09782311091729,general_trajectory
1729.45718823169,2410.38492436677,-5337.97555084926,2795.49047349924,0.47307466519086,-3.54338715169733,-7.10191802246414,general_trajectory
1730.45718823169,2410.85624127287,-5341.51504473995,2788.38651236173,0.469559036581455,-3.53559977846078,-7.10600251564774,general_trajectory
1731.45718823169,2411.32404221998,-5345.04674870581,2781.27847194288,0.466042748131622,-3.52780730411361,-7.11007658406836,general_trajectory
1732.45718823169,2411.78832655107,-5348.570657652,2774.16636267061,0.462525805470014,-3.52000974118142,-7.11414022134603,general_trajectory
1733.45718823169,2412.24909361473,-5352.08676649617,2767.05019497932,0.459008214226516,-3.51220710219938,-7.11819342112039,general_trajectory
1734.45718823169,2412.7063427652,-5355.59507016856,2759.92997930966,0.455489980032101,-3.50439939971189,-7.12223617705088,general_trajectory
1735.45718823169,2413.16007336235,-5359.09556361194,2752.80572610862,0.451971108518906,-3.49658664627278,-7.12626848281664,general_trajectory
1736.45718823169,2413.61028477168,-5362.58824178164,2745.67744582953,0.448451605320191,-3.48876885444518,-7.1302903321166,general_trajectory
1737.45718823169,2414.05697636431,-5366.07309964557,2738.54514893194,0.444931476070311,-3.48094603680148,-7.13430171866945,general_trajectory
1738.45718823169,2414.50014751702,-5369.55013218418,2731.40884588183,0.441410726404777,-3.47311820592347,-7.13830263621362,general_trajectory
1739.45718823169,2414.9397976122,-5373.01933439053,2724.26854715127,0.437889361960126,-3.46528537440204,-7.14229307850738,general_trajectory
1740.45718823169,2415.37592603789,-5376.48070127029,2717.12426321864,0.434367388373983,-3.45744755483732,-7.14627303932883,general_trajectory
1741.45718823169,2415.80853218778,-5379.93422784172,2709.97600456852,0.430844811285033,-3.44960475983862,-7.15024251247588,general_trajectory
1742.45718823169,2416.23761546117,-5383.37990913571,2702.82378169161,0.427321636332984,-3.44175700202435,-7.15420149176631,general_trajectory
1743.45718823169,2416.66317526304,-5386.81774019572,2695.66760508496,0.42379786915863,-3.43390429402214,-7.15814997103771,general_trajectory
1744.45718823169,2417.08521100396,-5390.2477160779,2688.5074852516,0.420273515403724,-3.42604664846859,-7.16208794414759,general_trajectory
1745.45718823169,2417.5037221002,-5393.66983185102,2681.34343270077,0.416748580711039,-3.41818407800939,-7.16601540497336,general_trajectory
1746.45718823169,2417.91870797362,-5397.0840825965,2674.1754579478,0.413223070724335,-3.41031659529923,-7.16993234741231,general_trajectory
1747.4571882317,2418.33016805176,-5400.49046340844,2667.00357151407,0.409696991088327,-3.40244421300176,-7.17383876538169,general_trajectory
1748.4571882317,2418.7381017678,-5403.88896939355,2659.82778392718,0.406170347448751,-3.39456694378971,-7.17773465281861,general_trajectory
1749.4571882317,2419.14250856054,-5407.27959567127,2652.64810572064,0.402643145452226,-3.38668480034458,-7.18162000368021,general_trajectory
1750.45718823169,2419.54338787446,-5410.66233737372,2645.46454743403,0.399115390746327,-3.37879779535686,-7.18549481194357,general_trajectory
1751.45718823169,2419.94073915968,-5414.0371896457,2638.27711961296,0.395587088979545,-3.37090594152584,-7.18935907160574,general_trajectory
1752.4571882317,2420.33456187195,-5417.40414764474,2631.08583280898,0.392058245801257,-3.36300925155963,-7.19321277668381,general_trajectory
1753.4571882317,2420.7248554727,-5420.76320654102,2623.89069757974,0.388528866861789,-3.35510773817527,-7.19705592121479,general_trajectory
1754.4571882317,2421.11161942897,-5424.11436151752,2616.69172448872,0.384998957812286,-3.34720141409843,-7.2008884992558,general_trajectory
1755.4571882317,2421.4948532135,-5427.4576077699,2609.48892410538,0.381468524304775,-3.33929029206355,-7.20471050488396,general_trajectory
1756.4571882317,2421.87455630465,-5430.79294050657,2602.28230700507,0.377937571992132,-3.33137438481379,-7.20852193219646,general_trajectory
1757.4571882317,2422.25072818644,-5434.12035494872,2595.07188376902,0.374406106528049,-3.32345370510093,-7.21232277531057,general_trajectory
1758.4571882317,2422.62336834854,-5437.43984633022,2587.85766498444,0.370874133567098,-3.31552826568553,-7.21611302836356,general_trajectory
1759.4571882317,2422.99247628629,-5440.75140989777,2580.63966124427,0.3673416587646,-3.30759807933663,-7.2198926855129,general_trajectory
1760.4571882317,2423.35805150067,-5444.05504091084,2573.41788314733,0.363808687776688,-3.29966315883188,-7.22366174093611,general_trajectory
1761.4571882317,2423.72009349833,-5447.35073464164,2566.19234129825,0.360275226260277,-3.29172351695748,-7.22742018883084,general_trajectory
1762.4571882317,2424.07860179157,-5450.63848637524,2558.96304630741,0.356741279873024,-3.28377916650812,-7.23116802341493,general_trajectory
1763.4571882317,2424.43357589834,-5453.91829140942,2551.73000879108,0.353206854273403,-3.27583012028708,-7.23490523892626,general_trajectory
1764.4571882317,2424.78501534227,-5457.19014505482,2544.49323937117,0.349671955120562,-3.26787639110599,-7.23863182962297,general_trajectory
1765.4571882317,2425.13291965262,-5460.45404263491,2537.25274867536,0.346136588074394,-3.25991799178491,-7.24234778978335,general_trajectory
1766.4571882317,2425.47728836434,-5463.70997948595,2530.00854733703,0.342600758795503,-3.25195493515232,-7.24605311370587,general_trajectory
1767.4571882317,2425.81812101802,-5466.95795095705,2522.76064599527,0.339064472945188,-3.24398723404503,-7.24974779570923,general_trajectory
1768.45718823171,2426.15541715993,-5470.19795241018,2515.50905529477,0.335527736185412,-3.23601490130816,-7.25343183013234,general_trajectory
1769.4571882317,2426.48917634198,-5473.42997922009,2508.25378588604,0.331990554178865,-3.22803794979525,-7.2571052113343,general_trajectory
1770.4571882317,2426.81939812176,-5476.65402677446,2500.99484842506,0.328452932588832,-3.22005639236794,-7.26076793369451,general_trajectory
1771.4571882317,2427.14608206251,-5479.8700904738,2493.73225357348,0.324914877079259,-3.21207024189618,-7.2644199916126,general_trajectory
1772.4571882317,2427.46922773316,-5483.07816573152,2486.46601199852,0.321376393314717,-3.2040795112581,-7.2680613795085,general_trajectory
1773.45718823171,2427.78883470828,-5486.27824797391,2479.19613437296,0.317837486960372,-3.19608421333997,-7.2716920918224,general_trajectory
1774.45718823171,2428.10490256811,-5489.47033264009,2471.92263137522,0.314298163682048,-3.1880843610363,-7.27531212301477,general_trajectory
1775.45718823171,2428.41743089856,-5492.65441518215,2464.64551368915,0.310758429146092,-3.18007996724959,-7.27892146756643,general_trajectory
1776.45718823171,2428.7264192912,-5495.83049106506,2457.36479200414,0.307218289019445,-3.17207104489046,-7.28252011997849,general_trajectory
1777.4571882317,2429.03186734329,-5498.99855576671,2450.08047701508,0.303677748969602,-3.16405760687754,-7.28610807477243,general_trajectory
1778.45718823171,2429.33377465773,-5502.15860477792,2442.79257942226,0.300136814664583,-3.15603966613745,-7.28968532649008,general_trajectory
1779.45718823171,2429.63214084309,-5505.3106336024,2435.50110993157,0.296595491772997,-3.14801723560491,-7.29325186969356,general_trajectory
1780.45718823171,2429.92696551363,-5508.45463775684,2428.2060792542,0.293053785963908,-3.13999032822245,-7.29680769896544,general_trajectory
1781.45718823171,2430.21824828927,-5511.59061277087,2420.90749810676,0.2895117029069,-3.13195895694055,-7.30035280890865,general_trajectory
1782.45718823171,2430.50598879559,-5514.71855418707,2413.60537721129,0.285969248272045,-3.12392313471757,-7.30388719414652,general_trajectory
1783.45718823171,2430.79018666385,-5517.83845756099,2406.29972729512,0.282426427729869,-3.11588287451967,-7.30741084932282,general_trajectory
1784.45718823171,2431.07084153097,-5520.95031846112,2398.99055909108,0.278883246951417,-3.10783818932097,-7.31092376910166,general_trajectory
1785.45718823171,2431.34795303956,-5524.05413246896,2391.67788333717,0.275339711608118,-3.09978909210322,-7.31442594816768,general_trajectory
1786.45718823171,2431.62152083789,-5527.14989517898,2384.36171077676,0.271795827371856,-3.09173559585597,-7.31791738122591,general_trajectory
1787.45718823171,2431.8915445799,-5530.23760219866,2377.04205215849,0.268251599914927,-3.0836777135765,-7.32139806300187,general_trajectory
1788.45718823171,2432.1580239252,-5533.31724914847,2369.71891823623,0.264707034910016,-3.07561545826971,-7.32486798824156,general_trajectory
1789.45718823171,2432.42095853909,-5536.38883166187,2362.39231976923,0.261162138030254,-3.06754884294829,-7.32832715171139,general_trajectory
1790.45718823171,2432.68034809253,-5539.45234538537,2355.06226752182,0.257616914949089,-3.05947788063244,-7.33177554819835,general_trajectory
1791.45718823171,2432.93619226215,-5542.50778597848,2347.72877226357,0.254071371340352,-3.05140258434996,-7.3352131725099,general_trajectory
1792.45718823171,2433.18849073026,-5545.55514911375,2340.39184476926,0.250525512878218,-3.04332296713622,-7.33864001947403,general_trajectory
1793.45718823172,2433.43724318485,-5548.5944304768,2333.05149581876,0.246979345237178,-3.03523904203407,-7.34205608393927,general_trajectory
1794.45718823172,2433.68244931957,-5551.62562576622,2325.70773619722,0.243432874092105,-3.02715082209399,-7.34546136077463,general_trajectory
1795.45718823171,2433.92410883375,-5554.64873069372,2318.3605766948,0.239886105118113,-3.01905832037377,-7.34885584486976,general_trajectory
1796.45718823171,2434.16222143242,-5557.66374098406,2311.01002810677,0.236339043990632,-3.01096154993867,-7.35223953113482,general_trajectory
1797.45718823171,2434.39678682624,-5560.67065237505,2303.65610123351,0.232791696385367,-3.00286052386135,-7.35561241450057,general_trajectory
1798.45718823172,2434.62780473159,-5563.66946061761,2296.29880688039,0.229244067978268,-2.99475525522179,-7.35897448991836,general_trajectory
1799.45718823172,2434.85527487049,-5566.66016147568,2288.93815585796,0.225696164445596,-2.98664575710742,-7.36232575236009,general_trajectory
1800.45718823172,2435.07919697066,-5569.64275072636,2281.57415898167,0.222147991463786,-2.97853204261285,-7.36566619681834,general_trajectory
1801.45718823172,2435.29957076549,-5572.61722415981,2274.20682707199,0.218599554709517,-2.97041412483997,-7.36899581830625,general_trajectory
1802.45718823172,2435.51639599405,-5575.58357757931,2266.83617095438,0.215050859859674,-2.96229201689792,-7.37231461185765,general_trajectory
1803.45718823172,2435.72967240107,-5578.54180680127,2259.46220145921,0.211501912591318,-2.95416573190298,-7.37562257252698,general_trajectory
1804.45718823172,2435.93939973699,-5581.49190765515,2252.0849294219,0.207952718581749,-2.94603528297874,-7.3789196953893,general_trajectory
1805.45718823172,2436.14557775788,-5584.43387598362,2244.70436568268,0.204403283508372,-2.93790068325578,-7.3822059755404,general_trajectory
1806.45718823172,2436.34820622554,-5587.36770764244,2237.32052108669,0.200853613048767,-2.92976194587183,-7.38548140809671,general_trajectory
1807.45718823172,2436.54728490741,-5590.29339850052,2229.93340648398,0.19730371288065,-2.92161908397167,-7.38874598819533,general_trajectory
1808.45718823172,2436.74281357663,-5593.21094443994,2222.54303272937,0.193753588681842,-2.91347211070709,-7.39199971099412,general_trajectory
1809.45718823172,2436.93479201199,-5596.12034135588,2215.14941068267,0.190203246130334,-2.90532103923701,-7.39524257167155,general_trajectory
1810.45718823172,2437.12321999799,-5599.02158515673,2207.75255120835,0.186652690904154,-2.89716588272716,-7.39847456542689,general_trajectory
1811.45718823172,2437.3080973248,-5601.91467176404,2200.35246517572,0.183101928681431,-2.88900665435027,-7.40169568748008,general_trajectory
1812.45718823172,2437.48942378825,-5604.79959711253,2192.94916345888,0.179550965140364,-2.88084336728598,-7.40490593307184,general_trajectory
1813.45718823173,2437.66719918987,-5607.67635715012,2185.54265693662,0.175999805959184,-2.87267603472074,-7.40810529746364,general_trajectory
1814.45718823172,2437.84142333685,-5610.54494783788,2178.13295649256,0.172448456816225,-2.86450466984797,-7.41129377593764,general_trajectory
1815.45718823172,2438.01209604207,-5613.40536515011,2170.72007301496,0.168896923389786,-2.85632928586775,-7.41447136379684,general_trajectory
1816.45718823172,2438.17921712409,-5616.25760507431,2163.30401739674,0.165345211358199,-2.84814989598701,-7.41763805636498,general_trajectory
1817.45718823172,2438.34278640715,-5619.10166361119,2155.88480053555,0.161793326399795,-2.83996651341937,-7.42079384898661,general_trajectory
1818.45718823173,2438.50280372114,-5621.93753677468,2148.4624333336,0.158241274192868,-2.83177915138515,-7.42393873702708,general_trajectory
1819.45718823173,2438.65926890168,-5624.76522059189,2141.03692669786,0.154689060415743,-2.82358782311144,-7.42707271587249,general_trajectory
1820.45718823173,2438.81218179001,-5627.58471110323,2133.60829153979,0.151136690746644,-2.81539254183186,-7.43019578092983,general_trajectory
1821.45718823173,2438.9615422331,-5630.3960043623,2126.17653877547,0.147584170863755,-2.80719332078667,-7.43330792762686,general_trajectory
1822.45718823172,2439.10735008356,-5633.19909643596,2118.74167932552,0.14403150644519,-2.79899017322269,-7.43640915141222,general_trajectory
1823.45718823173,2439.2496051997,-5635.99398340433,2111.30372411509,0.140478703168956,-2.79078311239326,-7.43949944775537,general_trajectory
1824.45718823173,2439.38830744551,-5638.78066136075,2103.86268407396,0.136925766713024,-2.78257215155834,-7.44257881214661,general_trajectory
1825.45718823173,2439.52345669063,-5641.55912641186,2096.41857013629,0.133372702755189,-2.77435730398422,-7.44564724009714,general_trajectory
1826.45718823173,2439.65505281041,-5644.32937467756,2088.97139324075,0.129819516973141,-2.7661385829437,-7.44870472713899,general_trajectory
1827.45718823173,2439.78309568586,-5647.09140229102,2081.52116433047,0.126266215044426,-2.75791600171596,-7.45175126882512,general_trajectory
1828.45718823173,2439.90758520367,-5649.84520539869,2074.06789435304,0.122712802646439,-2.74968957358656,-7.45478686072934,general_trajectory
1829.45718823173,2440.02852125622,-5652.59078016033,2066.61159426038,0.119159285456382,-2.74145931184737,-7.45781149844639,general_trajectory
1830.45718823173,2440.14590374155,-5655.32812274896,2059.15227500897,0.115605669151339,-2.73322522979668,-7.46082517759186,general_trajectory
1831.45718823173,2440.25973256338,-5658.05722935092,2051.68994755952,0.112051959408131,-2.72498734073892,-7.46382789380234,general_trajectory
1832.45718823173,2440.37000763111,-5660.77809616587,2044.22462287713,0.108498161903394,-2.71674565798481,-7.46681964273529,general_trajectory
1833.45718823173,2440.47672885982,-5663.49071940676,2036.75631193126,0.104944282313536,-2.70850019485129,-7.46980042006911,general_trajectory
1834.45718823173,2440.57989617027,-5666.1950952999,2029.2850256956,0.101390326314706,-2.70025096466139,-7.47277022150319,general_trajectory
1835.45718823173,2440.67950948887,-5668.89122008485,2021.81077514828,0.0978362995828635,-2.69199798074444,-7.47572904275778,general_trajectory
1836.45718823173,2440.77556874775,-5671.57909001458,2014.33357127157,0.0942822077936386,-2.68374125643575,-7.47867687957417,general_trajectory
1837.45718823173,2440.86807388467,-5674.25870135537,2006.85342505203,0.0907280566224019,-2.67548080507673,-7.4816137277146,general_trajectory
1838.45718823173,2440.95702484309,-5676.93005038683,1999.37034748045,0.0871738517442297,-2.66721664001482,-7.48453958296226,general_trajectory
1839.45718823174,2441.04242157215,-5679.59313340196,1991.88434955177,0.0836195988338698,-2.65894877460344,-7.48745444112137,general_trajectory
1840.45718823173,2441.12426402664,-5682.24794670705,1984.39544226526,0.0800653035658082,-2.65067722220211,-7.49035829801708,general_trajectory
1841.45718823173,2441.20255216705,-5684.89448662182,1976.90363662422,0.0765109716141343,-2.64240199617616,-7.4932511494956,general_trajectory
1842.45718823173,2441.27728595953,-5687.53274947932,1969.40894363613,0.0729566086526075,-2.63412310989685,-7.49613299142412,general_trajectory
1843.45718823173,2441.34846537591,-5690.16273162598,1961.91137431261,0.0694022203546234,-2.62584057674133,-7.49900381969085,general_trajectory
1844.45718823174,2441.41609039369,-5692.78442942165,1954.4109396693,0.0658478123931792,-2.61755441009253,-7.50186363020505,general_trajectory
1845.45718823174,2441.48016099603,-5695.39783923948,1946.9076507261,0.0622933904409414,-2.60926462333933,-7.50471241889694,general_trajectory
1846.45718823174,2441.54067717179,-5698.00295746608,1939.40151850681,0.0587389601701096,-2.60097122987625,-7.50755018171787,general_trajectory
1847.45718823174,2441.59763891549,-5700.59978050146,1931.89255403931,0.0551845272524843,-2.59267424310357,-7.51037691464018,general_trajectory
1848.45718823173,2441.65104622731,-5703.18830475899,1924.38076835551,0.0516300973594326,-2.58437367642729,-7.51319261365729,general_trajectory
1849.45718823174,2441.70089911311,-5705.76852666549,1916.86617249126,0.0480756761618535,-2.57606954325904,-7.51599727478369,general_trajectory
1850.45718823174,2441.74719758442,-5708.34044266116,1909.34877748653,0.0445212693302459,-2.5677618570162,-7.51879089405489,general_trajectory
1851.45718823174,2441.78994165845,-5710.90404919964,1901.8285943851,0.0409668825345725,-2.55945063112164,-7.52157346752752,general_trajectory
1852.45718823174,2441.82913135806,-5713.45934274799,1894.30563423472,0.0374125214443272,-2.55113587900383,-7.5243449912793,general_trajectory
1853.45718823174,2441.86476671179,-5716.00631978671,1886.77990808709,0.0338581917285009,-2.54281761409678,-7.52710546140902,general_trajectory
1854.45718823174,2441.89684775386,-5718.54497680974,1879.25142699771,0.0303038990555474,-2.53449584983995,-7.52985487403659,general_trajectory
1855.45718823174,2441.92537452414,-5721.07531032443,1871.7202020261,0.0267496490934506,-2.52617059967842,-7.53259322530299,general_trajectory
1856.45718823174,2441.95034706818,-5723.59731685161,1864.18624423551,0.023195447509589,-2.51784187706254,-7.53532051137034,general_trajectory
1857.45718823174,2441.97176543718,-5726.11099292555,1856.64956469305,0.0196412999708029,-2.50950969544814,-7.53803672842188,general_trajectory
1858.45718823174,2441.98962968802,-5728.61633509399,1849.11017446962,0.0160872121433601,-2.50117406829639,-7.54074187266196,general_trajectory
1859.45718823174,2442.00393988326,-5731.11333991813,1841.56808463989,0.0125331896929222,-2.49283500907375,-7.5434359403161,general_trajectory
1860.45718823174,2442.01469609109,-5733.60200397262,1834.0233062824,0.00897923828461126,-2.48449253125213,-7.5461189276309,general_trajectory
1861.45718823174,2442.02189838539,-5736.08232384559,1826.47585047932,0.00542536358287482,-2.47614664830857,-7.54879083087415,general_trajectory
1862.45718823174,2442.02554684571,-5738.55429613868,1818.92572831659,0.00187157125155287,-2.46779737372535,-7.55145164633478,general_trajectory
1863.45718823174,2442.02564155724,-5741.01791746699,1811.37295088382,-0.00168213304615621,-2.45944472099,-7.55410137032288,general_trajectory
1864.45718823175,2442.02218261085,-5743.47318445912,1803.81752927429,-0.00523574364772975,-2.45108870359512,-7.55673999916972,general_trajectory
1865.45718823175,2442.01517010307,-5745.92009375714,1796.25947458505,-0.00878925489125361,-2.44272933503862,-7.55936752922769,general_trajectory
1866.45718823175,2442.00460413607,-5748.35864201664,1788.69879791665,-0.0123426611155575,-2.43436662882334,-7.56198395687042,general_trajectory
1867.45718823174,2441.99048481773,-5750.78882590673,1781.13551037333,-0.0158959566601479,-2.42600059845722,-7.56458927849268,general_trajectory
1868.45718823174,2441.97281226153,-5753.21064211001,1773.56962306288,-0.0194491358652419,-2.41763125745327,-7.56718349051046,general_trajectory
1869.45718823175,2441.95158658666,-5755.62408732261,1766.00114709666,-0.0230021930718015,-2.4092586193294,-7.56976658936094,general_trajectory
1870.45718823175,2441.92680791794,-5758.02915825414,1758.4300935897,-0.0265551226214665,-2.40088269760865,-7.57233857150247,general_trajectory
1871.45718823175,2441.89847638586,-5760.4258516278,1750.85647366041,-0.0301079188566895,-2.39250350581883,-7.57489943341463,general_trajectory
1872.45718823175,2441.86659212655,-5762.81416418027,1743.28029843079,-0.0336605761206688,-2.38412105749271,-7.57744917159823,general_trajectory
1873.45718823175,2441.83115528183,-5765.19409266178,1735.70157902629,-0.0372130887573827,-2.3757353661679,-7.57998778257527,general_trajectory
1874.45718823175,2441.79216599913,-5767.56563383613,1728.12032657582,-0.0407654511116231,-2.36734644538678,-7.582515262889,general_trajectory
1875.45718823175,2441.74962443158,-5769.92878448059,1720.53655221185,-0.0443176575289288,-2.35895430869669,-7.58503160910386,general_trajectory
1876.45718823175,2441.70353073794,-5772.28354138606,1712.95026707013,-0.0478697023557205,-2.35055896964956,-7.58753681780556,general_trajectory
1877.45718823175,2441.65388508262,-5774.62990135696,1705.36148228988,-0.0514215799392333,-2.3421604418021,-7.59003088560104,general_trajectory
1878.45718823175,2441.60068763569,-5776.96786121125,1697.7702090137,-0.0549732846275515,-2.33375873871571,-7.59251380911849,general_trajectory
1879.45718823175,2441.54393857288,-5779.2974177805,1690.17645838753,-0.0585248107696214,-2.32535387395644,-7.59498558500733,general_trajectory
1880.45718823175,2441.48363807555,-5781.61856790981,1682.58024156064,-0.0620761527152862,-2.31694586109492,-7.59744620993828,general_trajectory
1881.45718823175,2441.41978633073,-5783.93130845785,1674.98156968571,-0.0656273048152182,-2.30853471370649,-7.59989568060325,general_trajectory
1882.45718823175,2441.35238353108,-5786.2356362969,1667.38045391863,-0.0691782614210541,-2.30012044537092,-7.60233399371549,general_trajectory
1883.45718823175,2441.28142987493,-5788.5315483128,1659.77690541857,-0.0727290168853281,-2.29170306967255,-7.60476114600946,general_trajectory
1884.45718823175,2441.20692556624,-5790.81904140499,1652.17093534797,-0.0762795655615055,-2.28328260020017,-7.60717713424094,general_trajectory
1885.45718823175,2441.12887081462,-5793.09811248649,1644.56255487248,-0.0798299018040167,-2.27485905054701,-7.60958195518698,general_trajectory
1886.45718823175,2441.04726583533,-5795.3687584839,1636.95177516106,-0.0833800199681905,-2.26643243431084,-7.61197560564589,general_trajectory
1887.45718823175,2440.96211084926,-5797.63097633745,1629.33860738576,-0.0869299144103883,-2.25800276509368,-7.61435808243728,general_trajectory
1888.45718823175,2440.87340608296,-5799.88476300096,1621.72306272181,-0.0904795794879378,-2.24957005650193,-7.61672938240206,general_trajectory
1889.45718823175,2440.78115176862,-5802.13011544186,1614.10515234762,-0.0940290095591665,-2.24113432214632,-7.61908950240246,general_trajectory
1890.45718823176,2440.68534814406,-5804.36703064121,1606.48488744466,-0.0975781989834355,-2.23269557564179,-7.62143843932197,general_trajectory
1891.45718823176,2440.58599545275,-5806.59550559364,1598.86227919767,-0.101127142121073,-2.2242538306077,-7.6237761900654,general_trajectory
1892.45718823176,2440.48309394379,-5808.81553730745,1591.23733879429,-0.104675833333507,-2.21580910066744,-7.62610275155888,general_trajectory
1893.45718823175,2440.37664387194,-5811.02712280455,1583.61007742533,-0.108224266983203,-2.20736139944867,-7.62841812074986,general_trajectory
1894.45718823175,2440.26664549756,-5813.23025912047,1575.98050628458,-0.111772437433693,-2.19891074058314,-7.63072229460708,general_trajectory
1895.45718823176,2440.15309908668,-5815.42494330439,1568.34863656886,-0.11532033904961,-2.19045713770671,-7.63301527012066,general_trajectory
1896.45718823176,2440.03600491095,-5817.6111724191,1560.71447947809,-0.118867966196624,-2.18200060445943,-7.63529704430195,general_trajectory
1897.45718823176,2439.91536324765,-5819.78894354106,1553.07804621503,-0.122415313241574,-2.17354115448526,-7.63756761418373,general_trajectory
1898.45718823176,2439.79117437971,-5821.95825376037,1545.43934798548,-0.125962374552403,-2.16507880143219,-7.63982697682006,general_trajectory
1899.45718823176,2439.66343859567,-5824.11910018078,1537.79839599813,-0.129509144498188,-2.15661355895221,-7.64207512928634,general_trajectory
1900.45718823176,2439.53215618971,-5826.2714799197,1530.15520146456,-0.13305561744918,-2.1481454407012,-7.64431206867935,general_trajectory
1901.45718823176,2439.39732746165,-5828.41539010815,1522.50977559939,-0.136601787776729,-2.13967446033906,-7.64653779211715,general_trajectory
1902.45718823176,2439.25895271691,-5830.55082789089,1514.86212961995,-0.140147649853427,-2.13120063152943,-7.6487522967392,general_trajectory
1903.45718823176,2439.11703226657,-5832.67779042628,1507.21227474647,-0.143693198053034,-2.12272396793985,-7.65095557970629,general_trajectory
1904.45718823176,2438.9715664273,-5834.79627488639,1499.56022220204,-0.147238426750516,-2.11424448324164,-7.65314763820057,general_trajectory
1905.45718823176,2438.82255552144,-5836.90627845696,1491.90598321246,-0.150783330322079,-2.10576219110985,-7.65532846942556,general_trajectory
1906.45718823176,2438.66999987691,-5839.00779833737,1484.2495690065,-0.154327903145097,-2.09727710522338,-7.65749807060611,general_trajectory
1907.45718823176,2438.51389982727,-5841.10083174072,1476.59099081553,-0.157872139598253,-2.08878923926473,-7.65965643898845,general_trajectory
1908.45718823176,2438.35425571171,-5843.18537589377,1468.93025987371,-0.161416034061466,-2.08029860692007,-7.66180357184018,general_trajectory
1909.45718823176,2438.19106787502,-5845.26142803699,1461.26738741794,-0.164959580915931,-2.07180522187922,-7.66393946645028,general_trajectory
1910.45718823177,2438.02433666762,-5847.32898542454,1453.60238468775,-0.168502774544148,-2.06330909783555,-7.66606412012909,general_trajectory
1911.45718823177,2437.85406244554,-5849.38804532423,1445.93526292551,-0.172045609329854,-2.05481024848612,-7.66817753020831,general_trajectory
1912.45718823176,2437.68024557045,-5851.43860501764,1438.2660333761,-0.175588079658163,-2.04630868753139,-7.67027969404103,general_trajectory
1913.45718823176,2437.50288640959,-5853.48066179999,1430.59470728707,-0.179130179915494,-2.03780442867534,-7.67237060900173,general_trajectory
1914.45718823176,2437.32198533584,-5855.51421298025,1422.9212959086,-0.182671904489607,-2.02929748562543,-7.67445027248628,general_trajectory
1915.45718823177,2437.1375427277,-5857.53925588109,1415.24581049341,-0.186213247769636,-2.02078787209248,-7.67651868191191,general_trajectory
1916.45718823177,2436.94955896927,-5859.55578783886,1407.56826229695,-0.189754204146021,-2.01227560179086,-7.67857583471723,general_trajectory
1917.45718823177,2436.75803445025,-5861.56380620365,1399.88866257704,-0.193294768010645,-2.00376068843813,-7.68062172836228,general_trajectory
1918.45718823177,2436.56296956596,-5863.56330833929,1392.20702259413,-0.196834933756764,-1.99524314575522,-7.68265636032847,general_trajectory
1919.45718823177,2436.36436471731,-5865.55429162329,1384.52335361112,-0.200374695779043,-1.98672298746638,-7.68467972811859,general_trajectory
1920.45718823177,2436.16222031084,-5867.53675344694,1376.83766689341,-0.203914048473588,-1.97820022729903,-7.68669182925686,general_trajectory
1921.45718823177,2435.95653675867,-5869.51069121518,1369.14997370895,-0.207452986237878,-1.96967487898396,-7.68869266128885,general_trajectory
1922.45718823177,2435.74731447854,-5871.47610234676,1361.46028532802,-0.210991503470903,-1.961146956255,-7.69068222178158,general_trajectory
1923.45718823177,2435.53455389377,-5873.43298427413,1353.76861302338,-0.214529594573093,-1.95261647284919,-7.69266050832343,general_trajectory
1924.45718823177,2435.3182554333,-5875.38133444348,1346.07496807017,-0.218067253946355,-1.94408344250667,-7.69462751852422,general_trajectory
1925.45718823177,2435.09841953166,-5877.32115031475,1338.37936174587,-0.221604475994104,-1.93554787897062,-7.69658325001516,general_trajectory
1926.45718823177,2434.87504662896,-5879.25242936161,1330.68180533045,-0.225141255121196,-1.9270097959874,-7.69852770044884,general_trajectory
1927.45718823177,2434.64813717092,-5881.17516907149,1322.98231010611,-0.228677585734063,-1.91846920730626,-7.70046086749929,general_trajectory
1928.45718823177,2434.41769160886,-5883.08936694558,1315.28088735736,-0.232213462240647,-1.90992612667945,-7.70238274886196,general_trajectory
1929.45718823177,2434.18371039967,-5884.99502049879,1307.57754837105,-0.235748879050432,-1.90138056786219,-7.70429334225367,general_trajectory
1930.45718823177,2433.94619400585,-5886.89212725983,1299.87230443623,-0.239283830574477,-1.89283254461253,-7.70619264541269,general_trajectory
1931.45718823177,2433.70514289548,-5888.78068477113,1292.16516684435,-0.24281831122535,-1.88428207069157,-7.70808065609866,general_trajectory
1932.45718823177,2433.46055754222,-5890.66069058891,1284.45614688894,-0.246352315417262,-1.87572915986309,-7.70995737209269,general_trajectory
1933.45718823177,2433.21243842533,-5892.53214228314,1276.74525586581,-0.249885837566001,-1.86717382589372,-7.71182279119725,general_trajectory
1934.45718823177,2432.96078602963,-5894.39503743757,1269.03250507292,-0.253418872088963,-1.85861608255288,-7.71367691123628,general_trajectory
1935.45718823178,2432.70560084555,-5896.24937364972,1261.31790581037,-0.256951413405187,-1.85005594361265,-7.71551973005509,general_trajectory
1936.45718823178,2432.44688336908,-5898.09514853086,1253.60146938056,-0.260483455935286,-1.841493422848,-7.71735124552043,general_trajectory
1937.45718823178,2432.1846341018,-5899.93235970607,1245.88320708783,-0.264014994101586,-1.83292853403638,-7.71917145552047,general_trajectory
1938.45718823177,2431.91885355086,-5901.76100481418,1238.16313023871,-0.267546022328053,-1.82436129095795,-7.72098035796478,general_trajectory
1939.45718823177,2431.64954222898,-5903.58108150782,1230.44125014179,-0.271076535040329,-1.81579170739546,-7.72277795078438,general_trajectory
1940.45718823177,2431.37670065447,-5905.3925874534,1222.71757810771,-0.274606526665746,-1.80721979713423,-7.72456423193169,general_trajectory
1941.45718823178,2431.1003293512,-5907.19552033112,1214.99212544913,-0.278135991633358,-1.79864557396207,-7.72633919938057,general_trajectory
1942.45718823178,2430.82042884861,-5908.98987783496,1207.26490348082,-0.281664924373876,-1.79006905166942,-7.72810285112625,general_trajectory
1943.45718823178,2430.53699968172,-5910.77565767268,1199.53592351945,-0.285193319319797,-1.78149024404904,-7.72985518518545,general_trajectory
1944.45718823178,2430.2500423911,-5912.55285756587,1191.80519688368,-0.288721170905344,-1.77290916489616,-7.73159619959625,general_trajectory
1945.45718823178,2429.95955752288,-5914.3214752499,1184.07273489413,-0.292248473566493,-1.76432582800843,-7.73332589241821,general_trajectory
1946.45718823178,2429.66554562879,-5916.08150847392,1176.33854887331,-0.29577522174101,-1.75574024718579,-7.73504426173227,general_trajectory
1947.45718823178,2429.36800726608,-5917.8329550009,1168.60265014576,-0.299301409868383,-1.74715243623065,-7.73675130564079,general_trajectory
1948.45718823178,2429.06694299759,-5919.5758126076,1160.8650500378,-0.302827032389954,-1.73856240894757,-7.73844702226758,general_trajectory
1949.45718823178,2428.76235339169,-5921.31007908462,1153.12575987762,-0.306352083748855,-1.72997017914343,-7.74013140975784,general_trajectory
1950.45718823178,2428.45423902233,-5923.03575223632,1145.38479099528,-0.309876558390038,-1.72137576062731,-7.74180446627823,general_trajectory
1951.45718823178,2428.142600469,-5924.75282988091,1137.64215472262,-0.313400450760313,-1.71277916721044,-7.74346619001679,general_trajectory
1952.45718823178,2427.82743831675,-5926.46130985038,1129.89786239341,-0.316923755308274,-1.70418041270634,-7.74511657918299,general_trajectory
1953.45718823178,2427.50875315617,-5928.16118999056,1122.15192534305,-0.320446466484439,-1.69557951093054,-7.74675563200774,general_trajectory
1954.45718823178,2427.18654558342,-5929.85246816109,1114.40435490877,-0.323968578741179,-1.68697647570065,-7.74838334674336,general_trajectory
1955.45718823178,2426.86081620018,-5931.53514223542,1106.65516242951,-0.327490086532753,-1.67837132083636,-7.74999972166356,general_trajectory
1956.45718823179,2426.53156561369,-5933.20921010083,1098.90435924591,-0.331010984315341,-1.66976406015935,-7.75160475506352,general_trajectory
1957.45718823178,2426.19879443673,-5934.87466965841,1091.15195670042,-0.334531266546977,-1.66115470749338,-7.75319844525979,general_trajectory
1958.45718823178,2425.86250328763,-5936.5315188231,1083.39796613703,-0.338050927687679,-1.65254327666405,-7.75478079059036,general_trajectory
1959.45718823178,2425.52269279023,-5938.17975552363,1075.64239890142,-0.341569962199389,-1.6439297814989,-7.75635178941462,general_trajectory
1960.45718823178,2425.17936357395,-5939.81937770259,1067.88526634092,-0.345088364546001,-1.63531423582737,-7.75791144011339,general_trajectory
1961.45718823179,2424.83251627371,-5941.4503833164,1060.1265798044,-0.348606129193392,-1.62669665348068,-7.7594597410889,general_trajectory
1962.45718823179,2424.48215152997,-5943.07277033528,1052.36635064247,-0.352123250609362,-1.61807704829201,-7.76099669076478,general_trajectory
1963.45718823179,2424.12826998874,-5944.68653674331,1044.60459020717,-0.355639723263763,-1.60945543409618,-7.76252228758607,general_trajectory
1964.45718823179,2423.77087230154,-5946.29168053841,1036.84130985211,-0.359155541628429,-1.6008318247298,-7.76403653001925,general_trajectory
1965.45718823178,2423.40995912543,-5947.88819973232,1029.07652093244,-0.362670700177216,-1.59220623403117,-7.76553941655216,general_trajectory
1966.45718823179,2423.04553112297,-5949.47609235065,1021.31023480477,-0.36618519338603,-1.58357867584023,-7.76703094569409,general_trajectory
1967.45718823179,2422.67758896227,-5951.05535643279,1013.54246282731,-0.369699015732761,-1.57494916399872,-7.76851111597569,general_trajectory
1968.45718823179,2422.30613331696,-5952.62599003204,1005.7732163596,-0.373212161697417,-1.56631771234981,-7.76997992594906,general_trajectory
1969.45718823179,2421.93116486618,-5954.1879912155,998.002506762663,-0.376724625762056,-1.5576843347383,-7.77143737418766,general_trajectory
1970.45718823179,2421.55268429458,-5955.74135806414,990.230345398945,-0.38023640241082,-1.54904904501055,-7.77288345928638,general_trajectory
1971.45718823179,2421.17069229233,-5957.28608867277,982.456743632232,-0.383747486129967,-1.54041185701433,-7.7743181798615,general_trajectory
1972.45718823179,2420.78518955513,-5958.82218115004,974.681712827818,-0.387257871407803,-1.53177278459908,-7.77574153455068,general_trajectory
1973.45718823179,2420.39617678417,-5960.34963361845,966.905264352217,-0.390767552734819,-1.52313184161547,-7.77715352201299,general_trajectory
1974.45718823179,2420.00365468615,-5961.86844421436,959.127409573318,-0.394276524603618,-1.51448904191567,-7.77855414092887,general_trajectory
1975.45718823179,2419.60762397328,-5963.37861108799,951.348159860318,-0.397784781508953,-1.50584439935318,-7.77994339000019,general_trajectory
1976.45718823179,2419.20808536328,-5964.88013240341,943.567526583658,-0.401292317947759,-1.49719792778281,-7.78132126795017,general_trajectory
1977.45718823179,2418.80503957937,-5966.37300633851,935.785521115177,-0.404799128419082,-1.48854964106078,-7.78268777352342,general_trajectory
1978.45718823179,2418.39848735027,-5967.8572310851,928.002154827826,-0.408305207424216,-1.47989955304446,-7.78404290548595,general_trajectory
1979.45718823179,2417.98842941018,-5969.33280484879,920.217439095824,-0.411810549466636,-1.47124767759249,-7.78538666262513,general_trajectory
1980.45718823179,2417.57486649882,-5970.79972584909,912.431385294592,-0.415315149052028,-1.4625940285647,-7.78671904374972,general_trajectory
1981.4571882318,2417.15779936139,-5972.25799231935,904.644004800686,-0.418819000688323,-1.45393861982202,-7.78804004768985,general_trajectory
1982.4571882318,2416.73722874859,-5973.70760250678,896.855308991956,-0.422322098885631,-1.44528146522668,-7.78934967329702,general_trajectory
1983.45718823179,2416.3131554166,-5975.14855467247,889.065309247257,-0.425824438156373,-1.43662257864184,-7.79064791944411,general_trajectory
1984.45718823179,2415.88558012708,-5976.58084709136,881.274016946601,-0.429326013015214,-1.42796197393177,-7.79193478502534,general_trajectory
1985.45718823179,2415.4545036472,-5978.00447805225,873.4814434711,-0.432826817979094,-1.41929966496176,-7.79321026895633,general_trajectory
1986.4571882318,2415.01992674958,-5979.41944585782,865.687600202893,-0.436326847567264,-1.41063566559805,-7.79447437017404,general_trajectory
1987.4571882318,2414.58185021235,-5980.82574882461,857.892498525304,-0.439826096301217,-1.40196998970798,-7.79572708763677,general_trajectory
1988.4571882318,2414.14027481909,-5982.22338528302,850.096149822556,-0.443324558704819,-1.39330265115967,-7.79696842032422,general_trajectory
1989.4571882318,2413.69520135887,-5983.61235357733,842.298565479925,-0.446822229304247,-1.38463366382217,-7.79819836723739,general_trajectory
1990.4571882318,2413.24663062624,-5984.99265206569,834.499756883676,-0.450319102628015,-1.37596304156538,-7.79941692739866,general_trajectory
1991.4571882318,2412.7945634212,-5986.36427912012,826.699735420997,-0.453815173207011,-1.36729079825998,-7.80062409985175,general_trajectory
1992.4571882318,2412.33900054923,-5987.72723312649,818.898512480153,-0.457310435574431,-1.35861694777757,-7.80181988366171,general_trajectory
1993.4571882318,2411.87994282127,-5989.08151248457,811.096099450203,-0.460804884265906,-1.34994150399039,-7.80300427791494,general_trajectory
1994.4571882318,2411.41739105374,-5990.42711560799,803.292507721151,-0.46429851381944,-1.3412644807714,-7.80417728171917,general_trajectory
1995.4571882318,2410.9513460685,-5991.76404092426,795.487748683883,-0.467791318775441,-1.33258589199427,-7.80533889420344,general_trajectory
1996.4571882318,2410.48180869288,-5993.09228687475,787.681833730145,-0.471283293676733,-1.32390575153332,-7.80648911451816,general_trajectory
1997.4571882318,2410.00877975965,-5994.41185191473,779.874774252479,-0.474774433068589,-1.31522407326342,-7.80762794183502,general_trajectory
1998.4571882318,2409.53226010706,-5995.7227345133,772.066581644377,-0.478264731498663,-1.3065408710602,-7.80875537534705,general_trajectory
1999.4571882318,2409.05225057879,-5997.02493315349,764.257267299993,-0.481754183517125,-1.29785615879967,-7.80987141426858,general_trajectory
2000.4571882318,2408.56875202398,-5998.31844633217,756.446842614302,-0.48524278367659,-1.28916995035839,-7.81097605783527,general_trajectory
2001.4571882318,2408.0817652972,-5999.60327256011,748.635318983033,-0.488730526532153,-1.28048225961342,-7.81206930530407,general_trajectory
2002.4571882318,2407.59129125849,-6000.87941036193,740.822707802601,-0.492217406641423,-1.27179310044222,-7.81315115595326,general_trajectory
2003.4571882318,2407.09733077331,-6002.14685827615,733.009020470266,-0.495703418564451,-1.26310248672279,-7.81422160908237,general_trajectory
2004.4571882318,2406.59988471257,-6003.40561485515,725.194268383847,-0.499188556863866,-1.25441043233339,-7.81528066401225,general_trajectory
2005.4571882318,2406.09895395261,-6004.65567866522,717.378462941872,-0.502672816104807,-1.24571695115263,-7.81632832008506,general_trajectory
2006.4571882318,2405.59453937519,-6005.89704828648,709.561615543519,-0.506156190854954,-1.23702205705948,-7.81736457666422,general_trajectory
2007.45718823181,2405.08664186753,-6007.129722313,701.743737588547,-0.509638675684564,-1.2283257639331,-7.81838943313443,general_trajectory
2008.45718823181,2404.57526232227,-6008.35369935264,693.924840477451,-0.5131202651664,-1.21962808565306,-7.81940288890166,general_trajectory
2009.45718823181,2404.06040163746,-6009.56897802721,686.10493561118,-0.516600953875863,-1.21092903609898,-7.82040494339317,general_trajectory
2010.4571882318,2403.54206071658,-6010.77555697237,678.284034391285,-0.520080736390927,-1.20222862915071,-7.82139559605748,general_trajectory
2011.4571882318,2403.02024046855,-6011.97343483767,670.462148219862,-0.523559607292173,-1.19352687868823,-7.82237484636437,general_trajectory
2012.45718823181,2402.49494180768,-6013.16261028654,662.639288499479,-0.527037561162815,-1.18482379859161,-7.82334269380488,general_trajectory
2013.45718823181,2401.9661656537,-6014.34308199627,654.815466633337,-0.530514592588639,-1.17611940274111,-7.82429913789127,general_trajectory
2014.45718823181,2401.43391293178,-6015.51484865806,646.990694024981,-0.533990696158131,-1.16741370501688,-7.8252441781571,general_trajectory
2015.45718823181,2400.89818457248,-6016.67790897697,639.164982078456,-0.537465866462414,-1.15870671929915,-7.82617781415713,general_trajectory
2016.45718823181,2400.35898151175,-6017.83226167196,631.338342198241,-0.540940098095273,-1.14999845946811,-7.82710004546738,general_trajectory
2017.45718823181,2399.81630469098,-6018.97790547584,623.510785789185,-0.544413385653196,-1.14128893940383,-7.82801087168508,general_trajectory
2018.45718823181,2399.27015505693,-6020.11483913532,615.682324256662,-0.547885723735301,-1.13257817298644,-7.82891029242869,general_trajectory
2019.45718823181,2398.7205335618,-6021.24306141098,607.852969006284,-0.551357106943467,-1.12386617409579,-7.82979830733791,general_trajectory
2020.45718823181,2398.16744116314,-6022.36257107731,600.022731444055,-0.554827529882273,-1.11515295661164,-7.83067491607363,general_trajectory
2021.45718823181,2397.61087882392,-6023.47336692263,592.191622976311,-0.558296987159022,-1.10643853441351,-7.83154011831795,general_trajectory
2022.45718823181,2397.0508475125,-6024.57544774919,584.359655009648,-0.561765473383781,-1.09772292138068,-7.83239391377421,general_trajectory
2023.45718823181,2396.48734820263,-6025.66881237308,576.526838951084,-0.565232983169307,-1.0890061313923,-7.83323630216688,general_trajectory
2024.45718823181,2395.92038187344,-6026.75345962429,568.693186207765,-0.568699511131183,-1.08028817832706,-7.83406728324169,general_trajectory
2025.45718823181,2395.34994950944,-6027.82938834667,560.858708187129,-0.572165051887749,-1.0715690760634,-7.8348868567655,general_trajectory
2026.45718823181,2394.77605210052,-6028.89659739797,553.023416296833,-0.575629600060134,-1.06284883847936,-7.8356950225264,general_trajectory
2027.45718823182,2394.19869064197,-6029.95508564982,545.187321944694,-0.579093150272289,-1.05412747945256,-7.83649178033361,general_trajectory
2028.45718823181,2393.61786613442,-6031.00485198769,537.35043653884,-0.582555697150919,-1.04540501286032,-7.83727713001755,general_trajectory
2029.45718823181,2393.0335795839,-6032.04589531097,529.512771487427,-0.586017235325614,-1.03668145257937,-7.83805107142977,general_trajectory
2030.45718823181,2392.4458320018,-6033.07821453291,521.674338198791,-0.589477759428783,-1.02795681248595,-7.838813604443,general_trajectory
2031.45718823181,2391.85462440486,-6034.10180858063,513.835148081387,-0.592937264095684,-1.0192311064558,-7.83956472895112,general_trajectory
2032.45718823182,2391.2599578152,-6035.11667639514,505.995212543719,-0.596395743964458,-1.01050434836405,-7.84030444486914,general_trajectory
2033.45718823182,2390.66183326031,-6036.1228169313,498.1545429945,-0.599853193676061,-1.00177655208534,-7.8410327521332,general_trajectory
2034.45718823182,2390.06025177302,-6037.12022915787,490.313150842362,-0.603309607874395,-0.993047731493575,-7.84174965070059,general_trajectory
2035.45718823182,2389.45521439152,-6038.10891205747,482.471047496016,-0.60676498120624,-0.984317900462013,-7.84245514054971,general_trajectory
2036.45718823181,2388.84672215935,-6039.0888646266,474.62824436418,-0.610219308321288,-0.975587072863224,-7.84314922168008,general_trajectory
2037.45718823182,2388.2347761254,-6040.06008587564,466.784752855522,-0.613672583872172,-0.966855262568991,-7.84383189411232,general_trajectory
2038.45718823182,2387.6193773439,-6041.02257482881,458.940584378808,-0.617124802514401,-0.958122483450483,-7.84450315788816,general_trajectory
2039.45718823182,2387.00052687445,-6041.97633052422,451.095750342621,-0.620575958906491,-0.949388749377918,-7.84516301307044,general_trajectory
2040.45718823182,2386.37822578196,-6042.92135201386,443.250262155515,-0.624026047709895,-0.940654074220731,-7.84581145974306,general_trajectory
2041.45718823182,2385.75247513667,-6043.85763836359,435.404131225947,-0.627475063589038,-0.93191847184749,-7.84644849801102,general_trajectory
2042.45718823182,2385.12327601419,-6044.78518865311,427.557368962218,-0.630923001211349,-0.923181956125814,-7.84707412800041,general_trajectory
2043.45718823182,2384.49062949544,-6045.70400197602,419.709986772624,-0.634369855247189,-0.914444540922538,-7.84768834985834,general_trajectory
2044.45718823182,2383.85453666667,-6046.61407743975,411.861996065167,-0.637815620369987,-0.905706240103381,-7.84829116375302,general_trajectory
2045.45718823182,2383.21499861945,-6047.51541416564,404.01340824772,-0.64126029125617,-0.896967067533112,-7.84888256987371,general_trajectory
2046.45718823182,2382.57201645068,-6048.40801128886,396.164234727952,-0.644703862585196,-0.888227037075468,-7.8494625684307,general_trajectory
2047.45718823182,2381.92559126257,-6049.29186795845,388.314486913269,-0.648146329039584,-0.879486162593067,-7.85003115965533,general_trajectory
2048.45718823182,2381.27572416266,-6050.16698333732,380.464176210968,-0.65158768530485,-0.870744457947581,-7.85058834379997,general_trajectory
2049.45718823182,2380.62241626379,-6051.03335660225,372.613314027949,-0.655027926069633,-0.862001936999398,-7.85113412113799,general_trajectory
2050.45718823182,2379.96566868412,-6051.89098694384,364.761911770874,-0.65846704602563,-0.853258613607789,-7.85166849196382,general_trajectory
2051.45718823182,2379.30548254711,-6052.7398735666,356.909980846099,-0.66190503986763,-0.844514501630827,-7.85219145659285,general_trajectory
2052.45718823182,2378.64185898153,-6053.58001568886,349.057532659653,-0.665341902293522,-0.835769614925355,-7.85270301536151,general_trajectory
2053.45718823183,2377.97479912143,-6054.41141254283,341.204578617176,-0.668777628004327,-0.827023967346897,-7.8532031686272,general_trajectory
2054.45718823183,2377.30430410619,-6055.23406337455,333.351130124073,-0.672212211704133,-0.818277572749831,-7.8536919167683,general_trajectory
2055.45718823182,2376.63037508046,-6056.04796744394,325.497198585226,-0.675645648100223,-0.809530444987055,-7.85416926018417,general_trajectory
2056.45718823182,2375.95301319419,-6056.85312402475,317.642795405151,-0.679077931903011,-0.800782597910149,-7.85463519929516,general_trajectory
2057.45718823182,2375.27221960261,-6057.6495324046,309.787931987935,-0.682509057826069,-0.792034045369298,-7.85508973454254,general_trajectory
2058.45718823183,2374.58799546625,-6058.43719188496,301.932619737166,-0.685939020586161,-0.783284801213207,-7.85553286638858,general_trajectory
2059.45718823183,2373.90034195092,-6059.21610178111,294.076870056097,-0.689367814903175,-0.774534879289267,-7.85596459531643,general_trajectory
2060.45718823183,2373.20926022769,-6059.98626142223,286.220694347349,-0.692795435500256,-0.765784293443221,-7.85638492183024,general_trajectory
2061.45718823183,2372.51475147292,-6060.7476701513,278.364104013077,-0.696221877103733,-0.757033057519336,-7.85679384645505,general_trajectory
2062.45718823183,2371.81681686824,-6061.50032732519,270.507110454898,-0.699647134443154,-0.748281185360314,-7.85719136973681,general_trajectory
2063.45718823183,2371.11545760054,-6062.24423231456,262.649725073829,-0.703071202251319,-0.739528690807214,-7.85757749224242,general_trajectory
2064.45718823183,2370.41067486199,-6062.97938450395,254.791959270442,-0.706494075264209,-0.730775587699615,-7.85795221455963,general_trajectory
2065.45718823183,2369.70246985003,-6063.70578329172,246.93382444458,-0.709915748221118,-0.722021889875288,-7.85831553729711,general_trajectory
2066.45718823183,2368.99084376732,-6064.42342809007,239.075331995509,-0.713336215864584,-0.713267611170357,-7.85866746108442,general_trajectory
2067.45718823183,2368.27579782182,-6065.13231832505,231.216493321856,-0.716755472940422,-0.704512765419222,-7.85900798657199,general_trajectory
2068.45718823183,2367.55733322671,-6065.83245343651,223.357319821541,-0.720173514197756,-0.695757366454473,-7.85933711443109,general_trajectory
2069.45718823183,2366.83545120045,-6066.52383287816,215.497822891939,-0.723590334388948,-0.687001428107058,-7.85965484535387,general_trajectory
2070.45718823183,2366.11015296671,-6067.20645611754,207.638013929586,-0.727005928269733,-0.678244964205951,-7.85996118005333,general_trajectory
2071.45718823183,2365.38143975443,-6067.880322636,199.77790433034,-0.730420290599145,-0.669487988578319,-7.86025611926329,general_trajectory
2072.45718823183,2364.64931279777,-6068.54543192873,191.917505489315,-0.733833416139556,-0.660730515049436,-7.86053966373842,general_trajectory
2073.45718823183,2363.91377333615,-6069.20178350474,184.056828800816,-0.737245299656699,-0.651972557442608,-7.86081181425419,general_trajectory
2074.45718823183,2363.17482261421,-6069.84937688686,176.195885658494,-0.740655935919608,-0.64321412957933,-7.8610725716069,general_trajectory
2075.45718823183,2362.43246188181,-6070.48821161175,168.334687455062,-0.744065319700742,-0.634455245278965,-7.86132193661363,general_trajectory
2076.45718823183,2361.68669239404,-6071.11828722988,160.473245582448,-0.747473445775921,-0.6256959183589,-7.86155991011227,general_trajectory
2077.45718823183,2360.93751541123,-6071.73960330553,152.611571431732,-0.750880308924356,-0.616936162634473,-7.86178649296148,general_trajectory
2078.45718823184,2360.18493219891,-6072.35215941682,144.749676393081,-0.754285903928677,-0.608175991918884,-7.86200168604069,general_trajectory
2079.45718823184,2359.42894402782,-6072.95595515565,136.887571855907,-0.757690225574874,-0.599415420023366,-7.8622054902501,general_trajectory
2080.45718823184,2358.66955217395,-6073.55099012774,129.025269208575,-0.761093268652415,-0.590654460756851,-7.86239790651067,general_trajectory
2081.45718823183,2357.90675791845,-6074.13726395264,121.162779838566,-0.76449502795419,-0.581893127926137,-7.86257893576408,general_trajectory
2082.45718823183,2357.1405625477,-6074.71477626368,113.300115132406,-0.767895498276532,-0.573131435335808,-7.86274857897277,general_trajectory
2083.45718823184,2356.37096735328,-6075.28352670799,105.437286475607,-0.771294674419254,-0.564369396788149,-7.86290683711989,general_trajectory
2084.45718823184,2355.59797363198,-6075.84351494653,97.5743052528189,-0.774692551185581,-0.555607026083314,-7.86305371120929,general_trajectory
2085.45718823184,2354.82158268577,-6076.39474065404,89.7111828475441,-0.778089123382277,-0.546844337018997,-7.86318920226555,general_trajectory
2086.45718823184,2354.04179582181,-6076.93720351905,81.847930642295,-0.781484385819579,-0.538081343390594,-7.86331331133392,general_trajectory
2087.45718823184,2353.25861435245,-6077.4709032439,73.9845600185281,-0.784878333311227,-0.529318058991124,-7.86342603948035,general_trajectory
2087.93580554306,2352.88256936109,-6077.72324028629,70.2209761385819,-0.786502268530661,-0.52512370051795,-7.86347596634677,general_trajectory
2088.45718823184,2352.47203959522,-6077.99583954471,66.1210823565791,-0.788270960674495,-0.520554497611149,-7.86352738779145,general_trajectory
2089.45718823184,2351.68207287286,-6078.51201215139,58.2575090358209,-0.791662262730127,-0.511790673038935,-7.8636173573745,general_trajectory
2090.45718823184,2350.88871551326,-6079.01942080765,50.3938514343747,-0.79505223430246,-0.503026599060128,-7.86369594935741,general_trajectory
2091.45718823184,2350.09196884948,-6079.51806527097,42.5301209292678,-0.798440870219358,-0.494262289457915,-7.86376316488878,general_trajectory
2092.45718823184,2349.29183421976,-6080.00794531262,34.6663288963691,-0.801828165312249,-0.485497758012945,-7.86381900513778,general_trajectory
2093.45718823184,2348.48831296751,-6080.48906071764,26.8024867103228,-0.805214114416146,-0.476733018503247,-7.86386347129424,general_trajectory
2094.45718823184,2347.68140644131,-6080.96141128486,18.9386057447077,-0.808598712369588,-0.467968084704396,-7.8638965645686,general_trajectory
2095.45718823184,2346.87111599488,-6081.42499682688,11.0746973717472,-0.811981954014763,-0.459202970389184,-7.86391828619187,general_trajectory
2096.45718823184,2346.0574429871,-6081.87981717006,3.21077296246828,-0.815363834197445,-0.450437689327784,-7.86392863741567,general_trajectory
2097.45718823184,2345.24038878202,-6082.32587215454,-4.65315611336391,-0.818744347767018,-0.441672255287672,-7.8639276195122,general_trajectory
2098.45718823185,2344.41995474882,-6082.76316163423,-12.5170784873116,-0.822123489576517,-0.432906682033541,-7.8639152337742,general_trajectory
2099.45718823184,2343.59614226183,-6083.19168547679,-20.3809827921055,-0.825501254482549,-0.424140983327472,-7.863891481515,general_trajectory
2100.45718823184,2342.76895270054,-6083.61144356365,-28.2448576619346,-0.828877637345431,-0.415375172928602,-7.86385636406844,general_trajectory
2101.45718823184,2341.93838744954,-6084.02243579,-36.1086917322869,-0.832252633029115,-0.40660926459329,-7.86380988278892,general_trajectory
2102.45718823184,2341.10444789858,-6084.42466206478,-43.9724736400152,-0.835626236401225,-0.397843272075036,-7.86375203905134,general_trajectory
2103.45718823184,2340.26713544255,-6084.81812231067,-51.8361920233575,-0.838998442333065,-0.389077209124451,-7.86368283425112,general_trajectory
2104.45718823185,2339.42645148143,-6085.20281646413,-59.6998355220022,-0.842369245699645,-0.380311089489171,-7.86360226980419,general_trajectory
2105.45718823185,2338.58239742038,-6085.57874447534,-67.5633927769294,-0.845738641379625,-0.37154492691403,-7.86351034714693,general_trajectory
2106.45718823185,2337.73497466961,-6085.94590630823,-75.4268524307004,-0.849106624255429,-0.362778735140724,-7.86340706773625,general_trajectory
2107.45718823185,2336.8841846445,-6086.30430194047,-83.2902031272987,-0.852473189213189,-0.354012527907984,-7.86329243304947,general_trajectory
2108.45718823185,2336.03002876552,-6086.65393136347,-91.1534335122402,-0.85583833114279,-0.345246318951438,-7.8631664445844,general_trajectory
2109.45718823185,2335.17250845826,-6086.99479458238,-99.0165322324144,-0.859202044937803,-0.336480122003786,-7.86302910385928,general_trajectory
2110.45718823185,2334.3116251534,-6087.32689161606,-106.879487936374,-0.862564325495612,-0.327713950794462,-7.86288041241277,general_trajectory
2111.45718823185,2333.44738028672,-6087.65022249712,-114.742289274175,-0.865925167717349,-0.318947819049809,-7.86272037180396,general_trajectory
2112.45718823185,2332.57977529911,-6087.96478727189,-122.604924897443,-0.869284566507922,-0.31018174049299,-7.86254898361234,general_trajectory
2113.45718823185,2331.70881163654,-6088.27058600041,-130.467383459394,-0.872642516776028,-0.301415728843963,-7.86236624943779,general_trajectory
2114.45718823185,2330.83449075009,-6088.56761875645,-138.329653614898,-0.87599901343418,-0.292649797819396,-7.86217217090057,general_trajectory
2115.45718823185,2329.9568140959,-6088.85588562749,-146.191724020321,-0.879354051398644,-0.283883961132837,-7.86196674964133,general_trajectory
2116.45718823185,2329.07578313522,-6089.13538671473,-154.053583333816,-0.882707625589562,-0.275118232494379,-7.86174998732105,general_trajectory
2117.45718823185,2328.19139933434,-6089.40612213307,-161.915220215159,-0.886059730930887,-0.266352625610835,-7.86152188562106,general_trajectory
2118.45718823185,2327.30366416466,-6089.66809201111,-169.776623325821,-0.889410362350414,-0.257587154185649,-7.86128244624305,general_trajectory
2119.45718823185,2326.41257910263,-6089.92129649116,-177.637781329027,-0.892759514779807,-0.248821831918823,-7.86103167090899,general_trajectory
2120.45718823185,2325.51814562978,-6090.16573572923,-185.498682889601,-0.896107183154536,-0.240056672507077,-7.86076956136119,general_trajectory
2121.45718823185,2324.6203652327,-6090.40140989502,-193.359316674254,-0.899453362413998,-0.231291689643524,-7.86049611936224,general_trajectory
2122.45718823185,2323.71923940301,-6090.62831917193,-201.219671351425,-0.902798047501458,-0.222526897017836,-7.86021134669502,general_trajectory
2123.45718823185,2322.81476963744,-6090.84646375703,-209.079735591345,-0.906141233364071,-0.213762308316163,-7.85991524516267,general_trajectory
2124.45718823186,2321.90695743771,-6091.0558438611,-216.939498066103,-0.909482914952917,-0.204997937221052,-7.85960781658861,general_trajectory
2125.45718823186,2320.99580431063,-6091.25645970857,-224.798947449489,-0.912823087222932,-0.196233797411615,-7.85928906281647,general_trajectory
2126.45718823185,2320.08131176805,-6091.44831153758,-232.65807241728,-0.916161745133034,-0.187469902563202,-7.85895898571015,general_trajectory
2127.45718823185,2319.16348132683,-6091.63139959991,-240.516861647082,-0.919498883646059,-0.178706266347562,-7.85861758715375,general_trajectory
2128.45718823185,2318.2423145089,-6091.80572416104,-248.375303818395,-0.922834497728785,-0.169942902432768,-7.85826486905157,general_trajectory
2129.45718823186,2317.31781284119,-6091.9712855001,-256.233387612678,-0.926168582351968,-0.161179824483136,-7.85790083332812,general_trajectory
2130.45718823186,2316.38997785569,-6092.12808390988,-264.091101713192,-0.929501132490272,-0.15241704615939,-7.85752548192808,general_trajectory
2131.45718823186,2315.45881108938,-6092.27611969684,-271.948434805286,-0.932832143122394,-0.143654581118335,-7.85713881681631,general_trajectory
2132.45718823186,2314.52431408429,-6092.4153931811,-279.805375576238,-0.936161609231002,-0.134892443013023,-7.85674083997781,general_trajectory
2133.45718823186,2313.58648838743,-6092.5459046964,-287.661912715323,-0.939489525802757,-0.126130645492673,-7.85633155341772,general_trajectory
2134.45718823186,2312.64533555086,-6092.66765459016,-295.518034913875,-0.942815887828348,-0.117369202202592,-7.85591095916133,general_trajectory
2135.45718823186,2311.70085713162,-6092.78064322343,-303.373730865129,-0.946140690302427,-0.108608126784341,-7.85547905925402,general_trajectory
2136.45718823186,2310.75305469177,-6092.8848709709,-311.22898926451,-0.949463928223727,-0.0998474328754074,-7.85503585576128,general_trajectory
2137.45718823186,2309.80192979836,-6092.98033822089,-319.083798809474,-0.952785596595004,-0.0910871341093703,-7.85458135076869,general_trajectory
2138.45718823186,2308.84748402343,-6093.06704537537,-326.938148199572,-0.956105690423059,-0.0823272441158236,-7.85411554638191,general_trajectory
2139.45718823186,2307.88971894402,-6093.14499284993,-334.792026136515,-0.959424204718771,-0.073567776520293,-7.85363844472665,general_trajectory
2140.45718823186,2306.92863614216,-6093.21418107375,-342.645421324018,-0.962741134497034,-0.0648087449444058,-7.85315004794867,general_trajectory
2141.45718823186,2305.96423720486,-6093.27461048969,-350.498322468082,-0.966056474776873,-0.0560501630055603,-7.85265035821376,general_trajectory
2142.45718823186,2304.9965237241,-6093.32628155418,-358.350718276844,-0.969370220581386,-0.0472920443170953,-7.85213937770774,general_trajectory
2143.45718823186,2304.02549729685,-6093.36919473728,-366.202597460632,-0.972682366937768,-0.0385344024882092,-7.85161710863643,general_trajectory
2144.45718823186,2303.05115952503,-6093.40335052265,-374.053948732037,-0.975992908877344,-0.0297772511238798,-7.85108355322563,general_trajectory
2145.45718823186,2302.07351201555,-6093.42874940755,-381.904760805752,-0.979301841435498,-0.0210206038250331,-7.85053871372115,general_trajectory
2146.45718823186,2301.09255638027,-6093.44539190285,-389.755022398859,-0.982609159651804,-0.0122644741882135,-7.84998259238872,general_trajectory
2147.45718823186,2300.10829423602,-6093.45327853301,-397.604722230671,-0.985914858569951,-0.0035088758057531,-7.84941519151406,general_trajectory
2148.45718823186,2299.12072720455,-6093.45240983608,-405.453849022797,-0.989218933237782,0.00524617773430879,-7.84883651340281,general_trajectory
2149.45718823187,2298.1298569126,-6093.44278636368,-413.302391499206,-0.992521378707313,0.0140006728483059,-7.84824656038051,general_trajectory
2150.45718823187,2297.13568499185,-6093.42440868105,-421.15033838607,-0.995822190034678,0.022754595956776,-7.84764533479265,general_trajectory
2151.45718823187,2296.1382130789,-6093.39727736696,-428.997678412047,-0.99912136228024,0.0315079334847902,-7.84703283900459,general_trajectory
2152.45718823187,2295.13744281529,-6093.3613930138,-436.844400308129,-1.00241889050854,0.0402606718617838,-7.84640907540155,general_trajectory
2153.45718823186,2294.13337584753,-6093.31675622748,-444.690492807702,-1.0057147697883,0.0490127975216366,-7.84577404638865,general_trajectory
2154.45718823187,2293.12601382701,-6093.26336762751,-452.535944646612,-1.00900899519249,0.057764296902753,-7.84512775439083,general_trajectory
2155.45718823187,2292.11535841007,-6093.20122784695,-460.380744563004,-1.01230156179824,0.0665151564478922,-7.84447020185289,general_trajectory
2156.45718823187,2291.10141125798,-6093.13033753241,-468.224881297615,-1.01559246468694,0.0752653626044984,-7.84380139123944,general_trajectory
2157.45718823187,2290.08417403691,-6093.05069734406,-476.068343593608,-1.01888169894424,0.0840149018245308,-7.84312132503489,general_trajectory
2158.45718823187,2289.06364841794,-6092.96230795559,-483.911120196644,-1.02216925965999,0.0927637605645435,-7.84243000574344,general_trajectory
2159.45718823187,2288.03983607707,-6092.86517005427,-491.753199854941,-1.02545514192835,0.101511925285766,-7.84172743588907,general_trajectory
2160.45718823187,2287.0127386952,-6092.75928434087,-499.594571319116,-1.02873934084768,0.110259382453933,-7.84101361801554,general_trajectory
2161.45718823187,2285.98235795812,-6092.64465152972,-507.435223342476,-1.03202185152068,0.119006118539614,-7.84028855468633,general_trajectory
2162.45718823187,2284.94869555654,-6092.52127234866,-515.275144680853,-1.0353026690543,0.127752120018044,-7.83955224848465,general_trajectory
2163.45718823187,2283.91175318603,-6092.38914753906,-523.114324092677,-1.0385817885598,0.136497373369203,-7.83880470201346,general_trajectory
2164.45718823187,2282.87153254706,-6092.2482778558,-530.952750338987,-1.04185920515275,0.145241865077844,-7.83804591789539,general_trajectory
2165.45718823187,2281.82803534498,-6092.09866406729,-538.7904121835,-1.04513491395304,0.153985581633578,-7.83727589877275,general_trajectory
2166.45718823187,2280.78126329004,-6091.94030695542,-546.627298392452,-1.04840891008483,0.162728509530697,-7.83649464730756,general_trajectory
2167.45718823187,2279.73121809733,-6091.77320731561,-554.463397734884,-1.05168118867669,0.17147063526851,-7.83570216618147,general_trajectory
2168.45718823187,2278.67790148682,-6091.59736595677,-562.298698982484,-1.05495174486149,0.180211945351168,-7.83489845809576,general_trajectory
2169.45718823187,2277.62131518336,-6091.41278370129,-570.133190909651,-1.05822057377646,0.188952426287744,-7.83408352577136,general_trajectory
2170.45718823188,2276.56146091664,-6091.21946138507,-577.966862293561,-1.06148767056323,0.197692064592319,-7.83325737194879,general_trajectory
2171.45718823187,2275.49834042122,-6091.01739985748,-585.799701914003,-1.06475303036772,0.206430846783801,-7.83241999938819,general_trajectory
2172.45718823187,2274.43195543652,-6090.80659998137,-593.631698553673,-1.06801664834031,0.215168759386265,-7.83157141086924,general_trajectory
2173.45718823187,2273.36230770677,-6090.58706263306,-601.462840998011,-1.07127851963573,0.223905788928774,-7.83071160919121,general_trajectory
2174.45718823187,2272.28939898109,-6090.35878870235,-609.293118035264,-1.07453863941314,0.232641921945466,-7.82984059717292,general_trajectory
2175.45718823188,2271.21323101339,-6090.1217790925,-617.122518456556,-1.07779700283609,0.241377144975625,-7.82895837765271,general_trajectory
2176.45718823188,2270.13380556247,-6089.87603472021,-624.951031055722,-1.08105360507253,0.25011144456352,-7.82806495348843,general_trajectory
2177.45718823188,2269.05112439192,-6089.62155651567,-632.778644629599,-1.08430844129488,0.258844807258726,-7.82716032755746,general_trajectory
2178.45718823188,2267.96518927016,-6089.35834542248,-640.605347977869,-1.08756150667998,0.267577219615958,-7.82624450275663,general_trajectory
2179.45718823187,2266.87600197045,-6089.0864023977,-648.431129903117,-1.09081279640911,0.276308668195148,-7.82531748200226,general_trajectory
2180.45718823188,2265.78356427083,-6088.80572841182,-656.255979210901,-1.09406230566804,0.285039139561528,-7.8243792682301,general_trajectory
2181.45718823188,2264.6878779542,-6088.51632444879,-664.07988470959,-1.09731002964694,0.293768620285452,-7.82342986439536,general_trajectory
2182.45718823188,2263.58894480823,-6088.21819150594,-671.902835210651,-1.1005559635405,0.302497096942735,-7.82246927347267,general_trajectory
2183.45718823188,2262.48676662541,-6087.91133059406,-679.724819528493,-1.10380010254791,0.311224556114472,-7.82149749845605,general_trajectory
2184.45718823188,2261.38134520303,-6087.59574273735,-687.545826480525,-1.10704244187283,0.319950984387124,-7.8205145423589,general_trajectory
2185.45718823188,2260.27268234316,-6087.27142897339,-695.365844887228,-1.11028297672343,0.328676368352595,-7.81952040821402,general_trajectory
2186.45718823188,2259.16077985267,-6086.93839035321,-703.184863571988,-1.11352170231236,0.33740069460806,-7.81851509907355,general_trajectory
2187.45718823188,2258.04563954321,-6086.59662794121,-711.002871361389,-1.11675861385683,0.346123949756296,-7.81749861800896,general_trajectory
2188.45718823188,2256.92726323123,-6086.2461428152,-718.819857085051,-1.11999370657858,0.354846120405508,-7.81647096811105,general_trajectory
2189.45718823188,2255.80565273792,-6085.88693606636,-726.635809575693,-1.12322697570387,0.363567193169412,-7.81543215248993,general_trajectory
2190.45718823188,2254.68080988927,-6085.51900879928,-734.450717669199,-1.12645841646354,0.372287154667308,-7.81438217427499,general_trajectory
2191.45718823188,2253.55273651604,-6085.14236213191,-742.264570204461,-1.12968802409291,0.381005991523917,-7.81332103661491,general_trajectory
2192.45718823188,2252.42143445372,-6084.75699719557,-750.077356023659,-1.13291579383196,0.389723690369701,-7.81224874267761,general_trajectory
2193.45718823188,2251.28690554259,-6084.36291513496,-757.889063972108,-1.13614172092519,0.398440237840697,-7.81116529565024,general_trajectory
2194.45718823188,2250.14915162767,-6083.96011710813,-765.69968289832,-1.1393658006217,0.407155620578595,-7.81007069873921,general_trajectory
2195.45718823189,2249.00817455872,-6083.5486042865,-773.509201654068,-1.14258802817521,0.415869825230816,-7.80896495517008,general_trajectory
2196.45718823189,2247.86397619028,-6083.12837785481,-781.317609094223,-1.14580839884397,0.424582838450339,-7.80784806818766,general_trajectory
2197.45718823188,2246.71655838158,-6082.69943901119,-789.124894077049,-1.1490269078909,0.433294646896034,-7.80672004105589,general_trajectory
2198.45718823188,2245.56592299661,-6082.26178896706,-796.931045464035,-1.15224355058353,0.442005237232486,-7.80558087705788,general_trajectory
2199.45718823188,2244.4120719041,-6081.8154289472,-804.736052119965,-1.15545832219401,0.450714596130075,-7.80443057949587,general_trajectory
2200.45718823189,2243.25500697749,-6081.36036018972,-812.539902912979,-1.15867121799915,0.459422710265055,-7.80326915169122,general_trajectory
2201.45718823189,2242.09473009494,-6080.89658394603,-820.342586714414,-1.16188223328036,0.468129566319383,-7.80209659698442,general_trajectory
2202.45718823189,2240.93124313934,-6080.42410148088,-828.144092399089,-1.16509136332374,0.476835150981045,-7.800912918735,general_trajectory
2203.45718823189,2239.76454799828,-6079.9429140723,-835.944408845151,-1.16829860342005,0.485539450943886,-7.7997181203216,general_trajectory
2204.45718823189,2238.59464656405,-6079.45302301166,-843.743524934133,-1.17150394886472,0.494242452907688,-7.79851220514189,general_trajectory
2205.45718823189,2237.42154073366,-6078.95442960358,-851.541429551019,-1.17470739495788,0.502944143578248,-7.79729517661258,general_trajectory
2206.45718823189,2236.24523240882,-6078.44713516603,-859.338111584087,-1.17790893700429,0.511644509667208,-7.79606703816941,general_trajectory
2207.45718823189,2235.0657234959,-6077.93114103021,-867.133559925193,-1.18110857031347,0.520343537892379,-7.79482779326709,general_trajectory
2208.45718823189,2233.883015906,-6077.40644854062,-874.927763469615,-1.18430629019963,0.529041214977572,-7.79357744537933,general_trajectory
2209.45718823189,2232.69711155487,-6076.87305905505,-882.72071111611,-1.18750209198169,0.537737527652678,-7.79231599799882,general_trajectory
2210.45718823189,2231.50801236296,-6076.33097394454,-890.512391766985,-1.19069597098331,0.54643246265374,-7.79104345463715,general_trajectory
2211.45718823189,2230.31572025538,-6075.78019459339,-898.302794327934,-1.19388792253284,0.555126006722788,-7.7897598188249,general_trajectory
2212.45718823189,2229.12023716193,-6075.22072239916,-906.091907708324,-1.19707794196341,0.563818146608162,-7.78846509411152,general_trajectory
2213.45718823189,2227.92156501705,-6074.65255877265,-913.879720821035,-1.20026602461291,0.57250886906434,-7.78715928406536,general_trajectory
2214.45718823189,2226.71970575985,-6074.07570513792,-921.666222582528,-1.20345216582396,0.581198160852019,-7.78584239227365,general_trajectory
2215.4571882319,2225.5146613341,-6073.49016293224,-929.451401912902,-1.20663636094397,0.589886008738191,-7.78451442234247,general_trajectory
2216.45718823189,2224.30643368821,-6072.89593360615,-937.235247735741,-1.20981860532509,0.598572399495971,-7.78317537789677,general_trajectory
2217.45718823189,2223.09502477524,-6072.29301862337,-945.017748978395,-1.21299889432429,0.607257319904923,-7.78182526258029,general_trajectory
2218.45718823189,2221.8804365529,-6071.68141946086,-952.798894571822,-1.21617722330332,0.61594075675089,-7.78046408005557,general_trajectory
2219.45718823189,2220.66267098352,-6071.06113760879,-960.578673450653,-1.21935358762874,0.624622696826072,-7.77909183400397,general_trajectory
2220.4571882319,2219.44173003407,-6070.43217457053,-968.357074553254,-1.22252798267191,0.633303126929099,-7.77770852812557,general_trajectory
2221.4571882319,2218.21761567614,-6069.79453186265,-976.134086821568,-1.22570040380899,0.641982033864867,-7.77631416613925,general_trajectory
2222.4571882319,2216.99032988596,-6069.14821101492,-983.909699201398,-1.22887084642099,0.650659404444854,-7.7749087517826,general_trajectory
2223.4571882319,2215.75987464435,-6068.49321357027,-991.68390064225,-1.23203930589376,0.65933522548696,-7.7734922888119,general_trajectory
2224.45718823189,2214.52625193675,-6067.82954108485,-999.456680097398,-1.23520577761798,0.668009483815574,-7.77206478100216,general_trajectory
2225.45718823189,2213.28946375323,-6067.15719512794,-1007.2280265239,-1.23837025698917,0.676682166261608,-7.77062623214705,general_trajectory
2226.4571882319,2212.04951208842,-6066.476177282,-1014.99792888265,-1.24153273940775,0.685353259662569,-7.76917664605889,general_trajectory
2227.4571882319,2210.80639894159,-6065.78648914268,-1022.76637613825,-1.24469322027893,0.694022750862392,-7.76771602656866,general_trajectory
2228.4571882319,2209.56012631658,-6065.08813231873,-1030.53335725926,-1.24785169501288,0.702690626711764,-7.76624437752595,general_trajectory
2229.4571882319,2208.31069622181,-6064.38110843209,-1038.29886121806,-1.2510081590246,0.71135687406795,-7.76476170279894,general_trajectory
2230.4571882319,2207.0581106703,-6063.6654191178,-1046.06287699091,-1.25416260773401,0.720021479794873,-7.76326800627442,general_trajectory
2231.4571882319,2205.80237167963,-6062.94106602408,-1053.82539355801,-1.25731503656593,0.728684430763188,-7.7617632918577,general_trajectory
2232.4571882319,2204.54348127198,-6062.20805081224,-1061.58639990334,-1.26046544095005,0.737345713850114,-7.7602475634727,general_trajectory
2233.4571882319,2203.28144147407,-6061.46637515671,-1069.34588501494,-1.263613816321,0.746005315939755,-7.75872082506182,general_trajectory
2234.4571882319,2202.01625431719,-6060.71604074506,-1077.10383788476,-1.26676015811836,0.754663223922931,-7.75718308058598,general_trajectory
2235.4571882319,2200.74792183721,-6059.95704927794,-1084.86024750873,-1.26990446178661,0.763319424697253,-7.7556343340246,general_trajectory
2236.4571882319,2199.47644607451,-6059.1894024691,-1092.61510288681,-1.27304672277518,0.771973905167199,-7.75407458937554,general_trajectory
2237.4571882319,2198.20182907406,-6058.4131020454,-1100.36839302283,-1.27618693653844,0.780626652243948,-7.75250385065515,general_trajectory
2238.4571882319,2196.92407288536,-6057.62814974677,-1108.12010692477,-1.27932509853572,0.789277652845695,-7.7509221218982,general_trajectory
2239.4571882319,2195.64317956243,-6056.83454732622,-1115.87023360462,-1.28246120423132,0.797926893897486,-7.74932940715786,general_trajectory
2240.4571882319,2194.35915116384,-6056.03229654985,-1123.61876207844,-1.28559524909452,0.806574362331293,-7.74772571050571,general_trajectory
2241.45718823191,2193.07198975268,-6055.22139919678,-1131.36568136639,-1.28872722859956,0.81522004508609,-7.74611103603169,general_trajectory
2242.4571882319,2191.7816973966,-6054.40185705925,-1139.11098049263,-1.29185713822567,0.823863929107679,-7.74448538784412,general_trajectory
2243.4571882319,2190.4882761677,-6053.57367194249,-1146.85464848554,-1.29498497345708,0.832506001349018,-7.74284877006964,general_trajectory
2244.4571882319,2189.19172814265,-6052.73684566482,-1154.59667437761,-1.29811072978302,0.841146248770047,-7.7412011868532,general_trajectory
2245.4571882319,2187.89205540261,-6051.89138005757,-1162.33704720547,-1.30123440269775,0.849784658337763,-7.73954264235806,general_trajectory
2246.45718823191,2186.58926003322,-6051.0372769651,-1170.07575600999,-1.30435598770054,0.858421217026299,-7.73787314076575,general_trajectory
2247.45718823191,2185.28334412467,-6050.17453824482,-1177.81278983607,-1.30747548029564,0.867055911816748,-7.73619268627609,general_trajectory
2248.45718823191,2183.9743097716,-6049.30316576711,-1185.54813773297,-1.31059287599241,0.875688729697491,-7.7345012831071,general_trajectory
2249.45718823191,2182.66215907315,-6048.4231614154,-1193.28178875413,-1.3137081703052,0.884319657664022,-7.73279893549503,general_trajectory
2250.4571882319,2181.34689413294,-6047.53452708609,-1201.01373195722,-1.31682135875343,0.892948682719025,-7.73108564769435,general_trajectory
2251.45718823191,2180.02851705908,-6046.63726468859,-1208.74395640424,-1.31993243686159,0.901575791872449,-7.72936142397768,general_trajectory
2252.45718823191,2178.70702996415,-6045.7313761453,-1216.47245116134,-1.32304140015918,0.910200972141337,-7.72762626863583,general_trajectory
2253.45718823191,2177.38243496519,-6044.81686339159,-1224.19920529907,-1.32614824418082,0.91882421055015,-7.72588018597775,general_trajectory
2254.45718823191,2176.0547341837,-6043.89372837581,-1231.92420789228,-1.32925296446622,0.927445494130591,-7.72412318033049,general_trajectory
2255.45718823191,2174.72392974566,-6042.96197305926,-1239.64744802017,-1.33235555656013,0.936064809921685,-7.72235525603922,general_trajectory
2256.45718823191,2173.39002378146,-6042.02159941621,-1247.3689147663,-1.33545601601246,0.94468214496985,-7.72057641746717,general_trajectory
2257.45718823191,2172.05301842599,-6041.07260943388,-1255.0885972185,-1.33855433837814,0.953297486328733,-7.71878666899567,general_trajectory
2258.45718823191,2170.71291581855,-6040.11500511243,-1262.80648446912,-1.34165051921728,0.961910821059522,-7.71698601502406,general_trajectory
2259.45718823191,2169.36971810288,-6039.14878846495,-1270.52256561485,-1.34474455409506,0.97052213623078,-7.71517445996972,general_trajectory
2260.45718823191,2168.02342742716,-6038.17396151747,-1278.23682975683,-1.34783643858183,0.979131418918522,-7.71335200826802,general_trajectory
2261.45718823191,2166.67404594398,-6037.19052630891,-1285.94926600068,-1.35092616825305,0.987738656206284,-7.71151866437231,general_trajectory
2262.45718823191,2165.32157581039,-6036.19848489115,-1293.65986345637,-1.35401373868929,0.996343835184958,-7.70967443275392,general_trajectory
2263.45718823191,2163.96601918782,-6035.19783932895,-1301.36861123844,-1.35709914547631,1.00494694295311,-7.70781931790211,general_trajectory
2264.45718823191,2162.60737824212,-6034.18859169995,-1309.07549846592,-1.36018238420501,1.0135479666168,-7.70595332432406,general_trajectory
2265.45718823191,2161.24565514356,-6033.17074409471,-1316.78051426234,-1.36326345047144,1.02214689328968,-7.70407645654486,general_trajectory
2266.45718823192,2159.8808520668,-6032.14429861665,-1324.48364775582,-1.36634233987687,1.03074371009304,-7.70218871910746,general_trajectory
2267.45718823192,2158.51297119089,-6031.1092573821,-1332.18488807889,-1.36941904802765,1.03933840415567,-7.7002901165727,general_trajectory
2268.45718823192,2157.14201469929,-6030.06562252021,-1339.88422436878,-1.37249357053539,1.04793096261413,-7.69838065351925,general_trajectory
2269.45718823191,2155.76798477983,-6029.01339617303,-1347.58164576728,-1.37556590301687,1.05652137261264,-7.69646033454358,general_trajectory
2270.45718823191,2154.39088362473,-6027.95258049543,-1355.27714142076,-1.37863604109407,1.06510962130311,-7.69452916425999,general_trajectory
2271.45718823192,2153.01071343056,-6026.88317765513,-1362.97070048027,-1.38170398039419,1.07369569584523,-7.69258714730052,general_trajectory
2272.45718823192,2151.62747639831,-6025.80518983273,-1370.66231210138,-1.38476971654959,1.0822795834063,-7.69063428831503,general_trajectory
2273.45718823192,2150.2411747333,-6024.71861922159,-1378.35196544444,-1.38783324519789,1.09086127116154,-7.68867059197105,general_trajectory
2274.45718823192,2148.85181064521,-6023.62346802795,-1386.03964967442,-1.39089456198194,1.09944074629393,-7.68669606295387,general_trajectory
2275.45718823192,2147.45938634808,-6022.51973847082,-1393.72535396101,-1.39395366254981,1.10801799599429,-7.68471070596645,general_trajectory
2276.45718823192,2146.0639040603,-6021.40743278204,-1401.40906747859,-1.39701054255481,1.11659300746127,-7.68271452572946,general_trajectory
2277.45718823192,2144.6653660046,-6020.28655320623,-1409.09077940633,-1.40006519765552,1.12516576790148,-7.68070752698117,general_trajectory
2278.45718823192,2143.26377440806,-6019.15710200083,-1416.770478928,-1.40311762351572,1.13373626452926,-7.67868971447756,general_trajectory
2279.45718823192,2141.85913150209,-6018.01908143604,-1424.44815523228,-1.4061678158045,1.14230448456704,-7.67666109299215,general_trajectory
2280.45718823192,2140.45143952242,-6016.87249379482,-1432.12379751258,-1.4092157701962,1.15087041524515,-7.67462166731609,general_trajectory
2281.45718823192,2139.0407007091,-6015.71734137292,-1439.79739496715,-1.41226148237046,1.15943404380196,-7.6725714422581,general_trajectory
2282.45718823192,2137.62691730652,-6014.55362647884,-1447.46893679894,-1.41530494801216,1.16799535748367,-7.67051042264444,general_trajectory
2283.45718823192,2136.21009156336,-6013.38135143382,-1455.13841221586,-1.41834616281149,1.17655434354469,-7.6684386133189,general_trajectory
2284.45718823192,2134.79022573261,-6012.20051857187,-1462.80581043062,-1.42138512246394,1.18511098924741,-7.66635601914279,general_trajectory
2285.45718823192,2133.36732207158,-6011.01113023969,-1470.47112066081,-1.42442182267029,1.19366528186229,-7.66426264499489,general_trajectory
2286.45718823192,2131.94138284185,-6009.81318879675,-1478.13433212891,-1.42745625913666,1.20221720866793,-7.66215849577146,general_trajectory
2287.45718823192,2130.51241030931,-6008.60669661519,-1485.79543406233,-1.43048842757446,1.21076675695105,-7.66004357638619,general_trajectory
2288.45718823192,2129.08040674413,-6007.39165607992,-1493.4544156933,-1.43351832370041,1.21931391400643,-7.65791789177021,general_trajectory
2289.45718823192,2127.64537442077,-6006.16806958849,-1501.1112662591,-1.43654594323658,1.22785866713713,-7.65578144687205,general_trajectory
2290.45718823192,2126.20731561795,-6004.93593955118,-1508.76597500193,-1.43957128191037,1.23640100365438,-7.65363424665761,general_trajectory
2291.45718823192,2124.76623261866,-6003.69526839095,-1516.41853116896,-1.44259433545454,1.24494091087764,-7.65147629611016,general_trajectory
2292.45718823193,2123.32212771017,-6002.44605854341,-1524.06892401241,-1.4456150996072,1.25347837613463,-7.64930760023028,general_trajectory
2293.45718823193,2121.87500318399,-6001.18831245688,-1531.71714278935,-1.44863357011175,1.26201338676124,-7.64712816403593,general_trajectory
2294.45718823193,2120.42486133591,-5999.92203259232,-1539.36317676204,-1.45164974271704,1.27054593010178,-7.64493799256229,general_trajectory
2295.45718823192,2118.97170446594,-5998.64722142333,-1547.00701519772,-1.45466361317725,1.27907599350882,-7.64273709086187,general_trajectory
2296.45718823192,2117.51553487835,-5997.36388143616,-1554.6486473687,-1.45767517725194,1.28760356434331,-7.64052546400441,general_trajectory
2297.45718823193,2116.05635488164,-5996.0720151297,-1562.28806255241,-1.46068443070607,1.29612862997458,-7.63830311707686,general_trajectory
2298.45718823193,2114.59416678855,-5994.77162501548,-1569.92525003123,-1.46369136930993,1.30465117778022,-7.63607005518343,general_trajectory
2299.45718823193,2113.12897291605,-5993.46271361762,-1577.56019909281,-1.46669598883928,1.31317119514638,-7.63382628344547,general_trajectory
2300.45718823193,2111.66077558531,-5992.14528347287,-1585.19289902988,-1.46969828507523,1.32168866946761,-7.63157180700153,general_trajectory
2301.45718823193,2110.18957712173,-5990.81933713057,-1592.82333914029,-1.47269825380433,1.3302035881469,-7.62930663100727,general_trajectory
2302.45718823193,2108.71537985493,-5989.48487715265,-1600.45150872713,-1.47569589081855,1.3387159385958,-7.62703076063548,general_trajectory
2303.45718823193,2107.23818611873,-5988.14190611364,-1608.07739709853,-1.47869119191523,1.34722570823421,-7.6247442010761,general_trajectory
2304.45718823193,2105.75799825114,-5986.79042660064,-1615.70099356795,-1.48168415289718,1.35573288449072,-7.62244695753608,general_trajectory
2305.45718823193,2104.27481859437,-5985.43044121331,-1623.32228745401,-1.48467476957264,1.36423745480241,-7.62013903523946,general_trajectory
2306.45718823193,2102.78864949483,-5984.06195256387,-1630.94126808058,-1.48766303775529,1.37273940661497,-7.61782043942731,general_trajectory
2307.45718823193,2101.29949330308,-5982.68496327709,-1638.55792477681,-1.49064895326426,1.3812387273827,-7.6154911753577,general_trajectory
2308.45718823193,2099.80735237391,-5981.2994759903,-1646.172246877,-1.4936325119241,1.38973540456843,-7.61315124830573,general_trajectory
2309.45718823193,2098.31222906624,-5979.90549335333,-1653.78422372085,-1.49661370956486,1.39822942564376,-7.61080066356342,general_trajectory
2310.45718823193,2096.81412574318,-5978.50301802855,-1661.39384465332,-1.49959254202204,1.40672077808891,-7.60843942643978,general_trajectory
2311.45718823193,2095.31304477198,-5977.09205269087,-1669.0010990247,-1.5025690051366,1.41520944939281,-7.60606754226069,general_trajectory
2312.45718823194,2093.80898852406,-5975.67260002764,-1676.60597619063,-1.50554309475502,1.42369542705317,-7.60368501636898,general_trajectory
2313.45718823194,2092.30195937501,-5974.2446627388,-1684.20846551201,-1.50851480672919,1.43217869857626,-7.60129185412436,general_trajectory
2314.45718823193,2090.79195970453,-5972.8082435367,-1691.80855635521,-1.51148413691655,1.44065925147731,-7.59888806090337,general_trajectory
2315.45718823193,2089.27899189649,-5971.36334514621,-1699.40623809195,-1.51445108118001,1.44913707328025,-7.5964736420994,general_trajectory
2316.45718823193,2087.76305833886,-5969.90997030466,-1707.00150009934,-1.51741563538801,1.45761215151785,-7.59404860312265,general_trajectory
2317.45718823194,2086.24416142377,-5968.44812176184,-1714.59433175998,-1.52037779541447,1.46608447373174,-7.5916129494001,general_trajectory
2318.45718823194,2084.72230354746,-5966.97780228002,-1722.18472246174,-1.52333755713882,1.4745540274723,-7.58916668637553,general_trajectory
2319.45718823194,2083.1974871103,-5965.49901463387,-1729.77266159811,-1.52629491644603,1.4830208002989,-7.58670981950945,general_trajectory
2320.45718823194,2081.66971451675,-5964.01176161054,-1737.35813856796,-1.52924986922659,1.49148477977977,-7.58424235427909,general_trajectory
2321.45718823194,2080.13898817539,-5962.51604600957,-1744.9411427757,-1.53220241137651,1.4999459534921,-7.58176429617837,general_trajectory
2322.45718823194,2078.6053104989,-5961.01187064294,-1752.52166363123,-1.53515253879738,1.50840430902203,-7.57927565071789,general_trajectory
2323.45718823194,2077.06868390406,-5959.49923833505,-1760.09969054989,-1.53810024739626,1.51685983396456,-7.57677642342495,general_trajectory
2324.45718823194,2075.52911081174,-5957.97815192268,-1767.67521295264,-1.54104553308582,1.52531251592382,-7.57426661984344,general_trajectory
2325.45718823194,2073.98659364689,-5956.448614255,-1775.24822026599,-1.54398839178427,1.53376234251291,-7.57174624553388,general_trajectory
2326.45718823194,2072.44113483853,-5954.91062819357,-1782.81870192198,-1.54692881941537,1.54220930135397,-7.56921530607335,general_trajectory
2327.45718823194,2070.89273681976,-5953.36419661232,-1790.38664735831,-1.54986681190849,1.55065338007823,-7.56667380705551,general_trajectory
2328.45718823194,2069.34140202778,-5951.80932239757,-1797.95204601814,-1.55280236519848,1.5590945663259,-7.56412175409061,general_trajectory
2329.45718823194,2067.78713290379,-5950.24600844795,-1805.51488735038,-1.55573547522587,1.56753284774641,-7.56155915280536,general_trajectory
2330.45718823194,2066.2299318931,-5948.67425767446,-1813.07516080952,-1.55866613793671,1.57596821199827,-7.55898600884299,general_trajectory
2331.45718823194,2064.66980144504,-5947.09407300045,-1820.63285585571,-1.56159434928268,1.58440064674916,-7.55640232786319,general_trajectory
2332.45718823194,2063.106744013,-5945.50545736157,-1828.18796195483,-1.56452010522104,1.59283013967597,-7.55380811554212,general_trajectory
2333.45718823194,2061.54076205441,-5943.90841370581,-1835.74046857828,-1.56744340171463,1.60125667846463,-7.55120337757238,general_trajectory
2334.45718823194,2059.97185803073,-5942.30294499345,-1843.29036520332,-1.57036423473192,1.60968025081045,-7.54858811966294,general_trajectory
2335.45718823194,2058.40003440745,-5940.6890541971,-1850.83764131286,-1.57328260024699,1.61810084441793,-7.54596234753919,general_trajectory
2336.45718823194,2056.82529365408,-5939.06674430163,-1858.38228639556,-1.57619849423955,1.6265184470008,-7.54332606694286,general_trajectory
2337.45718823194,2055.24763824415,-5937.4360183042,-1865.92428994583,-1.5791119126949,1.63493304628212,-7.540679283632,general_trajectory
2338.45718823195,2053.6670706552,-5935.79687921425,-1873.46364146388,-1.58202285160403,1.64334462999427,-7.53802200338101,general_trajectory
2339.45718823195,2052.08359336878,-5934.14933005348,-1881.00033045557,-1.58493130696348,1.65175318587883,-7.53535423198057,general_trajectory
2340.45718823194,2050.49720887045,-5932.49337385585,-1888.53434643271,-1.58783727477549,1.66015870168684,-7.53267597523763,general_trajectory
2341.45718823194,2048.90791964975,-5930.82901366755,-1896.06567891286,-1.59074075104794,1.66856116517871,-7.52998723897536,general_trajectory
2342.45718823194,2047.3157282002,-5929.15625254701,-1903.59431741943,-1.59364173179434,1.6769605641242,-7.52728802903318,general_trajectory
2343.45718823195,2045.72063701932,-5927.47509356488,-1911.12025148169,-1.5965402130339,1.68535688630255,-7.52457835126669,general_trajectory
2344.45718823195,2044.12264860862,-5925.78553980406,-1918.64347063467,-1.59943619079142,1.69375011950229,-7.52185821154769,general_trajectory
2345.45718823195,2042.52176547356,-5924.08759435961,-1926.16396441942,-1.60232966109742,1.70214025152155,-7.51912761576411,general_trajectory
2346.45718823195,2040.91799012357,-5922.38126033881,-1933.6817223828,-1.6052206199881,1.71052727016788,-7.51638656982002,general_trajectory
2347.45718823195,2039.31132507204,-5920.66654086113,-1941.19673407763,-1.6081090635053,1.71891116325833,-7.51363507963558,general_trajectory
2348.45718823195,2037.70177283633,-5918.9434390582,-1948.70898906267,-1.61099498769659,1.72729191861952,-7.51087315114704,general_trajectory
2349.45718823195,2036.08933593773,-5917.21195807385,-1956.21847690251,-1.61387838861517,1.73566952408748,-7.50810079030673,general_trajectory
2350.45718823195,2034.4740169015,-5915.47210106404,-1963.72518716782,-1.61675926231997,1.74404396750793,-7.50531800308298,general_trajectory
2351.45718823195,2032.85581825681,-5913.7238711969,-1971.2291094352,-1.61963760487562,1.75241523673613,-7.50252479546016,general_trajectory
2352.45718823195,2031.23474253678,-5911.96727165268,-1978.73023328726,-1.62251341235246,1.76078331963693,-7.49972117343862,general_trajectory
2353.45718823195,2029.61079227843,-5910.20230562377,-1986.22854831265,-1.62538668082653,1.76914820408489,-7.49690714303464,general_trajectory
2354.45718823195,2027.98397002276,-5908.42897631469,-1993.72404410591,-1.62825740637955,1.77750987796403,-7.49408271028051,general_trajectory
2355.45718823195,2026.35427831462,-5906.64728694207,-2001.21671026776,-1.63112558509902,1.7858683291682,-7.4912478812244,general_trajectory
2356.45718823195,2024.72171970281,-5904.85724073462,-2008.70653640494,-1.63399121307812,1.79422354560091,-7.48840266193035,general_trajectory
2357.45718823195,2023.08629674002,-5903.05884093315,-2016.19351213023,-1.63685428641579,1.80257551517534,-7.48554705847832,general_trajectory
2358.45718823196,2021.44801198282,-5901.25209079057,-2023.67762706257,-1.63971480121671,1.81092422581447,-7.48268107696406,general_trajectory
2359.45718823195,2019.80686799172,-5899.43699357185,-2031.15887082687,-1.64257275359124,1.81926966545088,-7.47980472349922,general_trajectory
2360.45718823195,2018.16286733107,-5897.61355255402,-2038.63723305428,-1.64542813965554,1.82761182202707,-7.47691800421118,general_trajectory
2361.45718823195,2016.51601256914,-5895.78177102617,-2046.11270338206,-1.64828095553152,1.83595068349529,-7.47402092524313,general_trajectory
2362.45718823195,2014.86630627803,-5893.94165228942,-2053.58527145359,-1.65113119734681,1.84428623781757,-7.471113492754,general_trajectory
2363.45718823196,2013.21375103375,-5892.09319965692,-2061.05492691848,-1.65397886123486,1.85261847296586,-7.46819571291844,general_trajectory
2364.45718823196,2011.55834941615,-5890.23641645388,-2068.5216594324,-1.6568239433348,1.8609473769218,-7.46526759192684,general_trajectory
2365.45718823196,2009.90010400896,-5888.37130601748,-2075.98545865734,-1.65966643979159,1.86927293767704,-7.46232913598523,general_trajectory
2366.45718823196,2008.23901739974,-5886.49787169692,-2083.44631426145,-1.66250634675595,1.87759514323308,-7.45938035131533,general_trajectory
2367.45718823195,2006.5750921799,-5884.61611685341,-2090.90421591913,-1.66534366038439,1.88591398160135,-7.45642124415446,general_trajectory
2368.45718823196,2004.90833094469,-5882.7260448601,-2098.35915331105,-1.66817837683919,1.89422944080324,-7.45345182075556,general_trajectory
2369.45718823196,2003.23873629321,-5880.82765910217,-2105.81111612402,-1.6710104922884,1.90254150886997,-7.45047208738719,general_trajectory
2370.45718823196,2001.56631082839,-5878.92096297673,-2113.26009405125,-1.67384000290589,1.91085017384285,-7.44748205033342,general_trajectory
2371.45718823196,1999.89105715695,-5877.00595989284,-2120.70607679221,-1.67666690487134,1.91915542377317,-7.44448171589389,general_trajectory
2372.45718823196,1998.21297788947,-5875.08265327151,-2128.14905405267,-1.6794911943702,1.9274572467222,-7.44147109038374,general_trajectory
2373.45718823196,1996.5320756403,-5873.15104654569,-2135.58901554476,-1.68231286759377,1.93575563076132,-7.43845018013357,general_trajectory
2374.45718823196,1994.84835302763,-5871.21114316026,-2143.02595098684,-1.68513192073909,1.94405056397182,-7.43541899148953,general_trajectory
2375.45718823196,1993.16181267345,-5869.26294657199,-2150.45985010372,-1.68794835000909,1.95234203444517,-7.43237753081312,general_trajectory
2376.45718823196,1991.47245720351,-5867.30646024958,-2157.89070262657,-1.69076215161249,1.96063003028293,-7.42932580448131,general_trajectory
2377.45718823196,1989.78028924738,-5865.3416876736,-2165.31849829292,-1.69357332176384,1.96891453959676,-7.42626381888644,general_trajectory
2378.45718823196,1988.08531143838,-5863.36863233651,-2172.74322684675,-1.69638185668354,1.97719555050848,-7.4231915804362,general_trajectory
2379.45718823196,1986.38752641367,-5861.38729774267,-2180.16487803835,-1.69918775259777,1.98547305114994,-7.42010909555368,general_trajectory
2380.45718823196,1984.68693681411,-5859.39768740826,-2187.58344162452,-1.7019910057386,1.99374702966331,-7.41701637067726,general_trajectory
2381.45718823196,1982.98354528437,-5857.39980486134,-2194.99890736851,-1.70479161234392,2.00201747420089,-7.41391341226059,general_trajectory
2382.45718823196,1981.27735447286,-5855.3936536418,-2202.41126504001,-1.7075895686575,2.01028437292519,-7.41080022677263,general_trajectory
2383.45718823197,1979.56836703173,-5853.37923730136,-2209.82050441522,-1.71038487092894,2.01854771400901,-7.40767682069754,general_trajectory
2384.45718823197,1977.85658561692,-5851.35655940359,-2217.22661527674,-1.71317751541368,2.02680748563524,-7.40454320053479,general_trajectory
2385.45718823196,1976.14201288808,-5849.32562352385,-2224.62958741376,-1.71596749837304,2.0350636759972,-7.40139937279895,general_trajectory
2386.45718823196,1974.4246515086,-5847.28643324929,-2232.02941062198,-1.71875481607422,2.04331627329845,-7.39824534401982,general_trajectory
2387.45718823196,1972.7045041456,-5845.23899217887,-2239.42607470362,-1.72153946479027,2.05156526575283,-7.39508112074234,general_trajectory
2388.45718823196,1970.98157346992,-5843.18330392333,-2246.81956946747,-1.72432144080013,2.05981064158453,-7.39190670952656,general_trajectory
2389.45718823197,1969.25586215613,-5841.11937210515,-2254.20988472892,-1.72710074038862,2.06805238902814,-7.38872211694762,general_trajectory
2390.45718823197,1967.52737288252,-5839.04720035864,-2261.59701030981,-1.7298773598464,2.07629049632845,-7.3855273495958,general_trajectory
2391.45718823197,1965.79610833105,-5836.96679232979,-2268.98093603871,-1.73265129547008,2.0845249517408,-7.38232241407638,general_trajectory
2392.45718823197,1964.06207118742,-5834.87815167637,-2276.36165175077,-1.73542254356212,2.09275574353085,-7.37910731700965,general_trajectory
2393.45718823197,1962.32526414099,-5832.78128206784,-2283.73914728779,-1.73819110043092,2.10098285997477,-7.37588206503094,general_trajectory
2394.45718823197,1960.58568988486,-5830.67618718543,-2291.11341249811,-1.74095696239071,2.109206289359,-7.37264666479056,general_trajectory
2395.45718823197,1958.84335111574,-5828.56287072204,-2298.48443723683,-1.74372012576169,2.11742601998058,-7.36940112295374,general_trajectory
2396.45718823197,1957.09825053409,-5826.44133638229,-2305.8522113657,-1.74648058686993,2.125642040147,-7.36614544620068,general_trajectory
2397.45718823197,1955.35039084398,-5824.31158788247,-2313.21672475315,-1.74923834204744,2.13385433817623,-7.36287964122644,general_trajectory
2398.45718823197,1953.59977475319,-5822.17362895054,-2320.57796727431,-1.75199338763212,2.14206290239676,-7.35960371474099,general_trajectory
2399.45718823197,1951.84640497313,-5820.02746332615,-2327.93592881106,-1.75474571996783,2.15026772114766,-7.35631767346912,general_trajectory
2400.45718823197,1950.09028421888,-5817.87309476061,-2335.29059925193,-1.75749533540429,2.1584687827784,-7.35302152415053,general_trajectory
2401.45718823197,1948.33141520917,-5815.71052701685,-2342.64196849226,-1.76024223029721,2.16666607564918,-7.34971527353964,general_trajectory
2402.45718823197,1946.56980066635,-5813.53976386945,-2349.99002643415,-1.76298640100821,2.17485958813072,-7.34639892840567,general_trajectory
2403.45718823197,1944.80544331643,-5811.3608091046,-2357.33476298648,-1.76572784390484,2.18304930860437,-7.34307249553263,general_trajectory
2404.45718823197,1943.03834588902,-5809.1736665201,-2364.67616806494,-1.76846655536062,2.19123522546214,-7.33973598171921,general_trajectory
2405.45718823197,1941.26851111739,-5806.9783399254,-2372.01423159191,-1.77120253175496,2.19941732710653,-7.33638939377887,general_trajectory
2406.45718823197,1939.4959417384,-5804.77483314149,-2379.34894349672,-1.77393576947326,2.20759560195085,-7.3330327385397,general_trajectory
2407.45718823197,1937.72064049254,-5802.56315000096,-2386.68029371549,-1.77666626490687,2.21577003841906,-7.32966602284446,general_trajectory
2408.45718823197,1935.94261012389,-5800.34329434797,-2394.0082721912,-1.77939401445309,2.22394062494579,-7.32628925355054,general_trajectory
2409.45718823198,1934.16185338012,-5798.11527003822,-2401.33286887371,-1.78211901451518,2.23210734997645,-7.32290243752993,general_trajectory
2410.45718823198,1932.37837301254,-5795.87908093902,-2408.65407371967,-1.78484126150236,2.24027020196704,-7.31950558166924,general_trajectory
2411.45718823198,1930.592171776,-5793.63473092915,-2415.97187669273,-1.78756075182981,2.24842916938443,-7.31609869286959,general_trajectory
2412.45718823197,1928.80325242896,-5791.38222389895,-2423.2862677634,-1.7902774819187,2.25658424070625,-7.31268177804666,general_trajectory
2413.45718823197,1927.01161773344,-5789.12156375028,-2430.59723690911,-1.79299144819618,2.26473540442088,-7.30925484413061,general_trajectory
2414.45718823198,1925.21727045502,-5786.85275439647,-2437.90477411431,-1.79570264709536,2.27288264902758,-7.3058178980661,general_trajectory
2415.45718823198,1923.42021336289,-5784.57579976241,-2445.20886937022,-1.79841107505532,2.28102596303627,-7.30237094681227,general_trajectory
2416.45718823198,1921.62044922974,-5782.29070378443,-2452.50951267518,-1.80111672852115,2.28916533496785,-7.29891399734265,general_trajectory
2417.45718823198,1919.81798083186,-5779.99747041033,-2459.80669403448,-1.80381960394394,2.29730075335405,-7.29544705664519,general_trajectory
2418.45718823198,1918.01281094905,-5777.69610359939,-2467.10040346039,-1.80651969778074,2.30543220673745,-7.29197013172224,general_trajectory
2419.45718823198,1916.20494236467,-5775.38660732233,-2474.39063097222,-1.80921700649464,2.31355968367158,-7.28848322959046,general_trajectory
2420.45718823198,1914.39437786561,-5773.06898556133,-2481.67736659621,-1.81191152655466,2.32168317272075,-7.28498635728091,general_trajectory
2421.45718823198,1912.58112024229,-5770.74324230999,-2488.96060036573,-1.8146032544359,2.32980266246031,-7.28147952183891,general_trajectory
2422.45718823198,1910.76517228864,-5768.40938157332,-2496.24032232118,-1.81729218661942,2.33791814147653,-7.27796273032406,general_trajectory
2423.45718823198,1908.94653680212,-5766.06740736775,-2503.51652251003,-1.81997831959232,2.34602959836663,-7.27443598981024,general_trajectory
2424.45718823198,1907.12521658369,-5763.71732372109,-2510.78919098686,-1.8226616498477,2.35413702173885,-7.27089930738552,general_trajectory
2425.45718823198,1905.30121443782,-5761.35913467256,-2518.05831781323,-1.82534217388466,2.36224040021229,-7.26735269015223,general_trajectory
2426.45718823198,1903.47453317249,-5758.99284427275,-2525.32389305793,-1.82801988820835,2.37033972241721,-7.26379614522686,general_trajectory
2427.45718823198,1901.64517559914,-5756.61845658361,-2532.58590679682,-1.83069478932994,2.37843497699484,-7.26022967974002,general_trajectory
2428.45718823198,1899.81314453273,-5754.23597567843,-2539.84434911292,-1.83336687376661,2.38652615259746,-7.2566533008365,general_trajectory
2429.45718823199,1897.97844279166,-5751.84540564184,-2547.09921009644,-1.83603613804161,2.39461323788845,-7.25306701567514,general_trajectory
2430.45718823198,1896.14107319785,-5749.44675056985,-2554.35047984461,-1.83870257868416,2.40269622154216,-7.24947083142893,general_trajectory
2431.45718823198,1894.30103857666,-5747.04001456974,-2561.59814846199,-1.84136619222957,2.41077509224414,-7.24586475528487,general_trajectory
2432.45718823198,1892.45834175691,-5744.62520176012,-2568.84220606027,-1.84402697521918,2.41884983869102,-7.24224879444398,general_trajectory
2433.45718823198,1890.61298557089,-5742.20231627088,-2576.08264275837,-1.84668492420037,2.42692044959056,-7.2386229561213,general_trajectory
2434.45718823199,1888.76497285432,-5739.7713622432,-2583.31944868246,-1.84934003572659,2.43498691366172,-7.23498724754582,general_trajectory
2435.45718823199,1886.91430644639,-5737.33234382958,-2590.55261396582,-1.85199230635728,2.44304921963447,-7.23134167596056,general_trajectory
2436.45718823199,1885.06098918972,-5734.88526519372,-2597.78212874912,-1.85464173265799,2.4511073562501,-7.22768624862238,general_trajectory
2437.45718823199,1883.20502393033,-5732.43013051062,-2605.00798318023,-1.85728831120032,2.45916131226105,-7.22402097280209,general_trajectory
2438.45718823198,1881.34641351771,-5729.96694396648,-2612.23016741431,-1.85993203856191,2.46721107643098,-7.22034585578436,general_trajectory
2439.45718823199,1879.48516080473,-5727.49570975876,-2619.44867161386,-1.86257291132649,2.47525663753483,-7.21666090486768,general_trajectory
2440.45718823199,1877.62126864772,-5725.01643209616,-2626.66348594855,-1.86521092608382,2.48329798435861,-7.21296612736446,general_trajectory
2441.45718823199,1875.75473990637,-5722.52911519855,-2633.8746005955,-1.86784607942975,2.49133510569976,-7.20926153060081,general_trajectory
2442.45718823199,1873.8855774438,-5720.03376329699,-2641.0820057391,-1.87047836796622,2.49936799036695,-7.20554712191665,general_trajectory
2443.45718823199,1872.01378412651,-5717.53038063377,-2648.28569157113,-1.87310778830122,2.50739662718014,-7.20182290866567,general_trajectory
2444.45718823199,1870.13936282439,-5715.0189714623,-2655.48564829073,-1.87573433704884,2.51542100497062,-7.19808889821523,general_trajectory
2445.45718823199,1868.26231641073,-5712.49954004721,-2662.68186610432,-1.8783580108292,2.5234411125809,-7.19434509794647,general_trajectory
2446.45718823199,1866.38264776218,-5709.97209066425,-2669.87433522581,-1.88097880626858,2.53145693886496,-7.19059151525413,general_trajectory
2447.45718823199,1864.50035975876,-5707.4366276003,-2677.06304587648,-1.88359671999929,2.53946847268807,-7.18682815754662,general_trajectory
2448.45718823199,1862.61545528387,-5704.8931551534,-2684.24798828503,-1.88621174865977,2.5474757029269,-7.18305503224598,general_trajectory
2449.45718823199,1860.72793722425,-5702.34167763268,-2691.42915268757,-1.88882388889451,2.55547861846949,-7.17927214678783,general_trajectory
2450.45718823199,1858.83780847,-5699.78219935838,-2698.60652932773,-1.89143313735415,2.56347720821533,-7.17547950862135,general_trajectory
2451.45718823199,1856.94507191458,-5697.21472466187,-2705.78010845643,-1.89403949069537,2.57147146107521,-7.17167712520933,general_trajectory
2452.45718823199,1855.04973045476,-5694.63925788556,-2712.94988033221,-1.89664294558098,2.57946136597146,-7.167865004028,general_trajectory
2453.45718823199,1853.15178699068,-5692.05580338294,-2720.11583522105,-1.89924349867991,2.58744691183785,-7.16404315256712,general_trajectory
2454.45718823199,1851.25124442578,-5689.46436551858,-2727.27796339641,-1.90184114666717,2.59542808761958,-7.16021157832991,general_trajectory
2455.457188232,1849.34810566681,-5686.86494866807,-2734.43625513932,-1.90443588622392,2.60340488227341,-7.15637028883301,general_trajectory
2456.457188232,1847.4423736239,-5684.25755721808,-2741.5907007382,-1.90702771403736,2.61137728476745,-7.15251929160654,general_trajectory
2457.45718823199,1845.53405121043,-5681.64219556626,-2748.74129048913,-1.90961662680087,2.61934528408143,-7.14865859419395,general_trajectory
2458.45718823199,1843.62314134309,-5679.01886812131,-2755.8880146957,-1.91220262121393,2.62730886920661,-7.14478820415208,general_trajectory
2459.45718823199,1841.70964694188,-5676.38757930291,-2763.03086366907,-1.91478569398214,2.63526802914575,-7.14090812905109,general_trajectory
2460.457188232,1839.79357093009,-5673.74833354173,-2770.16982772801,-1.91736584181722,2.64322275291323,-7.13701837647444,general_trajectory
2461.457188232,1837.87491623431,-5671.10113527946,-2777.30489719876,-1.91994306143701,2.65117302953488,-7.13311895401897,general_trajectory
2462.457188232,1835.95368578438,-5668.4459889687,-2784.43606241528,-1.92251734956548,2.65911884804822,-7.12920986929467,general_trajectory
2463.457188232,1834.02988251344,-5665.78289907305,-2791.56331371912,-1.92508870293274,2.66706019750236,-7.12529112992481,general_trajectory
2464.457188232,1832.10350935786,-5663.11187006704,-2798.68664145945,-1.92765711827504,2.67499706695802,-7.12136274354588,general_trajectory
2465.457188232,1830.17456925731,-5660.4329064361,-2805.80603599312,-1.93022259233477,2.68292944548757,-7.11742471780752,general_trajectory
2466.457188232,1828.2430651547,-5657.74601267666,-2812.92148768453,-1.9327851218604,2.69085732217493,-7.1134770603726,general_trajectory
2467.457188232,1826.30899999618,-5655.051193296,-2820.03298690585,-1.93534470360661,2.69878068611578,-7.10951977891704,general_trajectory
2468.457188232,1824.37237673116,-5652.34845281232,-2827.14052403691,-1.9379013343342,2.70669952641748,-7.10555288112992,general_trajectory
2469.457188232,1822.43319831227,-5649.63779575468,-2834.24408946523,-1.9404550108101,2.71461383219903,-7.10157637471336,general_trajectory
2470.457188232,1820.49146769536,-5646.91922666303,-2841.34367358606,-1.94300572980744,2.7225235925912,-7.09759026738256,general_trajectory
2471.457188232,1818.54718783954,-5644.19275008823,-2848.43926680229,-1.94555348810541,2.73042879673636,-7.09359456686577,general_trajectory
2472.457188232,1816.60036170712,-5641.45837059193,-2855.53085952464,-1.94809828248944,2.73832943378874,-7.08958928090421,general_trajectory
2473.457188232,1814.65099226361,-5638.71609274664,-2862.61844217153,-1.95064010975106,2.74622549291425,-7.08557441725208,general_trajectory
2474.457188232,1812.69908247773,-5635.96592113569,-2869.70200516916,-1.953178966688,2.7541169632906,-7.08154998367654,general_trajectory
2475.457188232,1810.7446353214,-5633.20786035323,-2876.78153895153,-1.95571485010413,2.76200383410731,-7.07751598795766,general_trajectory
2476.457188232,1808.78765376975,-5630.44191500425,-2883.85703396032,-1.95824775680945,2.76988609456555,-7.07347243788846,general_trajectory
2477.457188232,1806.82814080108,-5627.66808970448,-2890.92848064512,-1.96077768362017,2.77776373387842,-7.06941934127478,general_trajectory
2478.457188232,1804.86609939687,-5624.88638908047,-2897.99586946328,-1.96330462735865,2.78563674127083,-7.06535670593532,general_trajectory
2479.457188232,1802.90153254178,-5622.09681776951,-2905.05919088001,-1.96582858485343,2.7935051059795,-7.06128453970162,general_trajectory
2480.45718823201,1800.93444322362,-5619.29938041964,-2912.11843536837,-1.96834955293921,2.80136881725304,-7.05720285041796,general_trajectory
2481.45718823201,1798.96483443342,-5616.49408168971,-2919.17359340915,-1.97086752845684,2.8092278643518,-7.05311164594149,general_trajectory
2482.45718823201,1796.99270916529,-5613.68092624924,-2926.22465549113,-1.97338250825338,2.81708223654813,-7.04901093414203,general_trajectory
2483.457188232,1795.01807041653,-5610.85991877849,-2933.27161211094,-1.97589448918207,2.82493192312625,-7.04490072290212,general_trajectory
2484.457188232,1793.0409211876,-5608.03106396844,-2940.31445377308,-1.97840346810229,2.83277691338224,-7.04078102011702,general_trajectory
2485.45718823201,1791.06126448204,-5605.19436652072,-2947.35317098999,-1.98090944187966,2.84061719662418,-7.03665183369461,general_trajectory
2486.45718823201,1789.07910330659,-5602.34983114774,-2954.38775428192,-1.98341240738591,2.84845276217193,-7.0325131715555,general_trajectory
2487.45718823201,1787.09444067106,-5599.4974625725,-2961.41819417716,-1.98591236149901,2.85628359935744,-7.02836504163283,general_trajectory
2488.45718823201,1785.10727958843,-5596.6372655287,-2968.4444812119,-1.9884093011031,2.86410969752456,-7.02420745187234,general_trajectory
2489.45718823201,1783.11762307473,-5593.76924476068,-2975.46660593027,-1.99090322308852,2.87193104602913,-7.02004041023236,general_trajectory
2490.45718823201,1781.12547414915,-5590.8934050234,-2982.48455888443,-1.99339412435181,2.879747634239,-7.01586392468372,general_trajectory
2491.45718823201,1779.13083583396,-5588.0097510825,-2989.49833063436,-1.99588200179564,2.88755945153389,-7.01167800320982,general_trajectory
2492.45718823201,1777.13371115453,-5585.11828771418,-2996.50791174819,-1.99836685232894,2.89536648730568,-7.00748265380649,general_trajectory
2493.45718823201,1775.13410313931,-5582.21901970526,-3003.51329280199,-2.00084867286682,2.90316873095822,-7.00327788448203,general_trajectory
2494.45718823201,1773.13201481982,-5579.31195185316,-3010.51446437985,-2.0033274603306,2.91096617190739,-6.99906370325717,general_trajectory
2495.45718823201,1771.12744923068,-5576.39708896586,-3017.51141707391,-2.00580321164778,2.9187587995812,-6.99484011816503,general_trajectory
2496.45718823201,1769.12040940959,-5573.47443586193,-3024.50414148427,-2.00827592375204,2.92654660341955,-6.99060713725118,general_trajectory
2497.45718823201,1767.11089839727,-5570.54399737049,-3031.49262821915,-2.01074559358333,2.93432957287457,-6.98636476857346,general_trajectory
2498.45718823201,1765.09891923754,-5567.60577833116,-3038.47686789484,-2.01321221808775,2.94210769741045,-6.98211302020208,general_trajectory
2499.45718823201,1763.08447497723,-5564.65978359415,-3045.45685113568,-2.01567579421764,2.94988096650346,-6.97785190021953,general_trajectory
2500.45718823201,1761.06756866624,-5561.70601802015,-3052.4325685741,-2.01813631893152,2.957649369642,-6.9735814167206,general_trajectory
2501.45718823201,1759.04820335751,-5558.74448648034,-3059.40401085068,-2.02059378919417,2.96541289632665,-6.96930157781227,general_trajectory
2502.45718823201,1757.02638210701,-5555.77519385646,-3066.37116861399,-2.02304820197651,2.97317153606999,-6.96501239161386,general_trajectory
2503.45718823201,1755.00210797372,-5552.79814504067,-3073.33403252084,-2.02549955425573,2.98092527839689,-6.96071386625677,general_trajectory
2504.45718823201,1752.97538401967,-5549.81334493563,-3080.29259323615,-2.02794784301523,2.98867411284435,-6.95640600988462,general_trajectory
2505.45718823202,1750.94621330986,-5546.82079845442,-3087.24684143302,-2.03039306524463,2.99641802896158,-6.95208883065315,general_trajectory
2506.45718823202,1748.91459891235,-5543.82051052062,-3094.19676779259,-2.03283521793972,3.00415701630988,-6.94776233673028,general_trajectory
2507.45718823202,1746.88054389816,-5540.8124860682,-3101.1423630043,-2.03527429810257,3.01189106446286,-6.94342653629595,general_trajectory
2508.45718823202,1744.84405134132,-5537.79673004157,-3108.08361776573,-2.03771030274146,3.01962016300631,-6.9390814375422,general_trajectory
2509.45718823202,1742.80512431885,-5534.77324739553,-3115.02052278267,-2.04014322887087,3.02734430153827,-6.9347270486731,general_trajectory
2510.45718823201,1740.76376591075,-5531.74204309529,-3121.9530687691,-2.04257307351153,3.035063469669,-6.93036337790474,general_trajectory
2511.45718823202,1738.71997919997,-5528.70312211644,-3128.88124644729,-2.04499983369041,3.04277765702108,-6.92599043346518,general_trajectory
2512.45718823202,1736.6737672725,-5525.65648944495,-3135.80504654759,-2.04742350644063,3.0504868532292,-6.92160822359448,general_trajectory
2513.45718823202,1734.62513321722,-5522.60215007715,-3142.72445980874,-2.04984408880164,3.05819104794049,-6.91721675654461,general_trajectory
2514.45718823202,1732.57408012601,-5519.54010901969,-3149.63947697769,-2.05226157781907,3.06589023081431,-6.91281604057943,general_trajectory
2515.45718823202,1730.52061109369,-5516.47037128958,-3156.55008880967,-2.05467597054477,3.07358439152234,-6.90840608397472,general_trajectory
2516.45718823202,1728.46472921799,-5513.39294191413,-3163.45628606822,-2.05708726403688,3.0812735197486,-6.90398689501806,general_trajectory
2517.45718823202,1726.40643759966,-5510.307825931,-3170.35805952506,-2.05949545535971,3.08895760518933,-6.89955848200895,general_trajectory
2518.45718823202,1724.34573934231,-5507.21502838811,-3177.25539996032,-2.06190054158384,3.09663663755322,-6.89512085325862,general_trajectory
2519.45718823202,1722.2826375525,-5504.11455434368,-3184.14829816242,-2.06430251978609,3.10431060656128,-6.8906740170901,general_trajectory
2520.45718823202,1720.21713533972,-5501.0064088662,-3191.03674492813,-2.06670138704951,3.11197950194689,-6.88621798183817,general_trajectory
2521.45718823202,1718.14923581635,-5497.8905970344,-3197.92073106255,-2.06909714046341,3.11964331345585,-6.88175275584931,general_trajectory
2522.45718823202,1716.0789420977,-5494.76712393731,-3204.80024737906,-2.07148977712329,3.12730203084619,-6.87727834748177,general_trajectory
2523.45718823202,1714.00625730199,-5491.63599467416,-3211.6752846995,-2.07387929413096,3.1349556438885,-6.87279476510542,general_trajectory
2524.45718823202,1711.93118455029,-5488.4972143544,-3218.54583385405,-2.07626568859443,3.14260414236572,-6.86830201710177,general_trajectory
2525.45718823202,1709.85372696661,-5485.35078809769,-3225.41188568128,-2.07864895762797,3.15024751607324,-6.86380011186397,general_trajectory
2526.45718823203,1707.7738876778,-5482.19672103389,-3232.2734310282,-2.0810290983521,3.15788575481889,-6.85928905779673,general_trajectory
2527.45718823203,1705.69166981362,-5479.03501830309,-3239.1304607501,-2.08340610789358,3.16551884842284,-6.85476886331642,general_trajectory
2528.45718823202,1703.6070765067,-5475.86568505549,-3245.98296571083,-2.08577998338541,3.17314678671784,-6.85023953685085,general_trajectory
2529.45718823202,1701.52011089249,-5472.68872645148,-3252.83093678261,-2.08815072196686,3.18076955954906,-6.84570108683938,general_trajectory
2530.45718823202,1699.43077610935,-5469.5041476616,-3259.67436484613,-2.09051832078345,3.18838715677415,-6.84115352173288,general_trajectory
2531.45718823203,1697.33907529846,-5466.31195386649,-3266.51324079056,-2.09288277698695,3.19599956826332,-6.83659684999363,general_trajectory
2532.45718823203,1695.24501160386,-5463.11215025701,-3273.34755551343,-2.09524408773535,3.20360678389911,-6.83203108009544,general_trajectory
2533.45718823203,1693.14858817242,-5459.90474203402,-3280.17729992085,-2.09760225019293,3.21120879357674,-6.82745622052344,general_trajectory
2534.45718823203,1691.04980815385,-5456.68973440854,-3287.00246492741,-2.09995726153023,3.21880558720388,-6.82287227977419,general_trajectory
2535.45718823203,1688.94867470067,-5453.46713260166,-3293.82304145617,-2.10230911892403,3.22639715470075,-6.81827926635557,general_trajectory
2536.45718823203,1686.84519096824,-5450.23694184452,-3300.63902043877,-2.10465781955737,3.23398348600018,-6.81367718878682,general_trajectory
2537.45718823203,1684.73936011474,-5446.9991673784,-3307.45039281523,-2.10700336061954,3.24156457104739,-6.80906605559852,general_trajectory
2538.45718823203,1682.63118530113,-5443.75381445453,-3314.25714953426,-2.1093457393061,3.24914039980031,-6.80444587533246,general_trajectory
2539.45718823203,1680.52066969119,-5440.50088833424,-3321.05928155305,-2.11168495281886,3.25671096222943,-6.79981665654172,general_trajectory
2540.45718823203,1678.40781645149,-5437.24039428886,-3327.85677983735,-2.11402099836591,3.26427624831779,-6.79517840779061,general_trajectory
2541.45718823203,1676.29262875137,-5433.97233759971,-3334.64963536153,-2.11635387316159,3.2718362480611,-6.79053113765459,general_trajectory
2542.45718823203,1674.175109763,-5430.69672355817,-3341.43783910842,-2.11868357442648,3.27939095146755,-6.7858748547204,general_trajectory
2543.45718823203,1672.05526266128,-5427.41355746555,-3348.22138206956,-2.12101009938746,3.28694034855808,-6.78120956758583,general_trajectory
2544.45718823203,1669.93309062392,-5424.12284463315,-3355.00025524505,-2.12333344527765,3.2944844293662,-6.77653528485982,general_trajectory
2545.45718823203,1667.80859683134,-5420.82459038223,-3361.77444964361,-2.12565360933645,3.30202318393808,-6.77185201516243,general_trajectory
2546.45718823203,1665.68178446676,-5417.51880004398,-3368.54395628262,-2.12797058880953,3.30955660233259,-6.76715976712472,general_trajectory
2547.45718823203,1663.55265671616,-5414.20547895959,-3375.30876618799,-2.13028438094878,3.31708467462112,-6.7624585493889,general_trajectory
2548.45718823203,1661.42121676823,-5410.88463248009,-3382.06887039438,-2.13259498301241,3.32460739088788,-6.75774837060812,general_trajectory
2549.45718823203,1659.28746781441,-5407.55626596646,-3388.82425994507,-2.13490239226488,3.33212474122971,-6.75302923944654,general_trajectory
2550.45718823203,1657.15141304888,-5404.22038478957,-3395.57492589203,-2.13720660597691,3.33963671575613,-6.74830116457927,general_trajectory
2551.45718823204,1655.01305566853,-5400.87699433016,-3402.32085929592,-2.13950762142552,3.34714330458944,-6.74356415469235,general_trajectory
2552.45718823204,1652.87239887301,-5397.5260999789,-3409.062051226,-2.14180543589393,3.3546444978645,-6.73881821848281,general_trajectory
2553.45718823204,1650.72944586464,-5394.16770713624,-3415.79849276034,-2.1441000466717,3.36214028572903,-6.73406336465848,general_trajectory
2554.45718823203,1648.58419984847,-5390.80182121253,-3422.53017498567,-2.14639145105462,3.36963065834345,-6.72929960193807,general_trajectory
2555.45718823203,1646.43666403224,-5387.42844762792,-3429.25708899748,-2.14867964634479,3.37711560588091,-6.72452693905113,general_trajectory
2556.45718823204,1644.28684162637,-5384.04759181238,-3435.9792259,-2.15096462985056,3.38459511852737,-6.719745384738,general_trajectory
2557.45718823204,1642.13473584402,-5380.65925920575,-3442.69657680609,-2.15324639888652,3.39206918648142,-6.71495494774986,general_trajectory
2558.45718823204,1639.98034990098,-5377.26345525759,-3449.40913283751,-2.15552495077357,3.39953779995455,-6.71015563684857,general_trajectory
2559.45718823204,1637.82368701575,-5373.86018542726,-3456.11688512473,-2.1578002828389,3.407000949171,-6.70534746080675,general_trajectory
2560.45718823204,1635.66475040947,-5370.44945518392,-3462.819824807,-2.16007239241592,3.41445862436778,-6.70053042840773,general_trajectory
2561.45718823204,1633.50354330597,-5367.03127000646,-3469.51794303235,-2.16234127684436,3.42191081579474,-6.69570454844549,general_trajectory
2562.45718823204,1631.3400689317,-5363.60563538349,-3476.21123095767,-2.16460693347022,3.42935751371456,-6.69086982972465,general_trajectory
2563.45718823204,1629.17433051583,-5360.17255681342,-3482.89967974852,-2.16686935964574,3.43679870840262,-6.68602628106054,general_trajectory
2564.45718823204,1627.00633129011,-5356.73203980433,-3489.58328057941,-2.16912855272946,3.44423439014726,-6.68117391127898,general_trajectory
2565.45718823204,1624.83607448895,-5353.28408987401,-3496.26202463364,-2.17138451008621,3.45166454924961,-6.67631272921641,general_trajectory
2566.45718823204,1622.6635633494,-5349.82871254995,-3502.93590310335,-2.17363722908706,3.45908917602367,-6.67144274371982,general_trajectory
2567.45718823204,1620.4888011111,-5346.36591336929,-3509.60490718958,-2.1758867071094,3.46650826079632,-6.66656396364666,general_trajectory
2568.45718823204,1618.31179101637,-5342.8956978789,-3516.2690281021,-2.17813294153685,3.4739217939072,-6.66167639786497,general_trajectory
2569.45718823204,1616.13253631009,-5339.41807163525,-3522.92825705969,-2.18037592975933,3.48132976570895,-6.65678005525319,general_trajectory
2570.45718823204,1613.95104023979,-5335.93304020446,-3529.58258528995,-2.18261566917305,3.48873216656705,-6.65187494470021,general_trajectory
2571.45718823204,1611.76730605555,-5332.44060916231,-3536.2320040294,-2.18485215718048,3.49612898685988,-6.64696107510532,general_trajectory
2572.45718823205,1609.58133701008,-5328.94078409412,-3542.87650452348,-2.18708539119039,3.50352021697876,-6.6420384553782,general_trajectory
2573.45718823204,1607.39313635869,-5325.43357059492,-3549.51607802645,-2.18931536861776,3.51090584732782,-6.63710709443894,general_trajectory
2574.45718823204,1605.20270735924,-5321.91897426925,-3556.15071580159,-2.19154208688394,3.51828586832422,-6.63216700121791,general_trajectory
2575.45718823204,1603.01005327217,-5318.39700073125,-3562.78040912109,-2.1937655434165,3.52566027039801,-6.62721818465581,general_trajectory
2576.45718823204,1600.81517736051,-5314.86765560462,-3569.4051492661,-2.1959857356493,3.53302904399219,-6.6222606537036,general_trajectory
2577.45718823205,1598.61808288982,-5311.33094452259,-3576.02492752672,-2.19820266102251,3.54039217956276,-6.61729441732249,general_trajectory
2578.45718823205,1596.41877312826,-5307.786873128,-3582.63973520195,-2.20041631698251,3.54774966757853,-6.612319484484,general_trajectory
2579.45718823205,1594.21725134651,-5304.23544707313,-3589.24956359985,-2.20262670098202,3.55510149852143,-6.60733586416977,general_trajectory
2580.45718823205,1592.0135208178,-5300.67667201982,-3595.85440403745,-2.20483381048001,3.56244766288629,-6.60234356537164,general_trajectory
2581.45718823204,1589.8075848179,-5297.11055363939,-3602.45424784076,-2.20703764294175,3.56978815118096,-6.5973425970916,general_trajectory
2582.45718823205,1587.59944662509,-5293.53709761263,-3609.04908634484,-2.20923819583877,3.57712295392631,-6.59233296834175,general_trajectory
2583.45718823205,1585.38910952024,-5289.95630962986,-3615.63891089366,-2.21143546664887,3.58445206165608,-6.58731468814435,general_trajectory
2584.45718823205,1583.17657678666,-5286.36819539081,-3622.22371284031,-2.21362945285615,3.59177546491716,-6.58228776553167,general_trajectory
2585.45718823205,1580.96185171023,-5282.77276060467,-3628.80348354692,-2.21582015195099,3.59909315426941,-6.57725220954604,general_trajectory
2586.45718823205,1578.7449375793,-5279.17001099005,-3635.37821438462,-2.21800756143003,3.60640512028571,-6.57220802923982,general_trajectory
2587.45718823205,1576.52583768473,-5275.559952275,-3641.94789673368,-2.22019167879621,3.61371135355202,-6.56715523367533,general_trajectory
2588.45718823205,1574.3045553199,-5271.94259019699,-3648.51252198327,-2.22237250155872,3.62101184466724,-6.56209383192495,general_trajectory
2589.45718823205,1572.08109378065,-5268.31793050285,-3655.07208153182,-2.22455002723305,3.62830658424341,-6.55702383307091,general_trajectory
2590.45718823205,1569.8554563653,-5264.68597894881,-3661.62656678674,-2.22672425334096,3.63559556290561,-6.55194524620538,general_trajectory
2591.45718823205,1567.62764637465,-5261.04674130047,-3668.17596916458,-2.2288951774105,3.64287877129199,-6.54685808043043,general_trajectory
2592.45718823205,1565.39766711197,-5257.40022333275,-3674.72028009103,-2.231062796976,3.65015620005381,-6.54176234485796,general_trajectory
2593.45718823205,1563.16552188301,-5253.74643083,-3681.25949100077,-2.23322710957803,3.6574278398553,-6.5366580486098,general_trajectory
2594.45718823205,1560.93121399595,-5250.0853695858,-3687.79359333772,-2.23538811276347,3.66469368137389,-6.53154520081749,general_trajectory
2595.45718823205,1558.69474676144,-5246.41704540312,-3694.32257855492,-2.23754580408549,3.67195371530007,-6.5264238106224,general_trajectory
2596.45718823205,1556.45612349255,-5242.74146409417,-3700.84643811454,-2.23970018110349,3.67920793233745,-6.52129388717564,general_trajectory
2597.45718823206,1554.2153475048,-5239.05863148048,-3707.36516348794,-2.24185124138321,3.6864563232028,-6.51615543963805,general_trajectory
2598.45718823206,1551.97242211617,-5235.3685533929,-3713.87874615554,-2.2439989824966,3.69369887862586,-6.51100847718024,general_trajectory
2599.45718823205,1549.72735064701,-5231.67123567147,-3720.38717760704,-2.24614340202193,3.70093558934966,-6.50585300898243,general_trajectory
2600.45718823205,1547.48013642013,-5227.96668416552,-3726.89044934131,-2.24828449754373,3.70816644613031,-6.50068904423452,general_trajectory
2601.45718823205,1545.23078276073,-5224.25490473361,-3733.38855286639,-2.25042226665282,3.71539143973705,-6.49551659213603,general_trajectory
2602.45718823206,1542.97929299642,-5220.53590324349,-3739.88147969956,-2.25255670694628,3.72261056095236,-6.49033566189606,general_trajectory
2603.45718823206,1540.72567045723,-5216.80968557222,-3746.36922136723,-2.25468781602746,3.7298238005717,-6.48514626273337,general_trajectory
2604.45718823206,1538.46991847557,-5213.07625760595,-3752.85176940512,-2.256815591506,3.73703114940387,-6.47994840387621,general_trajectory
2605.45718823206,1536.21204038622,-5209.33562524007,-3759.32911535816,-2.2589400309978,3.74423259827077,-6.47474209456233,general_trajectory
2606.45718823206,1533.95203952636,-5205.58779437912,-3765.8012507805,-2.26106113212505,3.75142813800751,-6.46952734403903,general_trajectory
2607.45718823206,1531.68991923554,-5201.8327709368,-3772.26816723561,-2.26317889251621,3.75861775946242,-6.46430416156303,general_trajectory
2608.45718823206,1529.42568285569,-5198.07056083599,-3778.72985629609,-2.26529330980599,3.7658014534969,-6.45907255640059,general_trajectory
2609.45718823206,1527.15933373108,-5194.30117000866,-3785.18630954393,-2.26740438163539,3.77297921098568,-6.45383253782729,general_trajectory
2610.45718823206,1524.89087520836,-5190.52460439591,-3791.63751857036,-2.26951210565169,3.78015102281666,-6.44858411512815,general_trajectory
2611.45718823206,1522.6203106365,-5186.74086994795,-3798.0834749759,-2.27161647950843,3.78731687989096,-6.44332729759755,general_trajectory
2612.45718823206,1520.34764336683,-5182.94997262406,-3804.52417037041,-2.27371750086543,3.79447677312297,-6.43806209453919,general_trajectory
2613.45718823206,1518.07287675304,-5179.15191839266,-3810.95959637294,-2.27581516738875,3.8016306934402,-6.43278851526617,general_trajectory
2614.45718823206,1515.79601415111,-5175.34671323118,-3817.38974461197,-2.27790947675076,3.80877863178349,-6.42750656910079,general_trajectory
2615.45718823206,1513.51705891937,-5171.53436312611,-3823.81460672528,-2.28000042663006,3.81592057910691,-6.42221626537465,general_trajectory
2616.45718823206,1511.23601441845,-5167.71487407299,-3830.23417435997,-2.28208801471157,3.82305652637779,-6.41691761342859,general_trajectory
2617.45718823207,1508.9528840113,-5163.88825207636,-3836.64843917254,-2.28417223868643,3.83018646457674,-6.41161062261263,general_trajectory
2618.45718823206,1506.66767106321,-5160.05450314984,-3843.05739282872,-2.28625309625205,3.83731038469752,-6.40629530228606,general_trajectory
2619.45718823206,1504.3803789417,-5156.21363331599,-3849.46102700372,-2.28833058511213,3.8444282777473,-6.40097166181725,general_trajectory
2620.45718823206,1502.09101101665,-5152.36564860637,-3855.85933338209,-2.29040470297663,3.85154013474647,-6.39563971058373,general_trajectory
2621.45718823206,1499.79957066018,-5148.51055506151,-3862.25230365775,-2.29247544756177,3.85864594672872,-6.39029945797216,general_trajectory
2622.45718823206,1497.50606124672,-5144.64835873091,-3868.63992953403,-2.29454281659002,3.86574570474104,-6.38495091337824,general_trajectory
2623.45718823207,1495.21048615293,-5140.77906567298,-3875.02220272368,-2.29660680779016,3.87283939984373,-6.37959408620674,general_trajectory
2624.45718823207,1492.91284875782,-5136.90268195515,-3881.39911494875,-2.29866741889716,3.8799270231103,-6.37422898587154,general_trajectory
2625.45718823207,1490.61315244259,-5133.01921365368,-3887.77065794083,-2.30072464765231,3.88700856562769,-6.36885562179541,general_trajectory
2626.45718823206,1488.31140059072,-5129.12866685378,-3894.1368234409,-2.30277849180314,3.89408401849612,-6.36347400341017,general_trajectory
2627.45718823206,1486.00759658794,-5125.23104764954,-3900.49760319935,-2.30482894910345,3.90115337282912,-6.35808414015658,general_trajectory
2628.45718823207,1483.7017438222,-5121.32636214391,-3906.8529889761,-2.3068760173133,3.90821661975361,-6.35268604148427,general_trajectory
2629.45718823207,1481.39384568375,-5117.41461644877,-3913.20297254036,-2.30891969419898,3.91527375040972,-6.3472797168519,general_trajectory
2630.45718823207,1479.08390556499,-5113.4958166848,-3919.54754567096,-2.31095997753307,3.92232475595103,-6.34186517572691,general_trajectory
2631.45718823207,1476.77192686061,-5109.56996898153,-3925.88670015614,-2.3129968650944,3.92936962754446,-6.33644242758561,general_trajectory
2632.45718823207,1474.45791296747,-5105.63707947731,-3932.22042779361,-2.31503035466805,3.93640835637026,-6.33101148191313,general_trajectory
2633.45718823207,1472.14186728466,-5101.69715431929,-3938.54872039064,-2.31706044404536,3.94344093362209,-6.32557234820339,general_trajectory
2634.45718823207,1469.8237932135,-5097.7501996635,-3944.87156976387,-2.31908713102391,3.95046735050685,-6.32012503595917,general_trajectory
2635.45718823207,1467.50369415748,-5093.79622167467,-3951.18896773954,-2.32111041340755,3.95748759824495,-6.31466955469188,general_trajectory
2636.45718823207,1465.18157352228,-5089.83522652632,-3957.50090615341,-2.32313028900638,3.96450166807012,-6.30920591392172,general_trajectory
2637.45718823207,1462.85743471579,-5085.86722040076,-3963.80737685072,-2.32514675563675,3.97150955122949,-6.30373412317757,general_trajectory
2638.45718823207,1460.53128114805,-5081.89220948898,-3970.10837168631,-2.32715981112126,3.97851123898362,-6.29825419199694,general_trajectory
2639.45718823207,1458.20311623131,-5077.91019999081,-3976.40388252445,-2.32916945328875,3.98550672260634,-6.29276612992609,general_trajectory
2640.45718823207,1455.87294337997,-5073.92119811472,-3982.69390123904,-2.33117567997431,3.99249599338499,-6.28726994651981,general_trajectory
2641.45718823207,1453.54076601058,-5069.9252100779,-3988.97841971355,-2.3331784890193,3.99947904262031,-6.28176565134151,general_trajectory
2642.45718823207,1451.20658754187,-5065.92224210623,-3995.25742984098,-2.3351778782713,4.00645586162642,-6.27625325396316,general_trajectory
2643.45718823208,1448.87041139468,-5061.91230043426,-4001.53092352397,-2.33717384558415,4.01342644173092,-6.27073276396525,general_trajectory
2644.45718823207,1446.53224099205,-5057.89539130527,-4007.7988926746,-2.33916638881791,4.0203907742747,-6.26520419093689,general_trajectory
2645.45718823207,1444.19207975911,-5053.87152097112,-4014.06132921469,-2.34115550583891,4.02734885061222,-6.25966754447556,general_trajectory
2646.45718823207,1441.84993112315,-5049.84069569233,-4020.3182250756,-2.34314119451972,4.0343006621113,-6.25412283418727,general_trajectory
2647.45718823207,1439.50579851357,-5045.80292173806,-4026.56957219831,-2.34512345273913,4.04124620015325,-6.24857006968644,general_trajectory
2648.45718823208,1437.15968536186,-5041.75820538603,-4032.81536253347,-2.34710227838221,4.04818545613281,-6.2430092605959,general_trajectory
2649.45718823208,1434.81159510169,-5037.70655292266,-4039.05558804121,-2.3490776693402,4.05511842145809,-6.23744041654694,general_trajectory
2650.45718823208,1432.46153116878,-5033.64797064286,-4045.29024069145,-2.35104962351063,4.06204508755076,-6.23186354717913,general_trajectory
2651.45718823208,1430.10949700096,-5029.58246485016,-4051.51931246367,-2.35301813879727,4.06896544584591,-6.22627866214042,general_trajectory
2652.45718823207,1427.75549603818,-5025.51004185663,-4057.74279534705,-2.35498321311008,4.07587948779211,-6.22068577108704,general_trajectory
2653.45718823208,1425.39953172242,-5021.43070798285,-4063.96068134042,-2.35694484436531,4.08278720485142,-6.21508488368351,general_trajectory
2654.45718823208,1423.04160749781,-5017.34446955804,-4070.17296245222,-2.35890303048539,4.08968858849927,-6.20947600960269,general_trajectory
2655.45718823208,1420.68172681052,-5013.25133291984,-4076.37963070062,-2.360857769399,4.09658363022469,-6.20385915852557,general_trajectory
2656.45718823208,1418.31989310878,-5009.15130441441,-4082.58067811349,-2.36280905904107,4.10347232153014,-6.19823434014141,general_trajectory
2657.45718823208,1415.95610984288,-5005.04439039642,-4088.77609672836,-2.36475689735272,4.1103546539316,-6.19260156414764,general_trajectory
2658.45718823208,1413.59038046519,-5000.93059722898,-4094.96587859251,-2.36670128228134,4.11723061895857,-6.1869608402498,general_trajectory
2659.45718823208,1411.22270843012,-4996.80993128376,-4101.15001576282,-2.36864221178049,4.12410020815391,-6.18131217816169,general_trajectory
2660.45718823208,1408.85309719412,-4992.68239894077,-4107.328500306,-2.37057968381001,4.13096341307413,-6.1756555876051,general_trajectory
2661.45718823208,1406.48155021567,-4988.54800658852,-4113.50132429844,-2.37251369633593,4.1378202252892,-6.16999107830995,general_trajectory
2662.45718823208,1404.1080709553,-4984.40676062391,-4119.66847982628,-2.3744442473305,4.14467063638262,-6.1643186600142,general_trajectory
2663.45718823208,1401.73266287552,-4980.25866745224,-4125.82995898541,-2.37637133477223,4.15151463795142,-6.15863834246384,general_trajectory
2664.45718823208,1399.35532944093,-4976.10373348729,-4131.9857538814,-2.37829495664578,4.15835222160605,-6.15295013541292,general_trajectory
2665.45718823208,1396.97607411809,-4971.94196515114,-4138.13585662965,-2.38021511094208,4.16518337897061,-6.14725404862343,general_trajectory
2666.45718823208,1394.59490037558,-4967.77336887424,-4144.28025935531,-2.38213179565825,4.17200810168268,-6.14155009186529,general_trajectory
2667.45718823208,1392.21181168397,-4963.59795109544,-4150.41895419331,-2.38404500879765,4.17882638139339,-6.13583827491639,general_trajectory
2668.45718823209,1389.82681151583,-4959.41571826188,-4156.55193328837,-2.38595474836983,4.18563820976743,-6.13011860756248,general_trajectory
2669.45718823209,1387.43990334574,-4955.22667682911,-4162.67918879492,-2.38786101239054,4.19244357848294,-6.12439109959729,general_trajectory
2670.45718823209,1385.05109065023,-4951.03083326091,-4168.80071287729,-2.38976379888177,4.19924247923171,-6.11865576082231,general_trajectory
2671.45718823208,1382.66037690781,-4946.82819402941,-4174.91649770956,-2.3916631058717,4.20603490371905,-6.11291260104688,general_trajectory
2672.45718823208,1380.26776559897,-4942.61876561499,-4181.02653547565,-2.39355893139472,4.21282084366383,-6.10716163008816,general_trajectory
2673.45718823208,1377.87326020617,-4938.40255450635,-4187.13081836927,-2.39545127349142,4.21960029079847,-6.10140285777108,general_trajectory
2674.45718823209,1375.47686421377,-4934.1795672004,-4193.22933859404,-2.39734013020861,4.22637323686901,-6.0956362939283,general_trajectory
2675.45718823209,1373.07858110818,-4929.94981020237,-4199.32208836326,-2.39922549959927,4.23313967363493,-6.08986194840029,general_trajectory
2676.45718823209,1370.67841437767,-4925.71329002565,-4205.40905990022,-2.4011073797226,4.23989959286941,-6.08407983103514,general_trajectory
2677.45718823209,1368.27636751247,-4921.47001319188,-4211.490245438,-2.402985768644,4.24665298635915,-6.07828995168864,general_trajectory
2678.45718823209,1365.87244400476,-4917.21998623092,-4217.56563721955,-2.40486066443507,4.25339984590445,-6.07249232022425,general_trajectory
2679.45718823209,1363.46664734861,-4912.96321568076,-4223.63522749772,-2.4067320651736,4.26014016331924,-6.06668694651302,general_trajectory
2680.45718823209,1361.05898104006,-4908.69970808769,-4229.69900853514,-2.40859996894355,4.26687393043088,-6.06087384043368,general_trajectory
2681.45718823209,1358.64944857702,-4904.42947000606,-4235.75697260442,-2.4104643738351,4.2736011390805,-6.05505301187246,general_trajectory
2682.45718823209,1356.23805345932,-4900.15250799841,-4241.80911198802,-2.41232527794461,4.28032178112273,-6.04922447072318,general_trajectory
2683.45718823209,1353.82479918869,-4895.8688286354,-4247.8554189783,-2.41418267937464,4.28703584842583,-6.04338822688717,general_trajectory
2684.45718823209,1351.40968926875,-4891.57843849582,-4253.89588587756,-2.41603657623392,4.2937433328717,-6.03754429027325,general_trajectory
2685.45718823209,1348.99272720503,-4887.28134416663,-4259.93050499791,-2.41788696663736,4.30044422635573,-6.03169267079779,general_trajectory
2686.45718823209,1346.57391650492,-4882.9775522428,-4265.9592686615,-2.41973384870607,4.30713852078702,-6.02583337838454,general_trajectory
2687.45718823209,1344.15326067769,-4878.66706932744,-4271.98216920034,-2.42157722056733,4.31382620808827,-6.01996642296469,general_trajectory
2688.45718823209,1341.73076323449,-4874.3499020317,-4277.9991989564,-2.4234170803546,4.32050728019578,-6.01409181447684,general_trajectory
2689.45718823209,1339.30642768829,-4870.02605697477,-4284.01035028161,-2.42525342620754,4.3271817290595,-6.00820956286694,general_trajectory
2690.45718823209,1336.88025755399,-4865.69554078399,-4290.01561553777,-2.42708625627194,4.33384954664292,-6.00231967808839,general_trajectory
2691.45718823209,1334.45225634829,-4861.3583600946,-4296.01498709671,-2.42891556869978,4.34051072492325,-5.99642217010181,general_trajectory
2692.45718823209,1332.02242758975,-4857.01452154992,-4302.00845734022,-2.43074136164925,4.34716525589128,-5.99051704887517,general_trajectory
2693.45718823209,1329.59077479877,-4852.66403180125,-4307.99601866003,-2.43256363328465,4.35381313155146,-5.98460432438369,general_trajectory
2694.4571882321,1327.15730149755,-4848.30689750789,-4313.97766345791,-2.43438238177651,4.36045434392191,-5.97868400660985,general_trajectory
2695.4571882321,1324.72201121019,-4843.94312533714,-4319.95338414551,-2.43619760530146,4.36708888503424,-5.97275610554342,general_trajectory
2696.4571882321,1322.28490746255,-4839.57272196423,-4325.92317314456,-2.43800930204233,4.37371674693387,-5.96682063118129,general_trajectory
2697.45718823209,1319.84599378231,-4835.19569407233,-4331.88702288677,-2.43981747018813,4.38033792167979,-5.96087759352757,general_trajectory
2698.45718823209,1317.40527369898,-4830.81204835257,-4337.84492581385,-2.44162210793398,4.38695240134466,-5.9549270025935,general_trajectory
2699.4571882321,1314.96275074383,-4826.42179150396,-4343.79687437756,-2.44342321348122,4.3935601780148,-5.94896886839744,general_trajectory
2700.4571882321,1312.51842845,-4822.02493023349,-4349.74286103959,-2.44522078503729,4.40016124379011,-5.94300320096494,general_trajectory
2701.4571882321,1310.07231035235,-4817.62147125598,-4355.68287827175,-2.4470148208158,4.40675559078423,-5.93703001032853,general_trajectory
2702.4571882321,1307.62439998756,-4813.21142129414,-4361.61691855585,-2.44880531903653,4.41334321112443,-5.93104930652782,general_trajectory
2703.4571882321,1305.17470089406,-4808.79478707857,-4367.54497438376,-2.4505922779254,4.41992409695164,-5.92506109960947,general_trajectory
2704.4571882321,1302.72321661206,-4804.37157534767,-4373.46703825741,-2.45237569571449,4.42649824042051,-5.9190653996271,general_trajectory
2705.4571882321,1300.26995068358,-4799.94179284778,-4379.3831026887,-2.45415557064197,4.43306563369922,-5.91306221664141,general_trajectory
2706.4571882321,1297.81490665232,-4795.50544633295,-4385.2931601997,-2.45593190095223,4.43962626896976,-5.90705156071994,general_trajectory
2707.4571882321,1295.3580880638,-4791.06254256511,-4391.19720332251,-2.45770468489576,4.44618013842772,-5.90103344193722,general_trajectory
2708.4571882321,1292.89949846524,-4786.61308831397,-4397.09522459931,-2.45947392072919,4.4527272342824,-5.89500787037468,general_trajectory
2709.4571882321,1290.43914140561,-4782.15709035699,-4402.98721658239,-2.46123960671531,4.4592675487568,-5.88897485612058,general_trajectory
2710.4571882321,1287.97702043566,-4777.69455547948,-4408.87317183404,-2.463001741123,4.46580107408748,-5.88293440927016,general_trajectory
2711.4571882321,1285.5131391078,-4773.22549047445,-4414.75308292676,-2.46476032222733,4.47232780252482,-5.87688653992537,general_trajectory
2712.4571882321,1283.04750097621,-4768.74990214265,-4420.62694244309,-2.46651534830946,4.47884772633282,-5.87083125819502,general_trajectory
2713.4571882321,1280.58010959677,-4764.26779729258,-4426.49474297572,-2.4682668176567,4.48536083778918,-5.8647685741947,general_trajectory
2714.45718823211,1278.11096852704,-4759.77918274041,-4432.35647712746,-2.47001472856249,4.49186712918533,-5.85869849804671,general_trajectory
2715.45718823211,1275.64008132634,-4755.2840653101,-4438.21213751116,-2.47175907932635,4.49836659282627,-5.85262103988019,general_trajectory
2716.4571882321,1273.16745155567,-4750.78245183324,-4444.06171674991,-2.47349986825397,4.50485922103082,-5.84653620983091,general_trajectory
2717.4571882321,1270.69308277768,-4746.27434914908,-4449.9052074769,-2.47523709365716,4.51134500613144,-5.84044401804134,general_trajectory
2718.4571882321,1268.21697855676,-4741.75976410457,-4455.74260233546,-2.47697075385381,4.51782394047431,-5.8343444746606,general_trajectory
2719.45718823211,1265.73914245892,-4737.23870355425,-4461.5738939791,-2.47870084716797,4.52429601641934,-5.82823758984442,general_trajectory
2720.45718823211,1263.25957805193,-4732.71117436039,-4467.39907507141,-2.48042737192976,4.53076122634,-5.82212337375527,general_trajectory
2721.45718823211,1260.77828890514,-4728.17718339279,-4473.21813828624,-2.48215032647545,4.53721956262363,-5.81600183656207,general_trajectory
2722.45718823211,1258.29527858961,-4723.63673752889,-4479.03107630755,-2.48386970914738,4.5436710176712,-5.80987298844034,general_trajectory
2723.45718823211,1255.81055067802,-4719.08984365373,-4484.83788182953,-2.48558551829404,4.55011558389741,-5.80373683957217,general_trajectory
2724.45718823211,1253.32410874473,-4714.53650865987,-4490.63854755654,-2.48729775226999,4.55655325373068,-5.79759340014609,general_trajectory
2725.45718823211,1250.83595636574,-4709.97673944756,-4496.43306620306,-2.48900640943589,4.56298401961305,-5.79144268035725,general_trajectory
2726.45718823211,1248.34609711868,-4705.41054292449,-4502.22143049386,-2.49071148815852,4.56940787400039,-5.78528469040714,general_trajectory
2727.45718823211,1245.85453458279,-4700.83792600591,-4508.00363316388,-2.49241298681075,4.57582480936223,-5.77911944050376,general_trajectory
2728.45718823211,1243.36127233895,-4696.25889561462,-4513.77966695828,-2.49411090377154,4.58223481818183,-5.77294694086148,general_trajectory
2729.45718823211,1240.86631396967,-4691.67345868088,-4519.54952463245,-2.49580523742595,4.5886378929562,-5.76676720170108,general_trajectory
2730.45718823211,1238.36966305906,-4687.08162214253,-4525.31319895194,-2.4974959861651,4.59503402619596,-5.76058023324976,general_trajectory
2731.45718823211,1235.87132319285,-4682.48339294483,-4531.07068269259,-2.49918314838624,4.60142321042556,-5.75438604574101,general_trajectory
2732.45718823211,1233.37129795833,-4677.87877804051,-4536.82196864047,-2.50086672249269,4.60780543818314,-5.74818464941463,general_trajectory
2733.45718823211,1230.86959094443,-4673.26778438977,-4542.56704959189,-2.50254670689382,4.61418070202056,-5.74197605451674,general_trajectory
2734.45718823211,1228.36620574165,-4668.65041896026,-4548.30591835339,-2.50422310000513,4.62054899450341,-5.73576027129973,general_trajectory
2735.45718823211,1225.86114594204,-4664.02668872701,-4554.03856774183,-2.50589590024818,4.62691030821104,-5.72953731002221,general_trajectory
2736.45718823211,1223.35441513929,-4659.39660067254,-4559.7649905842,-2.50756510605057,4.63326463573642,-5.7233071809491,general_trajectory
2737.45718823211,1220.84601692861,-4654.76016178673,-4565.48517971788,-2.50923071584602,4.63961196968637,-5.71706989435142,general_trajectory
2738.45718823211,1218.33595490679,-4650.11737906683,-4571.19912799048,-2.51089272807429,4.64595230268137,-5.71082546050641,general_trajectory
2739.45718823211,1215.82423267217,-4645.46825951748,-4576.90682825989,-2.51255114118123,4.65228562735568,-5.70457388969744,general_trajectory
2740.45718823212,1213.31085382464,-4640.81281015066,-4582.60827339434,-2.51420595361873,4.6586119363573,-5.69831519221401,general_trajectory
2741.45718823212,1210.79582196566,-4636.15103798575,-4588.30345627222,-2.51585716384476,4.66493122234786,-5.69204937835179,general_trajectory
2742.45718823211,1208.2791406982,-4631.48295004941,-4593.99236978234,-2.51750477032333,4.67124347800283,-5.68577645841244,general_trajectory
2743.45718823211,1205.76081362677,-4626.80855337563,-4599.67500682378,-2.51914877152454,4.67754869601139,-5.67949644270372,general_trajectory
2744.45718823211,1203.24084435742,-4622.12785500571,-4605.35136030592,-2.5207891659245,4.68384686907646,-5.6732093415394,general_trajectory
2745.45718823212,1200.71923649769,-4617.4408619882,-4611.0214231485,-2.52242595200543,4.69013798991472,-5.66691516523923,general_trajectory
2746.45718823212,1198.19599365668,-4612.74758137903,-4616.68518828149,-2.52405912825553,4.69642205125649,-5.66061392412906,general_trajectory
2747.45718823212,1195.67111944496,-4608.04802024128,-4622.34264864526,-2.5256886931691,4.70269904584594,-5.65430562854058,general_trajectory
2748.45718823212,1193.14461747462,-4603.34218564534,-4627.99379719051,-2.52731464524645,4.70896896644095,-5.64799028881146,general_trajectory
2749.45718823212,1190.61649135925,-4598.63008466881,-4633.63862687828,-2.52893698299396,4.71523180581313,-5.64166791528529,general_trajectory
2750.45718823212,1188.08674471389,-4593.91172439651,-4639.27713067996,-2.53055570492404,4.72148755674787,-5.63533851831148,general_trajectory
2751.45718823212,1185.55538115515,-4589.18711192051,-4644.90930157723,-2.5321708095551,4.7277362120442,-5.62900210824545,general_trajectory
2752.45718823212,1183.02240430105,-4584.45625434003,-4650.5351325622,-2.53378229541163,4.73397776451501,-5.62265869544833,general_trajectory
2753.45718823212,1180.48781777108,-4579.71915876149,-4656.15461663733,-2.53539016102414,4.74021220698688,-5.61630829028711,general_trajectory
2754.45718823212,1177.95162518624,-4574.97583229845,-4661.76774681544,-2.53699440492914,4.74643953230015,-5.60995090313456,general_trajectory
2755.45718823212,1175.41383016893,-4570.22628207163,-4667.37451611975,-2.53859502566921,4.75265973330894,-5.60358654436922,general_trajectory
2756.45718823212,1172.87443634309,-4565.47051520896,-4672.97491758379,-2.54019202179291,4.758872802881,-5.59721522437544,general_trajectory
2757.45718823212,1170.33344733404,-4560.7085388454,-4678.56894425155,-2.54178539185483,4.76507873389796,-5.59083695354321,general_trajectory
2758.45718823212,1167.79086676855,-4555.94036012306,-4684.15658917738,-2.54337513441559,4.77127751925511,-5.58445174226825,general_trajectory
2759.45718823212,1165.24669827486,-4551.16598619114,-4689.73784542606,-2.54496124804182,4.77746915186155,-5.57805960095194,general_trajectory
2760.45718823213,1162.70094548258,-4546.38542420592,-4695.31270607277,-2.54654373130615,4.78365362464012,-5.5716605400013,general_trajectory
2761.45718823212,1160.15361202283,-4541.59868133081,-4700.88116420301,-2.54812258278723,4.78983093052732,-5.56525456982907,general_trajectory
2762.45718823212,1157.60470152808,-4536.80576473619,-4706.44321291282,-2.5496978010697,4.79600106247349,-5.5588417008535,general_trajectory
2763.45718823212,1155.05421763223,-4532.00668159953,-4711.99884530859,-2.55126938474421,4.80216401344272,-5.55242194349842,general_trajectory
2764.45718823212,1152.50216397059,-4527.20143910531,-4717.54805450716,-2.55283733240743,4.8083197764128,-5.54599530819327,general_trajectory
2765.45718823213,1149.94854417987,-4522.39004444502,-4723.09083363583,-2.554401642662,4.81446834437534,-5.53956180537294,general_trajectory
2766.45718823213,1147.39336189819,-4517.57250481721,-4728.62717583223,-2.55596231411655,4.82060971033557,-5.53312144547798,general_trajectory
2767.45718823213,1144.83662076504,-4512.74882742735,-4734.15707424456,-2.55751934538571,4.82674386731261,-5.52667423895428,general_trajectory
2768.45718823213,1142.27832442128,-4507.9190194879,-4739.68052203141,-2.55907273509012,4.83287080833925,-5.52022019625325,general_trajectory
2769.45718823212,1139.71847650917,-4503.08308821831,-4745.19751236182,-2.56062248185637,4.83899052646207,-5.51375932783175,general_trajectory
2770.45718823213,1137.15708067233,-4498.24104084491,-4750.70803841534,-2.56216858431707,4.84510301474141,-5.50729164415199,general_trajectory
2771.45718823213,1134.59414055575,-4493.39288460106,-4756.21209338189,-2.56371104111075,4.85120826625126,-5.50081715568171,general_trajectory
2772.45718823213,1132.02965980578,-4488.53862672697,-4761.70967046193,-2.56524985088197,4.85730627407946,-5.4943358728939,general_trajectory
2773.45718823213,1129.46364207011,-4483.67827446977,-4767.20076286639,-2.56678501228125,4.86339703132758,-5.48784780626693,general_trajectory
2774.45718823213,1126.89609099779,-4478.81183508348,-4772.68536381667,-2.56831652396507,4.86948053111093,-5.4813529662845,general_trajectory
2775.45718823213,1124.32701023919,-4473.93931582897,-4778.16346654469,-2.5698443845959,4.87555676655859,-5.47485136343557,general_trajectory
2776.45718823213,1121.75640344605,-4469.06072397407,-4783.63506429277,-2.57136859284212,4.88162573081331,-5.46834300821448,general_trajectory
2777.45718823213,1119.18427427141,-4464.17606679336,-4789.10015031382,-2.57288914737814,4.88768741703168,-5.46182791112073,general_trajectory
2778.45718823213,1116.61062636964,-4459.2853515683,-4794.55871787122,-2.57440604688429,4.89374181838401,-5.45530608265908,general_trajectory
2779.45718823213,1114.03546339643,-4454.38858558716,-4800.01076023885,-2.57591929004686,4.89978892805433,-5.44877753333948,general_trajectory
2780.45718823213,1111.45878900876,-4449.485776145,-4805.45627070114,-2.5774288755581,4.90582873924049,-5.44224227367706,general_trajectory
2781.45718823213,1108.88060686495,-4444.57693054375,-4810.89524255295,-2.57893480211619,4.91186124515397,-5.4357003141922,general_trajectory
2782.45718823213,1106.30092062461,-4439.66205609205,-4816.32766909975,-2.58043706842527,4.91788643902009,-5.4291516654103,general_trajectory
2783.45718823213,1103.71973394862,-4434.74116010532,-4821.75354365751,-2.58193567319544,4.92390431407789,-5.42259633786194,general_trajectory
2784.45718823213,1101.13705049916,-4429.81424990575,-4827.17285955272,-2.5834306151427,4.92991486358015,-5.41603434208277,general_trajectory
2785.45718823213,1098.55287393971,-4424.88133282226,-4832.58561012243,-2.58492189298902,4.93591808079341,-5.40946568861352,general_trajectory
2786.45718823214,1095.96720793497,-4419.94241619048,-4837.99178871426,-2.5864095054623,4.94191395899796,-5.40289038799991,general_trajectory
2787.45718823213,1093.38005615098,-4414.99750735282,-4843.39138868626,-2.58789345129635,4.94790249148777,-5.39630845079282,general_trajectory
2788.45718823213,1090.79142225501,-4410.04661365831,-4848.78440340716,-2.58937372923092,4.95388367157061,-5.389719887548,general_trajectory
2789.45718823213,1088.20130991558,-4405.08974246271,-4854.17082625619,-2.5908503380117,4.95985749256801,-5.38312470882623,general_trajectory
2790.45718823214,1085.60972280244,-4400.12690112841,-4859.55065062319,-2.59232327639027,4.96582394781522,-5.3765229251932,general_trajectory
2791.45718823214,1083.01666458667,-4395.15809702453,-4864.92386990848,-2.59379254312415,4.97178303066117,-5.36991454721962,general_trajectory
2792.45718823214,1080.42213894049,-4390.18333752677,-4870.29047752304,-2.59525813697676,4.97773473446861,-5.36329958548104,general_trajectory
2793.45718823214,1077.82614953742,-4385.20263001749,-4875.65046688838,-2.59672005671744,4.98367905261401,-5.3566780505579,general_trajectory
2794.45718823214,1075.22870005217,-4380.21598188564,-4881.00383143661,-2.59817830112146,4.98961597848756,-5.35004995303553,general_trajectory
2795.45718823213,1072.6297941607,-4375.22340052681,-4886.35056461044,-2.59963286896995,4.99554550549321,-5.34341530350406,general_trajectory
2796.45718823214,1070.02943554014,-4370.22489334312,-4891.69065986317,-2.60108375904998,5.00146762704866,-5.33677411255844,general_trajectory
2797.45718823214,1067.42762786891,-4365.22046774336,-4897.02411065864,-2.60253097015448,5.00738233658525,-5.33012639079851,general_trajectory
2798.45718823214,1064.82437482656,-4360.21013114281,-4902.35091047136,-2.60397450108233,5.01328962754816,-5.32347214882877,general_trajectory
2799.45718823214,1062.21968009388,-4355.19389096331,-4907.67105278643,-2.60541435063825,5.01918949339625,-5.31681139725852,general_trajectory
2800.45718823214,1059.61354735281,-4350.17175463324,-4912.98453109954,-2.60685051763288,5.02508192760215,-5.31014414670175,general_trajectory
2801.45718823214,1057.00598028651,-4345.14372958747,-4918.29133891706,-2.60828300088274,5.03096692365222,-5.30347040777716,general_trajectory
2802.45718823214,1054.39698257934,-4340.10982326747,-4923.59146975587,-2.60971179921022,5.03684447504645,-5.29679019110822,general_trajectory
2803.45718823214,1051.78655791679,-4335.0700431211,-4928.88491714357,-2.61113691144359,5.04271457529869,-5.29010350732296,general_trajectory
2804.45718823214,1049.17470998555,-4330.02439660275,-4934.17167461835,-2.61255833641702,5.04857721793644,-5.28341036705406,general_trajectory
2805.45718823214,1046.56144247344,-4324.97289117326,-4939.45173572905,-2.61397607297053,5.05443239650095,-5.27671078093885,general_trajectory
2806.45718823214,1043.94675906945,-4319.9155342999,-4944.72509403518,-2.61539011995001,5.06028010454724,-5.27000475961917,general_trajectory
2807.45718823214,1041.33066346377,-4314.85233345646,-4949.99174310679,-2.61680047620723,5.06612033564392,-5.26329231374159,general_trajectory
2808.45718823214,1038.71315934766,-4309.78329612307,-4955.25167652469,-2.6182071405998,5.07195308337345,-5.25657345395708,general_trajectory
2809.45718823214,1036.09425041357,-4304.70842978631,-4960.50488788028,-2.61961011199121,5.07777834133196,-5.24984819092118,general_trajectory
2810.45718823214,1033.47394035506,-4299.62774193914,-4965.75137077566,-2.6210093892508,5.08359610312931,-5.24311653529393,general_trajectory
2811.45718823215,1030.85223286681,-4294.54124008087,-4970.99111882358,-2.62240497125376,5.08940636238909,-5.23637849773982,general_trajectory
2812.45718823215,1028.22913164467,-4289.4489317173,-4976.22412564741,-2.62379685688112,5.09520911274854,-5.2296340889279,general_trajectory
2813.45718823215,1025.60464038555,-4284.35082436047,-4981.45038488124,-2.62518504501978,5.10100434785868,-5.22288331953156,general_trajectory
2814.45718823214,1022.9787627875,-4279.24692552879,-4986.66989016983,-2.62656953456244,5.10679206138422,-5.21612620022861,general_trajectory
2815.45718823214,1020.35150254966,-4274.13724274701,-4991.88263516861,-2.6279503244077,5.11257224700359,-5.20936274170127,general_trajectory
2816.45718823215,1017.72286337227,-4269.02178354616,-4997.08861354374,-2.62932741345994,5.11834489840896,-5.20259295463609,general_trajectory
2817.45718823215,1015.09284895669,-4263.90055546367,-5002.28781897196,-2.6307008006294,5.12411000930609,-5.19581684972408,general_trajectory
2818.45718823215,1012.46146300534,-4258.77356604315,-5007.4802451408,-2.63207048483213,5.12986757341457,-5.18903443766045,general_trajectory
2819.45718823215,1009.82870922171,-4253.64082283453,-5012.66588574845,-2.63343646499002,5.13561758446764,-5.18224572914476,general_trajectory
2820.45718823215,1007.1945913104,-4248.502333394,-5017.84473450383,-2.63479874003079,5.14136003621225,-5.17545073488084,general_trajectory
2821.45718823215,1004.55911297703,-4243.35810528394,-5023.01678512656,-2.63615730888796,5.14709492240908,-5.16864946557675,general_trajectory
2822.45718823215,1001.92227792836,-4238.20814607308,-5028.1820313469,-2.63751217050086,5.15282223683242,-5.16184193194489,general_trajectory
2823.45718823215,999.284089872134,-4233.05246333627,-5033.3404669059,-2.63886332381464,5.15854197327035,-5.15502814470176,general_trajectory
2824.45718823215,996.644552517183,-4227.89106465461,-5038.49208555533,-2.64021076778028,5.16425412552459,-5.1482081145681,general_trajectory
2825.45718823215,994.003669573375,-4222.72395761536,-5043.63688105764,-2.64155450135452,5.1699586874106,-5.14138185226879,general_trajectory
2826.45718823215,991.361444751606,-4217.55114981194,-5048.77484718608,-2.64289452349994,5.1756556527575,-5.13454936853286,general_trajectory
2827.45718823215,988.717881763851,-4212.37264884405,-5053.9059777245,-2.64423083318488,5.18134501540806,-5.12771067409355,general_trajectory
2828.45718823215,986.072984323068,-4207.18846231741,-5059.0302664676,-2.64556342938351,5.18702676921879,-5.1208657796881,general_trajectory
2829.45718823215,983.426756143256,-4201.99859784394,-5064.14770722079,-2.64689231107576,5.19270090805988,-5.11401469605786,general_trajectory
2830.45718823215,980.779200939428,-4196.80306304167,-5069.25829380022,-2.64821747724737,5.19836742581518,-5.10715743394826,general_trajectory
2831.45718823216,978.130322427593,-4191.60186553469,-5074.3620200328,-2.64953892688986,5.20402631638228,-5.10029400410869,general_trajectory
2832.45718823215,975.480124324814,-4186.3950129533,-5079.45887975613,-2.6508566590005,5.20967757367231,-5.09342441729272,general_trajectory
2833.45718823215,972.828610349105,-4181.1825129338,-5084.54886681864,-2.65217067258237,5.21532119161021,-5.08654868425777,general_trajectory
2834.45718823215,970.175784219493,-4175.96437311856,-5089.63197507949,-2.6534809666443,5.22095716413454,-5.07966681576527,general_trajectory
2835.45718823215,967.521649655989,-4170.74060115603,-5094.7081984086,-2.65478754020091,5.22658548519754,-5.0727788225806,general_trajectory
2836.45718823216,964.866210379574,-4165.51120470064,-5099.7775306867,-2.65609039227256,5.23220614876514,-5.06588471547305,general_trajectory
2837.45718823216,962.209470112252,-4160.27619141298,-5104.83996580518,-2.65738952188539,5.23781914881685,-5.05898450521592,general_trajectory
2838.45718823216,959.55143257695,-4155.03556895952,-5109.89549766633,-2.65868492807128,5.24342447934594,-5.05207820258626,general_trajectory
2839.45718823216,956.892101497576,-4149.7893450128,-5114.94412018315,-2.65997660986788,5.24902213435929,-5.04516581836506,general_trajectory
2840.45718823215,954.231480599,-4144.53752725131,-5119.98582727945,-2.66126456631859,5.25461210787746,-5.03824736333713,general_trajectory
2841.45718823216,951.569573607027,-4139.28012335951,-5125.02061288984,-2.66254879647255,5.26019439393469,-5.03132284829105,general_trajectory
2842.45718823216,948.906384248457,-4134.01714102789,-5130.04847095964,-2.66382929938463,5.26576898657878,-5.02439228401935,general_trajectory
2843.45718823216,946.241916250988,-4128.74858795281,-5135.06939544506,-2.66510607411546,5.27133587987128,-5.01745568131819,general_trajectory
2844.45718823216,943.576173343268,-4123.47447183658,-5140.08338031307,-2.6663791197314,5.27689506788733,-5.01051305098753,general_trajectory
2845.45718823216,940.909159254877,-4118.19480038744,-5145.09041954142,-2.66764843530454,5.28244654471575,-5.00356440383109,general_trajectory
2846.45718823216,938.240877716318,-4112.90958131952,-5150.09050711871,-2.66891401991269,5.28799030445899,-4.99660975065627,general_trajectory
2847.45718823216,935.571332459,-4107.61882235282,-5155.08363704435,-2.6701758726394,5.29352634123317,-4.98964910227414,general_trajectory
2848.45718823216,932.900527215292,-4102.32253121331,-5160.06980332849,-2.67143399257393,5.29905464916795,-4.98268246949956,general_trajectory
2849.45718823216,930.228465718422,-4097.02071563272,-5165.04899999215,-2.67268837881125,5.30457522240672,-4.97570986315091,general_trajectory
2850.45718823216,927.555151702539,-4091.71338334868,-5170.0212210672,-2.67393903045207,5.31008805510648,-4.96873129405024,general_trajectory
2851.45718823216,924.880588902685,-4086.40054210464,-5174.98646059627,-2.67518594660278,5.31559314143785,-4.96174677302321,general_trajectory
2852.45718823216,922.204781054781,-4081.08219964984,-5179.9447126329,-2.67642912637549,5.32109047558511,-4.95475631089903,general_trajectory
2853.45718823216,919.527731895676,-4075.75836373944,-5184.89597124134,-2.67766856888801,5.32658005174607,-4.94775991851059,general_trajectory
2854.45718823216,916.849445163054,-4070.42904213429,-5189.84023049677,-2.67890427326384,5.33206186413225,-4.94075760669419,general_trajectory
2855.45718823216,914.169924595488,-4065.09424260104,-5194.77748448519,-2.68013623863218,5.33753590696875,-4.93374938628971,general_trajectory
2856.45718823216,911.489173932418,-4059.75397291213,-5199.70772730343,-2.68136446412794,5.34300217449432,-4.92673526814052,general_trajectory
2857.45718823217,908.807196914131,-4054.40824084571,-5204.63095305919,-2.68258894889168,5.3484606609613,-4.91971526309343,general_trajectory
2858.45718823216,906.123997281818,-4049.05705418578,-5209.54715587095,-2.68380969206967,5.35391136063559,-4.91268938199882,general_trajectory
2859.45718823216,903.439578777474,-4043.70042072195,-5214.45632986812,-2.68502669281384,5.35935426779676,-4.90565763571042,general_trajectory
2860.45718823216,900.753945143953,-4038.3383482496,-5219.35846919092,-2.68623995028182,5.36478937673796,-4.89862003508537,general_trajectory
2861.45718823216,898.067100124951,-4032.97084456979,-5224.25356799046,-2.68744946363688,5.37021668176594,-4.89157659098425,general_trajectory
2862.45718823217,895.379047464982,-4027.59791748924,-5229.14162042871,-2.688655232048,5.37563617720109,-4.88452731427092,general_trajectory
2863.45718823217,892.689790909434,-4022.21957482045,-5234.02262067844,-2.68985725468977,5.38104785737728,-4.87747221581277,general_trajectory
2864.45718823217,889.99933420447,-4016.83582438147,-5238.89656292337,-2.69105553074248,5.38645171664206,-4.87041130648036,general_trajectory
2865.45718823217,887.307681097087,-4011.44667399602,-5243.76344135806,-2.69225005939206,5.39184774935656,-4.86334459714763,general_trajectory
2866.45718823217,884.614835335093,-4006.05213149349,-5248.62325018795,-2.69344083983009,5.39723594989547,-4.85627209869178,general_trajectory
2867.45718823217,881.920800667087,-4000.65220470881,-5253.47598362938,-2.69462787125383,5.40261631264709,-4.84919382199327,general_trajectory
2868.45718823217,879.225580842511,-3995.24690148263,-5258.3216359095,-2.69581115286613,5.40798883201323,-4.84210977793591,general_trajectory
2869.45718823217,876.529179611559,-3989.83622966111,-5263.16020126642,-2.69699068387552,5.41335350240934,-4.83501997740662,general_trajectory
2870.45718823217,873.831600725227,-3984.420197096,-5267.99167394912,-2.69816646349614,5.41871031826441,-4.82792443129557,general_trajectory
2871.45718823217,871.132847935294,-3978.99881164462,-5272.81604821744,-2.6993384909478,5.42405927402101,-4.82082315049612,general_trajectory
2872.45718823217,868.432924994301,-3973.57208116982,-5277.6333183422,-2.70050676545592,5.42940036413529,-4.81371614590474,general_trajectory
2873.45718823217,865.731835655608,-3968.14001354005,-5282.44347860498,-2.70167128625151,5.43473358307688,-4.80660342842118,general_trajectory
2874.45718823217,863.029583673294,-3962.70261662923,-5287.24652329837,-2.70283205257125,5.44005892532905,-4.79948500894819,general_trajectory
2875.45718823217,860.326172802214,-3957.2598983168,-5292.04244672584,-2.70398906365742,5.44537638538859,-4.79236089839166,general_trajectory
2876.45718823217,857.621606797978,-3951.81186648769,-5296.83124320175,-2.70514231875791,5.45068595776584,-4.78523110766057,general_trajectory
2877.45718823217,854.915889416931,-3946.3585290323,-5301.61290705143,-2.70629181712622,5.45598763698472,-4.77809564766691,general_trajectory
2878.45718823217,852.209024416205,-3940.89989384657,-5306.38743261099,-2.70743755802145,5.46128141758258,-4.77095452932584,general_trajectory
2879.45718823217,849.501015553628,-3935.43596883183,-5311.1548142276,-2.70857954070831,5.46656729411044,-4.76380776355543,general_trajectory
2880.45718823217,846.791866587772,-3929.96676189486,-5315.91504625926,-2.7097177644571,5.47184526113279,-4.75665536127678,general_trajectory
2881.45718823217,844.081581277938,-3924.49228094788,-5320.66812307495,-2.71085222854373,5.47711531322765,-4.74949733341395,general_trajectory
2882.45718823218,841.370163384133,-3919.01253390849,-5325.41403905456,-2.71198293224967,5.48237744498661,-4.74233369089397,general_trajectory
2883.45718823218,838.657616667125,-3913.52752869979,-5330.15278858885,-2.71310987486199,5.48763165101469,-4.73516444464688,general_trajectory
2884.45718823218,835.943944888346,-3908.03727325018,-5334.88436607958,-2.71423305567334,5.49287792593052,-4.72798960560554,general_trajectory
2885.45718823217,833.22915180995,-3902.54177549343,-5339.60876593943,-2.71535247398196,5.49811626436621,-4.72080918470576,general_trajectory
2886.45718823217,830.513241194786,-3897.04104336873,-5344.32598259201,-2.71646812909164,5.50334666096738,-4.7136231928862,general_trajectory
2887.45718823218,827.796216806385,-3891.53508482053,-5349.0360104719,-2.71758002031176,5.5085691103932,-4.70643164108837,general_trajectory
2888.45718823218,825.078082409009,-3886.02390779875,-5353.73884402453,-2.71868814695725,5.51378360731624,-4.69923454025671,general_trajectory
2889.41442285463,822.475153712843,-3880.74353719831,-5358.2338146018,-2.71974535699392,5.51876764976544,-4.69234003811982,general_trajectory
2889.45718823218,822.358841767559,-3880.50752025852,-5358.43447770638,-2.71979250834859,5.51899014642266,-4.69203190133838,general_trajectory
2890.45718823218,819.638498647625,-3874.98593016029,-5363.12290598482,-2.72089310381186,5.52418872241209,-4.68482373528335,general_trajectory
2891.45718823218,816.917056815471,-3869.45914546983,-5367.80412333821,-2.72198993267865,5.52937932999766,-4.6776100530444,general_trajectory
2892.45718823218,814.194520038009,-3863.92717415816,-5372.47812425586,-2.72308299428611,5.534561963906,-4.67039086557699,general_trajectory
2893.45718823218,811.470892082859,-3858.39002420164,-5377.14490323796,-2.72417228797695,5.53973661887715,-4.66316618383948,general_trajectory
2894.45718823218,808.746176718249,-3852.84770358181,-5381.80445479576,-2.72525781309939,5.54490328966471,-4.6559360187928,general_trajectory
2895.45718823218,806.020377713069,-3847.30022028546,-5386.45677345142,-2.72633956900723,5.55006197103572,-4.64870038140061,general_trajectory
2896.45718823218,803.293498836857,-3841.74758230462,-5391.10185373809,-2.72741755505975,5.5552126577707,-4.64145928262926,general_trajectory
2897.45718823218,800.565543859784,-3836.18979763654,-5395.73969019987,-2.72849177062181,5.56035534466364,-4.63421273344775,general_trajectory
2898.45718823218,797.836516552641,-3830.62687428362,-5400.37027739186,-2.72956221506376,5.56549002652202,-4.6269607448277,general_trajectory
2899.45718823218,795.106420686893,-3825.05882025355,-5404.99360988006,-2.73062888776148,5.57061669816667,-4.61970332774342,general_trajectory
2900.45718823218,792.375260034577,-3819.48564355909,-5409.60968224151,-2.73169178809636,5.57573535443201,-4.61244049317175,general_trajectory
2901.45718823218,789.643038368363,-3813.9073522182,-5414.21848906423,-2.73275091545531,5.58084599016583,-4.6051722520921,general_trajectory
2902.45718823219,786.909759461515,-3808.32395425395,-5418.82002494721,-2.73380626923075,5.58594860022942,-4.59789861548643,general_trajectory
2903.45718823218,784.175427087951,-3802.73545769465,-5423.41428450037,-2.73485784882059,5.59104317949743,-4.59061959433934,general_trajectory
2904.45718823218,781.440045022139,-3797.1418705736,-5428.0012623447,-2.73590565362825,5.59612972285801,-4.58333519963784,general_trajectory
2905.45718823218,778.703617039156,-3791.54320092928,-5432.58095311212,-2.73694968306264,5.60120822521274,-4.57604544237146,general_trajectory
2906.45718823218,775.966146914671,-3785.93945680522,-5437.15335144558,-2.73798993653817,5.60627868147661,-4.56875033353223,general_trajectory
2907.45718823218,773.22763842493,-3780.33064625005,-5441.71845199899,-2.73902641347473,5.61134108657805,-4.56144988411461,general_trajectory
2908.45718823219,770.488095346747,-3774.71677731744,-5446.2762494373,-2.74005911329769,5.61639543545893,-4.55414410511549,general_trajectory
2909.45718823219,767.747521457551,-3769.0978580662,-5450.82673843638,-2.7410880354379,5.62144172307444,-4.54683300753428,general_trajectory
2910.45718823219,765.005920535291,-3763.47389656007,-5455.36991368317,-2.74211317933169,5.62647994439327,-4.53951660237266,general_trajectory
2911.45718823218,762.263296358493,-3757.84490086786,-5459.90576987559,-2.74313454442085,5.63151009439751,-4.53219490063477,general_trajectory
2912.45718823218,759.519652706239,-3752.21087906339,-5464.43430172257,-2.74415213015264,5.63653216808262,-4.52486791332705,general_trajectory
2913.45718823219,756.774993358144,-3746.57183922544,-5468.95550394408,-2.74516593597979,5.64154616045751,-4.51753565145829,general_trajectory
2914.45718823219,754.029322094416,-3740.92778943788,-5473.46937127099,-2.74617596136048,5.64655206654438,-4.51019812603971,general_trajectory
2915.45718823219,751.282642695755,-3735.27873778944,-5477.9758984453,-2.74718220575834,5.65154988137891,-4.5028553480847,general_trajectory
2916.45718823219,748.534958943408,-3729.62469237386,-5482.47508021998,-2.74818466864245,5.65653960001014,-4.49550732860897,general_trajectory
2917.45718823219,745.786274619153,-3723.96566128981,-5486.96691135902,-2.74918334948734,5.66152121750047,-4.4881540786305,general_trajectory
2918.45718823219,743.036593505275,-3718.30165264086,-5491.45138663744,-2.75017824777299,5.66649472892573,-4.48079560916949,general_trajectory
2919.45718823219,740.28591938462,-3712.63267453559,-5495.92850084122,-2.75116936298478,5.67146012937501,-4.47343193124845,general_trajectory
2920.45718823219,737.534256040503,-3706.95873508741,-5500.39824876745,-2.75215669461357,5.67641741395085,-4.466063055892,general_trajectory
2921.45718823219,734.781607256759,-3701.27984241462,-5504.8606252242,-2.75314024215561,5.68136657776915,-4.45868899412697,general_trajectory
2922.45718823219,732.027976817724,-3695.59600464042,-5509.31562503057,-2.75412000511259,5.68630761595913,-4.45130975698238,general_trajectory
2923.45718823219,729.273368508215,-3689.90722989284,-5513.76324301673,-2.75509598299162,5.69124052366339,-4.44392535548932,general_trajectory
2924.45718823219,726.517786113585,-3684.21352630485,-5518.2034740238,-2.75606817530522,5.69616529603783,-4.43653580068115,general_trajectory
2925.45718823219,723.761233419624,-3678.51490201416,-5522.63631290399,-2.75703658157132,5.70108192825173,-4.42914110359323,general_trajectory
2926.45718823219,721.00371421262,-3672.81136516334,-5527.06175452056,-2.75800120131326,5.70599041548769,-4.42174127526302,general_trajectory
2927.45718823219,718.245232279334,-3667.10292389978,-5531.47979374778,-2.75896203405979,5.71089075294165,-4.41433632673008,general_trajectory
2928.4571882322,715.485791406976,-3661.38958637563,-5535.89042547099,-2.75991907934504,5.71578293582289,-4.40692626903594,general_trajectory
2929.4571882322,712.725395383272,-3655.6713607479,-5540.2936445865,-2.76087233670854,5.72066695935395,-4.39951111322434,general_trajectory
2930.45718823219,709.964047996355,-3649.9482551783,-5544.68944600174,-2.76182180569522,5.72554281877074,-4.39209087034085,general_trajectory
2931.45718823219,707.201753034828,-3644.22027783332,-5549.07782463516,-2.76276748585538,5.73041050932247,-4.38466555143313,general_trajectory
2932.45718823219,704.438514287739,-3638.4874368842,-5553.45877541627,-2.76370937674472,5.73527002627164,-4.37723516755077,general_trajectory
2933.4571882322,701.674335544563,-3632.74974050686,-5557.83229328564,-2.76464747792429,5.7401213648941,-4.3697997297453,general_trajectory
2934.4571882322,698.90922059526,-3627.00719688206,-5562.19837319483,-2.76558178896052,5.7449645204789,-4.36235924907031,general_trajectory
2935.4571882322,696.14317323017,-3621.25981419516,-5566.55701010651,-2.76651230942523,5.74979948832847,-4.35491373658117,general_trajectory
2936.4571882322,693.376197240078,-3615.50760063622,-5570.9081989944,-2.76743903889558,5.75462626375847,-4.3474632033352,general_trajectory
2937.4571882322,690.608296416186,-3609.75056440001,-5575.25193484327,-2.76836197695409,5.75944484209788,-4.34000766039161,general_trajectory
2938.4571882322,687.839474550099,-3603.98871368592,-5579.58821264899,-2.76928112318865,5.76425521868895,-4.33254711881141,general_trajectory
2939.4571882322,685.069735433874,-3598.22205669807,-5583.91702741839,-2.77019647719248,5.76905738888713,-4.32508158965759,general_trajectory
2940.4571882322,682.299082859928,-3592.45060164516,-5588.23837416946,-2.77110803856416,5.77385134806123,-4.31761108399483,general_trajectory
2941.4571882322,679.527520621093,-3586.67435674051,-5592.55224793122,-2.77201580690761,5.77863709159327,-4.31013561288967,general_trajectory
2942.4571882322,676.75505251059,-3580.89333020206,-5596.85864374378,-2.77291978183209,5.78341461487852,-4.30265518741043,general_trajectory
2943.4571882322,673.981682322018,-3575.10753025234,-5601.1575566583,-2.77381996295218,5.78818391332555,-4.29516981862716,general_trajectory
2944.4571882322,671.207413849402,-3569.31696511852,-5605.44898173697,-2.77471634988779,5.79294498235607,-4.28767951761177,general_trajectory
2945.4571882322,668.432250887099,-3563.52164303229,-5609.73291405313,-2.77560894226417,5.79769781740512,-4.2801842954378,general_trajectory
2946.4571882322,665.656197229854,-3557.7215722299,-5614.00934869115,-2.77649773971188,5.80244241392095,-4.27268416318052,general_trajectory
2947.4571882322,662.879256672777,-3551.91676095215,-5618.27828074648,-2.77738274186679,5.80717876736502,-4.2651791319169,general_trajectory
2948.4571882322,660.101433011342,-3546.10721744438,-5622.53970532566,-2.77826394837008,5.81190687321202,-4.25766921272561,general_trajectory
2949.4571882322,657.32273004136,-3540.2929499564,-5626.79361754633,-2.77914135886827,5.81662672694988,-4.25015441668689,general_trajectory
2950.4571882322,654.543151559044,-3534.47396674266,-5631.04001253714,-2.78001497301312,5.82133832407968,-4.24263475488279,general_trajectory
2951.4571882322,651.762701360903,-3528.65027606195,-5635.27888543787,-2.78088479046174,5.82604166011575,-4.23511023839682,general_trajectory
2952.4571882322,648.981383243803,-3522.82188617762,-5639.51023139939,-2.78175081087651,5.83073673058562,-4.22758087831415,general_trajectory
2953.45718823221,646.199201004927,-3516.98880535743,-5643.73404558368,-2.78261303392511,5.83542353103003,-4.22004668572148,general_trajectory
2954.45718823221,643.416158441838,-3511.15104187369,-5647.95032316371,-2.78347145928048,5.84010205700284,-4.21250767170722,general_trajectory
2955.45718823221,640.632259352375,-3505.30860400307,-5652.15905932364,-2.78432608662088,5.84477230407115,-4.20496384736117,general_trajectory
2956.4571882322,637.847507534711,-3499.46150002667,-5656.36024925868,-2.78517691562982,5.84943426781523,-4.19741522377474,general_trajectory
2957.4571882322,635.061906787333,-3493.60973823002,-5660.55388817514,-2.78602394599607,5.85408794382852,-4.18986181204082,general_trajectory
2958.4571882322,632.275460909039,-3487.75332690306,-5664.73997129041,-2.7868671774137,5.85873332771762,-4.1823036232538,general_trajectory
2959.45718823221,629.48817369891,-3481.89227434006,-5668.91849383301,-2.78770660958201,5.86337041510232,-4.1747406685095,general_trajectory
2960.45718823221,626.700048956378,-3476.02658883979,-5673.08945104249,-2.78854224220558,5.86799920161549,-4.16717295890533,general_trajectory
2961.45718823221,623.911090481115,-3470.15627870525,-5677.25283816956,-2.78937407499422,5.87261968290321,-4.15960050554,general_trajectory
2962.45718823221,621.1213020731,-3464.28135224384,-5681.40865047601,-2.79020210766302,5.8772318546247,-4.15202331951368,general_trajectory
2963.45718823221,618.330687532577,-3458.40181776727,-5685.55688323475,-2.79102633993229,5.88183571245234,-4.14444141192792,general_trajectory
2964.45718823221,615.539250660115,-3452.51768359165,-5689.69753172973,-2.79184677152758,5.88643125207154,-4.13685479388576,general_trajectory
2965.45718823221,612.746995256506,-3446.62895803731,-5693.83059125607,-2.7926634021797,5.89101846918095,-4.12926347649149,general_trajectory
2966.45718823221,609.953925122828,-3440.7356494289,-5697.95605711996,-2.79347623162465,5.89559735949228,-4.12166747085076,general_trajectory
2967.45718823221,607.160044060416,-3434.83776609536,-5702.07392463871,-2.7942852596037,5.90016791873038,-4.1140667880706,general_trajectory
2968.45718823221,604.365355870865,-3428.93531636989,-5706.18418914075,-2.79509048586332,5.9047301426332,-4.10646143925932,general_trajectory
2969.45718823221,601.569864356,-3423.02830858993,-5710.28684596561,-2.79589191015519,5.90928402695182,-4.09885143552647,general_trajectory
2970.45718823221,598.773573317946,-3417.11675109723,-5714.38189046388,-2.79668953223621,5.91382956745034,-4.09123678798303,general_trajectory
2971.45718823221,595.976486559015,-3411.20065223771,-5718.46931799734,-2.7974833518685,5.91836675990601,-4.0836175077411,general_trajectory
2972.45718823221,593.178607881773,-3405.28002036151,-5722.54912393883,-2.79827336881937,5.92289560010917,-4.07599360591406,general_trajectory
2973.45718823221,590.379941089016,-3399.35486382299,-5726.62130367234,-2.79905958286133,5.92741608386322,-4.06836509361651,general_trajectory
2974.45718823222,587.580489983749,-3393.42519098064,-5730.68585259296,-2.7998419937721,5.93192820698466,-4.06073198196422,general_trajectory
2975.45718823221,584.780258369243,-3387.49101019726,-5734.74276610687,-2.80062060133456,5.93643196530299,-4.05309428207427,general_trajectory
2976.45718823221,581.979250048937,-3381.5523298397,-5738.7920396314,-2.80139540533681,5.94092735466084,-4.04545200506479,general_trajectory
2977.45718823221,579.177468826496,-3375.60915827898,-5742.83366859499,-2.80216640557211,5.94541437091387,-4.03780516205509,general_trajectory
2978.45718823221,576.374918505787,-3369.66150389029,-5746.86764843721,-2.80293360183891,5.94989300993079,-4.03015376416561,general_trajectory
2979.45718823222,573.571602890861,-3363.70937505288,-5750.89397460876,-2.80369699394081,5.95436326759338,-4.0224978225179,general_trajectory
2980.45718823222,570.767525786012,-3357.75278015023,-5754.91264257139,-2.80445658168661,5.95882513979638,-4.01483734823469,general_trajectory
2981.45718823222,567.962690995672,-3351.79172756981,-5758.92364779805,-2.80521236489024,5.96327862244764,-4.0071723524397,general_trajectory
2982.45718823222,565.157102324476,-3345.82622570322,-5762.9269857728,-2.80596434337082,5.967723711468,-3.99950284625773,general_trajectory
2983.45718823221,562.350763577234,-3339.85628294612,-5766.92265199081,-2.80671251695259,5.97216040279132,-3.99182884081465,general_trajectory
2984.45718823222,559.543678558915,-3333.88190769819,-5770.9106419584,-2.80745688546498,5.97658869236452,-3.9841503472373,general_trajectory
2985.45718823222,556.735851074704,-3327.90310836329,-5774.89095119296,-2.80819744874253,5.98100857614742,-3.97646737665366,general_trajectory
2986.45718823222,553.927284929899,-3321.91989334918,-5778.86357522308,-2.80893420662493,5.98542005011293,-3.96877994019259,general_trajectory
2987.45718823222,551.117983929975,-3315.93227106769,-5782.82850958843,-2.80966715895701,5.98982311024693,-3.96108804898395,general_trajectory
2988.45718823222,548.307951880556,-3309.94024993464,-5786.78574983983,-2.81039630558874,5.99421775254829,-3.95339171415858,general_trajectory
2989.45718823222,545.4971925874,-3303.94383836984,-5790.73529153926,-2.81112164637521,5.99860397302887,-3.9456909468482,general_trajectory
2990.45718823222,542.685709856455,-3297.94304479715,-5794.67713025976,-2.81184318117661,6.00298176771345,-3.93798575818561,general_trajectory
2991.45718823222,539.873507493758,-3291.93787764434,-5798.61126158556,-2.81256090985829,6.00735113263984,-3.93027615930436,general_trajectory
2992.45718823222,537.060589305492,-3285.92834534312,-5802.537681112,-2.81327483229066,6.0117120638588,-3.92256216133895,general_trajectory
2993.45718823222,534.246959097971,-3279.91445632918,-5806.45638444558,-2.8139849483493,6.01606455743404,-3.91484377542475,general_trajectory
2994.45718823222,531.432620677613,-3273.89621904208,-5810.36736720393,-2.81469125791485,6.02040860944224,-3.90712101269795,general_trajectory
2995.45718823222,528.617577850999,-3267.87364192543,-5814.27062501577,-2.81539376087305,6.02474421597295,-3.8993938842957,general_trajectory
2996.45718823222,525.801834424776,-3261.8467334266,-5818.16615352101,-2.81609245711476,6.02907137312874,-3.89166240135585,general_trajectory
2997.45718823222,522.985394205714,-3255.81550199693,-5822.05394837067,-2.81678734653591,6.03339007702508,-3.88392657501708,general_trajectory
2998.45718823222,520.168261000681,-3249.7799560916,-5825.93400522695,-2.81747842903752,6.03770032379036,-3.87618641641889,general_trajectory
2999.45718823223,517.350438616631,-3243.74010416965,-5829.80631976316,-2.81816570452571,6.04200210956591,-3.86844193670148,general_trajectory
3000.45718823223,514.531930860652,-3237.69595469406,-5833.67088766371,-2.81884917291163,6.04629543050593,-3.86069314700596,general_trajectory
3001.45718823222,511.712741539874,-3231.64751613154,-5837.52770462422,-2.81952883411154,6.05058028277755,-3.85294005847402,general_trajectory
3002.45718823222,508.892874461521,-3225.59479695268,-5841.37676635142,-2.82020468804677,6.05485666256081,-3.84518268224812,general_trajectory
3003.45718823222,506.072333432897,-3219.53780563186,-5845.21806856319,-2.82087673464368,6.05912456604862,-3.83742102947146,general_trajectory
3004.45718823223,503.251122261357,-3213.47655064725,-5849.05160698858,-2.82154497383373,6.06338398944682,-3.82965511128782,general_trajectory
3005.45718823223,500.429244754374,-3207.4110404809,-5852.87737736769,-2.82220940555338,6.06763492897403,-3.82188493884185,general_trajectory
3006.45718823223,497.606704719431,-3201.34128361852,-5856.69537545188,-2.8228700297442,6.07187738086184,-3.81411052327866,general_trajectory
3007.45718823223,494.783505964084,-3195.26728854965,-5860.50559700359,-2.82352684635275,6.07611134135466,-3.80633187574409,general_trajectory
3008.45718823223,491.95965229594,-3189.18906376753,-5864.30803779642,-2.82417985533066,6.08033680670979,-3.79854900738456,general_trajectory
3009.45718823222,489.135147522651,-3183.10661776919,-5868.10269361513,-2.82482905663458,6.08455377319735,-3.79076192934713,general_trajectory
3010.45718823223,486.309995451896,-3177.01995905531,-5871.88956025562,-2.82547445022622,6.08876223710034,-3.78297065277938,general_trajectory
3011.45718823223,483.484199891435,-3170.92909613039,-5875.66863352491,-2.82611603607226,6.09296219471454,-3.77517518882959,general_trajectory
3012.45718823223,480.657764649013,-3164.83403750255,-5879.4399092412,-2.82675381414445,6.09715364234861,-3.76737554864648,general_trajectory
3013.45718823223,477.830693532416,-3158.73479168359,-5883.20338323384,-2.82738778441954,6.10133657632404,-3.75957174337933,general_trajectory
3014.45718823223,475.002990349434,-3152.63136718898,-5886.95905134333,-2.82801794687929,6.10551099297514,-3.75176378417791,general_trajectory
3015.45718823223,472.174658907921,-3146.52377253794,-5890.70690942128,-2.82864430151045,6.10967688864898,-3.74395168219263,general_trajectory
3016.45718823223,469.345703015696,-3140.41201625323,-5894.4469533305,-2.82926684830481,6.11383425970548,-3.73613544857424,general_trajectory
3017.45718823223,466.516126480596,-3134.29610686129,-5898.17917894493,-2.82988558725912,6.11798310251737,-3.72831509447401,general_trajectory
3018.45718823223,463.685933110461,-3128.17605289216,-5901.90358214966,-2.83050051837515,6.12212341347015,-3.72049063104368,general_trajectory
3019.45718823223,460.855126713127,-3122.05186287951,-5905.62015884095,-2.83111164165965,6.1262551889621,-3.71266206943542,general_trajectory
3020.45718823223,458.023711096403,-3115.92354536056,-5909.32890492621,-2.83171895712434,6.13037842540433,-3.70482942080176,general_trajectory
3021.45718823223,455.191690068134,-3109.79110887622,-5913.02981632395,-2.83232246478593,6.13449311922061,-3.69699269629579,general_trajectory
3022.45718823223,452.359067436096,-3103.65456197085,-5916.72288896389,-2.83292216466611,6.13859926684759,-3.68915190707085,general_trajectory
3023.45718823223,449.525847008057,-3097.51391319244,-5920.4081187869,-2.83351805679153,6.14269686473462,-3.6813070642807,general_trajectory
3024.45718823223,446.692032591757,-3091.36917109249,-5924.08550174498,-2.83411014119381,6.14678590934382,-3.67345817907946,general_trajectory
3025.45718823224,443.857627994886,-3085.220344226,-5927.75503380132,-2.83469841790953,6.15086639715007,-3.66560526262153,general_trajectory
3026.45718823224,441.022637025141,-3079.0674411516,-5931.4167109302,-2.83528288698022,6.15493832464093,-3.65774832606178,general_trajectory
3027.45718823224,438.187063490129,-3072.91047043133,-5935.07052911712,-2.83586354845236,6.15900168831673,-3.64988738055526,general_trajectory
3028.45718823223,435.350911197423,-3066.74944063074,-5938.71648435871,-2.83644040237738,6.16305648469054,-3.64202243725736,general_trajectory
3029.45718823223,432.514183954542,-3060.58436031888,-5942.35457266275,-2.83701344881166,6.16710271028811,-3.63415350732372,general_trajectory
3030.45718823224,429.676885568931,-3054.41523806822,-5945.98479004821,-2.83758268781651,6.17114036164795,-3.62628060191022,general_trajectory
3031.45718823224,426.839019848018,-3048.24208245479,-5949.60713254515,-2.83814811945817,6.1751694353212,-3.61840373217312,general_trajectory
3032.45718823224,424.000590599116,-3042.06490205796,-5953.22159619483,-2.83870974380779,6.17918992787175,-3.61052290926876,general_trajectory
3033.45718823224,421.161601629478,-3035.88370546057,-5956.82817704968,-2.83926756094148,6.18320183587616,-3.60263814435375,general_trajectory
3034.45718823224,418.322056746282,-3029.69850124887,-5960.42687117325,-2.83982157094024,6.18720515592369,-3.59474944858488,general_trajectory
3035.45718823224,415.481959756602,-3023.50929801248,-5964.01767464029,-2.84037177388999,6.19119988461627,-3.5868568331191,general_trajectory
3036.45718823224,412.641314467476,-3017.31610434452,-5967.60058353666,-2.84091816988157,6.19518601856845,-3.57896030911363,general_trajectory
3037.45718823224,409.800124685797,-3011.11892884139,-5971.17559395939,-2.84146075901071,6.19916355440749,-3.57105988772574,general_trajectory
3038.45718823224,406.958394218379,-3004.91778010287,-5974.74270201669,-2.84199954137803,6.20313248877331,-3.56315558011285,general_trajectory
3039.45718823224,404.11612687193,-2998.71266673212,-5978.30190382792,-2.84253451708908,6.20709281831845,-3.5552473974325,general_trajectory
3040.45718823224,401.273326453037,-2992.5035973356,-5981.8531955236,-2.84306568625426,6.21104453970813,-3.54733535084229,general_trajectory
3041.45718823224,398.42999676822,-2986.29058052317,-5985.39657324537,-2.84359304898888,6.21498764962011,-3.53941945150006,general_trajectory
3042.45718823224,395.586141623834,-2980.07362490796,-5988.93203314607,-2.84411660541312,6.21892214474486,-3.53149971056357,general_trajectory
3043.45718823224,392.741764826126,-2973.85273910639,-5992.45957138968,-2.84463635565203,6.22284802178546,-3.52357613919066,general_trajectory
3044.45718823224,389.896870181219,-2967.62793173819,-5995.97918415135,-2.84515229983556,6.22676527745757,-3.51564874853924,general_trajectory
3045.45718823225,387.051461495083,-2961.39921142633,-5999.4908676174,-2.8456644380985,6.23067390848949,-3.50771754976719,general_trajectory
3046.45718823224,384.205542573603,-2955.16658679715,-6002.99461798525,-2.84617277058049,6.23457391162205,-3.49978255403253,general_trajectory
3047.45718823224,381.359117222472,-2948.93006648014,-6006.49043146353,-2.84667729742605,6.23846528360874,-3.49184377249313,general_trajectory
3048.45718823224,378.512189247251,-2942.68965910807,-6009.97830427201,-2.84717801878456,6.24234802121561,-3.48390121630689,general_trajectory
3049.45718823224,375.664762453351,-2936.44537331692,-6013.45823264164,-2.84767493481022,6.24622212122127,-3.47595489663168,general_trajectory
3050.45718823225,372.816840646009,-2930.19721774587,-6016.93021281452,-2.84816804566209,6.25008758041693,-3.46800482462526,general_trajectory
3051.45718823225,369.968427630351,-2923.94520103739,-6020.39424104385,-2.84865735150406,6.25394439560629,-3.46005101144545,general_trajectory
3052.45718823225,367.119527211286,-2917.68933183706,-6023.85031359406,-2.84914285250485,6.25779256360569,-3.45209346824986,general_trajectory
3053.45718823225,364.270143193568,-2911.42961879364,-6027.29842674072,-2.84962454883803,6.26163208124396,-3.44413220619606,general_trajectory
3054.45718823224,361.420279381777,-2905.16607055909,-6030.73857677055,-2.85010244068197,6.26546294536249,-3.43616723644147,general_trajectory
3055.45718823225,358.569939580294,-2898.89869578845,-6034.17075998144,-2.85057652821988,6.26928515281522,-3.42819857014336,general_trajectory
3056.45718823225,355.719127593364,-2892.62750314003,-6037.59497268239,-2.85104681163974,6.27309870046854,-3.42022621845898,general_trajectory
3057.45718823225,352.867847224993,-2886.35250127516,-6041.01121119361,-2.85151329113441,6.27690358520143,-3.41225019254528,general_trajectory
3058.45718823225,350.016102279008,-2880.07369885831,-6044.41947184645,-2.85197596690148,6.28069980390535,-3.4042705035591,general_trajectory
3059.45718823225,347.163896559036,-2873.79110455707,-6047.81975098342,-2.8524348391434,6.28448735348427,-3.39628716265706,general_trajectory
3060.45718823225,344.311233868482,-2867.50472704205,-6051.21204495819,-2.85288990806739,6.28826623085468,-3.38830018099554,general_trajectory
3061.45718823225,341.458118010591,-2861.21457498709,-6054.59635013556,-2.85334117388545,6.29203643294547,-3.38030956973085,general_trajectory
3062.45718823225,338.604552788345,-2854.92065706895,-6057.9726628915,-2.85378863681438,6.29579795669809,-3.3723153400189,general_trajectory
3063.45718823225,335.750542004522,-2848.6229819675,-6061.34097961316,-2.85423229707577,6.29955079906644,-3.36431750301541,general_trajectory
3064.45718823225,332.896089461678,-2842.32155836563,-6064.70129669881,-2.85467215489595,6.30329495701688,-3.35631606987583,general_trajectory
3065.45718823225,330.041198962121,-2836.01639494925,-6068.05361055793,-2.85510821050608,6.30703042752826,-3.34831105175528,general_trajectory
3066.45718823225,327.185874307978,-2829.70750040736,-6071.39791761106,-2.85554046414202,6.31075720759181,-3.34030245980873,general_trajectory
3067.45718823225,324.330119301086,-2823.39488343189,-6074.73421428999,-2.85596891604444,6.31447529421124,-3.33229030519068,general_trajectory
3068.45718823225,321.473937743056,-2817.07855271776,-6078.0624970376,-2.85639356645876,6.31818468440272,-3.32427459905538,general_trajectory
3069.45718823225,318.617333435252,-2810.75851696289,-6081.38276230797,-2.85681441563513,6.32188537519482,-3.31625535255672,general_trajectory
3070.45718823225,315.760310178784,-2804.43478486817,-6084.69500656631,-2.85723146382846,6.32557736362852,-3.30823257684822,general_trajectory
3071.45718823226,312.90287177449,-2798.10736513738,-6087.999226289,-2.85764471129843,6.32926064675725,-3.30020628308302,general_trajectory
3072.45718823226,310.045022022995,-2791.77626647737,-6091.29541796352,-2.85805415830941,6.33293522164678,-3.29217648241397,general_trajectory
3073.45718823225,307.186764724606,-2785.44149759781,-6094.58357808857,-2.85845980513053,6.33660108537535,-3.28414318599341,general_trajectory
3074.45718823225,304.328103679376,-2779.10306721132,-6097.86370317397,-2.85886165203566,6.34025823503354,-3.27610640497331,general_trajectory
3075.45718823226,301.469042687068,-2772.76098403337,-6101.13578974072,-2.85925969930337,6.34390666772435,-3.26806615050516,general_trajectory
3076.45718823226,298.609585547209,-2766.41525678246,-6104.3998343209,-2.85965394721696,6.3475463805631,-3.26002243374012,general_trajectory
3077.45718823226,295.749736058993,-2760.06589417983,-6107.65583345781,-2.86004439606444,6.35117737067752,-3.25197526582879,general_trajectory
3078.45718823226,292.889498021342,-2753.71290494964,-6110.90378370588,-2.86043104613854,6.35479963520769,-3.24392465792133,general_trajectory
3079.45718823226,290.028875232879,-2747.3562978189,-6114.1436816307,-2.86081389773669,6.35841317130605,-3.23587062116739,general_trajectory
3080.45718823226,287.16787149193,-2740.99608151746,-6117.37552380898,-2.86119295116101,6.36201797613736,-3.22781316671614,general_trajectory
3081.45718823226,284.3064905965,-2734.63226477796,-6120.59930682863,-2.86156820671833,6.36561404687875,-3.21975230571619,general_trajectory
3082.45718823226,281.444736344333,-2728.26485633598,-6123.81502728863,-2.86193966472017,6.36920138071964,-3.21168804931574,general_trajectory
3083.45718823226,278.58261253281,-2721.89386492977,-6127.02268179917,-2.86230732548272,6.37277997486178,-3.20362040866232,general_trajectory
3084.45718823226,275.720122959011,-2715.51929930042,-6130.22226698158,-2.86267118932687,6.37634982651925,-3.19554939490292,general_trajectory
3085.45718823226,272.857271419692,-2709.14116819182,-6133.41377946832,-2.86303125657818,6.37991093291844,-3.18747501918399,general_trajectory
3086.45718823226,269.994061711263,-2702.75948035057,-6136.59721590302,-2.86338752756687,6.38346329129804,-3.17939729265132,general_trajectory
3087.45718823226,267.130497629855,-2696.37424452612,-6139.77257294041,-2.86374000262784,6.38700689890897,-3.17131622645024,general_trajectory
3088.45718823226,264.266582971208,-2689.98546947059,-6142.93984724641,-2.86408868210066,6.3905417530145,-3.16323183172533,general_trajectory
3089.45718823226,261.402321530739,-2683.59316393885,-6146.09903549807,-2.86443356632954,6.39406785089015,-3.15514411962058,general_trajectory
3090.45718823226,258.537717103518,-2677.19733668847,-6149.25013438357,-2.86477465566334,6.39758518982372,-3.14705310127932,general_trajectory
3091.45718823226,255.672773484247,-2670.79799647972,-6152.39314060227,-2.86511195045559,6.40109376711527,-3.13895878784419,general_trajectory
3092.45718823226,252.807494467322,-2664.39515207566,-6155.52805086462,-2.86544545106444,6.40459358007706,-3.1308611904573,general_trajectory
3093.45718823226,249.941883846729,-2657.98881224191,-6158.65486189225,-2.8657751578527,6.40808462603366,-3.12276032025991,general_trajectory
3094.45718823226,247.075945416105,-2651.57898574682,-6161.77357041791,-2.86610107118779,6.41156690232184,-3.11465618839263,general_trajectory
3095.45718823226,244.209682968718,-2645.16568136138,-6164.88417318552,-2.86642319144177,6.41504040629061,-3.10654880599536,general_trajectory
3096.45718823227,241.343100297444,-2638.7489078592,-6167.98666695012,-2.86674151899134,6.41850513530122,-3.09843818420722,general_trajectory
3097.45718823227,238.476201194831,-2632.32867401661,-6171.08104847786,-2.86705605421778,6.42196108672707,-3.09032433416672,general_trajectory
3098.45718823227,235.608989452992,-2625.90498861248,-6174.16731454608,-2.86736679750703,6.42540825795382,-3.08220726701148,general_trajectory
3099.45718823226,232.74146886367,-2619.47786042831,-6177.24546194322,-2.8676737492496,6.42884664637932,-3.07408699387837,general_trajectory
3100.45718823226,229.873643218214,-2613.0472982482,-6180.31548746888,-2.86797690984064,6.43227624941359,-3.0659635259035,general_trajectory
3101.45718823227,227.00551630756,-2606.61331085878,-6183.37738793381,-2.86827627967987,6.43569706447886,-3.05783687422212,general_trajectory
3102.45718823227,224.137091922291,-2600.17590704939,-6186.43116015982,-2.86857185917162,6.43910908900949,-3.04970704996879,general_trajectory
3103.45718823227,221.268373852534,-2593.7350956118,-6189.47680097993,-2.86886364872481,6.44251232045203,-3.04157406427714,general_trajectory
3104.45718823227,218.39936588802,-2587.29088534037,-6192.51430723826,-2.86915164875294,6.4459067562652,-3.03343792827996,general_trajectory
3105.45718823227,215.530071818068,-2580.843285032,-6195.54367579009,-2.8694358596741,6.44929239391984,-3.02529865310921,general_trajectory
3106.45718823227,212.660495431555,-2574.39230348606,-6198.56490350181,-2.86971628191096,6.45266923089898,-3.01715624989592,general_trajectory
3107.45718823227,209.790640516986,-2567.93794950457,-6201.57798725092,-2.86999291589074,6.45603726469771,-3.00901072977039,general_trajectory
3108.45718823227,206.920510862386,-2561.4802318919,-6204.58292392609,-2.87026576204524,6.45939649282331,-3.00086210386186,general_trajectory
3109.45718823227,204.050110255362,-2555.01915945498,-6207.57971042709,-2.87053482081083,6.46274691279515,-2.99271038329873,general_trajectory
3110.45718823227,201.179442483084,-2548.5547410032,-6210.56834366484,-2.87080009262842,6.46608852214471,-2.98455557920845,general_trajectory
3111.45718823227,198.308511332261,-2542.08698534836,-6213.54882056139,-2.8710615779435,6.4694213184156,-2.97639770271751,general_trajectory
3112.45718823227,195.437320589202,-2535.61590130484,-6216.52113804986,-2.87131927720606,6.47274529916346,-2.96823676495157,general_trajectory
3113.45718823227,192.565874039718,-2529.14149768936,-6219.48529307457,-2.87157319087069,6.47606046195608,-2.96007277703518,general_trajectory
3114.45718823227,189.694175469178,-2522.66378332107,-6222.44128259092,-2.87182331939646,6.47936680437329,-2.95190575009197,general_trajectory
3115.45718823227,186.822228662488,-2516.18276702155,-6225.38910356545,-2.87206966324703,6.48266432400702,-2.94373569524457,general_trajectory
3116.45718823228,183.950037404074,-2509.69845761475,-6228.32875297583,-2.87231222289056,6.48595301846126,-2.93556262361455,general_trajectory
3117.45718823228,181.077605477939,-2503.21086392712,-6231.2602278108,-2.87255099879972,6.48923288535199,-2.92738654632262,general_trajectory
3118.45718823227,178.204936667564,-2496.71999478737,-6234.18352507029,-2.87278599145172,6.49250392230732,-2.9192074744883,general_trajectory
3119.45718823227,175.332034755965,-2490.22585902661,-6237.0986417653,-2.87301720132828,6.49576612696736,-2.91102541923012,general_trajectory
3120.45718823227,172.458903525675,-2483.72846547832,-6240.00557491798,-2.87324462891563,6.49901949698424,-2.90284039166553,general_trajectory
3121.45718823227,169.585546758737,-2477.22782297831,-6242.90432156156,-2.8734682747045,6.50226403002213,-2.89465240291092,general_trajectory
3122.45718823228,166.711968236688,-2470.72394036469,-6245.79487874045,-2.87368813919012,6.50549972375724,-2.88646146408155,general_trajectory
3123.45718823228,163.838171740613,-2464.21682647798,-6248.67724351009,-2.87390422287223,6.5087265758777,-2.87826758629172,general_trajectory
3124.45718823228,160.964161051047,-2457.70649016091,-6251.55141293708,-2.87411652625504,6.51194458408372,-2.87007078065446,general_trajectory
3125.45718823228,158.089939948037,-2451.19294025855,-6254.41738409915,-2.87432504984725,6.51515374608747,-2.86187105828175,general_trajectory
3126.45718823228,155.2155122111,-2444.6761856182,-6257.27515408512,-2.87452979416205,6.51835405961311,-2.85366843028434,general_trajectory
3127.45718823228,152.340881619287,-2438.15623508954,-6260.12471999489,-2.8747307597171,6.52154552239675,-2.84546290777201,general_trajectory
3128.45718823228,149.466051951082,-2431.63309752441,-6262.96607893952,-2.87492794703453,6.52472813218648,-2.83725450185321,general_trajectory
3129.45718823228,146.591026984459,-2425.10678177693,-6265.79922804116,-2.87512135664094,6.52790188674235,-2.82904322363526,general_trajectory
3130.45718823228,143.715810496864,-2418.57729670343,-6268.62416443306,-2.87531098906738,6.53106678383636,-2.82082908422428,general_trajectory
3131.45718823228,140.84040626521,-2412.04465116249,-6271.44088525957,-2.87549684484939,6.53422282125245,-2.81261209472522,general_trajectory
3132.45718823228,137.964818065854,-2405.50885401485,-6274.24938767619,-2.87567892452692,6.53736999678651,-2.80439226624171,general_trajectory
3133.45718823228,135.089049674664,-2398.96991412358,-6277.04966884944,-2.8758572286444,6.54050830824629,-2.79616960987633,general_trajectory
3134.45718823228,132.213104866907,-2392.42784035379,-6279.84172595701,-2.87603175775068,6.54363775345152,-2.78794413673027,general_trajectory
3135.45718823228,129.336987417319,-2385.88264157283,-6282.62555618767,-2.87620251239905,6.54675833023383,-2.77971585790349,general_trajectory
3136.45718823228,126.460701100079,-2379.33432665019,-6285.40115674129,-2.87636949314726,6.54987003643673,-2.77148478449469,general_trajectory
3137.45718823228,123.584249688791,-2372.7829044575,-6288.16852482885,-2.87653270055746,6.55297286991564,-2.76325092760124,general_trajectory
3138.45718823228,120.707636956543,-2366.22838386862,-6290.92765767238,-2.87669213519623,6.55606682853784,-2.75501429831937,general_trajectory
3139.45718823228,117.830866675803,-2359.67077375942,-6293.67855250505,-2.87684779763457,6.5591519101825,-2.74677490774382,general_trajectory
3140.45718823228,114.953942618486,-2353.11008300796,-6296.42120657113,-2.8769996884479,6.56222811274066,-2.73853276696811,general_trajectory
3141.45718823228,112.076868555926,-2346.54632049435,-6299.15561712595,-2.87714780821605,6.56529543411523,-2.73028788708437,general_trajectory
3142.45718823229,109.199648258862,-2339.97949510079,-6301.88178143597,-2.87729215752324,6.56835387222096,-2.72204027918338,general_trajectory
3143.45718823229,106.322285497492,-2333.40961571166,-6304.59969677868,-2.8774327369581,6.57140342498441,-2.71378995435467,general_trajectory
3144.45718823228,103.444784041376,-2326.8366912133,-6307.30936044273,-2.87756954711366,6.57444409034402,-2.70553692368627,general_trajectory
3145.45718823228,100.567147659496,-2320.26073049413,-6310.0107697278,-2.87770258858733,6.57747586625004,-2.69728119826487,general_trajectory
3146.45718823228,97.6893801202322,-2313.68174244463,-6312.7039219447,-2.87783186198091,6.58049875066454,-2.68902278917577,general_trajectory
3147.45718823229,94.8114851913463,-2307.09973595728,-6315.3888144153,-2.87795736790059,6.58351274156141,-2.68076170750279,general_trajectory
3148.45718823229,91.9334666400398,-2300.51471992666,-6318.06544447255,-2.87807910695691,6.5865178369263,-2.67249796432849,general_trajectory
3149.45718823229,89.0553282328527,-2293.92670324928,-6320.73380946048,-2.87819707976481,6.5895140347567,-2.66423157073385,general_trajectory
3150.45718823229,86.177073735724,-2287.33569482367,-6323.39390673423,-2.87831128694358,6.59250133306187,-2.65596253779844,general_trajectory
3151.45718823229,83.2987069139714,-2280.74170355033,-6326.04573365999,-2.87842172911688,6.59547972986283,-2.64769087660036,general_trajectory
3152.45718823229,80.4202315322704,-2274.14473833174,-6328.68928761505,-2.87852840691273,6.59844922319241,-2.63941659821622,general_trajectory
3153.45718823229,77.5416513547153,-2267.5448080724,-6331.32456598773,-2.87863132096348,6.60140981109513,-2.63113971372126,general_trajectory
3154.45718823229,74.6629701447169,-2260.94192167868,-6333.95156617747,-2.87873047190585,6.60436149162733,-2.62286023418909,general_trajectory
3155.45718823229,71.7841916650634,-2254.33608805892,-6336.57028559478,-2.87882586038089,6.60730426285706,-2.61457817069186,general_trajectory
3156.45718823229,68.9053196778998,-2247.72731612338,-6339.18072166122,-2.87891748703401,6.61023812286412,-2.60629353430019,general_trajectory
3157.45718823229,66.0263579447072,-2241.11561478421,-6341.78287180945,-2.87900535251493,6.61316306974003,-2.59800633608311,general_trajectory
3158.45718823229,63.1473102263637,-2234.50099295555,-6344.37673348315,-2.8790894574777,6.616079101588,-2.58971658710826,general_trajectory
3159.45718823229,60.2681802830424,-2227.88345955334,-6346.9623041371,-2.8791698025807,6.61898621652301,-2.58142429844157,general_trajectory
3160.45718823229,57.3889718742721,-2221.26302349544,-6349.53958123715,-2.87924638848663,6.62188441267168,-2.57312948114746,general_trajectory
3161.45718823229,54.5096887589166,-2214.63969370156,-6352.1085622602,-2.87931921586251,6.62477368817238,-2.56483214628874,general_trajectory
3162.45718823229,51.6303346951543,-2208.01347909323,-6354.66924469424,-2.87938828537965,6.62765404117513,-2.5565323049266,general_trajectory
3163.45718823229,48.7509134405393,-2201.38438859396,-6357.22162603825,-2.87945359771369,6.63052546984162,-2.54822996812075,general_trajectory
3164.45718823229,45.8714287518987,-2194.75243112895,-6359.76570380235,-2.87951515354454,6.63338797234523,-2.53992514692913,general_trajectory
3165.45718823229,42.9918843853939,-2188.11761562527,-6362.30147550766,-2.87957295355644,6.63624154687099,-2.53161785240812,general_trajectory
3166.45718823229,40.1122840965,-2181.47995101181,-6364.8289386864,-2.87962699843789,6.63908619161559,-2.52330809561243,general_trajectory
3167.4571882323,37.232631639985,-2174.8394462192,-6367.34809088183,-2.8796772888817,6.64192190478737,-2.51499588759508,general_trajectory
3168.4571882323,34.3529307699711,-2168.19611017999,-6369.85892964821,-2.87972382558494,6.64474868460626,-2.50668123940757,general_trajectory
3169.4571882323,31.4731852398322,-2161.54995182837,-6372.36145255093,-2.87976660924897,6.64756652930386,-2.49836416209954,general_trajectory
3170.4571882323,28.5933988022551,-2154.90098010035,-6374.85565716638,-2.87980564057942,6.65037543712338,-2.49004466671903,general_trajectory
3171.45718823229,25.7135752092187,-2148.24920393367,-6377.34154108202,-2.87984092028618,6.65317540631964,-2.48172276431236,general_trajectory
3172.4571882323,22.8337182119735,-2141.5946322678,-6379.81910189636,-2.87987244908342,6.65596643515907,-2.47339846592406,general_trajectory
3173.4571882323,19.9538315611032,-2134.93727404402,-6382.2883372189,-2.87990022768953,6.65874852191965,-2.46507178259711,general_trajectory
3174.4571882323,17.0739190064214,-2128.27713820523,-6384.74924467025,-2.8799242568272,6.66152166489099,-2.4567427253726,general_trajectory
3175.4571882323,14.1939842970334,-2121.61423369608,-6387.20182188203,-2.87994453722333,6.66428586237426,-2.44841130528989,general_trajectory
3176.4571882323,11.3140311813155,-2114.94856946289,-6389.64606649689,-2.87996106960909,6.66704111268219,-2.4400775333866,general_trajectory
3177.4571882323,8.43406340689451,-2108.28015445364,-6392.08197616855,-2.87997385471987,6.6697874141391,-2.43174142069852,general_trajectory
3178.4571882323,5.55408472070859,-2101.60899761808,-6394.50954856171,-2.87998289329529,6.67252476508081,-2.4234029782598,general_trajectory
3179.4571882323,2.67409886890514,-2094.93510790754,-6396.92878135216,-2.87998818607924,6.67525316385473,-2.41506221710263,general_trajectory
3180.4571882323,-0.205890403098028,-2088.25849427499,-6399.33967222669,-2.87998973381977,6.67797260881977,-2.40671914825746,general_trajectory
3181.4571882323,-3.08587935063331,-2081.57916567506,-6401.74221888312,-2.87998753726921,6.68068309834639,-2.39837378275291,general_trajectory
3182.4571882323,-5.96586422978753,-2074.89713106399,-6404.13641903031,-2.87998159718406,6.68338463081654,-2.39002613161575,general_trajectory
3183.4571882323,-8.8458412974225,-2068.21239939961,-6406.52227038816,-2.87997191432506,6.68607720462374,-2.38167620587088,general_trajectory
3184.4571882323,-11.7258068111137,-2061.52497964147,-6408.89977068753,-2.87995848945714,6.6887608181729,-2.37332401654146,general_trajectory
3185.4571882323,-14.6057570292528,-2054.83488075056,-6411.26891767038,-2.87994132334944,6.69143546988053,-2.36496957464867,general_trajectory
3186.4571882323,-17.4856882109864,-2048.14211168952,-6413.62970908965,-2.87992041677529,6.69410115817456,-2.35661289121182,general_trajectory
3187.45718823231,-20.3655966162527,-2041.44668142251,-6415.98214270931,-2.87989577051221,6.69675788149444,-2.34825397724831,general_trajectory
3188.45718823231,-23.2454785057207,-2034.74859891534,-6418.32621630432,-2.8798673853419,6.69940563829102,-2.33989284377377,general_trajectory
3189.4571882323,-26.125330140892,-2028.04787313529,-6420.66192766069,-2.87983526205027,6.70204442702667,-2.33152950180177,general_trajectory
3190.4571882323,-29.0051477840401,-2021.34451305116,-6422.98927457542,-2.87979940142738,6.70467424617518,-2.32316396234399,general_trajectory
3191.4571882323,-31.8849276982304,-2014.63852763331,-6425.30825485655,-2.87975980426747,6.7072950942218,-2.3147962364102,general_trajectory
3192.4571882323,-34.7646661473248,-2007.9299258536,-6427.61886632308,-2.87971647136895,6.70990696966318,-2.30642633500819,general_trajectory
3193.45718823231,-37.644359396002,-2001.21871668532,-6429.92110680508,-2.87966940353439,6.71250987100745,-2.29805426914376,general_trajectory
3194.45718823231,-40.5240037096961,-1994.50490910341,-6432.21497414356,-2.87961860157053,6.71510379677406,-2.28968004982089,general_trajectory
3195.45718823231,-43.4035953546995,-1987.78851208413,-6434.50046619057,-2.87956406628824,6.71768874549396,-2.2813036880414,general_trajectory
3196.45718823231,-46.2831305981008,-1981.06953460527,-6436.77758080915,-2.87950579850257,6.72026471570946,-2.27292519480519,general_trajectory
3197.4571882323,-49.1626057078058,-1974.34798564604,-6439.04631587336,-2.87944379903268,6.72283170597426,-2.26454458111016,general_trajectory
3198.45718823231,-52.0420169525582,-1967.62387418709,-6441.30666926823,-2.87937806870191,6.72538971485345,-2.25616185795213,general_trajectory
3199.45718823231,-54.9213606018775,-1960.89720921058,-6443.55863888978,-2.87930860833769,6.72793874092347,-2.24777703632502,general_trajectory
3200.45718823231,-57.8006329261622,-1954.16799969999,-6445.80222264505,-2.87923541877162,6.73047878277214,-2.23939012722061,general_trajectory
3201.45718823231,-60.679830196628,-1947.43625464025,-6448.03741845206,-2.87915850083939,6.73300983899864,-2.23100114162864,general_trajectory
3202.45718823231,-63.5589486853282,-1940.70198301767,-6450.26422423981,-2.87907785538085,6.73553190821349,-2.22261009053681,general_trajectory
3203.45718823231,-66.4379846651746,-1933.96519381992,-6452.4826379483,-2.87899348323994,6.73804498903856,-2.21421698493068,general_trajectory
3204.45718823231,-69.3169344098756,-1927.22589603615,-6454.6926575285,-2.87890538526471,6.74054908010702,-2.20582183579389,general_trajectory
3205.45718823231,-72.1957941940392,-1920.48409865675,-6456.89428094237,-2.87881356230734,6.7430441800634,-2.19742465410784,general_trajectory
3206.45718823231,-75.0745602931109,-1913.73981067352,-6459.08750616286,-2.87871801522408,6.7455302875635,-2.18902545085185,general_trajectory
3207.45718823231,-77.9532289833948,-1906.99304107957,-6461.27233117387,-2.8786187448753,6.74800740127447,-2.18062423700315,general_trajectory
3208.45718823231,-80.8317965420735,-1900.24379886931,-6463.44875397033,-2.87851575212546,6.75047551987473,-2.17222102353677,general_trajectory
3209.45718823231,-83.7102592471472,-1893.4920930386,-6465.61677255807,-2.8784090378431,6.75293464205398,-2.16381582142578,general_trajectory
3210.45718823231,-86.5886133775357,-1886.73793258445,-6467.77638495396,-2.87829860290086,6.75538476651321,-2.15540864164091,general_trajectory
3211.45718823231,-89.4668552130172,-1879.98132650525,-6469.92758918579,-2.87818444817544,6.75782589196467,-2.14699949515082,general_trajectory
3212.45718823231,-92.3449810342484,-1873.22228380063,-6472.07038329234,-2.87806657454763,6.7602580171319,-2.13858839292198,general_trajectory
3213.45718823232,-95.2229871227856,-1866.46081347147,-6474.20476532338,-2.87794498290227,6.76268114074967,-2.13017534591863,general_trajectory
3214.45718823232,-98.1008697610224,-1859.69692452003,-6476.33073333958,-2.87781967412828,6.76509526156397,-2.12176036510297,general_trajectory
3215.45718823231,-100.978625232293,-1852.9306259497,-6478.44828541263,-2.87769064911865,6.76750037833208,-2.11334346143483,general_trajectory
3216.45718823231,-103.856249820809,-1846.16192676514,-6480.55741962515,-2.8775579087704,6.76989648982246,-2.1049246458719,general_trajectory
3217.45718823231,-106.733739811684,-1839.39083597223,-6482.65813407073,-2.87742145398462,6.77228359481481,-2.09650392936963,general_trajectory
3218.45718823232,-109.611091490947,-1832.61736257805,-6484.7504268539,-2.87728128566644,6.77466169210006,-2.0880813228812,general_trajectory
3219.45718823232,-112.488301145488,-1825.84151559097,-6486.83429609015,-2.87713740472502,6.77703078048027,-2.07965683735766,general_trajectory
3220.45718823232,-115.365365063156,-1819.06330402046,-6488.90973990592,-2.87698981207359,6.77939085876878,-2.0712304837477,general_trajectory
3221.45718823232,-118.2422795327,-1812.2827368772,-6490.9767564386,-2.87683850862938,6.78174192579006,-2.06280227299776,general_trajectory
3222.45718823232,-121.119040843787,-1805.49982317304,-6493.03534383651,-2.87668349531366,6.78408398037978,-2.05437221605201,general_trajectory
3223.45718823232,-123.995645287024,-1798.71457192094,-6495.08550025896,-2.87652477305172,6.78641702138476,-2.04594032385228,general_trajectory
3224.45718823232,-126.872089153897,-1791.92699213515,-6497.12722387612,-2.87636234277287,6.78874104766297,-2.03750660733825,general_trajectory
3225.45718823232,-129.748368736871,-1785.13709283091,-6499.16051286917,-2.87619620541044,6.79105605808356,-2.02907107744715,general_trajectory
3226.45718823232,-132.624480329332,-1778.34488302465,-6501.1853654302,-2.87602636190177,6.7933620515268,-2.02063374511392,general_trajectory
3227.45718823232,-135.500420225603,-1771.55037173389,-6503.20177976223,-2.87585281318819,6.79565902688409,-2.01219462127119,general_trajectory
3228.45718823232,-138.376184720968,-1764.75356797724,-6505.20975407923,-2.87567556021503,6.79794698305799,-2.0037537168492,general_trajectory
3229.45718823232,-141.251770111608,-1757.95448077451,-6507.20928660605,-2.87549460393164,6.80022591896211,-1.99531104277597,general_trajectory
3230.45718823232,-144.127172694708,-1751.15311914645,-6509.20037557853,-2.87530994529134,6.80249583352121,-1.98686660997701,general_trajectory
3231.45718823232,-147.002388768387,-1744.34949211494,-6511.1830192434,-2.87512158525144,6.80475672567116,-1.97842042937553,general_trajectory
3232.45718823232,-149.877414631727,-1737.54360870293,-6513.15721585832,-2.87492952477324,6.80700859435888,-1.96997251189233,general_trajectory
3233.45718823232,-152.752246584772,-1730.7354779344,-6515.12296369186,-2.87473376482199,6.80925143854239,-1.96152286844585,general_trajectory
3234.45718823232,-155.626880928549,-1723.92510883433,-6517.08026102354,-2.87453430636695,6.81148525719081,-1.95307150995203,general_trajectory
3235.45718823232,-158.501313965008,-1717.11251042884,-6519.02910614373,-2.87433115038132,6.81371004928426,-1.94461844732459,general_trajectory
3236.45718823232,-161.375541997123,-1710.29769174496,-6520.96949735378,-2.87412429784227,6.81592581381396,-1.93616369147466,general_trajectory
3237.45718823232,-164.249561328831,-1703.48066181075,-6522.90143296591,-2.87391374973094,6.81813254978217,-1.92770725331098,general_trajectory
3238.45718823233,-167.123368265068,-1696.66142965522,-6524.82491130327,-2.87369950703241,6.82033025620219,-1.91924914373982,general_trajectory
3239.45718823233,-169.996959111709,-1689.84000430849,-6526.73993069989,-2.87348157073572,6.82251893209833,-1.9107893736651,general_trajectory
3240.45718823233,-172.870330175667,-1683.01639480152,-6528.64648950073,-2.87325994183384,6.82469857650594,-1.90232795398817,general_trajectory
3241.45718823233,-175.743477764836,-1676.1906101663,-6530.54458606163,-2.87303462132369,6.82686918847137,-1.89386489560794,general_trajectory
3242.45718823232,-178.616398188108,-1669.36265943572,-6532.43421874934,-2.87280561020613,6.82903076705197,-1.88540020942083,general_trajectory
3243.45718823232,-181.489087755377,-1662.53255164364,-6534.3153859415,-2.87257290948593,6.83118331131611,-1.87693390632078,general_trajectory
3244.45718823233,-184.361542777561,-1655.7002958248,-6536.18808602665,-2.87233652017182,6.83332682034312,-1.86846599719917,general_trajectory
3245.45718823233,-187.233759566539,-1648.86590101498,-6538.0523174042,-2.87209644327643,6.8354612932233,-1.85999649294499,general_trajectory
3246.45718823233,-190.105734435255,-1642.02937625072,-6539.90807848446,-2.8718526798163,6.83758672905794,-1.8515254044446,general_trajectory
3247.45718823233,-192.977463697653,-1635.19073056951,-6541.75536768863,-2.8716052308119,6.83970312695928,-1.84305274258184,general_trajectory
3248.45718823233,-195.848943668718,-1628.3499730097,-6543.5941834488,-2.8713540972876,6.84181048605053,-1.83457851823797,general_trajectory
3249.45718823233,-198.72017066441,-1621.50711261061,-6545.42452420791,-2.87109928027168,6.8439088054658,-1.82610274229185,general_trajectory
3250.45718823233,-201.59114100177,-1614.66215841229,-6547.24638841981,-2.8708407807963,6.84599808435016,-1.81762542561962,general_trajectory
3251.45718823233,-204.461850998857,-1607.81511945571,-6549.0597745492,-2.87057859989754,6.84807832185962,-1.8091465790949,general_trajectory
3252.45718823233,-207.332296974767,-1600.96600478265,-6550.86468107167,-2.87031273861534,6.85014951716108,-1.80066621358872,general_trajectory
3253.45718823233,-210.202475249637,-1594.11482343574,-6552.66110647367,-2.87004319799357,6.85221166943236,-1.79218433996951,general_trajectory
3254.45718823233,-213.072382144669,-1587.26158445837,-6554.44904925253,-2.86976997907992,6.85426477786218,-1.78370096910307,general_trajectory
3255.45718823233,-215.942013982063,-1580.40629689487,-6556.22850791642,-2.86949308292602,6.85630884165014,-1.77521611185272,general_trajectory
3256.45718823233,-218.811367085122,-1573.54896979022,-6557.99948098439,-2.86921251058732,6.85834386000672,-1.766729779079,general_trajectory
3257.45718823233,-221.680437778192,-1566.68961219027,-6559.76196698635,-2.86892826312316,6.86036983215331,-1.75824198163989,general_trajectory
3258.45718823233,-224.549222386677,-1559.82823314159,-6561.51596446307,-2.86864034159675,6.86238675732211,-1.74975273039071,general_trajectory
3259.45718823234,-227.417717237066,-1552.9648416915,-6563.26147196616,-2.86834874707514,6.86439463475622,-1.74126203618409,general_trajectory
3260.45718823233,-230.285918656865,-1546.09944688821,-6564.99848805807,-2.86805348062923,6.86639346370956,-1.73276990987013,general_trajectory
3261.45718823233,-233.153822974704,-1539.2320577805,-6566.72701131214,-2.86775454333381,6.8683832434469,-1.72427636229613,general_trajectory
3262.45718823233,-236.021426520271,-1532.36268341797,-6568.44704031253,-2.86745193626745,6.87036397324384,-1.71578140430675,general_trajectory
3263.45718823233,-238.888725624338,-1525.49133285091,-6570.15857365423,-2.86714566051261,6.87233565238679,-1.70728504674396,general_trajectory
3264.45718823234,-241.755716618775,-1518.61801513028,-6571.86160994311,-2.86683571715557,6.874298280173,-1.69878730044698,general_trajectory
3265.45718823234,-244.622395836491,-1511.74273930788,-6573.55614779583,-2.86652210728644,6.87625185591048,-1.69028817625247,general_trajectory
3266.45718823234,-247.488759611538,-1504.86551443605,-6575.24218583992,-2.86620483199915,6.87819637891808,-1.68178768499422,general_trajectory
3267.45718823234,-250.354804279045,-1497.98634956785,-6576.91972271374,-2.86588389239146,6.88013184852541,-1.67328583750334,general_trajectory
3268.45718823233,-253.220526175244,-1491.10525375703,-6578.58875706646,-2.86555928956494,6.88205826407287,-1.66478264460823,general_trajectory
3269.45718823234,-256.085921637483,-1484.22223605792,-6580.2492875581,-2.86523102462498,6.88397562491163,-1.65627811713444,general_trajectory
3270.45718823234,-258.950987004171,-1477.33730552562,-6581.90131285949,-2.86489909868078,6.88588393040359,-1.64777226590496,general_trajectory
3271.45718823234,-261.815718614877,-1470.45047121578,-6583.54483165227,-2.86456351284532,6.88778317992144,-1.63926510173985,general_trajectory
3272.45718823234,-264.680112810266,-1463.56174218465,-6585.17984262892,-2.86422426823542,6.8896733728486,-1.63075663545643,general_trajectory
3273.45718823234,-267.544165932126,-1456.67112748915,-6586.80634449274,-2.86388136597166,6.89155450857922,-1.62224687786925,general_trajectory
3274.45718823234,-270.407874323379,-1449.77863618673,-6588.42433595784,-2.86353480717842,6.8934265865182,-1.61373583979003,general_trajectory
3275.45718823234,-273.271234328028,-1442.88427733555,-6590.0338157491,-2.86318459298387,6.89528960608111,-1.6052235320278,general_trajectory
3276.45718823234,-276.134242291253,-1435.98805999423,-6591.63478260227,-2.86283072451996,6.89714356669427,-1.59670996538865,general_trajectory
3277.45718823234,-278.996894559352,-1429.08999322201,-6593.22723526385,-2.86247320292241,6.89898846779469,-1.58819515067592,general_trajectory
3278.45718823234,-281.859187479762,-1422.19008607867,-6594.81117249119,-2.86211202933073,6.90082430883005,-1.57967909869007,general_trajectory
3279.45718823234,-284.721117401076,-1415.28834762452,-6596.38659305241,-2.86174720488816,6.90265108925875,-1.57116182022871,general_trajectory
3280.45718823234,-287.582680672983,-1408.3847869205,-6597.95349572643,-2.86137873074175,6.90446880854983,-1.56264332608674,general_trajectory
3281.45718823234,-290.443873646371,-1401.47941302798,-6599.51187930296,-2.86100660804228,6.90627746618301,-1.55412362705604,general_trajectory
3282.45718823234,-293.304692673264,-1394.57223500887,-6601.0617425825,-2.86063083794428,6.90807706164867,-1.54560273392568,general_trajectory
3283.45718823234,-296.165134106842,-1387.66326192558,-6602.60308437637,-2.86025142160605,6.90986759444782,-1.53708065748187,general_trajectory
3284.45718823235,-299.025194301462,-1380.75250284099,-6604.13590350663,-2.85986836018962,6.91164906409216,-1.52855740850787,general_trajectory
3285.45718823235,-301.884869612596,-1373.83996681858,-6605.66019880614,-2.85948165486077,6.91342147010393,-1.52003299778418,general_trajectory
3286.45718823235,-304.744156396932,-1366.92566292216,-6607.17596911854,-2.85909130678901,6.91518481201608,-1.51150743608828,general_trajectory
3287.45718823234,-307.603051012313,-1360.00960021608,-6608.68321329825,-2.85869731714759,6.91693908937213,-1.50298073419475,general_trajectory
3288.45718823234,-310.461549817759,-1353.0917877651,-6610.18193021045,-2.85829968711346,6.91868430172621,-1.49445290287529,general_trajectory
3289.45718823235,-313.319649173482,-1346.17223463441,-6611.67211873112,-2.85789841786734,6.92042044864306,-1.48592395289859,general_trajectory
3290.45718823235,-316.17734544083,-1339.25094988973,-6613.15377774696,-2.85749351059362,6.92214752969799,-1.47739389503056,general_trajectory
3291.45718823235,-319.034634982385,-1332.32794259711,-6614.62690615547,-2.85708496648044,6.92386554447688,-1.46886274003401,general_trajectory
3292.45718823235,-321.891514161904,-1325.40322182302,-6616.0915028649,-2.85667278671963,6.92557449257622,-1.46033049866884,general_trajectory
3293.45718823235,-324.747979344336,-1318.47679663433,-6617.54756679427,-2.85625697250673,6.92727437360302,-1.45179718169199,general_trajectory
3294.45718823235,-327.604026895829,-1311.54867609831,-6618.99509687333,-2.85583752504099,6.92896518717487,-1.44326279985744,general_trajectory
3295.45718823235,-330.459653183747,-1304.61886928256,-6620.43409204262,-2.85541444552533,6.93064693291989,-1.4347273639161,general_trajectory
3296.45718823235,-333.314854576611,-1297.68738525517,-6621.86455125338,-2.85498773516639,6.93231961047673,-1.42619088461607,general_trajectory
3297.45718823235,-336.169627444198,-1290.75423308446,-6623.28647346765,-2.8545573951745,6.93398321949459,-1.41765337270228,general_trajectory
3298.45718823235,-339.023968157483,-1283.81942183915,-6624.69985765816,-2.85412342676363,6.93563775963316,-1.40911483891671,general_trajectory
3299.45718823235,-341.877873088671,-1276.88296058823,-6626.10470280844,-2.85368583115148,6.93728323056267,-1.40057529399827,general_trajectory
3300.45718823235,-344.731338611138,-1269.94485840117,-6627.5010079127,-2.8532446095594,6.93891963196381,-1.39203474868299,general_trajectory
3301.45718823235,-347.584361099534,-1263.00512434759,-6628.88877197592,-2.8527997632124,6.94054696352781,-1.38349321370372,general_trajectory
3302.45718823235,-350.436936929717,-1256.0637674975,-6630.26799401379,-2.85235129333918,6.94216522495634,-1.37495069979031,general_trajectory
3303.45718823235,-353.289062478777,-1249.12079692117,-6631.63867305276,-2.85189920117208,6.94377441596158,-1.36640721766955,general_trajectory
3304.45718823235,-356.140734125038,-1242.17622168915,-6633.00080812997,-2.8514434879471,6.94537453626616,-1.35786277806519,general_trajectory
3305.45718823235,-358.991948248077,-1235.23005087226,-6634.35439829331,-2.85098415490391,6.94696558560317,-1.34931739169785,general_trajectory
3306.45718823235,-361.842701228666,-1228.28229354166,-6635.69944260136,-2.8505212032858,6.94854756371613,-1.3407710692852,general_trajectory
3307.45718823235,-364.692989448869,-1221.33295876866,-6637.03594012343,-2.85005463433972,6.95012047035904,-1.3322238215417,general_trajectory
3308.45718823235,-367.542809291983,-1214.38205562485,-6638.36388993956,-2.84958444931627,6.95168430529629,-1.32367565917876,general_trajectory
3309.45718823235,-370.392157142556,-1207.42959318205,-6639.68329114048,-2.84911064946965,6.95323906830273,-1.31512659290467,general_trajectory
3310.45718823236,-373.241029386412,-1200.47558051227,-6640.99414282764,-2.84863323605772,6.95478475916361,-1.30657663342458,general_trajectory
3311.45718823236,-376.089422410583,-1193.52002668781,-6642.29644411317,-2.84815221034196,6.95632137767457,-1.29802579144065,general_trajectory
3312.45718823236,-378.937332603413,-1186.56294078111,-6643.59019411992,-2.84766757358746,6.95784892364166,-1.28947407765176,general_trajectory
3313.45718823235,-381.784756354497,-1179.60433186478,-6644.87539198144,-2.84717932706294,6.95936739688133,-1.28092150275373,general_trajectory
3314.45718823235,-384.631690054702,-1172.64420901165,-6646.15203684196,-2.84668747204072,6.96087679722039,-1.27236807743919,general_trajectory
3315.45718823236,-387.478130096183,-1165.68258129467,-6647.42012785641,-2.84619200979673,6.96237712449605,-1.2638138123976,general_trajectory
3316.45718823236,-390.324072872327,-1158.71945778704,-6648.67966419041,-2.84569294161053,6.96386837855584,-1.2552587183154,general_trajectory
3317.45718823236,-393.169514777847,-1151.75484756202,-6649.93064502025,-2.84519026876524,6.96535055925767,-1.24670280587569,general_trajectory
3318.45718823236,-396.014452208729,-1144.78875969303,-6651.17306953293,-2.84468399254761,6.9668236664698,-1.23814608575847,general_trajectory
3319.45718823236,-398.858881562245,-1137.82120325362,-6652.4069369261,-2.84417411424794,6.96828770007083,-1.22958856864052,general_trajectory
3320.45718823236,-401.702799236975,-1130.85218731743,-6653.63224640811,-2.84366063516016,6.96974265994967,-1.22103026519541,general_trajectory
3321.45718823236,-404.546201632747,-1123.8817209583,-6654.84899719795,-2.84314355658175,6.97118854600554,-1.21247118609361,general_trajectory
3322.45718823236,-407.389085150738,-1116.90981325007,-6656.0571885253,-2.8426228798138,6.97262535814802,-1.20391134200228,general_trajectory
3323.45718823236,-410.231446193409,-1109.93647326668,-6657.25681963051,-2.84209860616093,6.97405309629694,-1.19535074358536,general_trajectory
3324.45718823236,-413.07328116453,-1102.96171008217,-6658.44788976458,-2.84157073693137,6.97547176038245,-1.1867894015036,general_trajectory
3325.45718823236,-415.914586469196,-1095.98553277059,-6659.63039818918,-2.84103927343688,6.976881350345,-1.17822732641444,general_trajectory
3326.45718823236,-418.755358513766,-1089.00795040618,-6660.80434417663,-2.84050421699282,6.97828186613527,-1.16966452897224,general_trajectory
3327.45718823236,-421.595593705967,-1082.02897206307,-6661.96972700989,-2.83996556891807,6.97967330771424,-1.16110101982794,general_trajectory
3328.45718823236,-424.435288454829,-1075.0486068155,-6663.1265459826,-2.83942333053507,6.98105567505316,-1.15253680962927,general_trajectory
3329.45718823236,-427.274439170706,-1068.06686373773,-6664.27480039901,-2.83887750316983,6.98242896813351,-1.14397190902072,general_trajectory
3330.45718823237,-430.113042265296,-1061.08375190396,-6665.41448957405,-2.83832808815187,6.98379318694702,-1.13540632864341,general_trajectory
3331.45718823237,-432.951094151582,-1054.09928038856,-6666.54561283326,-2.83777508681428,6.98514833149564,-1.12684007913536,general_trajectory
3332.45718823236,-435.788591243927,-1047.11345826573,-6667.66816951283,-2.83721850049366,6.98649440179157,-1.11827317113112,general_trajectory
3333.45718823236,-438.625529958017,-1040.12629460973,-6668.78215895957,-2.83665833053015,6.98783139785721,-1.10970561526201,general_trajectory
3334.45718823236,-441.461906710883,-1033.13779849476,-6669.88758053094,-2.83609457826742,6.98915931972517,-1.10113742215603,general_trajectory
3335.45718823237,-444.297717920914,-1026.14797899497,-6670.98443359501,-2.83552724505265,6.99047816743828,-1.09256860243782,general_trajectory
3336.45718823237,-447.1329600078,-1019.15684518455,-6672.07271753049,-2.83495633223655,6.99178794104951,-1.08399916672883,general_trajectory
3337.45718823237,-449.967629392634,-1012.16440613756,-6673.15243172668,-2.83438184117334,6.99308864062206,-1.07542912564704,general_trajectory
3338.45718823237,-452.801722497846,-1005.17067092798,-6674.22357558353,-2.83380377322074,6.9943802662293,-1.06685848980714,general_trajectory
3339.45718823237,-455.635235747229,-998.175648629735,-6675.28614851158,-2.83322212973998,6.99566281795473,-1.05828726982047,general_trajectory
3340.45718823237,-458.468165565951,-991.179348316632,-6676.34014993199,-2.83263691209579,6.99693629589205,-1.04971547629495,general_trajectory
3341.45718823237,-461.300508380501,-984.181779062482,-6677.38557927653,-2.8320481216564,6.99820070014508,-1.04114311983531,general_trajectory
3342.45718823237,-464.132260618785,-977.182949940875,-6678.42243598755,-2.83145575979354,6.99945603082779,-1.03257021104274,general_trajectory
3343.45718823237,-466.963418710068,-970.182870025319,-6679.45071951803,-2.83085982788239,7.00070228806428,-1.02399676051511,general_trajectory
3344.45718823237,-469.793979084989,-963.181548389194,-6680.47042933153,-2.83026032730166,7.00193947198876,-1.01542277884689,general_trajectory
3345.45718823237,-472.623938175571,-956.17899410574,-6681.48156490221,-2.82965725943351,7.00316758274557,-1.00684827662918,general_trajectory
3346.45718823237,-475.453292415235,-949.17521624801,-6682.48412571481,-2.82905062566358,7.00438662048917,-0.998273264449589,general_trajectory
3347.45718823237,-478.28203823874,-942.170223889015,-6683.47811126465,-2.82844042738098,7.00559658538407,-0.989697752892502,general_trajectory
3348.45718823237,-481.110172082286,-935.164026101477,-6684.46352105766,-2.8278266659783,7.0067974776049,-0.981121752538719,general_trajectory
3349.45718823237,-483.937690383451,-928.156631957978,-6685.44035461032,-2.82720934285157,7.00798929733638,-0.972545273965666,general_trajectory
3350.45718823237,-486.764589581226,-921.148050530872,-6686.40861144971,-2.82658845940029,7.00917204477328,-0.963968327747288,general_trajectory
3351.45718823237,-489.590866115956,-914.138290892431,-6687.36829111346,-2.82596401702742,7.01034572012042,-0.955390924454236,general_trajectory
3352.45718823237,-492.416516429439,-907.127362114599,-6688.31939314978,-2.82533601713935,7.01151032359271,-0.946813074653566,general_trajectory
3353.45718823237,-495.241536964863,-900.115273269139,-6689.26191711745,-2.82470446114593,7.01266585541509,-0.938234788908926,general_trajectory
3354.45718823237,-498.065924166829,-893.102033427584,-6690.19586258581,-2.82406935046045,7.01381231582253,-0.929656077780502,general_trajectory
3355.45718823237,-500.889674481354,-886.087651661227,-6691.12122913474,-2.82343068649962,7.01494970506004,-0.921076951825007,general_trajectory
3356.45718823238,-503.712784355889,-879.072137041072,-6692.0380163547,-2.8227884706836,7.01607802338264,-0.912497421595629,general_trajectory
3357.45718823238,-506.535250239256,-872.055498637982,-6692.94622384669,-2.82214270443598,7.01719727105536,-0.903917497642217,general_trajectory
3358.45718823237,-509.357068581755,-865.037745522429,-6693.84585122226,-2.82149338918376,7.01830744835324,-0.895337190510977,general_trajectory
3359.45718823237,-512.178235835095,-858.018886764648,-6694.7368981035,-2.82084052635737,7.01940855556133,-0.886756510744666,general_trajectory
3360.45718823238,-514.998748452435,-850.998931434542,-6695.61936412305,-2.82018411739065,7.02050059297463,-0.878175468882483,general_trajectory
3361.45718823238,-517.818602888321,-843.977888601832,-6696.49324892408,-2.81952416372085,7.02158356089814,-0.86959407546026,general_trajectory
3362.45718823238,-520.637795598785,-836.955767335813,-6697.3585521603,-2.81886066678864,7.02265745964683,-0.861012341010156,general_trajectory
3363.45718823238,-523.456323041288,-829.932576705498,-6698.21527349593,-2.81819362803808,7.02372228954563,-0.852430276060852,general_trajectory
3364.45718823238,-526.274181674734,-822.90832577957,-6699.06341260576,-2.81752304891662,7.02477805092941,-0.843847891137489,general_trajectory
3365.45718823238,-529.091367959477,-815.883023626373,-6699.90296917506,-2.81684893087512,7.025824744143,-0.835265196761666,general_trajectory
3366.45718823238,-531.907878357341,-808.856679313859,-6700.73394289964,-2.81617127536784,7.02686236954116,-0.82668220345138,general_trajectory
3367.45718823238,-534.723709331556,-801.829301909744,-6701.55633348582,-2.8154900838524,7.02789092748856,-0.818098921721214,general_trajectory
3368.45718823238,-537.53885734686,-794.800900481251,-6702.37014065045,-2.81480535778981,7.02891041835981,-0.809515362082039,general_trajectory
3369.45718823238,-540.353318869437,-787.771484095265,-6703.17536412085,-2.81411709864448,7.02992084253942,-0.800931535041202,general_trajectory
3370.45718823238,-543.16709036694,-780.741061818281,-6703.9720036349,-2.81342530788416,7.03092220042181,-0.792347451102468,general_trajectory
3371.45718823238,-545.980168308503,-773.709642716355,-6704.76005894093,-2.81272998697999,7.03191449241129,-0.783763120765966,general_trajectory
3372.45718823238,-548.792549164689,-766.677235855254,-6705.5395297978,-2.81203113740647,7.03289771892203,-0.775178554528375,general_trajectory
3373.45718823238,-551.604229407582,-759.643850300206,-6706.31041597485,-2.81132876064147,7.03387188037811,-0.766593762882626,general_trajectory
3374.45718823238,-554.415205510731,-752.609495116048,-6707.07271725192,-2.8106228581662,7.03483697721347,-0.758008756318089,general_trajectory
3375.45718823238,-557.225473949168,-745.574179367181,-6707.82643341934,-2.80991343146524,7.0357930098719,-0.749423545320519,general_trajectory
3376.45718823239,-560.035031199427,-738.537912117515,-6708.57156427792,-2.80920048202649,7.03673997880704,-0.740838140371996,general_trajectory
3377.45718823238,-562.843873739484,-731.500702430624,-6709.30810963893,-2.80848401134125,7.03767788448237,-0.732252551951118,general_trajectory
3378.45718823238,-565.651998048855,-724.462559369489,-6710.03606932415,-2.80776402090409,7.03860672737121,-0.723666790532697,general_trajectory
3379.45718823238,-568.459400608537,-717.423491996659,-6710.75544316582,-2.80704051221298,7.03952650795672,-0.715080866587952,general_trajectory
3380.45718823238,-571.266077901027,-710.383509374189,-6711.46623100664,-2.80631348676918,7.04043722673185,-0.706494790584446,general_trajectory
3381.45718823239,-574.072026410338,-703.342620563601,-6712.16843269979,-2.80558294607728,7.04133888419938,-0.697908572986039,general_trajectory
3382.45718823239,-576.877242621946,-696.300834626026,-6712.8620481089,-2.80484889164524,7.04223148087187,-0.689322224253068,general_trajectory
3383.45718823239,-579.681723022882,-689.258160621958,-6713.54707710807,-2.80411132498428,7.04311501727168,-0.680735754842054,general_trajectory
3384.45718823239,-582.485464101673,-682.214607611406,-6714.22351958185,-2.80337024760898,7.04398949393097,-0.672149175205885,general_trajectory
3385.45718823238,-585.288462348364,-675.170184653839,-6714.89137542523,-2.8026256610372,7.04485491139165,-0.663562495793764,general_trajectory
3386.45718823239,-588.090714254534,-668.124900808141,-6715.55064454366,-2.80187756679012,7.04571127020542,-0.654975727051152,general_trajectory
3387.45718823239,-590.892216313239,-661.07876513276,-6716.20132685303,-2.80112596639224,7.0465585709337,-0.646388879419956,general_trajectory
3388.45718823239,-593.692965019107,-654.031786685455,-6716.84342227968,-2.80037086137133,7.0473968141477,-0.637801963338229,general_trajectory
3389.45718823239,-596.49295686828,-646.983974523452,-6717.47693076037,-2.79961225325848,7.04822600042837,-0.629214989240359,general_trajectory
3390.45718823239,-599.292188358434,-639.935337703389,-6718.1018522423,-2.79885014358806,7.04904613036635,-0.620627967557015,general_trajectory
3391.45718823239,-602.090655988795,-632.88588528127,-6718.7181866831,-2.79808453389771,7.04985720456206,-0.612040908715088,general_trajectory
3392.45718823239,-604.888356260082,-625.835626312612,-6719.32593405082,-2.7973154257284,7.0506592236256,-0.603453823137882,general_trajectory
3393.45718823239,-607.685285674603,-618.784569852199,-6719.92509432394,-2.79654282062434,7.05145218817678,-0.594866721244814,general_trajectory
3394.45718823239,-610.481440736198,-611.73272495423,-6720.51566749134,-2.79576672013303,7.05223609884513,-0.586279613451603,general_trajectory
3395.45718823239,-613.276817950253,-604.680100672267,-6721.09765355234,-2.79498712580522,7.05301095626985,-0.577692510170211,general_trajectory
3396.45718823239,-616.071413823726,-597.626706059191,-6721.67105251666,-2.79420403919495,7.05377676109984,-0.569105421808792,general_trajectory
3397.45718823239,-618.86522486508,-590.572550167349,-6722.23586440441,-2.79341746185953,7.05453351399366,-0.56051835877188,general_trajectory
3398.45718823239,-621.658247584386,-583.517642048303,-6722.79208924611,-2.7926273953595,7.05528121561955,-0.551931331460086,general_trajectory
3399.45718823239,-624.450478493262,-576.461990752983,-6723.3397270827,-2.79183384125868,7.05601986665538,-0.543344350270289,general_trajectory
3400.45718823239,-627.241914104888,-569.405605331636,-6723.87877796549,-2.79103680112412,7.05674946778872,-0.534757425595583,general_trajectory
3401.4571882324,-630.032550934034,-562.348494833777,-6724.40924195619,-2.79023627652613,7.05747001971673,-0.526170567825215,general_trajectory
3402.4571882324,-632.822385496989,-555.290668308339,-6724.93111912691,-2.78943226903827,7.05818152314622,-0.517583787344782,general_trajectory
3403.45718823239,-635.611414311669,-548.232134803422,-6725.44440956011,-2.78862478023732,7.05888397879364,-0.508997094535923,general_trajectory
3404.45718823239,-638.399633897549,-541.172903366447,-6725.94911334866,-2.7878138117033,7.05957738738505,-0.500410499776517,general_trajectory
3405.45718823239,-641.187040775688,-534.112983044102,-6726.4452305958,-2.78699936501948,7.06026174965609,-0.491824013440617,general_trajectory
3406.45718823239,-643.97363146873,-527.052382882336,-6726.93276141514,-2.78618144177232,7.06093706635204,-0.483237645898453,general_trajectory
3407.4571882324,-646.75940250092,-519.991111926308,-6727.41170593065,-2.78536004355153,7.06160333822776,-0.474651407516372,general_trajectory
3408.4571882324,-649.544350398051,-512.929179220536,-6727.88206427668,-2.78453517195003,7.06226056604766,-0.466065308657028,general_trajectory
3409.4571882324,-652.328471687555,-505.86659380865,-6728.34383659793,-2.78370682856397,7.06290875058578,-0.45747935967908,general_trajectory
3410.4571882324,-655.111762898447,-498.80336473354,-6728.79702304945,-2.78287501499267,7.06354789262567,-0.448893570937387,general_trajectory
3411.4571882324,-657.894220561358,-491.73950103727,-6729.24162379667,-2.78203973283871,7.06417799296049,-0.440307952782897,general_trajectory
3412.4571882324,-660.675841208477,-484.675011761223,-6729.67763901533,-2.78120098370783,7.06479905239292,-0.431722515562839,general_trajectory
3413.4571882324,-663.456621373647,-477.609905945857,-6730.10506889155,-2.78035876920899,7.06541107173517,-0.423137269620426,general_trajectory
3414.4571882324,-666.236557592306,-470.544192630852,-6730.52391362178,-2.77951309095433,7.06601405180902,-0.41455222529504,general_trajectory
3415.4571882324,-669.015646401505,-463.477880855062,-6730.93417341279,-2.77866395055921,7.06660799344576,-0.405967392922178,general_trajectory
3416.4571882324,-671.793884339913,-456.410979656503,-6731.33584848171,-2.77781134964213,7.06719289748617,-0.397382782833448,general_trajectory
3417.4571882324,-674.571267947834,-449.343498072308,-6731.728939056,-2.77695528982481,7.06776876478059,-0.388798405356509,general_trajectory
3418.4571882324,-677.347793767149,-442.275445138873,-6732.11344537341,-2.77609577273215,7.06833559618882,-0.380214270815266,general_trajectory
3419.4571882324,-680.123458341412,-435.206829891612,-6732.48936768205,-2.7752327999922,7.06889339258015,-0.371630389529567,general_trajectory
3420.4571882324,-682.898258215791,-428.137661365102,-6732.85670624032,-2.77436637323619,7.06944215483339,-0.363046771815391,general_trajectory
3421.4571882324,-685.672189937087,-421.067948593039,-6733.21546131697,-2.77349649409853,7.06998188383679,-0.354463427984798,general_trajectory
3422.4571882324,-688.445250053752,-413.997700608183,-6733.56563319102,-2.77262316421677,7.0705125804881,-0.345880368345867,general_trajectory
3423.4571882324,-691.217435115831,-406.926926442514,-6733.90722215183,-2.77174638523165,7.07103424569449,-0.337297603202892,general_trajectory
3424.4571882324,-693.988741675058,-399.85563512698,-6734.24022849903,-2.77086615878704,7.07154688037262,-0.328715142856079,general_trajectory
3425.4571882324,-696.759166284797,-392.783835691646,-6734.56465254257,-2.76998248652996,7.07205048544856,-0.320132997601734,general_trajectory
3426.4571882324,-699.52870550006,-385.711537165648,-6734.88049460269,-2.76909537011059,7.07254506185784,-0.311551177732212,general_trajectory
3427.45718823241,-702.297355877527,-378.63874857714,-6735.18775500993,-2.76820481118225,7.07303061054541,-0.302969693535859,general_trajectory
3428.45718823241,-705.065113975486,-371.565478953449,-6735.48643410509,-2.7673108114014,7.07350713246562,-0.294388555297202,general_trajectory
3429.45718823241,-707.831976353929,-364.49173732082,-6735.77653223927,-2.76641337242763,7.07397462858226,-0.285807773296652,general_trajectory
3430.4571882324,-710.597939574494,-357.417532704571,-6736.05804977385,-2.76551249592367,7.07443309986851,-0.277227357810688,general_trajectory
3431.4571882324,-713.363000200484,-350.342874129043,-6736.33098708049,-2.76460818355538,7.07488254730692,-0.268647319111807,general_trajectory
3432.45718823241,-716.127154796885,-343.267770617546,-6736.59534454109,-2.76370043699171,7.07532297188948,-0.26006766746847,general_trajectory
3433.45718823241,-718.890399930305,-336.192231192518,-6736.85112254786,-2.76278925790478,7.07575437461749,-0.251488413145284,general_trajectory
3434.45718823241,-721.652732169074,-329.116264875269,-6737.09832150324,-2.7618746479698,7.07617675650168,-0.242909566402711,general_trajectory
3435.45718823241,-724.414148083184,-322.039880686133,-6737.33694181995,-2.76095660886508,7.0765901185621,-0.234331137497255,general_trajectory
3436.45718823241,-727.174644244305,-314.963087644419,-6737.56698392094,-2.76003514227207,7.07699446182818,-0.225753136681403,general_trajectory
3437.45718823241,-729.934217225805,-307.885894768364,-6737.78844823942,-2.7591102498753,7.07738978733868,-0.217175574203578,general_trajectory
3438.45718823241,-732.692863602695,-300.808311075281,-6738.00133521887,-2.7581819333624,7.07777609614169,-0.208598460308319,general_trajectory
3439.45718823241,-735.450579951718,-293.730345581308,-6738.20564531298,-2.75725019442412,7.07815338929465,-0.200021805235992,general_trajectory
3440.45718823241,-738.207362851296,-286.652007301563,-6738.4013789857,-2.75631503475427,7.07852166786431,-0.191445619222971,general_trajectory
3441.45718823241,-740.963208881545,-279.573305250091,-6738.58853671119,-2.75537645604978,7.07888093292673,-0.182869912501588,general_trajectory
3442.45718823241,-743.718114624295,-272.494248439819,-6738.76711897387,-2.75443446001063,7.07923118556728,-0.174294695300078,general_trajectory
3443.45718823241,-746.472076663034,-265.414845882702,-6738.93712626837,-2.75348904833992,7.07957242688062,-0.165719977842766,general_trajectory
3444.45718823241,-749.225091582996,-258.335106589476,-6739.09855909955,-2.7525402227438,7.0799046579707,-0.157145770349771,general_trajectory
3445.45718823241,-751.977155971112,-251.255039569808,-6739.25141798247,-2.75158798493151,7.08022787995076,-0.148572083037194,general_trajectory
3446.45718823241,-754.728266416021,-244.174653832247,-6739.39570344242,-2.75063233661535,7.0805420939433,-0.139998926117062,general_trajectory
3447.45718823242,-757.478419508092,-237.093958384176,-6739.5314160149,-2.74967327951067,7.08084730108008,-0.131426309797277,general_trajectory
3448.45718823241,-760.227611839364,-230.012962231961,-6739.65855624562,-2.74871081533593,7.08114350250213,-0.122854244281803,general_trajectory
3449.45718823241,-762.975840003643,-222.931674380703,-6739.77712469047,-2.74774494581259,7.08143069935973,-0.114282739770367,general_trajectory
3450.45718823241,-765.723100596444,-215.850103834387,-6739.88712191556,-2.7467756726652,7.08170889281237,-0.105711806458651,general_trajectory
3451.45718823241,-768.469390215005,-208.768259595834,-6739.98854849718,-2.74580299762136,7.08197808402882,-0.0971414545382354,general_trajectory
3452.45718823242,-771.21470545831,-201.686150666651,-6740.08140502183,-2.7448269224117,7.08223827418703,-0.0885716941965432,general_trajectory
3453.45718823242,-773.959042927029,-194.603786047386,-6740.16569208616,-2.74384744876991,7.08248946447419,-0.0800025356170331,general_trajectory
3454.45718823242,-776.702399223614,-187.521174737271,-6740.24141029704,-2.7428645784327,7.08273165608669,-0.0714339889788986,general_trajectory
3455.45718823242,-779.444770952239,-180.438325734379,-6740.30856027149,-2.74187831313983,7.08296485023012,-0.0628660644572582,general_trajectory
3456.45718823241,-782.186154718819,-173.355248035572,-6740.36714263672,-2.74088865463409,7.08318904811926,-0.0542987722231007,general_trajectory
3457.45718823241,-784.926547131014,-166.271950636494,-6740.41715803009,-2.73989560466129,7.08340425097808,-0.0457321224432801,general_trajectory
3458.45718823242,-787.665944798247,-159.188442531518,-6740.45860709914,-2.73889916497027,7.08361046003972,-0.0371661252804606,general_trajectory
3459.45718823242,-790.404344331644,-152.104732713902,-6740.49149050158,-2.7378993373129,7.08380767654649,-0.0286007908933066,general_trajectory
3460.45718823242,-793.141742344132,-145.020830175536,-6740.51580890524,-2.73689612344403,7.08399590174985,-0.0200361294361841,general_trajectory
3461.45718823242,-795.878135450377,-137.936743907094,-6740.53156298814,-2.73588952512157,7.08417513691043,-0.0114721510593506,general_trajectory
3462.45718823242,-798.613520266823,-130.852482897943,-6740.53875343844,-2.73487954410641,7.084345383298,-0.00290886590885164,general_trajectory
3463.45718823242,-801.347893411626,-123.768056136299,-6740.53738095442,-2.73386618216245,7.08450664219145,0.00565371587328933,general_trajectory
3464.45718823242,-804.081251504756,-116.683472608972,-6740.52744624452,-2.73284944105659,7.08465891487881,0.0142155841493692,general_trajectory
3465.45718823242,-806.813591167937,-109.598741301521,-6740.50895002733,-2.73182932255873,7.08480220265722,0.0227767287858158,general_trajectory
3466.45718823242,-809.544909024664,-102.513871198202,-6740.48189303154,-2.73080582844177,7.08493650683296,0.0313371396532417,general_trajectory
3467.45718823242,-812.275201700203,-95.4288712819605,-6740.44627599599,-2.72977896048158,7.08506182872137,0.0398968066264501,general_trajectory
3468.45718823242,-815.004465821617,-88.3437505343828,-6740.40209966963,-2.72874872045704,7.08517816964693,0.0484557195844889,general_trajectory
3469.45718823242,-817.732698017701,-81.258517935846,-6740.34936481153,-2.72771511015001,7.08528553094317,0.057013868410461,general_trajectory
3470.45718823242,-820.459894919081,-74.1731824652686,-6740.28807219089,-2.7266781313453,7.08538391395274,0.0655712429918225,general_trajectory
3471.45718823242,-823.186053158151,-67.0877531002622,-6740.218222587,-2.72563778583073,7.08547332002731,0.0741278332201927,general_trajectory
3472.45718823243,-825.911169369114,-60.0022388170417,-6740.13981678927,-2.72459407539707,7.08555375052767,0.0826836289914573,general_trajectory
3473.45718823243,-828.635240187915,-52.9166485905779,-6740.0528555972,-2.72354700183808,7.08562520682362,0.0912386202055787,general_trajectory
3474.45718823243,-831.358262252344,-45.8309913943462,-6739.95733982041,-2.72249656695045,7.08568769029405,0.0997927967668937,general_trajectory
3475.45718823242,-834.080232201969,-38.745276200479,-6739.85327027858,-2.72144277253386,7.08574120232685,0.108346148583924,general_trajectory
3476.45718823242,-836.801146678165,-31.659511979716,-6739.74064780152,-2.72038562039093,7.08578574431898,0.116898665569431,general_trajectory
3477.45718823242,-839.521002324107,-24.5737077013959,-6739.61947322908,-2.71932511232724,7.0858213176764,0.125450337640419,general_trajectory
3478.45718823243,-842.239795784794,-17.4878723334061,-6739.48974741123,-2.71826125015131,7.08584792381408,0.134001154718191,general_trajectory
3479.45718823243,-844.957523706988,-10.4020148423359,-6739.351471208,-2.71719403567462,7.08586556415604,0.14255110672816,general_trajectory
3480.45718823243,-847.674182739311,-3.31614419322492,-6739.20464548949,-2.71612347071159,7.08587424013525,0.151100183600143,general_trajectory
3481.45718823243,-850.389769532184,3.76973065028437,-6739.04927113587,-2.71504955707956,7.08587395319371,0.159648375268175,general_trajectory
3482.45718823243,-853.10428073785,10.8556007259959,-6738.88534903738,-2.71397229659882,7.08586470478239,0.168195671670561,general_trajectory
3483.45718823243,-855.817713010385,17.9414570732096,-6738.7128800943,-2.71289169109258,7.08584649636125,0.176742062749931,general_trajectory
3484.45718823243,-858.530063005647,25.0272907325685,-6738.531865217,-2.71180774238699,7.08581932939919,0.185287538453051,general_trajectory
3485.45718823243,-861.241327381365,32.1130927463103,-6738.34230532587,-2.71072045231112,7.08578320537412,0.193832088731116,general_trajectory
3486.45718823243,-863.951502797086,39.1988541581147,-6738.14420135136,-2.70962982269696,7.08573812577285,0.202375703539566,general_trajectory
3487.45718823243,-866.660585914187,46.2845660131526,-6737.93755423396,-2.7085358553794,7.08568409209118,0.210918372838137,general_trajectory
3488.45718823243,-869.368573395901,53.3702193581356,-6737.7223649242,-2.70743855219625,7.08562110583383,0.219460086590917,general_trajectory
3489.45718823243,-872.07546190725,60.4558052411633,-6737.49863438264,-2.70633791498826,7.08554916851445,0.22800083476615,general_trajectory
3490.45718823243,-874.781248115147,67.5413147119747,-6737.26636357987,-2.70523394559904,7.08546828165562,0.236540607336544,general_trajectory
3491.45718823243,-877.485928688333,74.6267388217953,-6737.02555349651,-2.70412664587512,7.08537844678883,0.24507939427907,general_trajectory
3492.45718823243,-880.189500297398,81.7120686233865,-6736.7762051232,-2.70301601766593,7.08527966545447,0.253617185575025,general_trajectory
3493.45718823243,-882.891959614798,88.7972951710952,-6736.51831946058,-2.70190206282378,7.08517193920185,0.26215397121008,general_trajectory
3494.45718823243,-885.593303314798,95.8824095207006,-6736.25189751933,-2.7007847832039,7.08505526958915,0.270689741174091,general_trajectory
3495.45718823243,-888.293528073562,102.967402729666,-6735.97694032012,-2.69966418066439,7.08492965818345,0.279224485461399,general_trajectory
3496.45718823243,-890.992630569103,110.052265856985,-6735.69344889363,-2.69854025706622,7.08479510656069,0.287758194070639,general_trajectory
3497.45718823243,-893.690607481293,117.136989963233,-6735.40142428054,-2.69741301427325,7.08465161630571,0.296290857004792,general_trajectory
3498.45718823244,-896.387455491885,124.221566110614,-6735.10086753151,-2.69628245415223,7.08449918901217,0.304822464271239,general_trajectory
3499.45718823244,-899.083171284456,131.305985362809,-6734.79177970722,-2.69514857857276,7.08433782628262,0.313353005881575,general_trajectory
3500.45718823244,-901.777751544498,138.390238785228,-6734.4741618783,-2.69401138940732,7.08416752972843,0.321882471851902,general_trajectory
3501.45718823243,-904.471192959364,145.474317444855,-6734.14801512539,-2.69287088853126,7.08398830096981,0.330410852202639,general_trajectory
3502.45718823243,-907.16349221828,152.558212410299,-6733.81334053909,-2.69172707782279,7.08380014163582,0.338938136958578,general_trajectory
3503.45718823244,-909.85464601237,159.641914751844,-6733.47013921999,-2.69057995916295,7.08360305336431,0.347464316148938,general_trajectory
3504.45718823244,-912.544651034595,166.725415541294,-6733.11841227864,-2.68942953443569,7.08339703780199,0.355989379807173,general_trajectory
3505.45718823244,-915.233503979844,173.808705852226,-6732.75816083554,-2.68827580552775,7.08318209660433,0.364513317971269,general_trajectory
3506.45718823244,-917.921201544883,180.891776759836,-6732.38938602118,-2.68711877432877,7.08295823143562,0.373036120683556,general_trajectory
3507.45718823244,-920.607740428365,187.974619340988,-6732.01208897598,-2.6859584427312,7.08272544396895,0.38155777799076,general_trajectory
3508.45718823244,-923.293117330855,195.057224674266,-6731.62627085031,-2.68479481263033,7.08248373588619,0.390078279944058,general_trajectory
3509.45718823244,-925.977328954769,202.139583839816,-6731.23193280452,-2.68362788592432,7.08223310887796,0.398597616598886,general_trajectory
3510.45718823244,-928.660372004466,209.221687919603,-6730.82907600886,-2.68245766451413,7.0819735646437,0.407115778015238,general_trajectory
3511.45718823244,-931.342243186193,216.303527997254,-6730.41770164355,-2.68128415030355,7.08170510489155,0.415632754257475,general_trajectory
3512.45718823244,-934.022939208104,223.385095158109,-6729.99781089872,-2.68010734519922,7.08142773133846,0.424148535394378,general_trajectory
3513.45718823244,-936.702456780275,230.46638048927,-6729.56940497443,-2.67892725111057,7.08114144571008,0.432663111499205,general_trajectory
3514.45718823244,-939.380792614646,237.547375079446,-6729.1324850807,-2.67774386994988,7.08084624974084,0.441176472649493,general_trajectory
3515.45718823244,-942.057943425119,244.628070019209,-6728.68705243743,-2.67655720363224,7.08054214517386,0.449688608927366,general_trajectory
3516.45718823244,-944.733905927494,251.708456400835,-6728.23310827444,-2.67536725407553,7.08022913376101,0.458199510419334,general_trajectory
3517.45718823244,-947.408676839493,258.788525318359,-6727.77065383149,-2.67417402320045,7.07990721726286,0.466709167216354,general_trajectory
3518.45718823244,-950.082252880759,265.868267867579,-6727.29969035821,-2.67297751293052,7.0795763974487,0.475217569413833,general_trajectory
3519.45718823245,-952.754630772876,272.947675146107,-6726.82021911416,-2.67177772519204,7.07923667609652,0.483724707111678,general_trajectory
3520.45718823244,-955.425807239308,280.026738253219,-6726.33224136878,-2.67057466191412,7.07888805499299,0.492230570414111,general_trajectory
3521.45718823244,-958.095779005498,287.105448290098,-6725.83575840143,-2.66936832502866,7.07853053593347,0.500735149429963,general_trajectory
3522.45718823244,-960.764542798805,294.183796359692,-6725.33077150132,-2.66815871647035,7.07816412072201,0.509238434272481,general_trajectory
3523.45718823245,-963.432095348538,301.261773566793,-6724.81728196756,-2.66694583817667,7.07778881117131,0.517740415059438,general_trajectory
3524.45718823245,-966.098433385904,308.339371017892,-6724.29529110917,-2.66572969208788,7.07740460910275,0.526241081912935,general_trajectory
3525.45718823245,-968.763553644093,315.416579821426,-6723.76480024501,-2.66451028014703,7.07701151634634,0.534740424959702,general_trajectory
3526.45718823245,-971.427452858226,322.493391087625,-6723.22581070381,-2.66328760429993,7.07660953474078,0.543238434330907,general_trajectory
3527.45718823245,-974.09012776537,329.569795928563,-6722.67832382419,-2.66206166649518,7.07619866613336,0.551735100162208,general_trajectory
3528.45718823244,-976.751575104544,336.645785458167,-6722.12234095462,-2.66083246868414,7.07577891238003,0.560230412593759,general_trajectory
3529.45718823245,-979.411791616733,343.72135079226,-6721.55786345342,-2.65960001282093,7.07535027534537,0.568724361770264,general_trajectory
3530.45718823245,-982.070774044832,350.796483048418,-6720.98489268878,-2.65836430086247,7.07491275690256,0.577216937840784,general_trajectory
3531.45718823245,-984.728519133742,357.871173346213,-6720.40343003873,-2.65712533476838,7.0744663589334,0.585708130959037,general_trajectory
3532.45718823245,-987.385023630307,364.945412807063,-6719.81347689113,-2.65588311650108,7.07401108332829,0.594197931283205,general_trajectory
3533.45718823245,-990.040284283338,372.019192554281,-6719.2150346437,-2.65463764802574,7.07354693198622,0.602686328975988,general_trajectory
3534.45718823245,-992.694297843623,379.092503713123,-6718.608104704,-2.65338893131025,7.07307390681477,0.611173314204658,general_trajectory
3535.45718823245,-995.34706106388,386.165337410636,-6717.99268848939,-2.65213696832528,7.0725920097301,0.61965887714087,general_trajectory
3536.45718823245,-997.998570698838,393.23768477591,-6717.36878742709,-2.65088176104422,7.07210124265696,0.628143007960954,general_trajectory
3537.45718823245,-1000.64882350519,400.309536939922,-6716.73640295411,-2.64962331144321,7.07160160752862,0.636625696845729,general_trajectory
3538.45718823245,-1003.29781624161,407.380885035586,-6716.09553651731,-2.64836162150113,7.07109310628696,0.645106933980555,general_trajectory
3539.45718823245,-1005.94554566875,414.451720197805,-6715.44618957334,-2.64709669319956,7.07057574088238,0.653586709555384,general_trajectory
3540.45718823245,-1008.59200854923,421.522033563313,-6714.78836358865,-2.64582852852285,7.07004951327382,0.662065013764575,general_trajectory
3541.45718823245,-1011.23720164766,428.591816270931,-6714.12206003953,-2.64455712945806,7.06951442542876,0.670541836807183,general_trajectory
3542.45718823245,-1013.88112173067,435.661059461408,-6713.44728041203,-2.64328249799496,7.06897047932323,0.679017168886777,general_trajectory
3543.45718823245,-1016.52376556685,442.729754277475,-6712.76402620201,-2.64200463612605,7.06841767694174,0.687491000211485,general_trajectory
3544.45718823246,-1019.1651299268,449.797891863894,-6712.07229891512,-2.64072354584654,7.06785602027735,0.695963320994053,general_trajectory
3545.45718823246,-1021.80521158308,456.8654633673,-6711.37210006679,-2.63943922915436,7.0672855113316,0.704434121451651,general_trajectory
3546.45718823245,-1024.4440073103,463.932459936457,-6710.66343118225,-2.63815168805013,7.06670615211454,0.712903391806173,general_trajectory
3547.45718823245,-1027.08151388504,470.998872722101,-6709.94629379648,-2.63686092453721,7.06611794464471,0.721371122284043,general_trajectory
3548.45718823245,-1029.7177280859,478.064692876994,-6709.22068945423,-2.63556694062161,7.06552089094914,0.72983730311627,general_trajectory
3549.45718823246,-1032.3526466935,485.129911555966,-6708.48661971004,-2.63426973831208,7.0649149930633,0.7383019245385,general_trajectory
3550.45718823246,-1034.98626649041,492.194519915769,-6707.74408612821,-2.63296931962006,7.06430025303119,0.746764976790827,general_trajectory
3551.45718823246,-1037.61858426128,499.258509115321,-6706.99309028277,-2.63166568655966,7.06367667290522,0.755226450118088,general_trajectory
3552.45718823246,-1040.24959679274,506.321870315558,-6706.23363375753,-2.63035884114769,7.06304425474628,0.763686334769674,general_trajectory
3553.45718823246,-1042.87930087346,513.384594679482,-6705.46571814604,-2.62904878540365,7.0624030006237,0.77214462099958,general_trajectory
3554.45718823246,-1045.50769329412,520.446673372207,-6704.68934505158,-2.6277355213497,7.06175291261523,0.780601299066461,general_trajectory
3555.45718823246,-1048.13477084741,527.50809756081,-6703.9045160872,-2.62641905101072,7.06109399280709,0.789056359233442,general_trajectory
3556.45718823246,-1050.76053032806,534.568858414577,-6703.11123287566,-2.62509937641422,7.0604262432939,0.797509791768411,general_trajectory
3557.45718823246,-1053.38496853282,541.628947104854,-6702.30949704946,-2.62377649959041,7.0597496661787,0.80596158694383,general_trajectory
3558.45718823246,-1056.0080822605,548.688354805094,-6701.4993102508,-2.62245042257215,7.05906426357294,0.81441173503679,general_trajectory
3559.45718823246,-1058.62986831193,555.747072690906,-6700.68067413164,-2.62112114739496,7.05837003759648,0.822860226329059,general_trajectory
3560.45718823246,-1061.25032348993,562.805091939903,-6699.85359035365,-2.61978867609706,7.05766699037758,0.831307051106898,general_trajectory
3561.45718823246,-1063.86944459942,569.86240373195,-6699.01806058817,-2.61845301071928,7.05695512405286,0.839752199661352,general_trajectory
3562.45718823246,-1066.48722844735,576.918999249012,-6698.1740865163,-2.61711415330513,7.05623444076736,0.848195662288061,general_trajectory
3563.45718823246,-1069.1036718427,583.974869675205,-6697.32166982881,-2.61577210590077,7.05550494267446,0.856637429287313,general_trajectory
3564.45718823246,-1071.71877159652,591.030006196843,-6696.46081222616,-2.614426870555,7.05476663193593,0.865077490964096,general_trajectory
3565.45718823246,-1074.33252452186,598.084400002282,-6695.59151541855,-2.61307844931927,7.05401951072189,0.873515837627912,general_trajectory
3566.45718823246,-1076.94492743387,605.138042282177,-6694.71378112581,-2.61172684424767,7.0532635812108,0.881952459593066,general_trajectory
3567.45718823246,-1079.55597714976,612.190924229324,-6693.82761107749,-2.61037205739694,7.0524988455895,0.890387347178479,general_trajectory
3568.45718823246,-1082.16567048876,619.243037038708,-6692.93300701281,-2.60901409082642,7.05172530605313,0.898820490707741,general_trajectory
3569.45718823247,-1084.7740042722,626.294371907557,-6692.02997068064,-2.60765294659811,7.05094296480518,0.907251880509163,general_trajectory
3570.45718823247,-1087.38097532343,633.344920035182,-6691.11850383958,-2.60628862677665,7.05015182405746,0.915681506915588,general_trajectory
3571.45718823247,-1089.98658046791,640.394672623235,-6690.19860825783,-2.60492113342927,7.04935188603009,0.924109360264686,general_trajectory
3572.45718823247,-1092.59081653314,647.443620875549,-6689.27028571329,-2.60355046862585,7.04854315295152,0.932535430898761,general_trajectory
3573.45718823246,-1095.1936803487,654.49175599819,-6688.33353799349,-2.60217663443887,7.04772562705847,0.940959709164807,general_trajectory
3574.45718823247,-1097.79516874626,661.539069199506,-6687.38836689563,-2.60079963294343,7.04689931059597,0.949382185414558,general_trajectory
3575.45718823247,-1100.39527855952,668.585551689974,-6686.43477422655,-2.59941946621725,7.04606420581736,0.957802850004303,general_trajectory
3576.45718823247,-1102.9940066243,675.631194682446,-6685.47276180272,-2.59803613634065,7.04522031498422,0.966221693295174,general_trajectory
3577.45718823247,-1105.59134977851,682.675989392004,-6684.50233145027,-2.59664964539656,7.04436764036643,0.974638705652961,general_trajectory
3578.45718823247,-1108.1873048621,689.719927036,-6683.52348500494,-2.59525999547051,7.04350618424212,0.983053877448161,general_trajectory
3579.45718823247,-1110.78186871715,696.762998834071,-6682.5362243121,-2.59386718865062,7.0426359488977,0.991467199055986,general_trajectory
3580.45718823247,-1113.37503818781,703.805196008184,-6681.54055122676,-2.59247122702762,7.0417569366278,0.999878660856411,general_trajectory
3581.45718823247,-1115.96681012031,710.846509782483,-6680.53646761353,-2.59107211269484,7.04086914973534,1.00828825323399,general_trajectory
3582.45718823247,-1118.55718136299,717.886931383541,-6679.52397534664,-2.58966984774817,7.03997259053143,1.01669596657814,general_trajectory
3583.45718823247,-1121.1461487663,724.926452040205,-6678.50307630992,-2.5882644342861,7.03906726133545,1.02510179128297,general_trajectory
3584.45718823247,-1123.73370918277,731.965062983687,-6677.47377239681,-2.58685587440971,7.03815316447496,1.03350571774736,general_trajectory
3585.45718823247,-1126.31985946702,739.002755447409,-6676.43606551037,-2.58544417022266,7.03723030228579,1.04190773637477,general_trajectory
3586.45718823247,-1128.90459647581,746.039520667254,-6675.38995756321,-2.58402932383117,7.03629867711195,1.05030783757358,general_trajectory
3587.45718823247,-1131.48791706798,753.075349881412,-6674.33545047756,-2.58261133734405,7.03535829130563,1.05870601175684,general_trajectory
3588.45718823247,-1134.0698181045,760.110234330431,-6673.27254618523,-2.58119021287267,7.03440914722726,1.06710224934234,general_trajectory
3589.45718823247,-1136.65029644843,767.144165257222,-6672.2012466276,-2.57976595253097,7.03345124724543,1.07549654075265,general_trajectory
3590.45718823248,-1139.22934896499,774.17713390711,-6671.12155375563,-2.57833855843544,7.03248459373692,1.08388887641512,general_trajectory
3591.45718823247,-1141.80697252144,781.209131527679,-6670.03346952987,-2.57690803270517,7.03150918908668,1.09227924676172,general_trajectory
3592.45718823247,-1144.38316398722,788.240149369024,-6668.93699592041,-2.57547437746176,7.03052503568784,1.10066764222934,general_trajectory
3593.45718823247,-1146.9579202339,795.270178683596,-6667.83213490689,-2.57403759482939,7.02953213594167,1.10905405325958,general_trajectory
3594.45718823247,-1149.53123813513,802.299210726251,-6666.71888847855,-2.57259768693479,7.02853049225761,1.1174384702988,general_trajectory
3595.45718823248,-1152.10311456673,809.327236754301,-6665.59725863414,-2.57115465590721,7.02752010705323,1.12582088379821,general_trajectory
3596.45718823248,-1154.67354640662,816.354248027356,-6664.46724738198,-2.5697085038785,7.02650098275426,1.13420128421362,general_trajectory
3597.45718823248,-1157.24253053486,823.380235807579,-6663.32885673992,-2.568259232983,7.02547312179454,1.1425796620058,general_trajectory
3598.45718823248,-1159.81006383367,830.405191359529,-6662.18208873536,-2.56680684535761,7.02443652661606,1.15095600764024,general_trajectory
3599.45718823247,-1162.37614318738,837.429105950212,-6661.0269454052,-2.56535134314176,7.02339119966891,1.15933031158722,general_trajectory
3600.45718823248,-1164.94076548248,844.451970849127,-6659.86342879591,-2.5638927284774,7.02233714341128,1.16770256432187,general_trajectory
3601.45718823248,-1167.50392760758,851.473777328117,-6658.69154096347,-2.56243100350905,7.0212743603095,1.17607275632396,general_trajectory
3602.45718823248,-1170.06562645344,858.494516661613,-6657.51128397335,-2.5609661703837,7.02020285283798,1.18444087807821,general_trajectory
3603.45718823248,-1172.625858913,865.514180126487,-6656.32265990057,-2.55949823125091,7.0191226234792,1.19280692007411,general_trajectory
3604.45718823248,-1175.18462188132,872.532759002096,-6655.12567082963,-2.55802718826273,7.01803367472375,1.20117087280594,general_trajectory
3605.45718823248,-1177.74191225564,879.550244570332,-6653.92031885454,-2.55655304357372,7.01693600907029,1.20953272677284,general_trajectory
3606.45718823248,-1180.2977269353,886.56662811547,-6652.70660607883,-2.55507579934099,7.01582962902556,1.21789247247865,general_trajectory
3607.45718823248,-1182.85206282186,893.581900924415,-6651.4845346155,-2.55359545772414,7.01471453710433,1.22625010043214,general_trajectory
3608.45718823248,-1185.404916819,900.596054286551,-6650.25410658704,-2.55211202088525,7.01359073582947,1.23460560114687,general_trajectory
3609.45718823248,-1187.9562858326,907.609079493789,-6649.01532412545,-2.55062549098895,7.01245822773185,1.24295896514123,general_trajectory
3610.45718823248,-1190.5061667707,914.620967840616,-6647.76818937216,-2.54913587020232,7.01131701535043,1.25131018293847,general_trajectory
3611.45718823248,-1193.05455654345,921.631710623941,-6646.51270447812,-2.54764316069501,7.01016710123218,1.25965924506656,general_trajectory
3612.45718823248,-1195.60145206323,928.641299143344,-6645.24887160374,-2.54614736463908,7.00900848793211,1.26800614205842,general_trajectory
3613.45718823248,-1198.1468502446,935.649724700923,-6643.97669291887,-2.54464848420915,7.00784117801323,1.27635086445178,general_trajectory
3614.45718823248,-1200.69074800425,942.656978601344,-6642.69617060285,-2.54314652158228,7.00666517404658,1.28469340278922,general_trajectory
3615.45718823249,-1203.2331422611,949.66305215189,-6641.40730684446,-2.54164147893804,7.00548047861122,1.29303374761821,general_trajectory
3616.45718823249,-1205.77402993619,956.667936662303,-6640.11010384193,-2.54013335845848,7.0042870942942,1.30137188949093,general_trajectory
3617.45718823248,-1208.3134079528,963.671623445039,-6638.80456380294,-2.53862216232813,7.00308502369055,1.30970781896454,general_trajectory
3618.45718823248,-1210.85127323636,970.674103815113,-6637.49068894462,-2.53710789273398,7.00187426940332,1.31804152660105,general_trajectory
3619.45718823248,-1213.3876227145,977.675369090145,-6636.1684814935,-2.53559055186552,7.0006548340435,1.32637300296729,general_trajectory
3620.45718823249,-1215.92245331707,984.675410590412,-6634.83794368557,-2.53407014191467,6.99942672023009,1.33470223863504,general_trajectory
3621.45718823249,-1218.45576197605,991.674219638693,-6633.49907776627,-2.53254666507587,6.99818993059005,1.34302922418079,general_trajectory
3622.45718823249,-1220.98754562566,998.671787560518,-6632.1518859904,-2.53102012354597,6.99694446775828,1.35135395018604,general_trajectory
3623.45718823249,-1223.5178012023,1005.66810568402,-6630.79637062221,-2.52949051952433,6.99569033437766,1.35967640723714,general_trajectory
3624.45718823249,-1226.0465256446,1012.66316533996,-6629.43253393538,-2.52795785521272,6.994427533099,1.36799658592529,general_trajectory
3625.45718823249,-1228.57371589338,1019.65695786183,-6628.06037821295,-2.52642213281538,6.99315606658105,1.37631447684665,general_trajectory
3626.45718823249,-1231.09936889162,1026.64947458563,-6626.6799057474,-2.52488335453905,6.99187593749051,1.38463007060211,general_trajectory
3627.45718823249,-1233.62348158456,1033.64070685017,-6625.2911188406,-2.52334152259284,6.99058714850199,1.3929433577976,general_trajectory
3628.45718823249,-1236.14605091965,1040.63064599689,-6623.89401980379,-2.52179663918835,6.98928970229803,1.4012543290439,general_trajectory
3629.45718823249,-1238.66707384652,1047.61928336991,-6622.48861095762,-2.52024870653963,6.98798360156908,1.40956297495667,general_trajectory
3630.45718823249,-1241.18654731705,1054.60661031607,-6621.07489463212,-2.51869772686314,6.98666884901349,1.41786928615648,general_trajectory
3631.45718823249,-1243.70446828532,1061.59261818493,-6619.65287316667,-2.51714370237779,6.98534544733751,1.42617325326886,general_trajectory
3632.45718823249,-1246.22083370762,1068.57729832864,-6618.22254891006,-2.51558663530493,6.98401339925531,1.43447486692411,general_trajectory
3633.45718823249,-1248.73564054247,1075.5606421022,-6616.78392422043,-2.51402652786834,6.98267270748892,1.44277411775756,general_trajectory
3634.45718823249,-1251.24888575064,1082.54264086329,-6615.33700146527,-2.51246338229421,6.98132337476825,1.45107099640943,general_trajectory
3635.4571882325,-1253.7605662951,1089.52328597237,-6613.88178302145,-2.51089720081117,6.97996540383108,1.45936549352489,general_trajectory
3636.45718823249,-1256.27067914105,1096.5025687925,-6612.41827127518,-2.50932798565027,6.97859879742309,1.4676575997539,general_trajectory
3637.45718823249,-1258.77922125592,1103.48048068963,-6610.94646862202,-2.50775573904498,6.97722355829779,1.47594730575148,general_trajectory
3638.45718823249,-1261.2861896094,1110.45701303243,-6609.46637746687,-2.50618046323118,6.97583968921655,1.48423460217754,general_trajectory
3639.45718823249,-1263.79158117339,1117.43215719232,-6607.97800022397,-2.50460216044716,6.97444719294858,1.49251947969692,general_trajectory
3640.45718823249,-1266.29539292204,1124.40590454351,-6606.48133931689,-2.50302083293363,6.97304607227094,1.50080192897939,general_trajectory
3641.4571882325,-1268.79762183177,1131.37824646302,-6604.97639717852,-2.50143648293368,6.97163632996851,1.50908194069971,general_trajectory
3642.4571882325,-1271.29826488118,1138.34917433054,-6603.46317625111,-2.49984911269286,6.97021796883403,1.51735950553742,general_trajectory
3643.4571882325,-1273.79731905116,1145.31867952867,-6601.94167898618,-2.49825872445905,6.96879099166803,1.52563461417719,general_trajectory
3644.45718823249,-1276.29478132484,1152.28675344279,-6600.4119078446,-2.49666532048259,6.96735540127886,1.53390725730854,general_trajectory
3645.45718823249,-1278.79064868762,1159.25338746108,-6598.87386529651,-2.49506890301616,6.96591120048268,1.542177425626,general_trajectory
3646.4571882325,-1281.28491812714,1166.21857297459,-6597.32755382137,-2.49346947431487,6.96445839210344,1.55044510982904,general_trajectory
3647.4571882325,-1283.77758663327,1173.18230137707,-6595.77297590798,-2.49186703663622,6.96299697897291,1.55871030062199,general_trajectory
3648.4571882325,-1286.26865119817,1180.14456406522,-6594.21013405437,-2.49026159224006,6.96152696393062,1.56697298871427,general_trajectory
3649.4571882325,-1288.75810881626,1187.10535243856,-6592.63903076788,-2.48865314338867,6.96004834982391,1.57523316482023,general_trajectory
3650.4571882325,-1291.24595648421,1194.06465789946,-6591.05966856515,-2.48704169234667,6.95856113950786,1.58349081965915,general_trajectory
3651.4571882325,-1293.73219120099,1201.02247185316,-6589.47204997207,-2.48542724138107,6.95706533584533,1.59174594395538,general_trajectory
3652.4571882325,-1296.21680996777,1207.97878570768,-6587.87617752384,-2.48380979276127,6.95556094170696,1.59999852843806,general_trajectory
3653.4571882325,-1298.69980978805,1214.93359087403,-6586.27205376489,-2.48218934875903,6.95404795997114,1.60824856384148,general_trajectory
3654.4571882325,-1301.18118766758,1221.88687876605,-6584.65968124894,-2.48056591164846,6.95252639352399,1.61649604090486,general_trajectory
3655.4571882325,-1303.6609406144,1228.83864080046,-6583.03906253895,-2.47893948370607,6.95099624525937,1.62474095037237,general_trajectory
3656.4571882325,-1306.13906563882,1235.78886839696,-6581.41020020713,-2.4773100672107,6.9494575180789,1.63298328299327,general_trajectory
3657.4571882325,-1308.61555975341,1242.73755297798,-6579.77309683499,-2.47567766444357,6.94791021489192,1.64122302952162,general_trajectory
3658.4571882325,-1311.09041997304,1249.68468596903,-6578.12775501321,-2.47404227768827,6.94635433861549,1.64946018071666,general_trajectory
3659.4571882325,-1313.56364331488,1256.63025879848,-6576.47417734174,-2.4724039092307,6.94478989217438,1.65769472734253,general_trajectory
3660.4571882325,-1316.03522679836,1263.57426289763,-6574.81236642979,-2.47076256135914,6.94321687850108,1.66592666016842,general_trajectory
3661.45718823251,-1318.50516744523,1270.51668970075,-6573.14232489574,-2.46911823636422,6.94163530053576,1.67415596996854,general_trajectory
3662.4571882325,-1320.97346227949,1277.45753064495,-6571.46405536726,-2.46747093653891,6.94004516122633,1.68238264752198,general_trajectory
3663.4571882325,-1323.44010832746,1284.3967771704,-6569.77756048119,-2.46582066417853,6.93844646352836,1.69060668361296,general_trajectory
3664.4571882325,-1325.90510261776,1291.33442072019,-6568.08284288359,-2.46416742158072,6.9368392104051,1.6988280690307,general_trajectory
3665.4571882325,-1328.36844218131,1298.27045274038,-6566.37990522976,-2.46251121104546,6.93522340482749,1.70704679456941,general_trajectory
3666.45718823251,-1330.83012405132,1305.20486468005,-6564.66875018414,-2.46085203487508,6.93359904977414,1.71526285102838,general_trajectory
3667.45718823251,-1333.29014526329,1312.13764799113,-6562.94938042045,-2.45918989537424,6.93196614823133,1.72347622921178,general_trajectory
3668.45718823251,-1335.74850285506,1319.06879412867,-6561.22179862154,-2.45752479484992,6.93032470319298,1.73168691992893,general_trajectory
3669.45718823251,-1338.20519386675,1325.99829455067,-6559.48600747948,-2.45585673561142,6.92867471766068,1.73989491399415,general_trajectory
3670.45718823251,-1340.66021534081,1332.92614071815,-6557.7420096955,-2.45418571997036,6.92701619464366,1.7481002022268,general_trajectory
3671.45718823251,-1343.113564322,1339.85232409517,-6555.98980798002,-2.45251175024069,6.92534913715877,1.7563027754513,general_trajectory
3672.45718823251,-1345.56523785738,1346.77683614868,-6554.22940505265,-2.45083482873869,6.92367354823054,1.76450262449698,general_trajectory
3673.45718823251,-1348.01523299633,1353.69966834882,-6552.46080364214,-2.44915495778293,6.92198943089109,1.77269974019835,general_trajectory
3674.45718823251,-1350.46354679056,1360.62081216867,-6550.68400648642,-2.4474721396943,6.92029678818016,1.78089411339491,general_trajectory
3675.45718823251,-1352.91017629411,1367.54025908439,-6548.89901633258,-2.44578637679599,6.91859562314511,1.78908573493122,general_trajectory
3676.45718823251,-1355.35511856334,1374.45800057523,-6547.10583593682,-2.4440976714135,6.91688593884092,1.79727459565694,general_trajectory
3677.45718823251,-1357.79837065689,1381.37402812337,-6545.30446806457,-2.44240602587465,6.91516773833016,1.80546068642663,general_trajectory
3678.45718823251,-1360.23992963581,1388.28833321417,-6543.49491549034,-2.44071144250954,6.91344102468299,1.81364399810005,general_trajectory
3679.45718823251,-1362.67979256341,1395.20090733604,-6541.67718099779,-2.43901392365057,6.91170580097718,1.82182452154198,general_trajectory
3680.45718823251,-1365.11795650538,1402.11174198046,-6539.85126737971,-2.43731347163243,6.90996207029805,1.83000224762225,general_trajectory
3681.45718823251,-1367.55441852975,1409.02082864204,-6538.01717743803,-2.43561008879211,6.90820983573851,1.83817716721582,general_trajectory
3682.45718823251,-1369.98917570682,1415.92815881837,-6536.17491398381,-2.43390377746889,6.90644910039907,1.84634927120257,general_trajectory
3683.45718823251,-1372.4222251093,1422.83372401027,-6534.3244798372,-2.43219454000434,6.90467986738776,1.85451855046759,general_trajectory
3684.45718823251,-1374.85356381222,1429.73751572162,-6532.46587782748,-2.43048237874229,6.90290213982019,1.862684995901,general_trajectory
3685.45718823251,-1377.28318889296,1436.63952545942,-6530.59911079305,-2.42876729602887,6.90111592081951,1.870848598398,general_trajectory
3686.45718823252,-1379.71109743126,1443.53974473385,-6528.72418158136,-2.42704929421247,6.89932121351643,1.87900934885891,general_trajectory
3687.45718823252,-1382.13728650915,1450.43816505809,-6526.84109304903,-2.4253283756438,6.89751802104918,1.887167238189,general_trajectory
3688.45718823252,-1384.56175321108,1457.3347779486,-6524.94984806172,-2.42360454267578,6.89570634656355,1.89532225729878,general_trajectory
3689.45718823251,-1386.98449462382,1464.22957492492,-6523.0504494942,-2.42187779766364,6.89388619321283,1.90347439710377,general_trajectory
3690.45718823251,-1389.4055078365,1471.12254750978,-6521.14290023031,-2.42014814296486,6.89205756415783,1.91162364852462,general_trajectory
3690.89304016619,-1390.46016961759,1474.12628991727,-6520.30894150006,-2.41939335975089,6.89125790132522,1.91517460940613,general_trajectory
3691.45718823251,-1391.82478994063,1478.01368722905,-6519.22720316298,-2.41841558093918,6.8902204625669,1.91977000248705,general_trajectory
3692.45718823252,-1394.24233803007,1484.90298561182,-6517.30336119417,-2.41668011394862,6.88837489161586,1.92791344992193,general_trajectory
3693.45718823252,-1396.65814920101,1491.79043419025,-6515.37137723499,-2.41494174435745,6.88652085448808,1.93605398176511,general_trajectory
3694.45718823252,-1399.07222055204,1498.6760244998,-6513.43125420553,-2.41320047453219,6.88465835437438,1.94419158895766,general_trajectory
3695.45718823252,-1401.48454918411,1505.55974807906,-6511.48299503498,-2.41145630684161,6.8827873944731,1.95232626244572,general_trajectory
3696.45718823252,-1403.89513220057,1512.44159646991,-6509.52660266155,-2.40970924365672,6.88090797799003,1.96045799318059,general_trajectory
3697.45718823252,-1406.30396670706,1519.32156121728,-6507.56208003254,-2.40795928735082,6.87902010813848,1.96858677211854,general_trajectory
3698.45718823252,-1408.71104981168,1526.19963386946,-6505.58943010426,-2.40620644029942,6.87712378813921,1.97671259022111,general_trajectory
3699.45718823252,-1411.11637862487,1533.07580597791,-6503.60865584206,-2.40445070488027,6.87521902122043,1.98483543845489,general_trajectory
3700.45718823252,-1413.51995025944,1539.95006909733,-6501.61976022032,-2.40269208347338,6.87330581061784,1.99295530779161,general_trajectory
3701.45718823252,-1415.92176183061,1546.82241478566,-6499.62274622245,-2.40093057846096,6.87138415957455,2.00107218920811,general_trajectory
3702.45718823252,-1418.32181045597,1553.69283460411,-6497.61761684087,-2.39916619222749,6.86945407134116,2.00918607368641,general_trajectory
3703.45718823252,-1420.72009325546,1560.56132011706,-6495.60437507705,-2.39739892715967,6.86751554917569,2.01729695221354,general_trajectory
3704.45718823252,-1423.11660735147,1567.42786289223,-6493.58302394144,-2.39562878564643,6.86556859634361,2.02540481578178,general_trajectory
3705.45718823252,-1425.51134986874,1574.29245450061,-6491.55356645348,-2.39385577007891,6.86361321611778,2.0335096553885,general_trajectory
3706.45718823252,-1427.9043179344,1581.15508651642,-6489.51600564165,-2.39207988285049,6.86164941177853,2.04161146203623,general_trajectory
3707.45718823252,-1430.29550867803,1588.01575051725,-6487.47034454338,-2.39030112635676,6.85967718661356,2.04971022673266,general_trajectory
3708.45718823252,-1432.68491923151,1594.87443808383,-6485.41658620515,-2.38851950299554,6.85769654391802,2.05780594049051,general_trajectory
3709.45718823252,-1435.07254672919,1601.73114080033,-6483.35473368238,-2.38673501516685,6.85570748699446,2.06589859432778,general_trajectory
3710.45718823252,-1437.45838830781,1608.58585025417,-6481.28479003947,-2.38494766527294,6.85371001915279,2.07398817926758,general_trajectory
3711.45718823252,-1439.84244110651,1615.4385580361,-6479.2067583498,-2.38315745571824,6.85170414371036,2.08207468633815,general_trajectory
3712.45718823253,-1442.22470226684,1622.2892557402,-6477.12064169572,-2.3813643889094,6.84968986399186,2.09015810657296,general_trajectory
3713.45718823253,-1444.60516893273,1629.13793496379,-6475.02644316858,-2.37956846725531,6.84766718332942,2.09823843101049,general_trajectory
3714.45718823253,-1446.98383825054,1635.98458730765,-6472.92416586862,-2.377769693167,6.84563610506248,2.10631565069451,general_trajectory
3715.45718823252,-1449.36070736905,1642.82920437582,-6470.81381290509,-2.37596806905775,6.84359663253789,2.11438975667394,general_trajectory
3716.45718823252,-1451.73577343945,1649.67177777575,-6468.69538739616,-2.37416359734299,6.84154876910984,2.12246074000283,general_trajectory
3717.45718823253,-1454.10903361535,1656.51229911823,-6466.56889246894,-2.37235628044038,6.83949251813989,2.13052859174048,general_trajectory
3718.45718823253,-1456.48048505275,1663.35076001733,-6464.43433125951,-2.37054612076977,6.83742788299695,2.13859330295119,general_trajectory
3719.45718823253,-1458.8501249101,1670.18715209061,-6462.29170691286,-2.36873312075317,6.83535486705727,2.14665486470461,general_trajectory
3720.45718823253,-1461.21795034828,1677.02146695896,-6460.1410225829,-2.36691728281481,6.83327347370444,2.1547132680755,general_trajectory
3721.45718823253,-1463.58395853057,1683.85369624667,-6457.98228143248,-2.36509860938106,6.83118370632937,2.16276850414381,general_trajectory
3722.45718823253,-1465.9481466227,1690.68383158144,-6455.81548663334,-2.36327710288051,6.8290855683303,2.17082056399472,general_trajectory
3723.45718823253,-1468.31051179279,1697.51186459429,-6453.64064136619,-2.36145276574392,6.82697906311283,2.17886943871845,general_trajectory
3724.45718823253,-1470.67105121145,1704.33778691972,-6451.45774882059,-2.35962560040421,6.82486419408981,2.18691511941056,general_trajectory
3725.45718823253,-1473.02976205167,1711.16159019566,-6449.26681219502,-2.35779560929648,6.82274096468146,2.19495759717176,general_trajectory
3726.45718823253,-1475.38664148893,1717.98326606343,-6447.06783469686,-2.35596279485799,6.82060937831525,2.20299686310793,general_trajectory
3727.45718823253,-1477.7416867011,1724.80280616781,-6444.86081954236,-2.35412715952819,6.81846943842598,2.21103290833023,general_trajectory
3728.45718823253,-1480.09489486851,1731.62020215695,-6442.64576995672,-2.35228870574868,6.81632114845573,2.21906572395486,general_trajectory
3729.45718823253,-1482.44626317393,1738.43544568251,-6440.42268917395,-2.35044743596323,6.81416451185388,2.22709530110336,general_trajectory
3730.45718823253,-1484.79578880258,1745.24852839959,-6438.19158043697,-2.34860335261775,6.81199953207707,2.23512163090244,general_trajectory
3731.45718823253,-1487.14346894212,1752.05944196675,-6435.95244699755,-2.34675645816032,6.80982621258922,2.24314470448402,general_trajectory
3732.45718823254,-1489.48930078269,1758.86817804605,-6433.70529211635,-2.34490675504117,6.8076445568615,2.25116451298527,general_trajectory
3733.45718823254,-1491.83328151681,1765.67472830291,-6431.45011906289,-2.3430542457127,6.8054545683724,2.25918104754845,general_trajectory
3734.45718823253,-1494.17540833953,1772.47908440636,-6429.18693111552,-2.34119893262944,6.8032562506076,2.26719429932115,general_trajectory
3735.45718823253,-1496.5156784483,1779.28123802886,-6426.91573156146,-2.33934081824807,6.80104960706006,2.27520425945616,general_trajectory
3736.45718823253,-1498.85408904307,1786.08118084637,-6424.63652369677,-2.3374799050274,6.79883464122998,2.28321091911147,general_trajectory
3737.45718823254,-1501.19063732624,1792.87890453842,-6422.34931082633,-2.3356161954284,6.7966113566248,2.29121426945037,general_trajectory
3738.45718823254,-1503.52532050263,1799.6744007879,-6420.05409626391,-2.3337496919142,6.79437975675921,2.29921430164121,general_trajectory
3739.45718823254,-1505.85813577958,1806.46766128135,-6417.75088333204,-2.33188039695001,6.7921398451551,2.30721100685773,general_trajectory
3740.45718823254,-1508.18908036687,1813.2586777088,-6415.43967536213,-2.33000831300322,6.78989162534158,2.31520437627885,general_trajectory
3741.45718823254,-1510.51815147675,1820.0474417638,-6413.12047569436,-2.32813344254332,6.787635100855,2.32319440108871,general_trajectory
3742.45718823253,-1512.84534632394,1826.83394514345,-6410.79328767776,-2.32625578804196,6.7853702752389,2.33118107247672,general_trajectory
3743.45718823254,-1515.17066212565,1833.61817954845,-6408.45811467014,-2.32437535197288,6.78309715204403,2.33916438163756,general_trajectory
3744.45718823254,-1517.49409610153,1840.4001366829,-6406.11496003815,-2.32249213681198,6.78081573482835,2.347144319771,general_trajectory
3745.45718823254,-1519.81564547374,1847.17980825461,-6403.76382715721,-2.32060614503726,6.77852602715699,2.35512087808223,general_trajectory
3746.45718823254,-1522.13530746689,1853.95718597491,-6401.40471941153,-2.31871737912884,6.7762280326023,2.36309404778161,general_trajectory
3747.45718823254,-1524.45307930812,1860.73226155874,-6399.0376401941,-2.31682584156894,6.77392175474375,2.37106382008482,general_trajectory
3748.45718823254,-1526.76895822698,1867.50502672452,-6396.66259290674,-2.31493153484194,6.77160719716807,2.37903018621265,general_trajectory
3749.45718823254,-1529.08294145557,1874.27547319436,-6394.27958095999,-2.31303446143429,6.76928436346909,2.38699313739127,general_trajectory
3750.45718823254,-1531.39502622845,1881.04359269394,-6391.8886077732,-2.31113462383455,6.76695325724784,2.3949526648521,general_trajectory
3751.45718823254,-1533.70520978267,1887.80937695254,-6389.48967677445,-2.3092320245334,6.76461388211249,2.40290875983178,general_trajectory
3752.45718823254,-1536.01348935778,1894.57281770305,-6387.08279140062,-2.30732666602362,6.76226624167838,2.41086141357224,general_trajectory
3753.45718823254,-1538.31986219582,1901.33390668203,-6384.6679550973,-2.30541855080007,6.75991033956797,2.41881061732072,general_trajectory
3754.45718823254,-1540.62432554132,1908.09263562954,-6382.24517131888,-2.30350768135976,6.75754617941091,2.42675636232959,general_trajectory
3755.45718823254,-1542.9268766413,1914.84899628938,-6379.81444352847,-2.30159406020175,6.75517376484393,2.43469863985663,general_trajectory
3756.45718823254,-1545.22751274531,1921.60298040896,-6377.37577519791,-2.2996776898272,6.75279309951092,2.44263744116484,general_trajectory
3757.45718823255,-1547.52623110539,1928.35457973939,-6374.92916980778,-2.29775857273935,6.75040418706288,2.45057275752257,general_trajectory
3758.45718823255,-1549.82302897606,1935.1037860353,-6372.47463084741,-2.29583671144358,6.74800703115797,2.45850458020328,general_trajectory
3759.45718823255,-1552.11790361438,1941.8505910551,-6370.01216181484,-2.2939121084473,6.74560163546141,2.46643290048588,general_trajectory
3760.45718823254,-1554.41085227989,1948.59498656084,-6367.54176621682,-2.29198476626002,6.74318800364555,2.4743577096545,general_trajectory
3761.45718823254,-1556.70187223467,1955.33696431823,-6365.06344756881,-2.29005468739334,6.74076613938985,2.48227899899857,general_trajectory
3762.45718823254,-1558.99096074329,1962.07651609669,-6362.577209395,-2.28812187436093,6.73833604638085,2.49019675981279,general_trajectory
3763.45718823255,-1561.27811507285,1968.81363366934,-6360.08305522825,-2.28618632967853,6.73589772831217,2.49811098339723,general_trajectory
3764.45718823255,-1563.56333249294,1975.54830881289,-6357.58098861017,-2.28424805586398,6.73345118888458,2.50602166105709,general_trajectory
3765.45718823255,-1565.8466102757,1982.28053330788,-6355.07101309101,-2.28230705543715,6.73099643180586,2.51392878410303,general_trajectory
3766.45718823255,-1568.12794569578,1989.01029893851,-6352.55313222973,-2.28036333092002,6.72853346079089,2.52183234385095,general_trajectory
3767.45718823255,-1570.40733603035,1995.73759749271,-6350.02734959397,-2.2784168848366,6.72606227956162,2.52973233162206,general_trajectory
3768.45718823255,-1572.68477855912,2002.46242076217,-6347.49366876003,-2.27646771971298,6.72358289184704,2.5376287387429,general_trajectory
3769.45718823255,-1574.96027056428,2009.18476054219,-6344.95209331291,-2.27451583807732,6.72109530138325,2.54552155654522,general_trajectory
3770.45718823255,-1577.23380933061,2015.90460863192,-6342.40262684627,-2.27256124245982,6.71859951191336,2.5534107763662,general_trajectory
3771.45718823255,-1579.50539214538,2022.62195683425,-6339.8452729624,-2.27060393539276,6.71609552718752,2.56129638954826,general_trajectory
3772.45718823255,-1581.77501629842,2029.33679695579,-6337.28003527227,-2.26864391941044,6.71358335096296,2.56917838743919,general_trajectory
3773.45718823255,-1584.04267908209,2036.04912080696,-6334.70691739549,-2.26668119704923,6.7110629870039,2.57705676139209,general_trajectory
3774.45718823255,-1586.30837779125,2042.75892020184,-6332.12592296034,-2.26471577084757,6.70853443908164,2.58493150276529,general_trajectory
3775.45718823255,-1588.57210972335,2049.46618695839,-6329.5370556037,-2.2627476433459,6.70599771097447,2.59280260292255,general_trajectory
3776.45718823255,-1590.83387217835,2056.17091289831,-6326.94031897111,-2.26077681708675,6.7034528064677,2.60067005323293,general_trajectory
3777.45718823255,-1593.09366245878,2062.87308984711,-6324.33571671673,-2.25880329461466,6.70089972935366,2.6085338450708,general_trajectory
3778.45718823256,-1595.3514778697,2069.57270963411,-6321.72325250332,-2.2568270784762,6.69833848343168,2.61639396981592,general_trajectory
3779.45718823255,-1597.6073157187,2076.26976409234,-6319.10293000232,-2.25484817122003,6.69576907250813,2.62425041885324,general_trajectory
3780.45718823255,-1599.86117331595,2082.96424505872,-6316.47475289372,-2.2528665753968,6.69319150039633,2.63210318357318,general_trajectory
3781.45718823255,-1602.11304797415,2089.656144374,-6313.83872486615,-2.25088229355919,6.69060577091662,2.63995225537147,general_trajectory
3782.45718823255,-1604.36293700858,2096.3454538827,-6311.19484961683,-2.24889532826194,6.68801188789631,2.64779762564916,general_trajectory
3783.45718823256,-1606.61083773705,2103.03216543325,-6308.54313085155,-2.24690568206177,6.68540985516969,2.65563928581271,general_trajectory
3784.45718823256,-1608.85674747993,2109.71627087778,-6305.88357228476,-2.24491335751749,6.68279967657806,2.66347722727376,general_trajectory
3785.45718823256,-1611.10066356016,2116.39776207239,-6303.21617763943,-2.24291835718987,6.68018135596965,2.67131144144946,general_trajectory
3786.45718823256,-1613.34258330323,2123.07663087699,-6300.54095064715,-2.24092068364174,6.67755489719967,2.67914191976226,general_trajectory
3787.45718823255,-1615.58250403722,2129.75286915535,-6297.85789504806,-2.23892033943793,6.67492030413028,2.68696865363996,general_trajectory
3788.45718823256,-1617.82042309276,2136.42646877513,-6295.16701459086,-2.23691732714527,6.6722775806306,2.69479163451576,general_trajectory
3789.45718823256,-1620.05633780301,2143.09742160778,-6292.46831303287,-2.23491164933265,6.66962673057673,2.70261085382808,general_trajectory
3790.45718823256,-1622.29024550377,2149.76571952872,-6289.76179413991,-2.23290330857093,6.66696775785167,2.71042630302085,general_trajectory
3791.45718823256,-1624.52214353336,2156.43135441722,-6287.04746168639,-2.23089230743298,6.66430066634537,2.7182379735433,general_trajectory
3792.45718823256,-1626.7520292327,2163.09431815644,-6284.32531945523,-2.2288786484937,6.66162545995472,2.72604585685004,general_trajectory
3793.45718823256,-1628.97989994528,2169.7546026335,-6281.59537123793,-2.22686233432996,6.65894214258351,2.73384994440108,general_trajectory
3794.45718823256,-1631.20575301715,2176.41219973928,-6278.85762083452,-2.22484336752067,6.65625071814251,2.74165022766168,general_trajectory
3795.45718823256,-1633.42958579697,2183.06710136872,-6276.11207205355,-2.22282175064672,6.65355119054935,2.74944669810259,general_trajectory
3796.45718823256,-1635.65139563595,2189.71929942063,-6273.3587287121,-2.22079748629097,6.65084356372861,2.7572393471999,general_trajectory
3797.45718823256,-1637.87117988791,2196.36878579774,-6270.59759463577,-2.21877057703832,6.64812784161175,2.76502816643509,general_trajectory
3798.45718823256,-1640.08893590926,2203.01555240676,-6267.82867365867,-2.21674102547561,6.64540402813712,2.77281314729504,general_trajectory
3799.45718823256,-1642.30466105897,2209.65959115824,-6265.05196962346,-2.21470883419174,6.64267212725002,2.78059428127189,general_trajectory
3800.45718823256,-1644.5183526986,2216.30089396676,-6262.26748638126,-2.21267400577754,6.63993214290258,2.78837155986331,general_trajectory
3801.45718823256,-1646.73000819234,2222.93945275086,-6259.4752277917,-2.21063654282583,6.63718407905387,2.7961449745723,general_trajectory
3802.45718823256,-1648.93962490694,2229.57525943302,-6256.67519772291,-2.20859644793142,6.63442793966978,2.80391451690724,general_trajectory
3803.45718823256,-1651.14720021175,2236.20830593967,-6253.86740005151,-2.20655372369112,6.63166372872311,2.81168017838192,general_trajectory
3804.45718823257,-1653.35273147874,2242.8385842013,-6251.05183866258,-2.20450837270368,6.62889145019353,2.81944195051557,general_trajectory
3805.45718823256,-1655.55621608245,2249.46608615222,-6248.22851744974,-2.20246039756987,6.62611110806757,2.82719982483266,general_trajectory
3806.45718823256,-1657.75765140003,2256.09080373089,-6245.39744031502,-2.20040980089239,6.62332270633862,2.83495379286323,general_trajectory
3807.45718823256,-1659.95703481125,2262.71272887969,-6242.55861116894,-2.19835658527593,6.62052624900691,2.84270384614264,general_trajectory
3808.45718823257,-1662.15436369848,2269.33185354507,-6239.71203393046,-2.19630075332714,6.61772174007953,2.85044997621171,general_trajectory
3809.45718823257,-1664.34963544667,2275.94816967735,-6236.85771252706,-2.19424230765466,6.61490918357042,2.85819217461656,general_trajectory
3810.45718823257,-1666.54284744342,2282.56166923101,-6233.9956508946,-2.19218125086907,6.61208858350034,2.86593043290881,general_trajectory
3811.45718823257,-1668.73399707891,2289.1723441645,-6231.12585297743,-2.19011758558292,6.6092599438969,2.87366474264546,general_trajectory
3812.45718823257,-1670.92308174595,2295.7801864403,-6228.24832272831,-2.18805131441071,6.60642326879453,2.88139509538895,general_trajectory
3813.45718823256,-1673.11009883997,2302.38518802492,-6225.36306410846,-2.1859824399689,6.60357856223447,2.88912148270711,general_trajectory
3814.45718823257,-1675.29504575902,2308.98734088899,-6222.4700810875,-2.18391096487591,6.60072582826478,2.89684389617323,general_trajectory
3815.45718823257,-1677.47791990372,2315.58663700703,-6219.56937764353,-2.18183689175213,6.59786507094038,2.9045623273659,general_trajectory
3816.45718823257,-1679.65871867738,2322.18306835776,-6216.660957763,-2.17976022321986,6.59499629432293,2.91227676786926,general_trajectory
3817.45718823257,-1681.8374394859,2328.77662692393,-6213.74482544083,-2.17768096190338,6.59211950248092,2.91998720927283,general_trajectory
3818.45718823257,-1684.0140797378,2335.36730469233,-6210.8209846803,-2.1755991104289,6.58923469948964,2.92769364317157,general_trajectory
3819.45718823257,-1686.18863684426,2341.95509365391,-6207.8894394931,-2.17351467142455,6.58634188943116,2.93539606116589,general_trajectory
3820.45718823257,-1688.36110821902,2348.53998580356,-6204.95019389939,-2.17142764752047,6.58344107639436,2.94309445486153,general_trajectory
3821.45718823257,-1690.53149127854,2355.1219731404,-6202.00325192762,-2.16933804134868,6.58053226447488,2.95078881586977,general_trajectory
3822.45718823257,-1692.69978344184,2361.70104766758,-6199.04861761467,-2.16724585554314,6.57761545777514,2.9584791358073,general_trajectory
3823.45718823257,-1694.86598213062,2368.27720139238,-6196.08629500582,-2.16515109273977,6.57469066040432,2.96616540629624,general_trajectory
3824.45718823257,-1697.03008476921,2374.85042632623,-6193.11628815468,-2.16305375557639,6.57175787647838,2.9738476189642,general_trajectory
3825.45718823257,-1699.19208878454,2381.42071448456,-6190.13860112328,-2.1609538466928,6.56881711012006,2.9815257654441,general_trajectory
3826.45718823257,-1701.35199160623,2387.98805788703,-6187.15323798198,-2.15885136873067,6.56586836545882,2.98919983737445,general_trajectory
3827.45718823257,-1703.50979066652,2394.55244855741,-6184.1602028095,-2.15674632433363,6.56291164663088,2.99686982639914,general_trajectory
3828.45718823257,-1705.6654834003,2401.1138785236,-6181.15949969293,-2.15463871614721,6.55994695777922,3.00453572416753,general_trajectory
3829.45718823258,-1707.81906724511,2407.6723398177,-6178.15113272769,-2.15252854681888,6.55697430305354,3.01219752233447,general_trajectory
3830.45718823258,-1709.97053964112,2414.22782447583,-6175.13510601757,-2.15041581899803,6.5539936866103,3.01985521256015,general_trajectory
3831.45718823258,-1712.11989803116,2420.7803245384,-6172.11142367466,-2.14830053533595,6.55100511261268,3.02750878651033,general_trajectory
3832.45718823257,-1714.26713986072,2427.32983204992,-6169.08008981942,-2.14618269848585,6.54800858523058,3.03515823585619,general_trajectory
3833.45718823257,-1716.41226257795,2433.87633905911,-6166.0411085806,-2.14406231110286,6.54500410864061,3.04280355227437,general_trajectory
3834.45718823258,-1718.55526363365,2440.41983761889,-6162.99448409527,-2.141939375844,6.54199168702611,3.05044472744703,general_trajectory
3835.45718823258,-1720.69614048124,2446.96031978625,-6159.94022050888,-2.13981389536823,6.53897132457715,3.05808175306167,general_trajectory
3836.45718823258,-1722.83489057686,2453.49777762249,-6156.87832197511,-2.13768587233638,6.53594302549047,3.06571462081136,general_trajectory
3837.45718823258,-1724.97151137928,2460.03220319308,-6153.80879265598,-2.1355553094112,6.53290679396953,3.07334332239464,general_trajectory
3838.45718823258,-1727.10600034994,2466.56358856768,-6150.73163672181,-2.13342220925734,6.52986263422448,3.08096784951549,general_trajectory
3839.45718823258,-1729.23835495295,2473.09192582022,-6147.64685835119,-2.13128657454134,6.52681055047214,3.08858819388342,general_trajectory
3840.45718823258,-1731.36857265506,2479.61720702872,-6144.55446173104,-2.12914840793165,6.52375054693607,3.09620434721331,general_trajectory
3841.45718823258,-1733.49665092574,2486.13942427556,-6141.45445105654,-2.12700771209862,6.52068262784647,3.10381630122562,general_trajectory
3842.45718823258,-1735.62258723708,2492.6585696473,-6138.34683053113,-2.12486448971445,6.51760679744021,3.11142404764626,general_trajectory
3843.45718823258,-1737.74637906387,2499.17463523474,-6135.23160436654,-2.12271874345328,6.51452305996086,3.11902757820663,general_trajectory
3844.45718823258,-1739.86802388359,2505.68761313298,-6132.10877678274,-2.12057047599109,6.51143141965861,3.12662688464367,general_trajectory
3845.45718823258,-1741.98751917635,2512.19749544123,-6128.97835200803,-2.1184196900058,6.50833188079038,3.13422195869966,general_trajectory
3846.45718823258,-1744.10486242498,2518.70427426311,-6125.84033427889,-2.11626638817718,6.50522444761968,3.14181279212251,general_trajectory
3847.45718823258,-1746.22005111498,2525.20794170645,-6122.69472784008,-2.11411057318687,6.50210912441671,3.1493993766656,general_trajectory
3848.45718823258,-1748.33308273453,2531.70848988335,-6119.5415369446,-2.11195224771841,6.49898591545829,3.15698170408777,general_trajectory
3849.45718823259,-1750.4439547745,2538.20591091024,-6116.38076585368,-2.10979141445719,6.49585482502789,3.16455976615344,general_trajectory
3850.45718823258,-1752.55266472842,2544.70019690771,-6113.21241883681,-2.10762807609053,6.49271585741566,3.17213355463237,general_trajectory
3851.45718823258,-1754.65921009254,2551.19134000077,-6110.03650017169,-2.10546223530757,6.4895690169183,3.17970306129998,general_trajectory
3852.45718823258,-1756.76358836579,2557.67933231868,-6106.85301414423,-2.10329389479934,6.4864143078392,3.18726827793715,general_trajectory
3853.45718823258,-1758.86579704979,2564.16416599501,-6103.66196504857,-2.10112305725872,6.48325173448835,3.19482919633024,general_trajectory
3854.45718823258,-1760.96583364886,2570.64583316766,-6100.46335718705,-2.09894972538048,6.48008130118235,3.20238580827115,general_trajectory
3855.45718823259,-1763.06369567001,2577.12432597886,-6097.25719487023,-2.09677390186124,6.4769030122444,3.20993810555733,general_trajectory
3856.45718823259,-1765.15938062294,2583.59963657508,-6094.04348241688,-2.09459558939949,6.47371687200437,3.21748607999161,general_trajectory
3857.45718823259,-1767.25288602006,2590.07175710721,-6090.82222415393,-2.09241479069557,6.47052288479866,3.22502972338247,general_trajectory
3858.45718823258,-1769.34420937648,2596.54067973046,-6087.59342441653,-2.09023150845168,6.46732105497031,3.23256902754387,general_trajectory
3859.45718823259,-1771.43334821003,2603.00639660442,-6084.35708754797,-2.08804574537186,6.46411138686891,3.24010398429532,general_trajectory
3860.45718823259,-1773.52030004119,2609.46889989292,-6081.11321789978,-2.08585750416205,6.46089388485071,3.24763458546175,general_trajectory
3861.45718823259,-1775.60506239321,2615.92818176426,-6077.86181983163,-2.08366678752999,6.45766855327848,3.25516082287373,general_trajectory
3862.45718823259,-1777.68763279201,2622.38423439107,-6074.60289771135,-2.0814735981853,6.45443539652159,3.26268268836732,general_trajectory
3863.45718823259,-1779.76800876624,2628.83704995035,-6071.33645591493,-2.07927793883942,6.45119441895598,3.27020017378409,general_trajectory
3864.45718823259,-1781.84618784726,2635.2866206235,-6068.06249882653,-2.07707981220565,6.44794562496415,3.27771327097118,general_trajectory
3865.45718823259,-1783.92216756914,2641.7329385963,-6064.78103083843,-2.07487922099912,6.44468901893518,3.28522197178129,general_trajectory
3866.45718823259,-1785.99594546865,2648.17599605885,-6061.49205635112,-2.07267616793684,6.44142460526471,3.29272626807253,general_trajectory
3867.45718823259,-1788.0675190853,2654.61578520574,-6058.19557977317,-2.07047065573762,6.43815238835494,3.30022615170867,general_trajectory
3868.45718823259,-1790.13688596131,2661.05229823594,-6054.8916055213,-2.06826268712209,6.43487237261458,3.30772161455899,general_trajectory
3869.45718823259,-1792.20404364165,2667.48552735286,-6051.58013802034,-2.06605226481275,6.43158456245891,3.31521264849836,general_trajectory
3870.45718823259,-1794.26898967396,2673.91546476422,-6048.2611817033,-2.06383939153394,6.42828896230979,3.32269924540706,general_trajectory
3871.45718823259,-1796.33172160864,2680.34210268228,-6044.93474101125,-2.06162407001179,6.42498557659555,3.33018139717105,general_trajectory
3872.45718823259,-1798.39223699881,2686.76543332369,-6041.60082039338,-2.05940630297428,6.42167440975108,3.3376590956818,general_trajectory
3873.45718823259,-1800.45053340032,2693.18544890954,-6038.25942430701,-2.0571860931512,6.4183554662178,3.34513233283634,general_trajectory
3874.45718823259,-1802.50660837175,2699.60214166537,-6034.91055721753,-2.05496344327419,6.41502875044364,3.35260110053724,general_trajectory
3875.4571882326,-1804.56045947444,2706.0155038212,-6031.55422359844,-2.05273835607668,6.41169426688304,3.36006539069268,general_trajectory
3876.4571882326,-1806.61208427239,2712.42552761139,-6028.19042793134,-2.05051083429395,6.40835201999699,3.36752519521627,general_trajectory
3877.45718823259,-1808.6614803324,2718.83220527489,-6024.81917470591,-2.04828088066308,6.40500201425296,3.37498050602731,general_trajectory
3878.45718823259,-1810.70864522401,2725.23552905509,-6021.44046841989,-2.04604849792296,6.40164425412491,3.38243131505063,general_trajectory
3879.45718823259,-1812.75357651946,2731.63549119983,-6018.0543135791,-2.04381368881431,6.39827874409331,3.38987761421662,general_trajectory
3880.4571882326,-1814.79627179377,2738.0320839615,-6014.66071469742,-2.04157645607962,6.39490548864512,3.39731939546128,general_trajectory
3881.4571882326,-1816.83672862467,2744.42529959684,-6011.25967629683,-2.03933680246325,6.39152449227381,3.40475665072605,general_trajectory
3882.4571882326,-1818.87494459265,2750.81513036723,-6007.85120290731,-2.03709473071132,6.38813575947932,3.41218937195808,general_trajectory
3883.4571882326,-1820.91091728096,2757.20156853849,-6004.43529906694,-2.03485024357178,6.38473929476805,3.41961755111006,general_trajectory
3884.4571882326,-1822.94464427558,2763.58460638096,-6001.01196932181,-2.03260334379436,6.38133510265289,3.42704118014023,general_trajectory
3885.4571882326,-1824.97612316526,2769.96423616953,-5997.58121822603,-2.03035403413059,6.3779231876532,3.43446025101249,general_trajectory
3886.4571882326,-1827.00535154147,2776.3404501835,-5994.14305034183,-2.02810231733384,6.37450355429482,3.44187475569616,general_trajectory
3887.4571882326,-1829.03232699846,2782.71324070683,-5990.69747023938,-2.02584819615924,6.37107620711004,3.44928468616629,general_trajectory
3888.4571882326,-1831.05704713324,2789.08260002795,-5987.24448249691,-2.0235916733637,6.36764115063758,3.45669003440348,general_trajectory
3889.4571882326,-1833.07950954557,2795.44852043985,-5983.78409170066,-2.02133275170596,6.36419838942265,3.46409079239391,general_trajectory
3890.4571882326,-1835.09971183796,2801.8109942401,-5980.31630244486,-2.01907143394652,6.36074792801687,3.47148695212939,general_trajectory
3891.4571882326,-1837.11765161569,2808.1700137307,-5976.84111933181,-2.01680772284769,6.35728977097836,3.4788785056072,general_trajectory
3892.4571882326,-1839.1333264868,2814.52557121835,-5973.35854697174,-2.01454162117356,6.35382392287161,3.48626544483034,general_trajectory
3893.4571882326,-1841.1467340621,2820.87765901427,-5969.8685899829,-2.01227313168999,6.3503503882676,3.49364776180739,general_trajectory
3894.4571882326,-1843.15787195516,2827.22626943424,-5966.37125299154,-2.01000225716464,6.34686917174368,3.50102544855249,general_trajectory
3895.4571882326,-1845.16673778234,2833.57139479867,-5962.86654063185,-2.00772900036692,6.34338027788367,3.50839849708545,general_trajectory
3896.4571882326,-1847.17332916274,2839.91302743245,-5959.35445754608,-2.00545336406807,6.33988371127781,3.51576689943156,general_trajectory
3897.4571882326,-1849.17764371824,2846.25115966517,-5955.83500838438,-2.00317535104107,6.33637947652274,3.52313064762182,general_trajectory
3898.4571882326,-1851.1796790735,2852.58578383097,-5952.30819780488,-2.00089496406066,6.3328675782215,3.53048973369283,general_trajectory
3899.4571882326,-1853.17943285596,2858.91689226863,-5948.77403047369,-1.99861220590339,6.32934802098355,3.53784414968677,general_trajectory
3900.45718823261,-1855.17690269585,2865.24447732153,-5945.23251106484,-1.99632707934754,6.32582080942473,3.5451938876515,general_trajectory
3901.45718823261,-1857.17208622613,2871.5685313376,-5941.68364426036,-1.9940395871732,6.32228594816733,3.55253893964036,general_trajectory
3902.45718823261,-1859.16498108258,2877.8890466695,-5938.1274347502,-1.99174973216219,6.31874344183998,3.55987929771241,general_trajectory
3903.4571882326,-1861.15558490376,2884.20601567446,-5934.56388723223,-1.98945751709812,6.31519329507773,3.56721495393234,general_trajectory
3904.4571882326,-1863.14389533102,2890.51943071438,-5930.99300641227,-1.98716294476634,6.31163551252198,3.57454590037042,general_trajectory
3905.45718823261,-1865.12991000848,2896.82928415582,-5927.41479700404,-1.98486601795396,6.30807009882051,3.5818721291026,general_trajectory
3906.45718823261,-1867.11362658304,2903.13556836988,-5923.82926372926,-1.98256673944987,6.30449705862755,3.58919363221032,general_trajectory
3907.45718823261,-1869.09504270441,2909.43827573245,-5920.23641131747,-1.98026511204471,6.3009163966036,3.59651040178081,general_trajectory
3908.45718823261,-1871.07415602509,2915.73739862403,-5916.63624450618,-1.97796113853084,6.29732811741558,3.60382242990684,general_trajectory
3909.45718823261,-1873.05096420036,2922.03292942978,-5913.02876804078,-1.97565482170242,6.29373222573675,3.61112970868685,general_trajectory
3910.45718823261,-1875.02546488833,2928.32486053959,-5909.41398667454,-1.97334616435531,6.29012872624673,3.61843223022495,general_trajectory
3911.45718823261,-1876.99765574984,2934.61318434792,-5905.79190516869,-1.97103516928718,6.28651762363152,3.62572998663074,general_trajectory
3912.45718823261,-1878.96753444859,2940.89789325403,-5902.16252829229,-1.96872183929739,6.28289892258343,3.63302297001961,general_trajectory
3913.45718823261,-1880.93509865106,2947.17897966184,-5898.52586082229,-1.96640617718706,6.27927262780113,3.64031117251255,general_trajectory
3914.45718823261,-1882.90034602652,2953.45643597995,-5894.88190754352,-1.96408818575907,6.27563874398963,3.64759458623618,general_trajectory
3915.45718823261,-1884.86327424707,2959.7302546217,-5891.2306732487,-1.96176786781801,6.27199727586026,3.65487320332277,general_trajectory
3916.45718823261,-1886.8238809876,2966.00042800516,-5887.57216273836,-1.95944522617021,6.26834822813068,3.66214701591029,general_trajectory
3917.45718823261,-1888.78216392579,2972.26694855303,-5883.90638082098,-1.95712026362379,6.26469160552493,3.66941601614223,general_trajectory
3918.45718823261,-1890.73812074215,2978.52980869282,-5880.23333231282,-1.95479298298854,6.2610274127733,3.67668019616785,general_trajectory
3919.45718823261,-1892.69174912,2984.78900085677,-5876.553022038,-1.952463387076,6.25735565461242,3.68393954814204,general_trajectory
3920.45718823262,-1894.64304674549,2991.04451748185,-5872.86545482848,-1.95013147869943,6.25367633578522,3.69119406422538,general_trajectory
3921.45718823261,-1896.59201130753,2997.29635100972,-5869.17063552411,-1.94779726067387,6.249989461041,3.69844373658398,general_trajectory
3922.45718823261,-1898.53864049789,3003.54449388687,-5865.4685689725,-1.94546073581602,6.24629503513529,3.70568855738974,general_trajectory
3923.45718823261,-1900.48293201115,3009.78893856452,-5861.75926002913,-1.94312190694435,6.24259306282996,3.7129285188202,general_trajectory
3924.45718823261,-1902.42488354471,3016.02967749865,-5858.04271355726,-1.94078077687901,6.23888354889315,3.72016361305853,general_trajectory
3925.45718823261,-1904.36449279878,3022.26670315001,-5854.31893442802,-1.93843734844191,6.2351664980993,3.7273938322936,general_trajectory
3926.45718823262,-1906.30175747642,3028.50000798418,-5850.58792752027,-1.93609162445665,6.23144191522913,3.73461916871999,general_trajectory
3927.45718823262,-1908.23667528346,3034.7295844714,-5846.84969772076,-1.93374360774858,6.22770980506969,3.7418396145378,general_trajectory
3928.45718823262,-1910.16924392861,3040.95542508681,-5843.104249924,-1.93139330114472,6.22397017241425,3.74905516195297,general_trajectory
3929.45718823262,-1912.09946112339,3047.17752231032,-5839.35158903226,-1.92904070747384,6.22022302206235,3.75626580317704,general_trajectory
3930.45718823261,-1914.02732458215,3053.39586862663,-5835.59171995564,-1.92668582956639,6.21646835881985,3.76347153042725,general_trajectory
3931.45718823262,-1915.95283202207,3059.61045652529,-5831.82464761197,-1.92432867025454,6.2127061874988,3.77067233592656,general_trajectory
3932.45718823262,-1917.87598116314,3065.82127850057,-5828.05037692694,-1.9219692323722,6.20893651291761,3.77786821190349,general_trajectory
3933.45718823262,-1919.79676972823,3072.02832705164,-5824.26891283393,-1.91960751875493,6.20515933990088,3.78505915059236,general_trajectory
3934.45718823262,-1921.71519544302,3078.23159468249,-5820.48026027411,-1.91724353224002,6.20137467327945,3.79224514423315,general_trajectory
3935.45718823262,-1923.63125603602,3084.43107390194,-5816.68442419641,-1.91487727566646,6.19758251789044,3.79942618507152,general_trajectory
3936.45718823262,-1925.54494923862,3090.62675722366,-5812.88140955747,-1.91250875187492,6.19378287857718,3.80660226535888,general_trajectory
3937.45718823262,-1927.45627278499,3096.81863716609,-5809.07122132177,-1.91013796370781,6.18997576018931,3.81377337735219,general_trajectory
3938.45718823262,-1929.36522441219,3103.00670625262,-5805.25386446145,-1.90776491400919,6.18616116758264,3.82093951331424,general_trajectory
3939.45718823262,-1931.27180186011,3109.19095701146,-5801.4293439564,-1.90538960562484,6.18233910561921,3.82810066551349,general_trajectory
3940.45718823262,-1933.17600287149,3115.37138197569,-5797.59766479426,-1.90301204140222,6.17850957916732,3.83525682622408,general_trajectory
3941.45718823262,-1935.07782519192,3121.54797368329,-5793.75883197034,-1.90063222419046,6.17467259310145,3.84240798772591,general_trajectory
3942.45718823262,-1936.97726656983,3127.72072467701,-5789.91285048776,-1.89825015684044,6.17082815230235,3.84955414230445,general_trajectory
3943.45718823262,-1938.87432475651,3133.8896275046,-5786.05972535728,-1.89586584220465,6.16697626165696,3.85669528225102,general_trajectory
3944.45718823262,-1940.76899750609,3140.05467471866,-5782.19946159738,-1.89347928313731,6.1631169260584,3.8638313998626,general_trajectory
3945.45718823262,-1942.66128257559,3146.21585887669,-5778.33206423424,-1.89109048249431,6.15925015040604,3.87096248744187,general_trajectory
3946.45718823263,-1944.55117772485,3152.37317254112,-5774.45753830172,-1.88869944313319,6.1553759396054,3.87808853729729,general_trajectory
3947.45718823263,-1946.43868071657,3158.52660827918,-5770.57588884143,-1.88630616791324,6.15149429856827,3.88520954174289,general_trajectory
3948.45718823262,-1948.32378931634,3164.67615866314,-5766.6871209026,-1.88391065969536,6.14760523221257,3.89232549309855,general_trajectory
3949.45718823262,-1950.20650129258,3170.82181627013,-5762.79123954216,-1.88151292134214,6.14370874546243,3.89943638368984,general_trajectory
3950.45718823262,-1952.0868144166,3176.96357368223,-5758.88824982471,-1.87911295571786,6.13980484324816,3.90654220584804,general_trajectory
3951.45718823263,-1953.96472646256,3183.10142348648,-5754.97815682248,-1.87671076568844,6.13589353050622,3.91364295191022,general_trajectory
3952.45718823263,-1955.84023520747,3189.23535827474,-5751.06096561545,-1.87430635412151,6.13197481217934,3.92073861421901,general_trajectory
3953.45718823263,-1957.71333843124,3195.36537064395,-5747.13668129118,-1.87189972388632,6.12804869321631,3.92782918512295,general_trajectory
3954.45718823263,-1959.58403391664,3201.49145319594,-5743.2053089449,-1.86949087785383,6.12411517857216,3.93491465697622,general_trajectory
3955.45718823263,-1961.45231944931,3207.61359853751,-5739.26685367947,-1.86707981889661,6.12017427320805,3.94199502213877,general_trajectory
3956.45718823263,-1963.31819281776,3213.73179928047,-5735.32132060538,-1.86466654988893,6.11622598209128,3.94907027297631,general_trajectory
3957.45718823263,-1965.18165181337,3219.84604804146,-5731.36871484081,-1.86225107370674,6.11227031019539,3.95614040186016,general_trajectory
3958.45718823263,-1967.04269423041,3225.95633744225,-5727.40904151152,-1.85983339322758,6.10830726249998,3.96320540116754,general_trajectory
3959.45718823263,-1968.90131786602,3232.06266010952,-5723.44230575088,-1.85741351133069,6.10433684399082,3.97026526328132,general_trajectory
3960.45718823263,-1970.75752052022,3238.16500867495,-5719.4685126999,-1.85499143089696,6.10035905965986,3.97731998059016,general_trajectory
3961.45718823263,-1972.61129999593,3244.26337577525,-5715.48766750715,-1.85256715480891,6.09637391450511,3.98436954548848,general_trajectory
3962.45718823263,-1974.46265409892,3250.35775405204,-5711.49977532891,-1.85014068595075,6.09238141353082,3.99141395037634,general_trajectory
3963.45718823263,-1976.31158063787,3256.44813615204,-5707.50484132894,-1.8477120272083,6.0883815617473,3.99845318765968,general_trajectory
3964.45718823263,-1978.15807742434,3262.53451472693,-5703.50287067866,-1.84528118146905,6.08437436417099,4.00548724975015,general_trajectory
3965.45718823263,-1980.00214227277,3268.61688243345,-5699.49386855704,-1.8428481516221,6.08035982582447,4.01251612906514,general_trajectory
3966.45718823263,-1981.84377300052,3274.69523193336,-5695.47784015063,-1.84041294055822,6.0763379517364,4.01953981802786,general_trajectory
3967.45718823263,-1983.68296742779,3280.76955589338,-5691.45479065361,-1.83797555116984,6.07230874694163,4.02655830906714,general_trajectory
3968.45718823263,-1985.51972337771,3286.83984698535,-5687.42472526766,-1.83553598635098,6.06827221648105,4.03357159461773,general_trajectory
3969.45718823263,-1987.35403867631,3292.90609788612,-5683.38764920206,-1.83309424899733,6.06422836540169,4.04057966712006,general_trajectory
3970.45718823263,-1989.18591115249,3298.96830127762,-5679.34356767363,-1.8306503420062,6.06017719875666,4.04758251902037,general_trajectory
3971.45718823264,-1991.01533863808,3305.02644984683,-5675.29248590672,-1.82820426827653,6.05611872160516,4.05458014277067,general_trajectory
3972.45718823264,-1992.84231896777,3311.08053628571,-5671.2344091333,-1.82575603070892,6.05205293901255,4.06157253082865,general_trajectory
3973.45718823264,-1994.66684997918,3317.13055329139,-5667.16934259281,-1.82330563220557,6.0479798560502,4.06855967565788,general_trajectory
3974.45718823263,-1996.48892951284,3323.17649356604,-5663.09729153224,-1.82085307567031,6.0438994777956,4.07554156972768,general_trajectory
3975.45718823263,-1998.30855541215,3329.2183498169,-5659.01826120612,-1.8183983640086,6.03981180933232,4.08251820551313,general_trajectory
3976.45718823263,-2000.12572552344,3335.25611475632,-5654.93225687649,-1.81594150012753,6.03571685575,4.08948957549512,general_trajectory
3977.45718823264,-2001.94043769597,3341.28978110175,-5650.83928381289,-1.81348248693579,6.03161462214434,4.09645567216033,general_trajectory
3978.45718823264,-2003.75268978186,3347.31934157566,-5646.73934729243,-1.81102132734374,6.02750511361717,4.10341648800112,general_trajectory
3979.45718823264,-2005.56247963616,3353.34478890571,-5642.63245259967,-1.8085580242633,6.02338833527633,4.11037201551576,general_trajectory
3980.45718823264,-2007.36980511686,3359.36611582464,-5638.51860502668,-1.80609258060804,6.01926429223571,4.11732224720828,general_trajectory
3981.45718823264,-2009.17466408483,3365.38331507034,-5634.397809873,-1.80362499929312,6.01513298961529,4.12426717558851,general_trajectory
3982.45718823264,-2010.97705440387,3371.39637938574,-5630.27007244575,-1.80115528323535,6.01099443254111,4.13120679317199,general_trajectory
3983.45718823264,-2012.77697394069,3377.40530151898,-5626.13539805942,-1.79868343535313,6.00684862614524,4.13814109248015,general_trajectory
3984.45718823264,-2014.57442056494,3383.4100742233,-5621.99379203604,-1.79620945856645,6.0026955755658,4.1450700660402,general_trajectory
3985.45718823264,-2016.36939214916,3389.41069025709,-5617.84525970509,-1.79373335579694,5.99853528594693,4.15199370638513,general_trajectory
3986.45718823264,-2018.16188656884,3395.40714238389,-5613.6898064035,-1.79125512996782,5.99436776243885,4.15891200605376,general_trajectory
3987.45718823264,-2019.95190170239,3401.39942337241,-5609.52743747567,-1.7887747840039,5.99019301019776,4.16582495759072,general_trajectory
3988.45718823264,-2021.73943543112,3407.38752599645,-5605.3581582735,-1.78629232083163,5.98601103438597,4.17273255354635,general_trajectory
3989.45718823264,-2023.52448563929,3413.37144303504,-5601.18197415626,-1.78380774337903,5.98182184017174,4.17963478647693,general_trajectory
3990.45718823264,-2025.30705021409,3419.35116727238,-5596.99889049071,-1.78132105457572,5.97762543272937,4.18653164894448,general_trajectory
3991.45718823264,-2027.08712704564,3425.32669149781,-5592.80891265101,-1.77883225735293,5.9734218172392,4.19342313351688,general_trajectory
3992.45718823265,-2028.86471402698,3431.29800850593,-5588.61204601876,-1.77634135464345,5.96921099888754,4.20030923276781,general_trajectory
3993.45718823264,-2030.63980905408,3437.26511109639,-5584.40829598304,-1.77384834938173,5.96499298286678,4.2071899392767,general_trajectory
3994.45718823264,-2032.41241002587,3443.22799207416,-5580.19766794027,-1.77135324450375,5.96076777437526,4.21406524562889,general_trajectory
3995.45718823264,-2034.18251484419,3449.18664424938,-5575.98016729431,-1.76885604294711,5.95653537861733,4.22093514441552,general_trajectory
3996.45718823264,-2035.95012141385,3455.14106043737,-5571.75579945643,-1.76635674765097,5.95229580080335,4.22779962823355,general_trajectory
3997.45718823265,-2037.71522764257,3461.09123345873,-5567.52456984528,-1.7638553615561,5.94804904614964,4.2346586896858,general_trajectory
3998.45718823265,-2039.47783144101,3467.03715613915,-5563.28648388696,-1.76135188760486,5.94379511987859,4.2415123213808,general_trajectory
3999.45718823265,-2041.23793072281,3472.97882130968,-5559.0415470149,-1.75884632874117,5.93953402721851,4.24836051593306,general_trajectory
4000.45718823265,-2042.9955234045,3478.91622180653,-5554.78976466994,-1.75633868791054,5.93526577340369,4.25520326596285,general_trajectory
4001.45718823264,-2044.75060740562,3484.84935047118,-5550.53114230028,-1.75382896806007,5.93099036367443,4.26204056409629,general_trajectory
4002.45718823265,-2046.50318064861,3490.77820015035,-5546.26568536149,-1.75131717213839,5.92670780327696,4.26887240296539,general_trajectory
4003.45718823265,-2048.25324105886,3496.70276369595,-5541.99339931654,-1.74880330309579,5.92241809746357,4.27569877520786,general_trajectory
4004.45718823265,-2050.00078656474,3502.62303396522,-5537.71428963574,-1.74628736388406,5.91812125149243,4.28251967346739,general_trajectory
4005.45718823265,-2051.74581509755,3508.53900382063,-5533.42836179673,-1.74376935745658,5.9138172706277,4.28933509039347,general_trajectory
4006.45718823265,-2053.48832459156,3514.45066612992,-5529.13562128452,-1.74124928676832,5.9095061601395,4.29614501864144,general_trajectory
4007.45718823265,-2055.228312984,3520.35801376615,-5524.83607359143,-1.73872715477577,5.90518792530388,4.30294945087253,general_trajectory
4008.45718823265,-2056.96577821501,3526.26103960753,-5520.5297242172,-1.73620296443707,5.90086257140294,4.3097483797537,general_trajectory
4009.45718823265,-2058.70071822774,3532.15973653769,-5516.21657866882,-1.73367671871184,5.8965301037246,4.31654179795788,general_trajectory
4010.45718823265,-2060.43313096829,3538.05409744548,-5511.89664246063,-1.73114842056131,5.89219052756281,4.32332969816384,general_trajectory
4011.45718823265,-2062.16301438571,3543.94411522508,-5507.56992111427,-1.72861807294826,5.88784384821741,4.33011207305618,general_trajectory
4012.45718823265,-2063.89036643203,3549.82978277598,-5503.2364201587,-1.726085678837,5.88349007099418,4.33688891532542,general_trajectory
4013.45718823265,-2065.61518506221,3555.7110930029,-5498.89614513024,-1.72355124119345,5.8791292012049,4.34366021766782,general_trajectory
4014.45718823265,-2067.33746823422,3561.58803881597,-5494.54910157245,-1.72101476298507,5.87476124416721,4.35042597278562,general_trajectory
4015.45718823265,-2069.05721390898,3567.46061313059,-5490.19529503619,-1.71847624718084,5.87038620520467,4.3571861733869,general_trajectory
4016.45718823265,-2070.77442005037,3573.3288088675,-5485.83473107962,-1.71593569675134,5.86600408964681,4.3639408121856,general_trajectory
4017.45718823266,-2072.48908462527,3579.19261895282,-5481.46741526816,-1.71339311466864,5.86161490282901,4.37068988190158,general_trajectory
4018.45718823266,-2074.20120560349,3585.05203631788,-5477.09335317458,-1.71084850390643,5.85721865009267,4.37743337526046,general_trajectory
4019.45718823265,-2075.91078095785,3590.90705389947,-5472.71255037885,-1.7083018674399,5.85281533678499,4.38417128499384,general_trajectory
4020.45718823265,-2077.61780866413,3596.7576646397,-5468.32501246823,-1.7057532082458,5.84840496825914,4.39090360383917,general_trajectory
4021.45718823265,-2079.32228670109,3602.60386148603,-5463.93074503723,-1.70320252930243,5.84398754987416,4.39763032453979,general_trajectory
4022.45718823266,-2081.02421305048,3608.44563739131,-5459.52975368759,-1.70064983358959,5.83956308699499,4.40435143984495,general_trajectory
4023.45718823266,-2082.72358569701,3614.28298531367,-5455.1220440284,-1.69809512408869,5.83513158499251,4.41106694250968,general_trajectory
4024.45718823266,-2084.42040262839,3620.11589821671,-5450.70762167587,-1.69553840378263,5.83069304924344,4.41777682529502,general_trajectory
4025.45718823266,-2086.1146618353,3625.94436906936,-5446.28649225352,-1.69297967565586,5.82624748513041,4.42448108096784,general_trajectory
4026.45718823266,-2087.80636131142,3631.76839084597,-5441.85866139206,-1.69041894269436,5.82179489804192,4.43117970230092,general_trajectory
4027.45718823266,-2089.4954990534,3637.58795652624,-5437.42413472944,-1.68785620788564,5.81733529337236,4.43787268207294,general_trajectory
4028.45718823266,-2091.18207306091,3643.40305909534,-5432.98291791082,-1.68529147421873,5.81286867652197,4.44456001306851,general_trajectory
4029.45718823266,-2092.86608133656,3649.21369154372,-5428.53501658862,-1.68272474468425,5.80839505289693,4.45124168807802,general_trajectory
4030.45718823266,-2094.54752188599,3655.01984686734,-5424.0804364224,-1.68015602227428,5.80391442790923,4.4579176998979,general_trajectory
4031.45718823266,-2096.22639271781,3660.82151806755,-5419.61918307895,-1.67758530998246,5.79942680697673,4.46458804133041,general_trajectory
4032.45718823266,-2097.90269184366,3666.61869815115,-5415.15126223224,-1.67501261080392,5.79493219552314,4.47125270518379,general_trajectory
4033.45718823266,-2099.57641727813,3672.41138013026,-5410.67667956349,-1.67243792773538,5.79043059897809,4.47791168427205,general_trajectory
4034.45718823266,-2101.24756703883,3678.19955702254,-5406.19544076102,-1.66986126377501,5.78592202277701,4.48456497141526,general_trajectory
4035.45718823266,-2102.91613914638,3683.98322185106,-5401.70755152037,-1.66728262192254,5.78140647236119,4.49121255943932,general_trajectory
4036.45718823266,-2104.58213162438,3689.76236764433,-5397.21301754424,-1.6647020051792,5.77688395317775,4.49785444117608,general_trajectory
4037.45718823266,-2106.24554249944,3695.53698743631,-5392.71184454251,-1.66211941654775,5.77235447067969,4.5044906094633,general_trajectory
4038.45718823266,-2107.90636980119,3701.30707426643,-5388.20403823217,-1.65953485903243,5.7678180303258,4.5111210571447,general_trajectory
4039.45718823266,-2109.56461156222,3707.07262117952,-5383.68960433745,-1.65694833563905,5.76327463758078,4.51774577706982,general_trajectory
4040.45718823266,-2111.22026581817,3712.83362122594,-5379.16854858967,-1.6543598493749,5.7587242979151,4.52436476209421,general_trajectory
4041.45718823266,-2112.87333060768,3718.59006746153,-5374.64087672728,-1.65176940324876,5.75416701680506,4.53097800507934,general_trajectory
4042.45718823266,-2114.52380397238,3724.34195294756,-5370.10659449591,-1.64917700027094,5.74960279973281,4.53758549889259,general_trajectory
4043.45718823267,-2116.17168395695,3730.08927075086,-5365.56570764824,-1.64658264345325,5.74503165218629,4.54418723640734,general_trajectory
4044.45718823267,-2117.81696860902,3735.83201394363,-5361.01822194421,-1.64398633580903,5.74045357965931,4.55078321050275,general_trajectory
4045.45718823267,-2119.45965597929,3741.57017560367,-5356.46414315076,-1.64138808035307,5.73586858765145,4.55737341406407,general_trajectory
4046.45718823266,-2121.09974412146,3747.30374881427,-5351.90347704197,-1.6387878801017,5.7312766816681,4.56395783998242,general_trajectory
4047.45718823266,-2122.73723109224,3753.03272666418,-5347.33622939905,-1.63618573807274,5.72667786722047,4.57053648115489,general_trajectory
4048.45718823267,-2124.37211495136,3758.75710224775,-5342.76240601026,-1.63358165728549,5.72207214982554,4.57710933048454,general_trajectory
4049.45718823267,-2126.00439376157,3764.47686866472,-5338.18201267104,-1.63097564076078,5.71745953500618,4.58367638088026,general_trajectory
4050.45718823267,-2127.63406558864,3770.19201902045,-5333.59505518384,-1.6283676915209,5.71284002829095,4.59023762525701,general_trajectory
4051.45718823267,-2129.26112850138,3775.90254642584,-5329.00153935823,-1.62575781258966,5.70821363521425,4.59679305653565,general_trajectory
4052.45718823267,-2130.8855805716,3781.60844399727,-5324.40147101083,-1.62314600699233,5.70358036131626,4.60334266764302,general_trajectory
4053.45718823267,-2132.50741987416,3787.30970485673,-5319.79485596534,-1.62053227775568,5.69894021214293,4.60988645151192,general_trajectory
4054.45718823267,-2134.12664448691,3793.00632213167,-5315.18170005256,-1.61791662790801,5.69429319324605,4.61642440108103,general_trajectory
4055.45718823267,-2135.74325249078,3798.69828895516,-5310.5620091103,-1.61529906047903,5.68963931018313,4.62295650929508,general_trajectory
4056.45718823267,-2137.35724196968,3804.38559846583,-5305.93578898344,-1.6126795785,5.68497856851745,4.62948276910473,general_trajectory
4057.45718823267,-2138.9686110106,3810.06824380785,-5301.30304552391,-1.61005818500361,5.68031097381809,4.63600317346662,general_trajectory
4058.45718823267,-2140.57735770354,3815.746218131,-5296.66378459065,-1.60743488302405,5.67563653165986,4.64251771534338,general_trajectory
4059.45718823267,-2142.18348014151,3821.41951459056,-5292.01801204971,-1.60480967559702,5.6709552476234,4.64902638770349,general_trajectory
4060.45718823267,-2143.78697642059,3827.08812634748,-5287.3657337741,-1.60218256575966,5.66626712729505,4.65552918352155,general_trajectory
4061.45718823267,-2145.3878446399,3832.75204656825,-5282.70695564386,-1.59955355655059,5.66157217626692,4.66202609577807,general_trajectory
4062.45718823267,-2146.98608290158,3838.41126842497,-5278.04168354607,-1.5969226510099,5.65687040013687,4.66851711745953,general_trajectory
4063.45718823268,-2148.58168931083,3844.06578509538,-5273.36992337478,-1.59428985217917,5.65216180450849,4.67500224155846,general_trajectory
4064.45718823267,-2150.17466197586,3849.71558976271,-5268.69168103113,-1.59165516310144,5.6474463949912,4.68148146107323,general_trajectory
4065.45718823267,-2151.76499900796,3855.36067561593,-5264.00696242317,-1.58901858682123,5.64272417720006,4.68795476900831,general_trajectory
4066.45718823267,-2153.35269852145,3861.00103584955,-5259.31577346598,-1.58638012638451,5.63799515675591,4.69442215837415,general_trajectory
4067.45718823267,-2154.93775863369,3866.63666366376,-5254.61812008161,-1.58373978483872,5.63325933928534,4.70088362218715,general_trajectory
4068.45718823268,-2156.52017746512,3872.26755226435,-5249.91400819909,-1.58109756523275,5.6285167304206,4.70733915346976,general_trajectory
4069.45718823268,-2158.09995313916,3877.8936948627,-5245.20344375449,-1.578453470617,5.6237673357998,4.71378874525031,general_trajectory
4070.45718823268,-2159.67708378236,3883.51508467591,-5240.48643269075,-1.57580750404328,5.61901116106665,4.72023239056324,general_trajectory
4071.45718823268,-2161.25156752428,3889.13171492667,-5235.76298095784,-1.57315966856488,5.61424821187063,4.72667008244894,general_trajectory
4072.45718823267,-2162.82340249754,3894.74357884337,-5231.03309451266,-1.57050996723654,5.60947849386693,4.73310181395382,general_trajectory
4073.45718823268,-2164.39258683783,3900.35066966005,-5226.29677931902,-1.56785840311445,5.60470201271644,4.73952757813032,general_trajectory
4074.45718823268,-2165.95911868386,3905.95298061633,-5221.5540413478,-1.56520497925628,5.59991877408581,4.74594736803677,general_trajectory
4075.45718823268,-2167.52299617745,3911.55050495761,-5216.80488657669,-1.56254969872114,5.59512878364736,4.75236117673764,general_trajectory
4076.45718823268,-2169.08421746343,3917.14323593491,-5212.04932099038,-1.55989256456958,5.59033204707909,4.75876899730335,general_trajectory
4077.45718823268,-2170.64278068973,3922.73116680495,-5207.28735058045,-1.55723357986359,5.58552857006473,4.76517082281034,general_trajectory
4078.45718823268,-2172.19868400733,3928.31429083015,-5202.51898134539,-1.55457274766662,5.58071835829368,4.77156664634111,general_trajectory
4079.45718823268,-2173.75192557026,3933.89260127854,-5197.74421929071,-1.5519100710436,5.5759014174611,4.77795646098407,general_trajectory
4080.45718823268,-2175.30250353563,3939.46609142394,-5192.9630704287,-1.54924555306084,5.57107775326777,4.78434025983375,general_trajectory
4081.45718823268,-2176.85041606362,3945.03475454585,-5188.17554077861,-1.54657919678614,5.56624737142017,4.79071803599068,general_trajectory
4082.45718823268,-2178.39566131746,3950.59858392946,-5183.38163636658,-1.54391100528872,5.56141027763047,4.79708978256139,general_trajectory
4083.45718823268,-2179.93823746349,3956.15757286572,-5178.58136322562,-1.54124098163921,5.55656647761649,4.80345549265851,general_trajectory
4084.45718823268,-2181.47814267105,3961.71171465121,-5173.7747273957,-1.53856912890976,5.55171597710181,4.80981515940057,general_trajectory
4085.45718823268,-2183.01537511263,3967.26100258833,-5168.96173492357,-1.53589545017389,5.54685878181559,4.81616877591223,general_trajectory
4086.45718823268,-2184.54993296376,3972.80542998516,-5164.14239186291,-1.53321994850656,5.54199489749269,4.82251633532418,general_trajectory
4087.45718823268,-2186.08181440303,3978.34499015554,-5159.31670427425,-1.53054262698418,5.53712432987364,4.82885783077313,general_trajectory
4088.45718823268,-2187.61101761213,3983.87967641905,-5154.48467822498,-1.52786348868457,5.53224708470463,4.83519325540183,general_trajectory
4089.45718823269,-2189.13754077584,3989.40948210104,-5149.64631978932,-1.52518253668699,5.52736316773747,4.84152260235911,general_trajectory
4090.45718823269,-2190.66138208197,3994.93440053253,-5144.80163504842,-1.52249977407215,5.52247258472972,4.84784586479974,general_trajectory
4091.45718823268,-2192.18253972147,4000.4544250504,-5139.95063009018,-1.51981520392216,5.51757534144451,4.85416303588463,general_trajectory
4092.45718823268,-2193.70101188833,4005.96954899725,-5135.09331100938,-1.51712882932055,5.51267144365062,4.86047410878074,general_trajectory
4093.45718823269,-2195.21679677966,4011.47976572148,-5130.2296839076,-1.51444065335226,5.50776089712248,4.86677907666108,general_trajectory
4094.45718823269,-2196.72989259561,4016.9850685772,-5125.35975489332,-1.51175067910373,5.50284370764022,4.87307793270463,general_trajectory
4095.45718823269,-2198.24029753947,4022.48545092436,-5120.48353008175,-1.50905890966272,5.49791988098954,4.87937067009652,general_trajectory
4096.45718823269,-2199.74800981757,4027.98090612871,-5115.60101559495,-1.50636534811846,5.49298942296179,4.88565728202791,general_trajectory
4097.45718823269,-2201.25302763936,4033.47142756175,-5110.71221756179,-1.50366999756159,5.48805233935394,4.89193776169604,general_trajectory
4098.45718823269,-2202.75534921738,4038.95700860082,-5105.81714211792,-1.50097286108416,5.48310863596863,4.89821210230419,general_trajectory
4099.45718823269,-2204.25497276726,4044.43764262906,-5100.91579540578,-1.49827394177961,5.47815831861404,4.90448029706175,general_trajectory
4100.45718823269,-2205.7518965077,4049.91332303535,-5096.00818357465,-1.49557324274284,5.4732013931041,4.91074233918408,general_trajectory
4101.45718823269,-2207.24611866053,4055.38404321448,-5091.09431278055,-1.49287076707014,5.46823786525824,4.9169982218927,general_trajectory
4102.45718823269,-2208.73763745066,4060.84979656702,-5086.17418918627,-1.49016651785918,5.46326774090156,4.9232479384152,general_trajectory
4103.45718823269,-2210.2264511061,4066.31057649938,-5081.24781896138,-1.48746049820908,5.45829102586474,4.92949148198523,general_trajectory
4104.45718823269,-2211.71255785798,4071.76637642383,-5076.31520828218,-1.48475271122031,5.45330772598407,4.93572884584254,general_trajectory
4105.45718823269,-2213.19595594047,4077.21718975837,-5071.37636333183,-1.48204315999481,5.4483178471015,4.94196002323287,general_trajectory
4106.45718823269,-2214.67664359092,4082.66300992697,-5066.43129030013,-1.47933184763588,5.44332139506451,4.94818500740817,general_trajectory
4107.45718823269,-2216.15461904973,4088.10383035939,-5061.47999538367,-1.47661877724822,5.4383183757262,4.95440379162642,general_trajectory
4108.45718823269,-2217.62988056044,4093.53964449127,-5056.52248478578,-1.47390395193794,5.43330879494527,4.96061636915168,general_trajectory
4109.45718823269,-2219.10242636968,4098.97044576411,-5051.55876471649,-1.47118737481253,5.42829265858598,4.96682273325416,general_trajectory
4110.45718823269,-2220.57225472717,4104.39622762523,-5046.58884139264,-1.46846904898091,5.42326997251825,4.97302287721005,general_trajectory
4111.45718823269,-2222.03936388577,4109.81698352786,-5041.6127210377,-1.46574897755337,5.41824074261751,4.97921679430173,general_trajectory
4112.45718823269,-2223.50375210144,4115.23270693114,-5036.6304098819,-1.46302716364158,5.4132049747648,4.98540447781768,general_trajectory
4113.45718823269,-2224.96541763326,4120.64339130003,-5031.64191416216,-1.46030361035861,5.40816267484672,4.99158592105244,general_trajectory
4114.4571882327,-2226.42435874342,4126.04903010546,-5026.6472401221,-1.45757832081893,5.40311384875544,4.99776111730673,general_trajectory
4115.4571882327,-2227.88057369719,4131.44961682414,-5021.64639401209,-1.45485129813839,5.39805850238876,5.00393005988722,general_trajectory
4116.4571882327,-2229.33406076302,4136.84514493877,-5016.63938208912,-1.45212254543423,5.39299664164998,5.01009274210685,general_trajectory
4117.45718823269,-2230.78481821242,4142.23560793795,-5011.62621061689,-1.44939206582507,5.38792827244797,5.01624915728461,general_trajectory
4118.45718823269,-2232.23284432007,4147.62099931615,-5006.60688586579,-1.44665986243089,5.3828534006972,5.0223992987456,general_trajectory
4119.4571882327,-2233.67813736374,4153.00131257382,-5001.58141411284,-1.44392593837308,5.37777203231762,5.02854315982109,general_trajectory
4120.4571882327,-2235.12069562431,4158.37654121724,-4996.54980164181,-1.44119029677442,5.37268417323484,5.03468073384836,general_trajectory
4121.4571882327,-2236.56051738581,4163.74667875869,-4991.51205474305,-1.43845294075903,5.36758982937995,5.04081201417089,general_trajectory
4122.4571882327,-2237.99760093539,4169.11171871638,-4986.4681797136,-1.43571387345242,5.36248900668959,5.0469369941383,general_trajectory
4123.4571882327,-2239.43194456333,4174.47165461443,-4981.41818285712,-1.4329730979815,5.35738171110596,5.05305566710629,general_trajectory
4124.4571882327,-2240.86354656302,4179.82647998296,-4976.36207048391,-1.43023061747449,5.35226794857675,5.05916802643676,general_trajectory
4125.4571882327,-2242.29240523098,4185.17618835794,-4971.29984891098,-1.42748643506107,5.3471477250553,5.06527406549761,general_trajectory
4126.4571882327,-2243.71851886688,4190.52077328139,-4966.23152446188,-1.42474055387222,5.34202104650039,5.07137377766301,general_trajectory
4127.4571882327,-2245.14188577351,4195.86022830125,-4961.15710346683,-1.42199297704031,5.33688791887634,5.07746715631321,general_trajectory
4128.4571882327,-2246.56250425679,4201.19454697143,-4956.07659226264,-1.41924370769907,5.33174834815302,5.08355419483461,general_trajectory
4129.4571882327,-2247.98037262579,4206.52372285187,-4950.98999719272,-1.4164927489836,5.32660234030577,5.08963488661978,general_trajectory
4130.4571882327,-2249.39548919268,4211.84774950836,-4945.89732460716,-1.41374010403038,5.32144990131557,5.09570922506733,general_trajectory
4131.4571882327,-2250.80785227281,4217.16662051277,-4940.79858086257,-1.41098577597722,5.31629103716881,5.10177720358215,general_trajectory
4132.4571882327,-2252.21746018465,4222.48032944296,-4935.69377232218,-1.40822976796331,5.31112575385742,5.1078388155752,general_trajectory
4133.4571882327,-2253.6243112498,4227.78886988276,-4930.58290535579,-1.4054720831292,5.30595405737884,5.11389405446363,general_trajectory
4134.45718823271,-2255.02840379302,4233.09223542202,-4925.46598633979,-1.40271272461676,5.300775953736,5.11994291367077,general_trajectory
4135.45718823271,-2256.42973614219,4238.39041965653,-4920.34302165718,-1.39995169556929,5.29559144893741,5.125985386626,general_trajectory
4136.4571882327,-2257.82830662836,4243.68341618818,-4915.21401769748,-1.39718899913138,5.290400548997,5.13202146676497,general_trajectory
4137.4571882327,-2259.2241135857,4248.97121862481,-4910.07898085679,-1.39442463844899,5.28520325993424,5.13805114752946,general_trajectory
4138.4571882327,-2260.61715535156,4254.25382058034,-4904.93791753774,-1.39165861666943,5.27999958777405,5.1440744223674,general_trajectory
4139.4571882327,-2262.00743026639,4259.53121567466,-4899.79083414955,-1.38889093694136,5.27478953854689,5.15009128473291,general_trajectory
4140.45718823271,-2263.39493667385,4264.80339753378,-4894.63773710792,-1.38612160241478,5.26957311828865,5.15610172808632,general_trajectory
4141.45718823271,-2264.77967292068,4270.0703597896,-4889.4786328352,-1.38335061624106,5.2643503330408,5.162105745894,general_trajectory
4142.45718823271,-2266.16163735683,4275.3320960802,-4884.31352776017,-1.3805779815729,5.25912118885021,5.16810333162863,general_trajectory
4143.45718823271,-2267.54082833538,4280.58860004966,-4879.14242831815,-1.37780370156433,5.25388569176925,5.17409447876903,general_trajectory
4144.45718823271,-2268.91724421257,4285.83986534815,-4873.96534095098,-1.37502777937072,5.24864384785573,5.18007918080021,general_trajectory
4145.45718823271,-2270.29088334778,4291.08588563181,-4868.78227210707,-1.37225021814882,5.24339566317302,5.1860574312133,general_trajectory
4146.45718823271,-2271.66174410357,4296.32665456292,-4863.59322824126,-1.36947102105668,5.23814114378989,5.19202922350569,general_trajectory
4147.45718823271,-2273.02982484565,4301.56216580984,-4858.39821581494,-1.36669019125368,5.23288029578059,5.19799455118095,general_trajectory
4148.45718823271,-2274.3951239429,4306.79241304696,-4853.19724129595,-1.36390773190056,5.22761312522482,5.20395340774882,general_trajectory
4149.45718823271,-2275.75763976733,4312.01738995479,-4847.99031115864,-1.36112364615939,5.22233963820776,5.20990578672525,general_trajectory
4150.45718823271,-2277.11737069414,4317.23709021994,-4842.77743188383,-1.35833793719353,5.21705984082001,5.21585168163241,general_trajectory
4151.45718823271,-2278.4743151017,4322.45150753503,-4837.55860995887,-1.35555060816776,5.2117737391577,5.22179108599859,general_trajectory
4152.45718823271,-2279.82847137151,4327.66063559886,-4832.33385187751,-1.35276166224809,5.20648133932232,5.22772399335836,general_trajectory
4153.45718823271,-2281.17983788828,4332.86446811631,-4827.10316413998,-1.34997110260193,5.20118264742086,5.23365039725248,general_trajectory
4154.45718823271,-2282.52841303986,4338.06299879838,-4821.86655325298,-1.34717893239796,5.19587766956573,5.2395702912279,general_trajectory
4155.45718823271,-2283.87419521729,4343.25622136219,-4816.62402572963,-1.3443851548062,5.19056641187476,5.24548366883784,general_trajectory
4156.45718823271,-2285.21718281474,4348.44412953091,-4811.37558808955,-1.34158977299804,5.18524888047129,5.25139052364161,general_trajectory
4157.45718823271,-2286.5573742296,4353.62671703393,-4806.12124685876,-1.33879279014614,5.17992508148401,5.25729084920484,general_trajectory
4158.45718823271,-2287.89476786241,4358.80397760672,-4800.86100856971,-1.33599420942447,5.1745950210471,5.26318463909936,general_trajectory
4159.45718823271,-2289.22936211688,4363.97590499091,-4795.59487976127,-1.33319403400836,5.16925870530012,5.26907188690322,general_trajectory
4160.45718823272,-2290.56115539993,4369.14249293429,-4790.32286697871,-1.3303922670744,5.16391614038804,5.2749525862007,general_trajectory
4161.45718823272,-2291.89014612159,4374.30373519071,-4785.04497677382,-1.32758891180058,5.15856733246137,5.28082673058225,general_trajectory
4162.45718823271,-2293.21633269514,4379.45962552026,-4779.76121570466,-1.32478397136612,5.1532122876759,5.28669431364462,general_trajectory
4163.45718823271,-2294.539713537,4384.61015768915,-4774.47159033577,-1.32197744895159,5.14785101219289,5.29255532899077,general_trajectory
4164.45718823271,-2295.86028706677,4389.75532546979,-4769.17610723806,-1.31916934773886,5.142483512179,5.29840977022988,general_trajectory
4165.45718823272,-2297.17805170727,4394.89512264075,-4763.87477298879,-1.31635967091109,5.1371097938063,5.30425763097743,general_trajectory
4166.45718823272,-2298.49300588446,4400.0295429867,-4758.5675941717,-1.31354842165281,5.1317298632523,5.31009890485502,general_trajectory
4167.45718823272,-2299.8051480275,4405.15858029858,-4753.25457737683,-1.31073560314979,5.12634372669986,5.31593358549059,general_trajectory
4168.45718823272,-2301.11447656874,4410.28222837349,-4747.9357292006,-1.30792121858912,5.12095139033727,5.32176166651831,general_trajectory
4169.45718823272,-2302.42098994372,4415.40048101471,-4742.61105624579,-1.3051052711592,5.11555286035819,5.32758314157859,general_trajectory
4170.45718823272,-2303.72468659117,4420.51333203175,-4737.28056512152,-1.30228776404972,5.11014814296165,5.33339800431812,general_trajectory
4171.45718823272,-2305.02556495299,4425.62077524025,-4731.94426244335,-1.2994687004517,5.10473724435217,5.33920624838975,general_trajectory
4172.45718823272,-2306.3236234743,4430.72280446211,-4726.60215483309,-1.29664808355742,5.09932017073957,5.34500786745269,general_trajectory
4173.45718823272,-2307.6188606034,4435.81941352546,-4721.2542489189,-1.29382591656047,5.09389692833906,5.35080285517237,general_trajectory
4174.45718823272,-2308.91127479179,4440.9105962646,-4715.90055133531,-1.29100220265573,5.08846752337124,5.35659120522048,general_trajectory
4175.45718823272,-2310.20086449415,4445.99634652011,-4710.5410687231,-1.28817694503937,5.08303196206205,5.36237291127502,general_trajectory
4176.45718823272,-2311.48762816837,4451.07665813871,-4705.17580772951,-1.28535014690887,5.07759025064292,5.36814796702014,general_trajectory
4177.45718823272,-2312.77156427553,4456.15152497343,-4699.80477500794,-1.28252181146299,5.07214239535053,5.37391636614639,general_trajectory
4178.45718823272,-2314.05267127992,4461.22094088352,-4694.42797721819,-1.27969194190176,5.06668840242696,5.37967810235053,general_trajectory
4179.45718823272,-2315.33094764903,4466.28489973448,-4689.04542102632,-1.27686054142652,5.06122827811967,5.38543316933561,general_trajectory
4180.45718823272,-2316.60639185354,4471.34339539807,-4683.65711310467,-1.27402761323987,5.05576202868144,5.39118156081099,general_trajectory
4181.45718823272,-2317.87900236734,4476.39642175224,-4678.26306013194,-1.27119316054573,5.05028966037049,5.39692327049222,general_trajectory
4182.45718823272,-2319.14877766753,4481.44397268127,-4672.86326879305,-1.26835718654927,5.04481117945031,5.40265829210121,general_trajectory
4183.45718823272,-2320.41571623441,4486.48604207569,-4667.4577457792,-1.26551969445695,5.03932659218979,5.40838661936616,general_trajectory
4184.45718823272,-2321.67981655148,4491.52262383229,-4662.04649778786,-1.26268068747652,5.03383590486314,5.41410824602154,general_trajectory
4185.45718823273,-2322.94107710547,4496.55371185417,-4656.62953152275,-1.25984016881696,5.02833912374989,5.41982316580814,general_trajectory
4186.45718823273,-2324.1994963863,4501.57930005064,-4651.20685369393,-1.25699814168861,5.02283625513502,5.42553137247295,general_trajectory
4187.45718823273,-2325.45507288709,4506.59938233737,-4645.7784710176,-1.25415460930301,5.01732730530875,5.43123285976936,general_trajectory
4188.45718823273,-2326.70780510422,4511.61395263628,-4640.34439021627,-1.251309574873,5.01181228056664,5.43692762145705,general_trajectory
4189.45718823272,-2327.95769153723,4516.62300487562,-4634.90461801865,-1.24846304161269,5.00629118720963,5.44261565130196,general_trajectory
4190.45718823273,-2329.20473068891,4521.62653298995,-4629.45916115966,-1.24561501273744,5.00076403154392,5.4482969430764,general_trajectory
4191.45718823273,-2330.44892106524,4526.62453092006,-4624.00802638057,-1.24276549146393,4.99523081988115,5.45397149055889,general_trajectory
4192.45718823273,-2331.69026117544,4531.61699261315,-4618.55122042872,-1.23991448101006,4.98969155853818,5.45963928753435,general_trajectory
4193.45718823273,-2332.92874953194,4536.60391202268,-4613.08875005774,-1.237061984595,4.98414625383721,5.465300327794,general_trajectory
4194.45718823273,-2334.16438465039,4541.58528310847,-4607.62062202745,-1.23420800543919,4.97859491210579,5.47095460513534,general_trajectory
4195.45718823273,-2335.39716504965,4546.56109983668,-4602.14684310382,-1.23135254676432,4.97303753967673,5.47660211336228,general_trajectory
4196.45718823273,-2336.62708925182,4551.53135617972,-4596.66742005914,-1.22849561179337,4.96747414288824,5.4822428462849,general_trajectory
4197.45718823273,-2337.85415578221,4556.49604611644,-4591.18235967175,-1.22563720375057,4.96190472808376,5.48787679771975,general_trajectory
4198.45718823273,-2339.07836316937,4561.455163632,-4585.69166872626,-1.22277732586137,4.95632930161206,5.49350396148964,general_trajectory
4199.45718823273,-2340.29970994506,4566.40870271789,-4580.1953540134,-1.21991598135252,4.9507478698272,5.49912433142374,general_trajectory
4200.45718823273,-2341.51819464428,4571.35665737199,-4574.69342233009,-1.21705317345199,4.94516043908855,5.50473790135754,general_trajectory
4201.45718823273,-2342.73381580525,4576.29902159856,-4569.18588047938,-1.21418890538902,4.93956701576075,5.5103446651329,general_trajectory
4202.45718823273,-2343.94657196942,4581.23578940813,-4563.67273527057,-1.21132318039412,4.93396760621381,5.51594461659794,general_trajectory
4203.45718823273,-2345.15646168147,4586.1669548177,-4558.15399351901,-1.20845600169902,4.92836221682296,5.52153774960719,general_trajectory
4204.45718823273,-2346.36348348932,4591.09251185061,-4552.62966204622,-1.2055873725367,4.92275085396871,5.52712405802154,general_trajectory
4205.45718823274,-2347.56763594414,4596.01245453663,-4547.09974767985,-1.20271729614138,4.91713352403686,5.53270353570821,general_trajectory
4206.45718823274,-2348.76891760028,4600.92677691181,-4541.56425725373,-1.19984577574856,4.91151023341856,5.53827617654072,general_trajectory
4207.45718823273,-2349.96732701538,4605.8354730187,-4536.02319760777,-1.19697281459495,4.90588098851016,5.543841974399,general_trajectory
4208.45718823273,-2351.16286275029,4610.7385369062,-4530.47657558797,-1.19409841591852,4.9002457957133,5.54940092316935,general_trajectory
4209.45718823273,-2352.35552336912,4615.63596262962,-4524.9243980465,-1.19122258295846,4.89460466143489,5.55495301674439,general_trajectory
4210.45718823273,-2353.54530743919,4620.5277442507,-4519.36667184159,-1.18834531895521,4.88895759208713,5.56049824902314,general_trajectory
4211.45718823274,-2354.7322135311,4625.4138758376,-4513.80340383756,-1.18546662715043,4.88330459408743,5.56603661391099,general_trajectory
4212.45718823274,-2355.91624021865,4630.29435146482,-4508.23460090491,-1.18258651078708,4.87764567385857,5.57156810531962,general_trajectory
4213.45718823274,-2357.0973860789,4635.16916521338,-4502.66026992012,-1.17970497310927,4.87198083782848,5.57709271716718,general_trajectory
4214.45718823274,-2358.27564969217,4640.03831117068,-4497.08041776579,-1.17682201736239,4.8663100924304,5.58261044337814,general_trajectory
4215.45718823273,-2359.45102964202,4644.90178343059,-4491.4950513306,-1.17393764679305,4.8606334441028,5.58812127788338,general_trajectory
4216.45718823274,-2360.62352451524,4649.75957609341,-4485.90417750926,-1.17105186464906,4.85495089928938,5.59362521462016,general_trajectory
4217.45718823274,-2361.79313290188,4654.61168326584,-4480.30780320261,-1.16816467417953,4.84926246443918,5.59912224753207,general_trajectory
4218.45718823274,-2362.95985339524,4659.45809906109,-4474.70593531749,-1.16527607863474,4.84356814600638,5.60461237056915,general_trajectory
4219.45718823274,-2364.12368459187,4664.29881759881,-4469.09858076679,-1.16238608126619,4.83786795045045,5.61009557768781,general_trajectory
4220.45718823274,-2365.28462509158,4669.1338330051,-4463.48574646944,-1.15949468532663,4.83216188423609,5.61557186285084,general_trajectory
4221.45718823274,-2366.44267349742,4673.96313941257,-4457.86743935039,-1.15660189407001,4.82644995383318,5.62104122002748,general_trajectory
4222.45718823274,-2367.5978284157,4678.78673096022,-4452.2436663407,-1.15370771075153,4.82073216571697,5.62650364319326,general_trajectory
4223.45718823274,-2368.75008845599,4683.60460179359,-4446.61443437736,-1.15081213862759,4.81500852636781,5.63195912633021,general_trajectory
4224.45718823274,-2369.89945223111,4688.4167460647,-4440.97975040339,-1.1479151809558,4.80927904227132,5.63740766342672,general_trajectory
4225.45718823274,-2371.04591835714,4693.22315793204,-4435.33962136786,-1.14501684099498,4.80354371991833,5.64284924847761,general_trajectory
4226.45718823274,-2372.18948545343,4698.02383156063,-4429.69405422576,-1.14211712200518,4.79780256580488,5.64828387548413,general_trajectory
4227.45718823274,-2373.33015214256,4702.81876112191,-4424.04305593821,-1.13921602724768,4.7920555864323,5.65371153845386,general_trajectory
4228.45718823274,-2374.46791705042,4707.60794079391,-4418.3866334722,-1.13631355998493,4.78630278830705,5.65913223140086,general_trajectory
4229.45718823274,-2375.60277880612,4712.39136476111,-4412.72479380075,-1.13340972348061,4.78054417794084,5.66454594834561,general_trajectory
4230.45718823274,-2376.73473604205,4717.16902721454,-4407.05754390285,-1.13050452099962,4.77477976185055,5.66995268331501,general_trajectory
4231.45718823275,-2377.86378739389,4721.94092235176,-4401.38489076341,-1.12759795580801,4.76900954655829,5.6753524303424,general_trajectory
4232.45718823275,-2378.98993150053,4726.70704437679,-4395.70684137344,-1.12469003117314,4.76323353859141,5.68074518346747,general_trajectory
4233.45718823275,-2380.11316700417,4731.46738750022,-4390.02340272977,-1.12178075036347,4.7574517444824,5.68613093673642,general_trajectory
4234.45718823274,-2381.23349255028,4736.22194593921,-4384.33458183524,-1.11887011664871,4.75166417076897,5.69150968420187,general_trajectory
4235.45718823274,-2382.35090678759,4740.9707139174,-4378.64038569862,-1.11595813329976,4.74587082399401,5.69688141992286,general_trajectory
4236.45718823275,-2383.4654083681,4745.71368566505,-4372.9408213346,-1.11304480358871,4.74007171070558,5.70224613796492,general_trajectory
4237.45718823275,-2384.57699594708,4750.45085541885,-4367.23589576387,-1.11013013078888,4.73426683745701,5.70760383239992,general_trajectory
4238.45718823275,-2385.68566818307,4755.18221742215,-4361.52561601298,-1.10721411817475,4.72845621080673,5.71295449730626,general_trajectory
4239.45718823275,-2386.79142373791,4759.90776592484,-4355.80998911441,-1.10429676902201,4.72263983731838,5.71829812676879,general_trajectory
4240.45718823275,-2387.89426127669,4764.62749518336,-4350.08902210657,-1.10137808660754,4.71681772356077,5.72363471487877,general_trajectory
4241.45718823275,-2388.9941794678,4769.34139946075,-4344.36272203372,-1.09845807420939,4.71098987610785,5.72896425573398,general_trajectory
4242.45718823275,-2390.09117698288,4774.04947302656,-4338.63109594613,-1.09553673510685,4.70515630153886,5.73428674343855,general_trajectory
4243.45718823275,-2391.18525249687,4778.75171015698,-4332.89415089986,-1.09261407258035,4.69931700643808,5.73960217210317,general_trajectory
4244.45718823275,-2392.27640468799,4783.44810513478,-4327.1518939569,-1.08969008991152,4.69347199739502,5.74491053584496,general_trajectory
4245.45718823275,-2393.36463223774,4788.13865224931,-4321.40433218511,-1.08676479038319,4.68762128100432,5.75021182878751,general_trajectory
4246.45718823275,-2394.44993383091,4792.82334579656,-4315.65147265819,-1.08383817727933,4.68176486386576,5.75550604506092,general_trajectory
4247.45718823275,-2395.53230815554,4797.50218007902,-4309.89332245581,-1.08091025388517,4.6759027525844,5.76079317880164,general_trajectory
4248.45718823275,-2396.61175390301,4802.17514940588,-4304.12988866339,-1.07798102348704,4.67003495377031,5.76607322415273,general_trajectory
4249.45718823275,-2397.68826976794,4806.84224809291,-4298.36117837226,-1.07505048937249,4.66416147403877,5.77134617526368,general_trajectory
4250.45718823275,-2398.76185444828,4811.50347046251,-4292.58719867957,-1.07211865483024,4.65828232001021,5.77661202629046,general_trajectory
4251.45718823275,-2399.83250664522,4816.1588108437,-4286.80795668833,-1.06918552315018,4.65239749831019,5.78187077139552,general_trajectory
4252.45718823275,-2400.9002250633,4820.80826357214,-4281.02345950734,-1.06625109762336,4.64650701556939,5.78712240474786,general_trajectory
4253.45718823275,-2401.96500841029,4825.45182299006,-4275.23371425133,-1.06331538154206,4.64061087842371,5.79236692052284,general_trajectory
4254.45718823275,-2403.02685539729,4830.0894834464,-4269.43872804077,-1.06037837819966,4.63470909351412,5.79760431290243,general_trajectory
4255.45718823275,-2404.0857647387,4834.72123929671,-4263.63850800194,-1.05744009089075,4.62880166748672,5.80283457607508,general_trajectory
4256.45718823276,-2405.14173515219,4839.34708490323,-4257.83306126693,-1.05450052291106,4.62288860699272,5.80805770423574,general_trajectory
4257.45718823276,-2406.19476535873,4843.96701463478,-4252.02239497371,-1.05155967755754,4.61696991868857,5.81327369158579,general_trajectory
4258.45718823276,-2407.24485408261,4848.58102286689,-4246.20651626597,-1.04861755812825,4.61104560923572,5.81848253233322,general_trajectory
4259.45718823276,-2408.2920000514,4853.18910398175,-4240.38543229318,-1.04567416792243,4.60511568530079,5.82368422069248,general_trajectory
4260.45718823275,-2409.33620199596,4857.79125236821,-4234.55915021064,-1.04272951024048,4.59918015355551,5.82887875088455,general_trajectory
4261.45718823275,-2410.37745865048,4862.38746242181,-4228.7276771794,-1.03978358838397,4.59323902067672,5.8340661171369,general_trajectory
4262.45718823276,-2411.41576875244,4866.97772854477,-4222.89102036625,-1.03683640565561,4.58729229334637,5.8392463136836,general_trajectory
4263.45718823276,-2412.45113104261,4871.56204514593,-4217.04918694383,-1.0338879653593,4.58133997825156,5.8444193347651,general_trajectory
4264.45718823276,-2413.48354426507,4876.14040664091,-4211.20218409046,-1.03093827080007,4.57538208208446,5.84958517462849,general_trajectory
4265.45718823276,-2414.51300716722,4880.71280745197,-4205.35001899024,-1.02798732528411,4.56941861154233,5.85474382752737,general_trajectory
4266.45718823276,-2415.53951849976,4885.27924200812,-4199.49269883295,-1.02503513211873,4.56344957332752,5.85989528772189,general_trajectory
4267.45718823276,-2416.56307701669,4889.83970474499,-4193.63023081425,-1.02208169461247,4.55747497414757,5.86503954947864,general_trajectory
4268.45718823276,-2417.58368147531,4894.39419010499,-4187.76262213539,-1.01912701607495,4.551494820715,5.87017660707084,general_trajectory
4269.45718823276,-2418.60133063626,4898.94269253723,-4181.88988000341,-1.01617109981696,4.54550911974749,5.87530645477825,general_trajectory
4270.45718823276,-2419.61602326347,4903.48520649754,-4176.01201163104,-1.01321394915043,4.53951787796776,5.88042908688714,general_trajectory
4271.45718823276,-2420.62775812419,4908.02172644847,-4170.12902423674,-1.01025556738845,4.53352110210367,5.88554449769034,general_trajectory
4272.45718823276,-2421.63653398899,4912.55224685932,-4164.24092504464,-1.00729595784522,4.52751879888807,5.89065268148726,general_trajectory
4273.45718823276,-2422.64234963173,4917.07676220606,-4158.34772128464,-1.00433512383614,4.52151097505905,5.89575363258379,general_trajectory
4274.45718823276,-2423.64520382961,4921.59526697147,-4152.44942019227,-1.00137306867771,4.51549763735961,5.90084734529245,general_trajectory
4275.45718823276,-2424.64509536314,4926.10775564506,-4146.54602900876,-0.998409795687554,4.50947879253792,5.9059338139323,general_trajectory
4276.45718823276,-2425.64202301615,4930.61422272309,-4140.637554981,-0.995445308184468,4.50345444734718,5.91101303282896,general_trajectory
4277.45718823277,-2426.63598557579,4935.11466270857,-4134.72400536154,-0.992479609488347,4.49742460854564,5.91608499631464,general_trajectory
4278.45718823276,-2427.62698183251,4939.60907011125,-4128.8053874087,-0.989512702920277,4.4913892828967,5.92114969872806,general_trajectory
4279.45718823276,-2428.61501058011,4944.09743944767,-4122.88170838634,-0.986544591802422,4.48534847716874,5.92620713441456,general_trajectory
4280.45718823276,-2429.6000706157,4948.57976524114,-4116.95297556401,-0.983575279458098,4.47930219813523,5.93125729772606,general_trajectory
4281.45718823276,-2430.58216073972,4953.05604202176,-4111.0191962169,-0.980604769211747,4.47325045257467,5.93630018302106,general_trajectory
4282.45718823277,-2431.56127975594,4957.5262643264,-4105.08037762582,-0.977633064388925,4.46719324727061,5.94133578466466,general_trajectory
4283.45718823277,-2432.53742647142,4961.99042669867,-4099.1365270773,-0.974660168316361,4.46113058901174,5.94636409702845,general_trajectory
4284.45718823277,-2433.5105996966,4966.44852368903,-4093.18765186341,-0.971686084321862,4.45506248459168,5.95138511449073,general_trajectory
4285.45718823277,-2434.4807982452,4970.90054985472,-4087.23375928184,-0.968710815734372,4.44898894080916,5.95639883143633,general_trajectory
4286.45718823277,-2435.44802093431,4975.34649975979,-4081.27485663592,-0.96573436588396,4.44290996446792,5.96140524225669,general_trajectory
4287.45718823277,-2436.41226658433,4979.78636797509,-4075.31095123454,-0.962756738101794,4.43682556237672,5.96640434134989,general_trajectory
4288.45718823277,-2437.37353401898,4984.22014907825,-4069.3420503923,-0.959777935720215,4.43073574134945,5.97139612312051,general_trajectory
4289.45718823277,-2438.33182206535,4988.64783765375,-4063.36816142928,-0.956797962072628,4.42464050820493,5.97638058197983,general_trajectory
4290.45718823277,-2439.28712955382,4993.06942829289,-4057.38929167118,-0.953816820493571,4.41853986976705,5.9813577123457,general_trajectory
4291.45718823277,-2440.23945531813,4997.48491559379,-4051.40544844929,-0.950834514318697,4.41243383286472,5.98632750864261,general_trajectory
4292.45718823277,-2441.18879819537,5001.89429416142,-4045.41663910042,-0.947851046884753,4.40632240433184,5.99128996530166,general_trajectory
4293.45718823277,-2442.13515702593,5006.29755860754,-4039.42287096706,-0.944866421529649,4.40020559100744,5.99624507676051,general_trajectory
4294.45718823277,-2443.07853065357,5010.69470355078,-4033.42415139715,-0.941880641592351,4.39408339973545,6.00119283746351,general_trajectory
4295.45718823277,-2444.01891792537,5015.08572361664,-4027.42048774424,-0.938893710412953,4.38795583736485,6.00613324186162,general_trajectory
4296.45718823277,-2444.95631769176,5019.47061343743,-4021.41188736739,-0.935905631332652,4.38182291074965,6.01106628441243,general_trajectory
4297.45718823277,-2445.89072880652,5023.84936765236,-4015.39835763118,-0.932916407693735,4.37568462674882,6.01599195958018,general_trajectory
4298.45718823277,-2446.82215012675,5028.22198090743,-4009.37990590584,-0.929926042839643,4.36954099222644,6.02091026183566,general_trajectory
4299.45718823277,-2447.75058051291,5032.58844785559,-4003.356539567,-0.926934540114866,4.36339201405148,6.02582118565639,general_trajectory
4300.45718823277,-2448.6760188288,5036.94876315661,-3997.32826599585,-0.923941902865012,4.35723769909796,6.03072472552652,general_trajectory
4301.45718823277,-2449.59846394158,5041.30292147715,-3991.29509257911,-0.920948134436788,4.35107805424489,6.03562087593681,general_trajectory
4302.45718823278,-2450.51791472173,5045.65091749078,-3985.25702670894,-0.917953238177979,4.34491308637624,6.04050963138472,general_trajectory
4303.45718823278,-2451.43437004311,5049.99274587787,-3979.21407578313,-0.914957217437518,4.33874280238108,6.04539098637428,general_trajectory
4304.45718823278,-2452.3478287829,5054.32840132579,-3973.16624720485,-0.911960075565381,4.33256720915334,6.05026493541626,general_trajectory
4305.45718823277,-2453.25828982164,5058.65787852873,-3967.11354838278,-0.908961815912653,4.32638631359201,6.05513147302804,general_trajectory
4306.45718823277,-2454.16575204324,5062.98117218782,-3961.0559867311,-0.905962441831508,4.32020012260102,6.05999059373368,general_trajectory
4307.45718823278,-2455.07021433495,5067.29827701111,-3954.99356966942,-0.902961956675195,4.31400864308927,6.06484229206394,general_trajectory
4308.45718823278,-2455.97167558736,5071.60918771348,-3948.9263046229,-0.899960363798099,4.30781188197073,6.06968656255615,general_trajectory
4309.45718823278,-2456.87013469443,5075.91389901682,-3942.85419902208,-0.896957666555641,4.30160984616425,6.0745233997544,general_trajectory
4310.45718823278,-2457.76559055347,5080.21240564989,-3936.77726030298,-0.893953868304346,4.29540254259368,6.07935279820942,general_trajectory
4311.45718823278,-2458.65804206515,5084.50470234839,-3930.69549590706,-0.890948972401817,4.28918997818782,6.08417475247865,general_trajectory
4312.45718823278,-2459.5474881335,5088.79078385496,-3924.60891328124,-0.887942982206742,4.28297215988047,6.08898925712617,general_trajectory
4313.45718823278,-2460.43392766592,5093.07064491918,-3918.5175198778,-0.884935901078871,4.27674909461031,6.09379630672281,general_trajectory
4314.45718823278,-2461.31735957314,5097.34428029752,-3912.42132315459,-0.881927732379084,4.27052078932113,6.09859589584597,general_trajectory
4315.45718823278,-2462.19778276928,5101.61168475346,-3906.32033057475,-0.878918479469284,4.26428725096154,6.10338801907987,general_trajectory
4316.45718823278,-2463.0751961718,5105.8728530574,-3900.21454960687,-0.87590814571247,4.25804848648515,6.10817267101535,general_trajectory
4317.45718823278,-2463.94959870154,5110.12777998673,-3894.10398772492,-0.872896734472694,4.25180450285047,6.11294984625001,general_trajectory
4318.45718823278,-2464.82098928271,5114.37646032572,-3887.98865240838,-0.869884249115134,4.2455553070211,6.11771953938807,general_trajectory
4319.45718823278,-2465.68936684286,5118.61888886569,-3881.86855114198,-0.866870693005985,4.23930090596542,6.12248174504051,general_trajectory
4320.45718823278,-2466.55473031292,5122.85506040489,-3875.74369141593,-0.86385606951253,4.23304130665684,6.12723645782502,general_trajectory
4321.45718823278,-2467.41707862721,5127.08496974857,-3869.61408072576,-0.860840382003119,4.22677651607368,6.13198367236599,general_trajectory
4322.45718823278,-2468.27641072338,5131.30861170894,-3863.47972657241,-0.857823633847166,4.2205065411992,6.13672338329453,general_trajectory
4323.45718823278,-2469.13272554248,5135.52598110522,-3857.34063646213,-0.854805828415135,4.21423138902156,6.14145558524851,general_trajectory
4324.45718823278,-2469.98602202891,5139.73707276356,-3851.19681790666,-0.851786969078601,4.20795106653395,6.1461802728724,general_trajectory
4325.45718823278,-2470.83629913046,5143.94188151718,-3845.04827842296,-0.848767059210151,4.20166558073438,6.15089744081753,general_trajectory
4326.45718823278,-2471.68355579828,5148.14040220626,-3838.89502553337,-0.845746102183448,4.19537493862582,6.1556070837419,general_trajectory
4327.45718823278,-2472.5277909869,5152.33262967799,-3832.7370667656,-0.842724101373214,4.18907914721617,6.16030919631025,general_trajectory
4328.45718823279,-2473.36900365423,5156.51855878661,-3826.57440965262,-0.839701060155207,4.1827782135182,6.16500377319409,general_trajectory
4329.45718823279,-2474.20719276153,5160.69818439329,-3820.40706173286,-0.836676981906295,4.1764721445497,6.16969080907157,general_trajectory
4330.45718823279,-2475.04235727349,5164.87150136629,-3814.23503054993,-0.833651870004346,4.17016094733328,6.1743702986277,general_trajectory
4331.45718823278,-2475.87449615812,5169.03850458087,-3808.05832365282,-0.830625727828299,4.16384462889647,6.17904223655419,general_trajectory
4332.45718823278,-2476.70360838684,5173.19918891934,-3801.87694859581,-0.827598558758139,4.15752319627172,6.18370661754948,general_trajectory
4333.45718823279,-2477.52969293447,5177.35354927105,-3795.69091293844,-0.824570366174886,4.15119665649636,6.18836343631882,general_trajectory
4334.45718823279,-2478.35274877915,5181.50158053232,-3789.50022424565,-0.821541153460658,4.1448650166127,6.19301268757414,general_trajectory
4335.45718823279,-2479.17277490247,5185.64327760658,-3783.30489008756,-0.818510923998566,4.13852828366785,6.19765436603419,general_trajectory
4336.45718823279,-2479.98977028936,5189.77863540431,-3777.10491803961,-0.815479681172782,4.13218646471386,6.20228846642446,general_trajectory
4337.45718823279,-2480.80373392815,5193.90764884302,-3770.9003156825,-0.812447428368522,4.12583956680767,6.20691498347723,general_trajectory
4338.45718823279,-2481.61466481057,5198.03031284732,-3764.69109060216,-0.809414168972023,4.11948759701104,6.21153391193156,general_trajectory
4339.45718823279,-2482.4225619317,5202.14662234879,-3758.47725038989,-0.806379906370616,4.11313056239077,6.2161452465332,general_trajectory
4340.45718823279,-2483.22742429004,5206.25657228617,-3752.25880264214,-0.803344643952615,4.10676847001841,6.22074898203478,general_trajectory
4341.45718823279,-2484.02925088746,5210.36015760526,-3746.03575496061,-0.800308385107388,4.10040132697042,6.22534511319566,general_trajectory
4342.45718823279,-2484.82804072924,5214.45737325891,-3739.80811495228,-0.797271133225339,4.09402914032814,6.22993363478201,general_trajectory
4343.45718823279,-2485.62379282403,5218.5482142071,-3733.57589022929,-0.794232891697885,4.08765191717776,6.23451454156679,general_trajectory
4344.45718823279,-2486.41650618389,5222.63267541681,-3727.33908840913,-0.79119366391753,4.08126966461043,6.2390878283297,general_trajectory
4345.45718823279,-2487.20617982425,5226.71075186221,-3721.09771711438,-0.788153453277751,4.07488238972208,6.24365348985729,general_trajectory
4346.45718823279,-2487.99281276395,5230.78243852451,-3714.8517839729,-0.785112263173075,4.06849009961351,6.24821152094291,general_trajectory
4347.45718823279,-2488.77640402524,5234.84773039205,-3708.60129661772,-0.782070096999052,4.06209280139042,6.25276191638668,general_trajectory
4348.4571882328,-2489.55695263373,5238.90662246031,-3702.34626268705,-0.779026958152242,4.05569050216331,6.25730467099559,general_trajectory
4349.4571882328,-2490.33445761845,5242.95910973177,-3696.08668982438,-0.775982850030279,4.04928320904763,6.26183977958333,general_trajectory
4350.45718823279,-2491.10891801183,5247.00518721614,-3689.82258567829,-0.772937776031768,4.04287092916361,6.26636723697051,general_trajectory
4351.45718823279,-2491.88033284969,5251.04484993021,-3683.55395790257,-0.769891739556351,4.03645366963634,6.2708870379845,general_trajectory
4352.45718823279,-2492.64870117125,5255.0780928979,-3677.28081415618,-0.766844744004688,4.03003143759576,6.27539917745951,general_trajectory
4353.4571882328,-2493.41402201914,5259.10491115029,-3671.00316210319,-0.76379679277844,4.02360424017662,6.27990365023661,general_trajectory
4354.4571882328,-2494.17629443939,5263.12529972553,-3664.72100941296,-0.760747889280335,4.01717208451863,6.2844004511636,general_trajectory
4355.4571882328,-2494.93551748141,5267.13925366896,-3658.43436375987,-0.757698036914063,4.01073497776622,6.2888895750952,general_trajectory
4356.4571882328,-2495.69169019806,5271.14676803307,-3652.14323282349,-0.754647239084342,4.00429292706868,6.29337101689293,general_trajectory
4357.4571882328,-2496.44481164556,5275.14783787749,-3645.84762428852,-0.751595499196904,3.99784593958015,6.29784477142517,general_trajectory
4358.4571882328,-2497.19488088357,5279.14245826904,-3639.54754584474,-0.74854282065847,3.99139402245955,6.30231083356714,general_trajectory
4359.4571882328,-2497.94189697514,5283.13062428161,-3633.24300518719,-0.745489206876822,3.98493718287075,6.30676919820085,general_trajectory
4360.4571882328,-2498.68585898671,5287.11233099634,-3626.93401001589,-0.742434661260696,3.97847542798233,6.31121986021523,general_trajectory
4361.4571882328,-2499.42676598818,5291.08757350152,-3620.62056803601,-0.739379187219848,3.97200876496771,6.31566281450604,general_trajectory
4362.4571882328,-2500.16461705282,5295.05634689262,-3614.30268695783,-0.736322788165039,3.96553720100514,6.32009805597589,general_trajectory
4363.4571882328,-2500.89941125731,5299.01864627227,-3607.9803744967,-0.733265467508029,3.95906074327769,6.32452557953425,general_trajectory
4364.4571882328,-2501.63114768177,5302.97446675033,-3601.65363837306,-0.730207228661563,3.95257939897319,6.3289453800975,general_trajectory
4365.4571882328,-2502.35982540971,5306.92380344378,-3595.32248631251,-0.727148075039434,3.9460931752844,6.33335745258878,general_trajectory
4366.4571882328,-2503.08544352806,5310.86665147684,-3588.98692604561,-0.72408801005638,3.93960207940878,6.33776179193819,general_trajectory
4367.4571882328,-2503.80800112717,5314.80300598093,-3582.64696530804,-0.72102703712815,3.93310611854862,6.3421583930827,general_trajectory
4368.4571882328,-2504.52749730081,5318.73286209469,-3576.3026118405,-0.717965159671471,3.92660529991097,6.34654725096616,general_trajectory
4369.4571882328,-2505.24393114615,5322.65621496391,-3569.95387338885,-0.714902381104112,3.92009963070778,6.35092836053923,general_trajectory
4370.4571882328,-2505.95730176379,5326.57305974165,-3563.60075770388,-0.71183870484478,3.91358911815571,6.35530171675954,general_trajectory
4371.4571882328,-2506.66760825775,5330.48339158817,-3557.24327254147,-0.708774134313189,3.90707376947623,6.35966731459157,general_trajectory
4372.4571882328,-2507.37484973546,5334.38720567096,-3550.88142566251,-0.705708672930039,3.9005535918956,6.36402514900671,general_trajectory
4373.4571882328,-2508.0790253078,5338.28449716474,-3544.51522483294,-0.702642324117015,3.89402859264485,6.36837521498324,general_trajectory
4374.45718823281,-2508.78013408903,5342.17526125146,-3538.14467782367,-0.699575091296768,3.88749877895979,6.37271750750637,general_trajectory
4375.45718823281,-2509.47817519686,5346.05949312027,-3531.76979241072,-0.696506977892985,3.88096415808109,6.37705202156812,general_trajectory
4376.4571882328,-2510.17314775243,5349.93718796763,-3525.39057637503,-0.693437987330278,3.87442473725408,6.38137875216752,general_trajectory
4377.4571882328,-2510.86505088028,5353.80834099721,-3519.00703750255,-0.690368123034257,3.86788052372894,6.38569769431048,general_trajectory
4378.45718823281,-2511.5538837084,5357.67294741996,-3512.6191835842,-0.687297388431493,3.86133152476054,6.39000884300983,general_trajectory
4379.45718823281,-2512.23964536819,5361.53100245402,-3506.22702241598,-0.684225786949583,3.85477774760864,6.39431219328526,general_trajectory
4380.45718823281,-2512.92233499448,5365.38250132486,-3499.83056179877,-0.681153322017047,3.84821919953767,6.39860774016347,general_trajectory
4381.45718823281,-2513.60195172555,5369.22743926521,-3493.42980953845,-0.678079997063392,3.84165588781684,6.40289547867804,general_trajectory
4382.45718823281,-2514.27849470308,5373.06581151503,-3487.02477344586,-0.675005815519098,3.83508781972012,6.40717540386949,general_trajectory
4383.45718823281,-2514.9519630722,5376.89761332161,-3480.61546133681,-0.671930780815615,3.82851500252625,6.41144751078527,general_trajectory
4384.45718823281,-2515.62235598147,5380.7228399395,-3474.201881032,-0.668854896385341,3.82193744351866,6.41571179447979,general_trajectory
4385.45718823281,-2516.28967258287,5384.54148663049,-3467.78404035721,-0.665778165661694,3.81535514998566,6.41996825001435,general_trajectory
4386.45718823281,-2516.95391203184,5388.35354866372,-3461.36194714302,-0.662700592079001,3.80876812922019,6.42421687245724,general_trajectory
4387.45718823281,-2517.61507348722,5392.15902131561,-3454.93560922498,-0.659622179072573,3.80217638851996,6.42845765688368,general_trajectory
4388.45718823281,-2518.27315611132,5395.95789986988,-3448.50503444357,-0.656542930078678,3.79557993518744,6.43269059837586,general_trajectory
4389.45718823281,-2518.92815906986,5399.75017961756,-3442.07023064415,-0.653462848534529,3.78897877652979,6.43691569202293,general_trajectory
4390.45718823281,-2519.58008153202,5403.53585585695,-3435.63120567708,-0.650381937878349,3.78237291985901,6.44113293292094,general_trajectory
4391.45718823281,-2520.2289226704,5407.31492389371,-3429.18796739753,-0.647300201549262,3.77576237249172,6.44534231617297,general_trajectory
4392.45718823281,-2520.87468166104,5411.0873790408,-3422.74052366559,-0.644217642987367,3.76914714174932,6.44954383688906,general_trajectory
4393.45718823281,-2521.51735768344,5414.85321661852,-3416.28888234623,-0.641134265633714,3.76252723495791,6.45373749018619,general_trajectory
4394.45718823282,-2522.15694992053,5418.6124319545,-3409.83305130928,-0.638050072930288,3.75590265944831,6.45792327118837,general_trajectory
4395.45718823281,-2522.79345755867,5422.36502038364,-3403.37303842955,-0.634965068320076,3.74927342255614,6.4621011750265,general_trajectory
4396.45718823281,-2523.42687978768,5426.11097724826,-3396.90885158658,-0.631879255246959,3.74263953162163,6.46627119683854,general_trajectory
4397.45718823281,-2524.05721580082,5429.85029789798,-3390.44049866484,-0.628792637155783,3.73600099398978,6.47043333176941,general_trajectory
4398.45718823281,-2524.6844647948,5433.58297768978,-3383.96798755363,-0.62570521749234,3.72935781701028,6.47458757497102,general_trajectory
4399.45718823282,-2525.30862596977,5437.30901198802,-3377.49132614706,-0.622616999703345,3.72271000803749,6.47873392160231,general_trajectory
4400.45718823282,-2525.92969852931,5441.02839616433,-3371.0105223442,-0.61952798723651,3.7160575744306,6.48287236682913,general_trajectory
4401.45718823282,-2526.54768168049,5444.74112559778,-3364.52558404882,-0.616438183540431,3.70940052355338,6.48700290582441,general_trajectory
4402.45718823282,-2527.1625746338,5448.44719567479,-3358.03651916958,-0.613347592064662,3.70273886277434,6.49112553376806,general_trajectory
4403.45718823281,-2527.77437660318,5452.14660178915,-3351.54333561992,-0.610256216259693,3.69607259946668,6.49524024584701,general_trajectory
4404.45718823282,-2528.38308680603,5455.83933934203,-3345.04604131808,-0.60716405957693,3.68940174100825,6.49934703725522,general_trajectory
4405.45718823282,-2528.9887044632,5459.52540374193,-3338.5446441872,-0.604071125468769,3.68272629478172,6.50344590319358,general_trajectory
4406.45718823282,-2529.59122879898,5463.20479040479,-3332.03915215512,-0.60097741738848,3.67604626817433,6.5075368388701,general_trajectory
4407.45718823282,-2530.19065904113,5466.87749475394,-3325.52957315449,-0.597882938790283,3.66936166857802,6.51161983949977,general_trajectory
4408.45718823282,-2530.78699442087,5470.54351222008,-3319.01591512274,-0.594787693129327,3.66267250338942,6.51569490030462,general_trajectory
4409.45718823282,-2531.38023417286,5474.20283824134,-3312.49818600205,-0.591691683861668,3.65597878000982,6.51976201651374,general_trajectory
4410.45718823282,-2531.97037753521,5477.85546826319,-3305.97639373947,-0.588594914444342,3.64928050584527,6.52382118336317,general_trajectory
4411.45718823282,-2532.55742374952,5481.50139773857,-3299.4505462867,-0.585497388335255,3.64257768830639,6.52787239609607,general_trajectory
4412.45718823282,-2533.14137206081,5485.14062212781,-3292.92065160024,-0.582399108993252,3.6358703348085,6.53191564996262,general_trajectory
4413.45718823282,-2533.72222171758,5488.77313689866,-3286.38671764132,-0.579300079878096,3.62915845277161,6.53595094022005,general_trajectory
4414.45718823282,-2534.29997197179,5492.39893752633,-3279.84875237589,-0.576200304450456,3.62244204962031,6.53997826213267,general_trajectory
4415.45718823282,-2534.87462207886,5496.01801949336,-3273.30676377472,-0.573099786171966,3.615721132784,6.54399761097176,general_trajectory
4416.45718823282,-2535.44617129767,5499.63037828981,-3266.76075981322,-0.569998528505124,3.6089957096966,6.54800898201574,general_trajectory
4417.45718823282,-2536.01461889057,5503.23600941314,-3260.21074847154,-0.566896534913359,3.60226578779674,6.55201237055007,general_trajectory
4418.45718823282,-2536.57996412335,5506.83490836827,-3253.65673773453,-0.563793808861013,3.59553137452769,6.55600777186729,general_trajectory
4419.45718823283,-2537.14220626529,5510.42707066757,-3247.09873559175,-0.560690353813318,3.58879247733732,6.559995181267,general_trajectory
4420.45718823283,-2537.70134458913,5514.01249183081,-3240.53675003751,-0.557586173236469,3.58204910367827,6.56397459405584,general_trajectory
4421.45718823282,-2538.25737837108,5517.59116738525,-3233.97078907074,-0.554481270597515,3.57530126100771,6.56794600554759,general_trajectory
4422.45718823282,-2538.81030689079,5521.16309286563,-3227.40086069508,-0.551375649364428,3.56854895678748,6.57190941106307,general_trajectory
4423.45718823282,-2539.36012943143,5524.72826381413,-3220.82697291884,-0.548269313006083,3.56179219848404,6.57586480593022,general_trajectory
4424.45718823282,-2539.90684527959,5528.28667578039,-3214.249133755,-0.545162264992256,3.55503099356852,6.57981218548405,general_trajectory
4425.45718823283,-2540.45045372535,5531.83832432157,-3207.66735122117,-0.542054508793607,3.5482653495166,6.58375154506668,general_trajectory
4426.45718823283,-2540.99095406227,5535.38320500222,-3201.08163333971,-0.538946047881746,3.54149527380872,6.58768288002729,general_trajectory
4427.45718823283,-2541.52834558737,5538.92131339446,-3194.49198813755,-0.53583688572913,3.53472077392982,6.5916061857222,general_trajectory
4428.45718823283,-2542.06262760114,5542.45264507785,-3187.89842364625,-0.532727025809125,3.52794185736952,6.59552145751483,general_trajectory
4429.45718823283,-2542.59379940756,5545.97719563948,-3181.300947902,-0.529616471595974,3.52115853162199,6.59942869077575,general_trajectory
4430.45718823283,-2543.12186031406,5549.49496067388,-3174.69956894572,-0.526505226564866,3.51437080418613,6.60332788088253,general_trajectory
4431.45718823283,-2543.64680963157,5553.00593578312,-3168.09429482283,-0.523393294191827,3.50757868256537,6.60721902321997,general_trajectory
4432.45718823283,-2544.16864667449,5556.51011657678,-3161.48513358341,-0.520280677953787,3.50078217426774,6.61110211317995,general_trajectory
4433.45718823283,-2544.68737076069,5560.00749867193,-3154.87209328214,-0.517167381328565,3.4939812868059,6.6149771461615,general_trajectory
4434.45718823283,-2545.20298121151,5563.49807769317,-3148.25518197829,-0.514053407794865,3.48717602769711,6.61884411757073,general_trajectory
4435.45718823283,-2545.7154773518,5566.98184927263,-3141.63440773569,-0.510938760832254,3.48036640446319,6.62270302282096,general_trajectory
4436.45718823283,-2546.22485850986,5570.45880904991,-3135.00977862287,-0.507823443921238,3.47355242463065,6.62655385733256,general_trajectory
4437.45718823283,-2546.73112401749,5573.9289526722,-3128.3813027128,-0.504707460543147,3.46673409573051,6.6303966165331,general_trajectory
4438.45718823283,-2547.23427320995,5577.39227579419,-3121.7489880831,-0.501590814180208,3.4599114252984,6.6342312958573,general_trajectory
4439.45718823283,-2547.73430542601,5580.84877407813,-3115.11284281591,-0.498473508315525,3.45308442087453,6.638057890747,general_trajectory
4440.45718823283,-2548.23122000791,5584.29844319381,-3108.47287499791,-0.495355546433057,3.44625309000366,6.64187639665124,general_trajectory
4441.45718823283,-2548.72501630137,5587.74127881852,-3101.82909272042,-0.492236932017693,3.43941744023525,6.64568680902615,general_trajectory
4442.45718823283,-2549.2156936556,5591.17727663716,-3095.18150407922,-0.489117668555139,3.43257747912321,6.64948912333507,general_trajectory
4443.45718823283,-2549.70325142329,5594.60643234216,-3088.53011717463,-0.485997759531986,3.42573321422608,6.65328333504852,general_trajectory
4444.45718823283,-2550.18768896064,5598.02874163353,-3081.8749401115,-0.482877208435697,3.41888465310695,6.65706943964414,general_trajectory
4445.45718823284,-2550.66900562731,5601.44420021884,-3075.21598099919,-0.479756018754582,3.41203180333346,6.66084743260682,general_trajectory
4446.45718823284,-2551.14720078645,5604.85280381318,-3068.55324795164,-0.47663419397787,3.40517467247791,6.66461730942853,general_trajectory
4447.45718823284,-2551.62227380473,5608.25454813929,-3061.88674908722,-0.473511737595597,3.39831326811706,6.66837906560849,general_trajectory
4448.45718823283,-2552.09422405227,5611.64942892744,-3055.21649252881,-0.470388653098682,3.39144759783225,6.67213269665311,general_trajectory
4449.45718823283,-2552.56305090271,5615.0374419155,-3048.5424864038,-0.467264943978902,3.38457766920939,6.67587819807596,general_trajectory
4450.45718823284,-2553.02875373319,5618.41858284896,-3041.864738844,-0.464140613728872,3.37770348983891,6.67961556539785,general_trajectory
4451.45718823284,-2553.4913319243,5621.79284748081,-3035.18325798583,-0.461015665842121,3.37082506731588,6.6833447941467,general_trajectory
4452.45718823284,-2553.95078486016,5625.16023157173,-3028.49805197006,-0.457890103812975,3.36394240923982,6.68706587985773,general_trajectory
4453.45718823284,-2554.40711192837,5628.52073088997,-3021.80912894196,-0.454763931136634,3.35705552321482,6.69077881807333,general_trajectory
4454.45718823284,-2554.86031252004,5631.87434121138,-3015.11649705124,-0.451637151309146,3.35016441684952,6.69448360434308,general_trajectory
4455.45718823284,-2555.31038602977,5635.22105831944,-3008.42016445204,-0.448509767827394,3.34326909775704,6.69818023422384,general_trajectory
4456.45718823284,-2555.75733185565,5638.5608780052,-3001.72013930304,-0.445381784189159,3.33636957355518,6.70186870327959,general_trajectory
4457.45718823284,-2556.20114939927,5641.89379606738,-2995.01642976724,-0.442253203893017,3.32946585186612,6.70554900708161,general_trajectory
4458.45718823284,-2556.64183806572,5645.21980831231,-2988.30904401211,-0.439124030438404,3.32255794031663,6.7092211412084,general_trajectory
4459.45718823284,-2557.07939726359,5648.53891055394,-2981.59799020953,-0.4359942673256,3.31564584653798,6.71288510124566,general_trajectory
4460.45718823284,-2557.51382640498,5651.85109861387,-2974.88327653576,-0.432863918055707,3.30872957816595,6.71654088278638,general_trajectory
4461.45718823284,-2557.94512490548,5655.1563683213,-2968.16491117156,-0.429732986130721,3.30180914284094,6.72018848143072,general_trajectory
4462.45718823284,-2558.37329218419,5658.45471551311,-2961.442902302,-0.426601475053419,3.29488454820775,6.72382789278612,general_trajectory
4463.45718823284,-2558.79832766371,5661.74613603382,-2954.71725811656,-0.423469388327435,3.28795580191572,6.72745911246728,general_trajectory
4464.45718823284,-2559.22023077013,5665.0306257356,-2947.98798680909,-0.420336729457235,3.28102291161871,6.73108213609613,general_trajectory
4465.45718823285,-2559.63900093308,5668.30818047829,-2941.25509657781,-0.4172035019481,3.27408588497504,6.73469695930191,general_trajectory
4466.45718823284,-2560.05463758565,5671.57879612934,-2934.51859562539,-0.414069709306193,3.26714472964766,6.73830357772102,general_trajectory
4467.45718823284,-2560.46714016448,5674.84246856391,-2927.77849215876,-0.410935355038455,3.26019945330388,6.74190198699721,general_trajectory
4468.45718823284,-2560.87650810969,5678.09919366483,-2921.03479438923,-0.40780044265267,3.25325006361557,6.74549218278147,general_trajectory
4469.45718823284,-2561.28274086492,5681.34896732258,-2914.28751053248,-0.404664975657448,3.24629656825908,6.74907416073207,general_trajectory
4470.45718823285,-2561.68583787731,5684.59178543537,-2907.53664880846,-0.401528957562203,3.23933897491521,6.75264791651458,general_trajectory
4471.45718823285,-2562.08579859751,5687.82764390899,-2900.78221744159,-0.398392391877228,3.23237729126936,6.75621344580177,general_trajectory
4472.45718823285,-2562.4826224797,5691.05653865703,-2894.02422466047,-0.395255282113578,3.2254115250113,6.75977074427377,general_trajectory
4473.45718823285,-2562.87630898155,5694.27846560071,-2887.26267869809,-0.392117631783147,3.21844168383532,6.763319807618,general_trajectory
4474.45718823284,-2563.26685756425,5697.49342066895,-2880.49758779173,-0.388979444398645,3.21146777544018,6.76686063152914,general_trajectory
4475.45718823285,-2563.6542676925,5700.70139979843,-2873.72896018292,-0.385840723473578,3.20448980752909,6.77039321170922,general_trajectory
4476.45718823285,-2564.03853883452,5703.90239893342,-2866.95680411762,-0.382701472522318,3.19750778780983,6.77391754386748,general_trajectory
4477.45718823285,-2564.41967046204,5707.09641402601,-2860.18112784596,-0.379561695059998,3.19052172399454,6.77743362372055,general_trajectory
4478.45718823285,-2564.79766205031,5710.28344103595,-2853.40193962238,-0.376421394602574,3.18353162379986,6.78094144699234,general_trajectory
4479.45718823285,-2565.17251307809,5713.46347593072,-2846.6192477056,-0.373280574666813,3.17653749494688,6.7844410094141,general_trajectory
4480.45718823285,-2565.54422302766,5716.63651468554,-2839.83306035856,-0.370139238770269,3.16953934516113,6.78793230672437,general_trajectory
4481.45718823285,-2565.91279138482,5719.80255328332,-2833.04338584858,-0.366997390431353,3.1625371821727,6.79141533466901,general_trajectory
4482.45718823285,-2566.27821763888,5722.96158771473,-2826.2502324471,-0.363855033169226,3.15553101371601,6.79489008900123,general_trajectory
4483.45718823285,-2566.64050128269,5726.11361397817,-2819.45360842987,-0.360712170503866,3.14852084752998,6.79835656548156,general_trajectory
4484.45718823285,-2566.99964181259,5729.25862807979,-2812.65352207684,-0.357568805956052,3.14150669135796,6.80181475987787,general_trajectory
4485.45718823285,-2567.35563872848,5732.39662603347,-2805.84998167223,-0.354424943047359,3.13448855294774,6.80526466796538,general_trajectory
4486.45718823285,-2567.70849153374,5735.52760386087,-2799.04299550439,-0.35128058530014,3.12746644005152,6.80870628552666,general_trajectory
4487.45718823285,-2568.05819973531,5738.65155759134,-2792.23257186605,-0.348135736237593,3.12044036042606,6.81213960835157,general_trajectory
4488.45718823285,-2568.40476284362,5741.76848326206,-2785.41871905401,-0.344990399383658,3.11341032183242,6.8155646322374,general_trajectory
4489.45718823285,-2568.74818037265,5744.87837691794,-2778.6014453693,-0.34184457826308,3.10637633203613,6.81898135298876,general_trajectory
4490.45718823286,-2569.0884518399,5747.98123461167,-2771.78075911711,-0.338698276401375,3.0993383988071,6.82238976641765,general_trajectory
4491.45718823286,-2569.42557676638,5751.07705240368,-2764.95666860694,-0.335551497324901,3.0922965299198,6.82578986834337,general_trajectory
4492.37165747775,-2569.73111237792,5753.90191675876,-2758.71327482401,-0.332673449902925,3.08585351888657,6.82889187786396,general_trajectory
4492.37165747775,-2569.73113142871,5753.90201938174,-2758.71311097812,-0.332673396567008,3.08585339718328,6.8288919285947,general_trajectory
4492.3716575191,-2569.73113142871,5753.90201938174,-2758.71311097812,-0.332673396567008,3.08585339718328,6.8288919285947,general_trajectory
4492.3716575191,-2569.7466897315,5753.93654081842,-2758.72914477059,-0.332674830867908,3.08587172232226,6.82893250836731,general_trajectory
4493.3716575186,-2570.07797045517,5757.01963893077,-2751.89770540223,-0.329886504083876,3.08032389896344,6.83394521965495,general_trajectory
4494.3716575181,-2570.4064625145,5760.09718740153,-2745.06125636983,-0.327097502766872,3.07477244041168,6.83895183582197,general_trajectory
4495.3716575176,-2570.73216523666,5763.16918259932,-2738.21980377043,-0.324307830303283,3.0692173542978,6.84395235300209,general_trajectory
4496.3716575171,-2571.0550779522,5766.23562090041,-2731.37335370496,-0.32151749008773,3.06365864827759,6.84894676733923,general_trajectory
4497.3716575166,-2571.37519999506,5769.29649868874,-2724.52191227818,-0.31872648552307,3.05809633003178,6.85393507498763,general_trajectory
4498.3716575161,-2571.69253070261,5772.35181235591,-2717.66548559869,-0.315934820020394,3.05253040726613,6.85891727211201,general_trajectory
4499.3716575156,-2572.00706941561,5775.40155830128,-2710.80407977894,-0.313142496999029,3.04696088771143,6.8638933548876,general_trajectory
4500.37165751509,-2572.31881547826,5778.44573293193,-2703.93770093518,-0.310349519886537,3.04138777912357,6.86886331950034,general_trajectory
4501.37165751459,-2572.62776823819,5781.48433266273,-2697.06635518747,-0.307555892118715,3.03581108928356,6.87382716214694,general_trajectory
4502.37165751409,-2572.93392704646,5784.51735391631,-2690.19004865969,-0.304761617139596,3.03023082599758,6.87878487903504,general_trajectory
4503.37165751359,-2573.23729125758,5787.54479312315,-2683.30878747947,-0.301966698401449,3.024646997097,6.88373646638327,general_trajectory
4504.37165751309,-2573.53786022952,5790.56664672156,-2676.42257777825,-0.299171139364774,3.01905961043846,6.88868192042143,general_trajectory
4505.37165751259,-2573.83563332373,5793.58291115771,-2669.53142569122,-0.29637494349831,3.01346867390384,6.89362123739058,general_trajectory
4506.37165751209,-2574.1306099051,5796.59358288569,-2662.63533735731,-0.293578114279025,3.00787419540037,6.89855441354312,general_trajectory
4507.37165751159,-2574.42278934204,5799.59865836749,-2655.73431891923,-0.290780655192124,3.00227618286063,6.90348144514299,general_trajectory
4508.37165751109,-2574.71217100641,5802.59813407305,-2648.82837652337,-0.28798256973104,2.99667464424257,6.90840232846571,general_trajectory
4509.37165751059,-2574.99875427359,5805.59200648027,-2641.91751631988,-0.285183861397439,2.99106958752961,6.91331705979856,general_trajectory
4510.37165751009,-2575.28253852246,5808.58027207508,-2635.00174446259,-0.282384533701214,2.9854610207306,6.91822563544065,general_trajectory
4511.37165750959,-2575.56352313542,5811.56292735139,-2628.08106710905,-0.279584590160488,2.9798489518799,6.92312805170306,general_trajectory
4512.37165750909,-2575.8417074984,5814.53996881119,-2621.15549042047,-0.27678403430161,2.97423338903743,6.92802430490898,general_trajectory
4513.37165750858,-2576.11709100082,5817.51139296452,-2614.22502056175,-0.273982869659153,2.96861434028867,6.93291439139381,general_trajectory
4514.37165750808,-2576.38967303569,5820.47719632953,-2607.28966370142,-0.271181099775913,2.96299181374471,6.93779830750526,general_trajectory
4515.37165750758,-2576.65945299954,5823.43737543249,-2600.34942601169,-0.268378728202908,2.95736581754228,6.94267604960351,general_trajectory
4516.37165750708,-2576.92643029245,5826.39192680782,-2593.40431366838,-0.265575758499374,2.95173635984382,6.94754761406133,general_trajectory
4517.37165750658,-2577.19060431809,5829.34084699812,-2586.45433285094,-0.262772194232762,2.94610344883745,6.95241299726416,general_trajectory
4518.37165750608,-2577.45197448366,5832.28413255418,-2579.49948974244,-0.259968038978741,2.94046709273708,6.95727219561027,general_trajectory
4519.37165750558,-2577.71054019998,5835.22178003503,-2572.53979052951,-0.257163296321188,2.93482729978238,6.96212520551087,general_trajectory
4520.37165750508,-2577.96630088144,5838.15378600794,-2565.57524140239,-0.25435796985219,2.92918407823885,6.96697202339025,general_trajectory
4521.37165750458,-2578.21925594603,5841.08014704847,-2558.6058485549,-0.25155206317204,2.92353743639784,6.97181264568587,general_trajectory
4522.37165750408,-2578.46940481533,5844.00085974048,-2551.63161818438,-0.248745579889235,2.9178873825766,6.9766470688485,general_trajectory
4523.37165750358,-2578.71674691456,5846.91592067616,-2544.65255649175,-0.24593852362047,2.91223392511829,6.98147528934236,general_trajectory
4524.37165750308,-2578.96128167254,5849.82532645605,-2537.66866968142,-0.243130897990638,2.90657707239203,6.98629730364522,general_trajectory
4525.37165750258,-2579.20300852172,5852.72907368907,-2530.67996396135,-0.240322706632824,2.90091683279293,6.99111310824853,general_trajectory
4526.37165750207,-2579.4419268982,5855.62715899257,-2523.68644554299,-0.237513953188302,2.89525321474212,6.99592269965758,general_trajectory
4527.37165750157,-2579.67803624172,5858.51957899232,-2516.68812064127,-0.234704641306534,2.88958622668678,7.00072607439155,general_trajectory
4528.37165750107,-2579.91133599565,5861.40633032254,-2509.6849954746,-0.23189477464516,2.88391587710018,7.00552322898371,general_trajectory
4529.37165750057,-2580.14182560707,5864.28740962596,-2502.67707626485,-0.229084356870002,2.8782421744817,7.01031415998152,general_trajectory
4530.37165750007,-2580.36950452668,5867.16281355379,-2495.66436923734,-0.22627339165505,2.87256512735688,7.01509886394672,general_trajectory
4531.37165749957,-2580.5943722089,5870.03253876581,-2488.6468806208,-0.223461882682469,2.86688474427743,7.01987733745554,general_trajectory
4532.37165749907,-2580.8164281118,5872.89658193034,-2481.62461664741,-0.220649833642583,2.86120103382128,7.02464957709873,general_trajectory
4533.37165749857,-2581.03567169717,5875.75493972433,-2474.59758355273,-0.217837248233878,2.85551400459258,7.02941557948177,general_trajectory
4534.37165749807,-2581.2521024305,5878.60760883329,-2467.5657875757,-0.215024130162996,2.84982366522178,7.03417534122494,general_trajectory
4535.37165749757,-2581.46571978097,5881.45458595142,-2460.52923495866,-0.212210483144727,2.84413002436562,7.03892885896348,general_trajectory
4536.37165749707,-2581.6765232215,5884.29586778157,-2453.48793194728,-0.209396310902005,2.83843309070717,7.04367612934771,general_trajectory
4537.37165749657,-2581.88451222873,5887.13145103529,-2446.44188479058,-0.206581617165906,2.83273287295585,7.04841714904315,general_trajectory
4538.37165749606,-2582.08968628304,5889.96133243286,-2439.39109974092,-0.203766405675635,2.82702937984751,7.05315191473068,general_trajectory
4539.37165749556,-2582.29204486854,5892.78550870329,-2432.33558305395,-0.20095068017853,2.82132262014436,7.05788042310662,general_trajectory
4540.37165749506,-2582.49158747311,5895.60397658439,-2425.27534098864,-0.198134444430049,2.81561260263512,7.0626026708829,general_trajectory
4541.37165749456,-2582.68831358838,5898.41673282274,-2418.21037980722,-0.195317702193765,2.80989933613494,7.06731865478718,general_trajectory
4542.37165749406,-2582.88222270973,5901.22377417379,-2411.14070577519,-0.192500457241362,2.8041828294855,7.07202837156298,general_trajectory
4543.37165749356,-2583.07331433635,5904.02509740181,-2404.0663251613,-0.189682713352629,2.798463091555,7.0767318179698,general_trajectory
4543.51817493435,-2583.10107591439,5904.43505963928,-2403.02941007787,-0.189269823049732,2.79762477932219,7.07742042804321,general_trajectory
4543.51817493435,-2583.10107588395,5904.43505957339,-2403.02941003814,-0.18926982305196,2.79762477936168,7.07742042814689,general_trajectory
