<?xml version='1.0' encoding='UTF-8'?>
<kml xmlns="http://www.opengis.net/kml/2.2" xmlns:atom="http://www.w3.org/2005/Atom" xmlns:gx="http://www.google.com/kml/ext/2.2">
  <Document>
    <name>Trajectory full_trajectory</name>
    <Style id="19050">
      <LineStyle>
        <color>ff0000ff</color>
        <width>5</width>
      </LineStyle>
    </Style>
    <Placemark>
      <name>Separation Point full_trajectory</name>
      <Point>
        <altitudeMode>relativeToGround</altitudeMode>
        <coordinates>-0.7742605048451594,60.818797246876954,36.96668852214659</coordinates>
      </Point>
      <Style>
        <IconStyle>
          <Icon>
            <href>http://maps.google.com/mapfiles/kml/shapes/placemark_square.png</href>
          </Icon>
        </IconStyle>
      </Style>
    </Placemark>
    <Placemark>
      <name>Trajectory full_trajectory</name>
      <LineString>
        <extrude>1</extrude>
        <altitudeMode>relativeToGround</altitudeMode>
        <coordinates>-0.7742605048451594,60.818797246876954,36.96668852214659 -0.7742581145495251,60.81880682550719,38.003340609054035 -0.7742557233424066,60.81881609720824,41.14162158958139 -0.7742533345748939,60.818825060733445,46.433941028100854 -0.7742508483410973,60.81883283858534,53.05797237184783 -0.7742507823658968,60.81883371528437,53.933532236941545 -0.7742484065099404,60.818842058943915,63.69446777932929 -0.7742460422090858,60.81885009102824,75.77167607957381 -0.7742436933117745,60.81885781052443,90.220956911008 -0.7742413143708688,60.818863717517566,103.4225219863549 -0.774241362547599,60.81886521648714,107.0989974416263 -0.7742390540321935,60.81887230803536,126.4633881264908 -0.7742367720198047,60.818879084357725,148.372638570728 -0.7742345196537315,60.818885544717496,172.88619336699819 -0.7742322775451669,60.81888982494673,191.38253705458956 -0.7742321333718394,60.81889168883941,200.0644479593562 -0.7742299536435269,60.818897515351686,229.96876381822827 -0.7742278172016483,60.81890302413146,262.66148482550585 -0.7742257277797364,60.81890821474595,298.20595667039 -0.7742236385842034,60.818911119177685,320.47145590130674 -0.7742236385842034,60.81891111917774,320.47145537248076 -0.7742236385842034,60.81891111917774,320.47145537248076 -0.7742392810217211,60.81891108278268,320.4714525008507 -0.7742372908475943,60.81891582274088,360.6778369207436 -0.7742355845402642,60.8189205768559,403.90475954870124 -0.7742343930367781,60.81892568104934,450.2192356450763 -0.7742346271526515,60.81892845797373,474.4499163166793 -0.7742339495089254,60.818931474557296,499.6892377044145 -0.7742344893428026,60.81893829989939,552.3837104202561 -0.7742362501178945,60.81894650284636,608.3725856099411 -0.7742405805193187,60.81895638582809,667.4661275318471 -0.7742394715857586,60.818956432387644,667.7267972725211 -0.7742443956496459,60.81896844069907,730.5182965926844 -0.7742512663436685,60.818982883111616,796.8200670116146 -0.7742603298140693,60.81900011808135,866.706139390716 -0.7742673769762973,60.81900976523112,902.5458024135039 -0.7742718343012598,60.81902050716129,940.251607171108 -0.7742860301239602,60.819044414976084,1017.532641637169 -0.7743031696651883,60.81907220920026,1098.6265072040646 -0.7743255717081752,60.81910396778695,1182.8691891842643 -0.7743255717081752,60.81910396778687,1182.8691892105473 -0.7743255717081752,60.81910396778687,1182.8691892105473 -0.7743255732657417,60.819103967673875,1182.8690175963802 -0.7743301615185203,60.81911293659002,1205.3645422501233 -0.774334978455272,60.81912221192205,1228.1242509690167 -0.7743442023106866,60.81913179377918,1251.149544792047 -0.7743492939563055,60.819140547107494,1271.790834863656 -0.7743494770883217,60.819141682242766,1274.4418303760513 -0.7743494770883217,60.819141682242766,1274.4418303760513 -0.7743494770883217,60.819141682242766,1274.4418303760513 -0.7743494769925121,60.81914168195472,1274.4418363324185 -0.7743768197203735,60.81918311899641,1367.5349835107336 -0.7744079987023156,60.81922974366771,1464.764037505394 -0.7744434118161223,60.8192821460737,1566.2108986605529 -0.7744834827836939,60.81934095602668,1671.9582409379404 -0.7745286614679117,60.81940684361498,1782.0894619324035 -0.7745794241141368,60.81948051968869,1896.6886292737806 -0.774636273535549,60.81956273626407,2015.8404234764675 -0.7746997392438288,60.81965428684722,2139.6300776363832 -0.774770377526437,60.819756006679214,2268.1433141912244 -0.7748487714728185,60.81986877290374,2401.46627905083 -0.7749355309497616,60.81999350465991,2539.685473449944 -0.7750312925281264,60.82013116310153,2682.8876839059303 -0.7751367193634451,60.820282751345104,2831.1599106856033 -0.7751677515055633,60.82032684030383,2872.6691673602154 -0.7752525010306215,60.820449314349524,2984.589295043815 -0.775379353316282,60.82063193872969,3143.2630458552 -0.7755180178641297,60.82083175234957,3307.2682339000685 -0.7756692610686855,60.82104992280187,3476.690740848805 -0.7758338739705835,60.8212876573584,3651.615601032643 -0.7760126721993288,60.82154620298807,3832.127375962266 -0.7762064483205222,60.821826775528045,4018.2626218915952 -0.7764153613428846,60.8221296502468,4209.416588872216 -0.7766397148050714,60.822455319563055,4405.148538123417 -0.7768803367375767,60.82280506031434,4605.519359155895 -0.777138093272697,60.82318020955596,4810.601334879771 -0.7774138753936484,60.82358214491833,5020.46540564331 -0.7777085985213148,60.82401228409369,5235.181064714133 -0.7778791768110693,60.82426040299137,5354.887826892214 -0.7780232020559481,60.82447208424824,5454.816255879499 -0.7783586488746437,60.8249630413637,5679.437273637012 -0.7787159247879174,60.82548668951134,5909.1086667649515 -0.7790960379569754,60.82604460006168,6143.893145594377 -0.7795000182515537,60.826638380797334,6383.851478499949 -0.7799288943707552,60.827269641318644,6629.029152728167 -0.7803836467913072,60.82793992166943,6879.430430542084 -0.7808652511409662,60.828650757919384,7135.04726040888 -0.7813746873057141,60.829403695939575,7395.865717544553 -0.7819129294059337,60.830200276122,7661.8615388255 -0.7824808923588762,60.83104195185975,7932.9743159731215 -0.7830794601588309,60.83193013240941,8209.1247016096 -0.7837095077688616,60.832866216137354,8490.226767025015 -0.7842525447281332,60.833672259532435,8724.859533289813 -0.7843719076215621,60.83385160040116,8776.19155632982 -0.7850675687061539,60.83488774137862,9066.944575966347 -0.7857974127281011,60.83597611763643,9362.41444414155 -0.7865623568412445,60.83711820366523,9662.52539287735 -0.7873633617150233,60.83831554374698,9967.216593736755 -0.7882015465384882,60.839569929036315,10276.485659087703 -0.7890780736545935,60.84088322054465,10590.3402726463 -0.7899941412606779,60.84225733810391,10908.794288897774 -0.790951314805568,60.84369477220199,11231.983856906805 -0.7919514401622223,60.84519845117405,11560.128773419183 -0.7929964020176783,60.84677136878319,11893.444023119131 -0.7940879943595007,60.84841638359613,12232.098839599834 -0.7952276604311521,60.8501358154397,12576.137690297626 -0.7964167943841289,60.851931911909574,12925.582840662177 -0.7965304975704157,60.852107786837465,12959.28714859671 -0.797656800590687,60.853806940157874,13280.454160531652 -0.7989490929739702,60.855763185817835,13640.769154414767 -0.800295094356386,60.85780295194774,14006.542995128331 -0.8016962358275634,60.859928557996895,14377.788560538671 -0.8031539561317516,60.86214233879695,14754.516473211452 -0.804669701076989,60.86444664357777,15136.735142850988 -0.8062449229672097,60.866843835012055,15524.450811087208 -0.8078810800565464,60.86933628828874,15917.667598762331 -0.8095796360284169,60.87192639021734,16316.38755520678 -0.8113420594993386,60.87461653836416,16720.610709655062 -0.813169823548435,60.877409140222554,17130.335124458838 -0.8150644052732616,60.88030661241727,17545.55695002919 -0.8170272853724327,60.88331137994584,17966.270481494135 -0.8177679545677563,60.88444942289487,18123.132499053274 -0.8190599477566991,60.88642587545652,18392.46821682304 -0.8211638791874236,60.88965253856601,18824.140916488806 -0.8233405690052678,60.892993815310746,19261.277676815687 -0.8255915012935873,60.896452145649185,19703.864467485004 -0.8279181445633412,60.900029947017146,20151.882257334364 -0.8303219684174792,60.903729640473145,20605.31060142602 -0.8328044466004769,60.907553655381186,21064.128335579884 -0.8328187499627404,60.90757893338458,21067.12940934257 -0.8328193845680971,60.90757879772991,21067.121913452178 -0.835367715189534,60.91150428888311,21528.305636105 -0.8380119545289517,60.91558424823827,21997.83387663238 -0.8407392757800665,60.91979583627803,22472.680889239844 -0.8435511565896832,60.92414149409982,22952.820979122484 -0.846449075598116,60.928623665372726,23438.227512506004 -0.8494345125487541,60.93324479634979,23928.87300079072 -0.8514005679057277,60.93629291235844,24247.339382484057 -0.8525089484325861,60.9380073359311,24424.72918450985 -0.855673865667228,60.942913735778674,24925.76711716947 -0.8589307483094331,60.94796645048191,25431.957248711842 -0.8622810823010525,60.95316793777384,25943.269508737263 -0.8657263557487624,60.95852065879745,26459.67338925603 -0.8692680592357362,60.96402707842119,26981.13802703794 -0.8729076861663998,60.96968966560384,27507.632285414977 -0.876646733142934,60.97551089380819,28039.124835509516 -0.8804867003732966,60.98149324146216,28575.584236931638 -0.8844290920253854,60.9876391923306,29116.979005711684 -0.888475414143727,60.99395123196854,29663.277338220683 -0.8926271741236746,61.00043184666811,30214.447062981602 -0.8968858849176797,61.00708353000687,30770.456241916025 -0.9008865110620548,61.01333815251795,31284.74975693166 -0.9012530659196898,61.013908784062224,31331.273289650053 -0.9057302435570875,61.02091012015389,31896.867046648145 -0.9103189520263015,61.02809005981533,32467.206866351455 -0.9150207358032674,61.03545113862478,33042.26292210314 -0.919837149643314,61.04299590598753,33622.0061839952 -0.9247697572656364,61.05072692278392,34206.4082324236 -0.9298201320503381,61.058646762264964,34795.44132833101 -0.9349898578686577,61.06675801115494,35389.078495256326 -0.9402805299341708,61.07506327078873,35987.29359947165 -0.9456937556780929,61.08356515828124,36590.06142831495 -0.9512311556465818,61.092266307730235,37197.357766816276 -0.956894364421828,61.101169371452585,37809.15947273106 -0.9626850315664228,61.11027702125368,38425.444550208646 -0.9686048225919421,61.11959194973103,39046.192222084035 -0.969750835153917,61.12139751717812,39165.43341174744 -0.9746554199513753,61.129116871612325,39671.383001070295 -0.9808385240582993,61.13885452512901,40300.99875992338 -0.9871558543307515,61.14880767342605,40935.02280074635 -0.9936091502629552,61.15897910600898,41573.43992358042 -1.0002001725251262,61.169371640230246,42216.23649440597 -1.006930704092099,61.17998812281489,42863.400512701905 -1.0138025514029323,61.19083143142883,43514.921678868624 -1.0208175455528306,61.201904476289926,44170.79146136864 -1.0279775435177498,61.21321020182559,44831.00316409712 -1.0352844294147872,61.22475158837751,45495.55199382131 -1.0427401158000293,61.236531653956526,46164.43512813975 -1.0503465450046576,61.248553456051056,46837.6517838607 -1.0581056905142532,61.2608200934925,47515.2032864133 -1.061766964166111,61.26661067744764,47831.86892694745 -1.0660195579342258,61.27333470762924,48197.09309905863 -1.074090186033203,61.28610048361605,48883.326857773216 -1.0823196481255764,61.29912065224235,49573.91243526317 -1.0907100535496852,61.31239849190632,50268.86000978446 -1.0992635507750776,61.32593733325065,50968.18227127167 -1.1079823291132698,61.339740561484234,51671.89450002231 -1.1168686197742943,61.35381161760894,52380.01458790652 -1.125924697499812,61.368154000577334,53092.563106155554 -1.1351528834074998,61.382771271424645,53809.56346986487 -1.1445555469700537,61.39766705595303,54531.04202587258 -1.1541351079883384,61.412845047382945,55257.028137075635 -1.1638940386490049,61.42830900911903,55987.55427030565 -1.1738348656712674,61.44406277763596,56722.656088241056 -1.1813001021268406,61.455894863335,57268.929993862665 -1.183960172548609,61.46011026549419,57462.37254549091 -1.1942726018908445,61.476455464490975,58206.74598918189 -1.2047748578736162,61.49310244895739,58955.82226426829 -1.2154697088006117,61.51005537920895,59709.650823999786 -1.2263599897877384,61.52731850516067,60468.284845782175 -1.2374486055747411,61.54489617011693,61231.78135280213 -1.2487385334746648,61.562792814747574,62000.20134189687 -1.260232826468382,61.581012981262646,62773.609917973765 -1.2719346164554395,61.59956131779843,63552.076435449904 -1.2838471176703479,61.618442583030756,64335.674647285996 -1.2959736302761655,61.637661651029084,65124.48286195064 -1.3083175441476271,61.65722351636976,65918.58410910914 -1.320882342857118,61.67713329952597,66718.06631440211 -1.3336716078766813,61.69739625255388,67523.02248416719 -1.333839407010629,61.697662124365635,67533.52750748866 -1.3338394020748865,61.69766211592636,67533.52757323954 -1.333839161185665,61.69766171494917,67533.51178548827 -1.333841588465134,61.6976635859698,67533.5123110052 -1.346771150648749,61.71813859758921,68338.19265535405 -1.3597484380968297,61.73867148904715,69136.70499221925 -1.3727736094858187,61.75926218083293,69929.14604355633 -1.385846818635116,61.77991058411349,70715.61212037221 -1.3989682145146105,61.800616600832505,71496.19918529951 -1.4121379412497106,61.82138012380599,72271.002905407 -1.4253561382143403,61.842201036959786,73040.1186907655 -1.4386229399520971,61.86307921528688,73803.64173216489 -1.4519384760586433,61.88401452474138,74561.6670381943 -1.4653028711557,61.90500682228287,75314.28946281504 -1.4787162448628806,61.92605595591921,76061.60372731098 -1.4799652334841937,61.92801424978479,76130.76132778639 -1.492178711764268,61.94716176474116,76803.704437533 -1.5056903813725455,61.968324078951866,77540.68609706065 -1.5192513580881268,61.989542719891205,78272.64311674904 -1.5328617411569496,62.010817500056575,78999.66982136159 -1.5465216246245461,62.032148223119755,79721.8604535214 -1.5602310972890336,62.05353468394182,80439.30917540299 -1.5739902426510355,62.07497666858519,81152.11006848098 -1.5877991388630903,62.09647395432429,81860.35713164807 -1.6016578586772994,62.1180263096544,82564.14427791427 -1.61556646939124,62.13963349429975,83263.56532978172 -1.6295250327931683,62.161295259220495,83958.71401371791 -1.6321248300713194,62.16532590362412,84087.40620342475 -1.6321248300713194,62.16532590362412,84087.40620342475 -1.6435336378627028,62.1830114135876,84649.67174291752 -1.6575926006952102,62.20478223234624,85336.43349497285 -1.671702336198905,62.226608190783146,86018.95669250355 -1.685863259683913,62.2484897625727,86697.19814085767 -1.700075786557619,62.270427419086644,87371.11416182185 -1.714340332282319,62.292421629300016,88040.66060178283 -1.7286573123943185,62.31447285979482,88705.79283035353 -1.743027142539205,62.33658157478741,89366.46573632953 -1.7574502385058963,62.358748236154085,90022.63372365522 -1.7719270162534144,62.38097330344588,90674.25070842373 -1.7864578919343899,62.403257233896475,91321.2701163045 -1.7905185218659483,62.40947815569628,91500.764232394 -1.790525069531327,62.40945272210135,91503.9585808884 -1.8010499021842463,62.42557507627565,91966.83309433883 -1.8156902422977623,62.44797792091985,92604.5554073548 -1.8303857314002414,62.47044046628513,93237.65641321488 -1.845136673615258,62.49296286180029,93866.15742852034 -1.8599433753255141,62.51554525743409,94490.07986198307 -1.8748061452015463,62.53818780370922,95109.44521458093 -1.8897252942279863,62.56089065171226,95724.27507996495 -1.904701135729482,62.58365395310317,96334.59114486905 -1.9197339853988922,62.60647786012767,96940.41518939481 -1.9348241613234052,62.62936252562553,97541.76908739892 -1.9499719840093803,62.652308103037264,98138.67480727257 -1.9556130587390612,62.6608500140395,98359.35016459704 -1.9556130587390612,62.6608500140395,98359.35016459704 -1.965177777644442,62.6753147490705,98731.15381633186 -1.980441885487437,62.698382656705874,99319.21967888487 -1.9957646653657264,62.72151204520776,99902.88029332722 -2.0111464782166877,62.74470313531919,100482.14345660999 -2.0265876878678455,62.767956148727656,101057.01698690854 -2.0420886610680213,62.79127130807298,101627.50872383841 -2.0576497675166934,62.81464883695427,102193.62652882372 -2.073271379900774,62.838088959943775,102755.37828476986 -2.0889538739268403,62.86159190259638,103312.77189607268 -2.1046976283525964,62.88515789145698,103865.81528906444 -2.1205030250211507,62.90878715406936,104414.51641200465 -2.127863477096952,62.91978424896825,104667.90687485476 -2.1363704488952635,62.932479918987084,104958.88323519567 -2.152300288090487,62.95623641578119,105498.92375118694 -2.1682929339087025,62.980056875046934,106034.64597517771 -2.1843487808735915,63.00394152841411,106566.05794507217 -2.200468226765821,63.02789060855637,107093.1677216197 -2.216651672658145,63.05190434919841,107615.98338878353 -2.232899522950163,63.07598298512336,108134.51305410132 -2.249212185405071,63.100126752183364,108648.76484870608 -2.265590071187944,63.124335887307936,109158.74692763055 -2.282033594900952,63.148610628512266,109664.46747010793 -2.298543174621045,63.172951214904636,110165.93467992001 -2.3077725928131088,63.18654697695694,110443.60228145319 -2.3077725927405197,63.186546976848234,110443.60229069184 -2.307772327212575,63.18654658171085,110443.57994769339 -2.307766026987167,63.186502079900414,110447.68140686632 -2.3243799556055933,63.21094661605956,110942.56930320055 -2.3410622383005375,63.23545941177582,111433.33530107474 -2.3578132979571933,63.26004069133618,111919.99534826246 -2.374633561089354,63.28469068015479,112402.56546651988 -2.391523457879458,63.30940960478107,112881.06175245128 -2.408483422218353,63.33419769290857,113355.5003780479 -2.425513891746448,63.359055173383354,113825.89759159787 -2.4426153078946697,63.383982276212606,114292.26971827744 -2.459788115926443,63.4089792325734,114754.63316102274 -2.477032764979782,63.434046274821455,115213.00440120266 -2.494349708110178,63.45918363649984,115667.39999945601 -2.5117394023342,63.4843915523477,116117.83659645001 -2.5292023086736606,63.509670258309484,116564.3309137022 -2.546738892199528,63.5350199915436,117006.89975434422 -2.5643496220776854,63.5604409904317,117445.56000398648 -2.582034971614661,63.58593349458779,117880.32863150674 -2.5997954183038985,63.61149774486742,118311.2226899131 -2.617631443872938,63.63713398337708,118738.25931718366 -2.635543534331049,63.66284245348355,119161.45573710461 -2.6535321800174927,63.68862339982348,119580.82926015898 -2.671597875650832,63.71447706831274,119996.39728438327 -2.6897411203782724,63.74040370615649,120408.17729628681 -2.7021998209218907,63.758186709755805,120687.77233384256 -2.707962417825172,63.76640356185733,120816.18687184519 -2.72626227614748,63.792476885226925,121220.44367726998 -2.744641208083209,63.81862392739571,121620.96546994819 -2.7630997310050702,63.844844940823435,122017.77009930839 -2.781638366973908,63.871140179309,122410.87550778911 -2.8002576427926726,63.89750989800136,122800.29973176906 -2.8189580900607325,63.923954353409194,123186.06090254465 -2.8377402452303784,63.950473803412024,123568.17724728136 -2.8566046496624153,63.977068507270864,123946.66708997253 -2.875551849683319,64.00373872563867,124321.54885247859 -2.8945823966437843,64.03048472057148,124692.84105547461 -2.9136968469771602,64.05730675553954,125060.56231948352 -2.932895762258852,64.0842050954383,125424.73136587568 -2.9521797092675683,64.11118000659985,125785.36701794862 -2.971549260045805,64.13823175680393,126142.48820191195 -2.991004991963024,64.16536061529018,126496.11394797538 -3.0105474877780694,64.19256685276923,126846.26339141645 -3.0301773357042237,64.21985074143475,127192.95577365086 -3.0498951294728442,64.2472125549754,127536.21044329356 -3.0697014684009787,64.27465256858706,127876.0468573352 -3.0895969574572746,64.30217105898453,128212.48458218864 -3.109582207330334,64.32976830441459,128545.54329484074 -3.1296578344975217,64.35744458466817,128875.24278399548 -3.1370813513327676,64.36766440216562,128995.90722712102 -3.149824461295367,64.38520018109296,129201.60295122335 -3.170082715989963,64.4130353766065,129524.64381213005 -3.1904332328497276,64.44095045570887,129844.38549755666 -3.2108766522182464,64.46894570449608,130160.8482547189 -3.2314136205884836,64.49702141067311,130474.05244849133 -3.252044790678468,64.52517786356758,130784.01856253594 -3.272770821507663,64.55341535414318,131090.76720062265 -3.293592378474642,64.58173417501364,131394.31908786364 -3.31451013343613,64.61013462045642,131694.69507193216 -3.3355247647868964,64.63861698642717,131991.9161243701 -3.3566369575411557,64.66718157057367,132286.00334189643 -3.3778474034151316,64.69582867225061,132576.9779477124 -3.399156800911072,64.7245585925339,132864.86129280613 -3.420565855401776,64.75337163423579,133149.67485733196 -3.4420752792177325,64.78226810191983,133431.44025192276 -3.4636857917343207,64.81124830191598,133710.17921909696 -3.4853981194613937,64.84031254233604,133985.91363464046 -3.507212996133461,64.86946113308927,134258.6655090213 -3.5291311628018036,64.89869438589807,134528.45698881013 -3.551153367927782,64.92801261431437,134795.31035810034 -3.5732803674777074,64.95741613373512,135059.24804000824 -3.5955129250191646,64.98690526141931,135320.2925981274 -3.6178518118188094,65.01648031650444,135578.46673802834 -3.6190353068648164,65.01804459263003,135592.02174835972 -3.6402978069421863,65.0461416200231,135833.79330878274 -3.6628516973540286,65.07588949492026,136086.29530447253 -3.685514278021543,65.1057242660707,136335.99586576587 -3.708286352018206,65.13564626029587,136582.9182815118 -3.7311687306299177,65.16565580638247,136827.0859902469 -3.7541622334626084,65.19575323509969,137068.5225819212 -3.7772676885516603,65.22593887921803,137307.25179945084 -3.800485932473066,65.2562130735271,137543.2975403898 -3.823817810455921,65.28657615485488,137776.6838586226 -3.8472641764980438,65.31702846208651,138007.4349660565 -3.8708258934821345,65.34757033618322,138235.57523432007 -3.894503833294266,65.37820212020212,138461.12919653524 -3.918298876944789,65.40892415931572,138684.12154902713 -3.9422119146907164,65.43973680083225,138904.57715318247 -3.966243846160097,65.47064039421547,139122.52103720277 -3.9704790126406806,65.47607826295645,139160.54706945445 -3.9704790126406806,65.47607826295645,139160.54706945445 -3.9903955828945925,65.50163528999988,139337.97859803808 -4.014668062656341,65.53272183332778,139550.97677539982 -4.0390622401296525,65.56390036830348,139761.5432674958 -4.06357908020658,65.59517124115364,139969.7059645534 -4.088219558102622,65.62653480025803,140175.49294892343 -4.112984659498579,65.65799139617032,140378.93249726418 -4.1378753806848465,65.68954138163856,140580.05308269858 -4.1563025279592125,65.71285627087548,140726.82742296872 -4.162892728708158,65.72118511162681,140778.88337701416 -4.188037721520118,65.75292294333583,140975.45225286446 -4.213311388129796,65.7847552362257,141169.7887860585 -4.2387147687571485,65.81668235203692,141361.922257823 -4.264248914990446,65.84870465481342,141551.88215713514 -4.289914889945379,65.88082251092531,141739.69818308458 -4.31571376842831,65.91303628909118,141925.40024722973 -4.341646637100354,65.94534636040216,142109.0184760344 -4.367714594646259,65.97775309834539,142290.5832133152 -4.393918751945193,66.01025687882786,142470.12502273402 -4.420260232244516,66.04285808020117,142647.6746903256 -4.446740171337069,66.07555708328586,142823.2632270383 -4.473359717741374,66.10835427139689,142996.92187133225 -4.500120032884695,66.14125003036911,143168.68209181182 -4.527022291289995,66.17424474858288,143338.57558991225 -4.554067680765797,66.20733881699071,143506.63430259493 -4.581257402599476,66.24053262914357,143672.8904051084 -4.608592671753826,66.27382658121847,143837.37631373308 -4.636074717067885,66.3072210720455,144000.12468869434 -4.663704781460524,66.34071650313604,144161.16843693244 -4.6914841221382915,66.37431327871104,144320.54071509684 -4.719414010806901,66.40801180572979,144478.2749324657 -4.747495733886126,66.44181249391946,144634.40475398378 -4.759376494002652,66.45608514809535,144699.71801599007 -4.775730592729758,66.47571575580423,144788.96410322917 -4.80411990384809,66.50972200673638,144941.98716561275 -4.832664999135915,66.54383166492599,145093.50839143025 -4.861367226103795,66.5780451514728,145243.56249910672 -4.890227948114017,66.61236289039786,145392.184478388 -4.919248544620984,66.64678530867505,145539.409593669 -4.948430411415899,66.68131283626482,145685.27338729767 -4.977774960876189,66.71594590614633,145829.8116829772 -5.007283622219575,66.7506849543522,145973.0605892085 -5.036957841763069,66.78553042000209,146115.05650278987 -5.06679908318668,66.82048274533837,146255.8361123482 -5.089697967949803,66.8472405843246,146362.52353899606 -5.089723287409441,66.84729714145217,146362.97957328582 -5.096834249533487,66.8555989896575,146395.9004191745 -5.127014434834592,66.89076661594575,146534.3916310878 -5.157366161086884,66.92604245735747,146671.7750878499 -5.187890980016078,66.96142697725718,146808.08595214467 -5.218590462379382,66.99692064238768,146943.35967349933 -5.249466198266589,67.03252392290987,147077.63199187274 -5.280519797407692,67.0682372924429,147210.93894129928 -5.31175288948657,67.10406122810495,147343.3168536016 -5.3431671244595975,67.13999621055554,147474.80236217863 -5.374764172882124,67.17604272403757,147605.43240579453 -5.406545726240694,67.21220125642046,147735.24423250303 -5.438513497292092,67.24847229924447,147864.27540363357 -5.441902507293747,67.25230989181696,147877.8598410045 -5.4706692204084675,67.28485634776513,147992.56379773485 -5.503014651930869,67.32135390099879,148120.1476147632 -5.5355515705283835,67.35796546176911,148247.0653801636 -5.568281777565289,67.39469153675407,148373.35594913614 -5.60120709747585,67.431532636534,148499.05851095988 -5.634329378146447,67.46848927564082,148624.21259330845 -5.667650491304897,67.50556197260708,148748.85806674973 -5.701172332919555,67.54275125001746,148873.0351492469 -5.7348968236047995,67.58005763456002,148996.7844107955 -5.768825909035854,67.61748165707854,149120.14677804123 -5.802961560372239,67.65502385262674,149243.16353913886 -5.837305774689895,67.69268476052208,149365.8763485018 -5.871860575421891,67.73046492440206,149488.32723182876 -5.906628012809847,67.76836489228027,149610.55859104908 -5.941610164363453,67.80638521660478,149732.61320949518 -5.976809135329944,67.84452645431632,149854.5342570717 -6.012227059174705,67.88278916690848,149976.365295536 -6.047866098071154,67.9211739204892,150098.15028396258 -6.0837284434009575,67.95968128584235,150219.93358415522 -6.119816316265968,67.9983118384919,150341.7599663047 -6.1561319680107545,68.03706615876654,150463.6746146149 -6.192677680756844,68.07594483186551,150585.72313316984 -6.221709443369491,68.10674307036098,150682.25313451965 -6.229455767947741,68.1149484479264,150707.95155176043 -6.2664685749076625,68.15407760209372,150830.40633196678 -6.303718479410264,68.19333289458929,150953.13437325804 -6.341207892262389,68.23271493078312,151076.18301922875 -6.378939257899162,68.2722243212672,151199.60006400067 -6.416915054992842,68.31186168192959,151323.43375863152 -6.455137797075679,68.35162763403063,151447.73281783174 -6.493610033176537,68.39152280428046,151572.5464265943 -6.5071884776197635,68.40556937384932,151616.52670740866 -6.5071884776197635,68.40556937384932,151616.52670740866 -6.5323343543559815,68.43154782327822,151697.92449368336 -6.571313461945152,68.4717033067684,151823.92048406755 -6.610550145908633,68.51198986197885,151950.59047137763 -6.650047237468499,68.55240810111678,152077.99112397773 -6.6898076089285325,68.59295864170528,152206.17967426262 -6.72983417444695,68.63364210666012,152335.21392715655 -6.7701298908266665,68.6744591243698,152465.15226881034 -6.810697758324437,68.71541032877668,152596.05367548842 -6.851540821479404,68.75649635945966,152727.97772256634 -6.8926621699599195,68.79771786171894,152860.98459377588 -6.934064939431835,68.83907548666284,152995.13509066234 -6.975752312446758,68.8805698912962,153130.49064216466 -7.017727519351382,68.92220173861071,153267.11331444583 -7.059993839219516,68.96397169767788,153405.06582093085 -7.102554600805803,69.00588044374334,153544.41153253117 -7.122838499507253,69.02580068183765,153610.98933118235 -7.145413183522862,69.0479286583237,153685.21448812372 -7.188573018442639,69.0901170293056,153827.5394052156 -7.232037589321607,69.13244625104733,153971.45169089138 -7.275810433651941,69.17491702448186,154117.0174529214 -7.319895143738194,69.21753005722351,154264.30351119663 -7.36429536780102,69.2602860636763,154413.37740933552 -7.409014811108364,69.30318576514514,154564.30742667225 -7.454057237135544,69.34622988994968,154717.16259029316 -7.499426468753541,69.38941917354104,154872.01268764996 -7.5451263894487965,69.43275435862081,155028.928279118 -7.591160944573204,69.47623619526378,155187.98071114492 -7.637534142626521,69.51986544104324,155349.24212949525 -7.684250056571699,69.56364286115894,155512.78549286045 -7.7313128251847445,69.60756922856923,155678.68458685113 -7.778726654438799,69.65164532412585,155847.01403821257 -7.826495818925537,69.69587193671185,156017.849329414 -7.874624663313199,69.74024986338418,156191.26681364008 -7.923117603844105,69.7847799095186,156367.3437300274 -7.971979129870306,69.82946288895904,156546.15821935926 -8.021213805432751,69.87429962417076,156727.78934009772 -8.070826270880843,69.91929094639775,156912.31708482516 -8.120821244536785,69.96443769582356,157099.8223970514 -8.1712035244052,70.00974072173717,157290.3871884665 -8.179223939178854,70.01693258148343,157320.8650223564 -8.221977989929144,70.05520088270296,157484.0943566371 -8.273149603794565,70.10081904673531,157681.02780309203 -8.324723413784994,70.14659609147766,157881.272451895 -8.376704554687393,70.19253290438728,158084.9142687221 -8.429098250251343,70.23863038292431,158292.0402803129 -8.481909815203636,70.28488943474642,158502.73859456467 -8.535144657320046,70.33131097790876,158717.09842105236 -8.588808279555252,70.37789594106991,158935.21009209368 -8.642906282234833,70.4246452637033,159157.1650844157 -8.697444365309224,70.471559896315,159383.05604132215 -8.752428330674377,70.51864080066741,159612.97679550582 -8.807864084558787,70.56588895001005,159847.02239247103 -8.863757639981628,70.61330532931642,160085.28911454213 -8.920115119282201,70.66089093552867,160327.87450558014 -8.976942756725663,70.70864677780907,160574.87739636854 -9.034246901186094,70.75657387779883,160826.39793062778 -9.09203401891017,70.8046732698855,161082.5375919037 -9.150310696364528,70.85294600147782,161343.3992310462 -9.209083643170032,70.90139313328966,161609.08709457013 -9.268359695125724,70.9500157396323,161879.7068538098 -9.328145817325918,70.99881490871634,162155.36563489996 -9.388449107374612,71.04779174296257,162436.17204958954 -9.439674946077844,71.0892034109324,162676.88606120556 -9.449276798699799,71.09694735932335,162722.23622702525 -9.51063626397223,71.14628288961414,163013.66984641898 -9.572535018632522,71.19579948085556,163310.5861707362 -9.634980724530692,71.24549829562675,163613.10008130508 -9.697981193682239,71.29538051243088,163921.3281135826 -9.761544392146277,71.34544732607203,164235.38849391852 -9.825678444028966,71.39569994804536,164555.40117750762 -9.890391635619153,71.44613960694026,164881.48788746452 -9.95569241965967,71.49676754885733,165213.77215517635 -10.021589419760915,71.5475850378397,165552.37936187646 -10.088091434962536,71.59859335631965,165897.43678158388 -10.155207444448394,71.64979380558057,166249.07362536018 -10.222946612421794,71.70118770623543,166607.4210870783 -10.291318293148095,71.75277639872262,166972.6123906099 -10.360332036170291,71.80456124381944,167344.78283860817 -10.429997591706467,71.85654362317455,167724.0698628979 -10.500324916235968,71.90872493985977,168110.6130765675 -10.571324178282538,71.96110661894264,168504.55432779726 -10.643005764402545,72.01369010808055,168906.03775557087 -10.715380285389216,72.06647687813701,169315.20984724577 -10.788458582698638,72.1194684238221,169732.21949820095 -10.862251735111982,72.17266626435728,170157.2180735223 -10.936771065640386,72.22607194416615,170590.35947189407 -10.976336919915099,72.25429943733437,170821.94229437373 -10.976336921755916,72.25429943869302,170821.9423214803 -10.976340850423952,72.25430227097357,170822.07062057953 -10.976369371030131,72.25433382799858,170828.30186764785 -10.976369828622893,72.25433417310177,170828.3047102266 -10.976370286215626,72.2543345182049,170828.30755282094 -10.97637074380836,72.25433486330807,170828.3103954024 -10.976371201401122,72.25433520841125,170828.31323798138 -10.976371658993912,72.25433555351447,170828.31608057232 -10.976372116586703,72.25433589861764,170828.31892315397 -10.976372116586731,72.25433589861755,170828.31892315645 -10.976372116586731,72.25433589861755,170828.31892315645 -10.97637211657036,72.2543358986248,170828.31892694283 -11.051861335863748,72.30794620306091,171268.9600352367 -11.127774724925217,72.36153342286656,171707.5297532944 -11.204116045258758,72.41509735568967,172144.03084195213 -11.280889100206679,72.46863779620035,172578.46606383612 -11.358097735488627,72.5221545360494,173010.83818328852 -11.435745839748165,72.57564736382521,173441.14996646106 -11.51383734510759,72.62911606501041,173869.4041812459 -11.592376227729346,72.68256042193748,174295.60359732335 -11.671366508385574,72.73598021374401,174719.75098614645 -11.750812253035946,72.78937521632707,175141.84912098086 -11.830717573413182,72.8427452022965,175561.9007768623 -11.911086627615305,72.89608994092795,175979.90873063685 -11.991923620708803,72.94940919811464,176395.87576097492 -12.073232805337142,73.00270273631874,176809.8046483269 -12.155018482339301,73.05597031452184,177221.6981749844 -12.237285001376279,73.10921168817421,177631.55912508327 -12.32003676156637,73.16242660914372,178039.3902845498 -12.403278212128072,73.21561482566368,178445.1944411775 -12.487013853033204,73.26877608227969,178848.9743846056 -12.571248235668008,73.32191011979553,179250.73290630273 -12.655985963503127,73.37501667521909,179650.47279961972 -12.741231692772885,73.42809548170577,180048.19685975838 -12.826990133163775,73.48114626850199,180443.9078837819 -12.9132660485119,73.53416876088788,180837.60867064682 -13.000064257510076,73.58716268011851,181229.302021179 -13.087389634424085,73.64012774336375,181618.99073809639 -13.17524710981877,73.69306366364839,182006.67762600552 -13.263641671293357,73.74597014978995,182392.3654914332 -13.352578364227412,73.79884690633622,182776.05714278665 -13.442062292535354,73.85169363350141,183157.7553904101 -13.532098619432105,73.90451002710122,183537.46304654825 -13.62269256820801,73.9572957784868,183915.18292537186 -13.71384942301438,74.01005057447782,184290.91784300245 -13.805574529658912,74.0627740972941,184664.67061748117 -13.897873296412058,74.1154660244863,185036.44406878663 -13.990751194822678,74.16812602886507,185406.24101888185 -14.084213760545708,74.22075377842947,185774.0642916543 -14.178266594179064,74.27334893629393,186139.916712962 -14.272915362112258,74.32591116061369,186503.80111064168 -14.36816579738516,74.37844010450921,186865.72031449768 -14.46402370055793,74.43093541598982,187225.6771563132 -14.560494940591951,74.48339673787473,187583.67446986618 -14.657585455741668,74.53582370771417,187939.71509092924 -14.755301254457379,74.58821595770794,188293.80185727283 -14.853648416299535,74.64057311462335,188645.93760866317 -14.952633092864318,74.69289479971141,188996.12518691033 -15.052261508719937,74.74518062862165,189344.36743581714 -15.152539962355206,74.79743021131526,189690.6672012126 -15.25347482713866,74.84964315197728,190035.02733096757 -15.355072552290125,74.90181904892673,190377.4506749977 -15.457339663862655,74.95395749452518,190717.9400852423 -15.560282765737412,75.00605807508427,191056.49841571294 -15.663908540628995,75.05812037077082,191393.12852246675 -15.76822375110288,75.11014395551135,191727.833263624 -15.873235240604885,75.16212839689365,192060.61549938598 -15.97894993450197,75.21407325606793,192391.47809202538 -16.08537484113458,75.2659780876454,192720.42390587967 -16.192517052881414,75.31784243959534,193047.45580741146 -16.300383747234974,75.36966585314025,193372.57666513938 -16.40898218788979,75.42144786264981,193695.7893497159 -16.51831972584162,75.47318799553189,194017.09673388346 -16.628403800498972,75.52488577212283,194336.50169251836 -16.73924194080533,75.57654070557484,194654.0071025824 -16.850841766374373,75.62815230174219,194969.6158431976 -16.963210988635467,75.6797200590649,195283.3307956083 -17.076357411991182,75.73124346845087,195595.15484319808 -17.190288934986114,75.78272201315535,195905.0908715126 -17.30501355148749,75.83415516865905,196213.14176820847 -17.420539351875732,75.8855424025435,196519.31042314603 -17.536874524247935,75.93688317436475,196823.5997283409 -17.654027355630774,75.98817693552468,197126.01257795148 -17.772006233204365,76.03942312913962,197426.55186836168 -17.890819645538045,76.09062118990772,197725.22049809937 -18.01047618383558,76.14177054397315,198022.02136791768 -18.130984543189726,76.19287060878814,198316.95738073578 -18.252353523849393,76.24392079297297,198610.03144168752 -18.374592032494462,76.29492049617332,198901.2464581412 -18.49770908352096,76.34586910891507,199190.6053396442 -18.621713800335357,76.39676601245668,199478.1109979906 -18.746615416658102,76.4476105786391,199763.76634719697 -18.872423277835594,76.49840216973332,200047.57430353115 -18.999146842160485,76.54914013828446,200329.53778547078 -19.12679568220014,76.59982382695442,200609.65971378586 -19.255379486132284,76.6504525683608,200887.9430114566 -19.384908059087877,76.70102568491357,201164.39060375854 -19.515391324501337,76.7515424886493,201439.00541822304 -19.64683932546538,76.8020022810613,201711.7903846707 -19.779262226093323,76.85240435292854,201982.7484351781 -19.912670312884785,76.90274798414042,202251.88250411887 -20.04707399609751,76.95303244351945,202519.19552817757 -20.18248381112153,77.00325698863996,202784.6904463284 -20.318910419857815,77.05342086564494,203048.37019984293 -20.45636461209827,77.10352330905889,203310.23773232705 -20.59485730690841,77.15356354159796,203570.29598968444 -20.734399554010736,77.20354077397687,203828.54792015566 -20.87500253516737,77.2534542047127,204084.9964743326 -21.016677565563697,77.30330301992535,204339.64460512373 -21.159436095188198,77.3530863931345,204592.49526777648 -21.303289710211203,77.402803485054,204843.55141993312 -21.448250134359427,77.45245344338186,205092.81602153523 -21.594329230284586,77.50203540258762,205340.29203495354 -21.7415390009279,77.55154848369592,205585.98242487558 -21.889891590875862,77.60099179406677,205829.8901584198 -22.039399287707937,77.65036442717225,206072.01820503536 -22.190074523334516,77.69966546236934,206312.36953661763 -22.341929875323785,77.74889396466992,206550.94712740986 -22.49497806821472,77.79804898450604,206787.75395409545 -22.6492319748169,77.8471295574926,207022.79299576703 -22.804704617494366,77.89613470418587,207256.06723391658 -22.961409169429828,77.94506342983787,207487.57965247432 -23.11935895587186,77.99391472414764,207717.33323780535 -23.27856745535911,78.04268756100856,207945.330978698 -23.43904830092137,78.09138089825163,208171.57586638315 -23.60081528125474,78.13999367738491,208396.07089457387 -23.763882341870186,78.18852482332943,208618.81905941342 -23.928263586210107,78.23697324415058,208839.8233595034 -24.093973276735113,78.28533783078664,209059.08679593765 -24.2610258359731,78.33361745677195,209276.6123722829 -24.429435847532858,78.38181097795733,209492.40309456922 -24.599218057076257,78.42991723222606,209706.4619713396 -24.770387373248155,78.4779350392058,209918.79201363013 -24.942958868559003,78.52586319997656,210129.3962349799 -25.116947780219647,78.57370049677512,210338.2776514109 -25.292369510922157,78.62144569269479,210545.43928151377 -25.46923962956626,78.6690975313816,210750.884146353 -25.64757387192506,78.71665473672647,210954.61526956293 -25.827388141248974,78.76411601255344,211156.63567727886 -26.0086985088015,78.8114800423038,211356.9483982038 -26.191521214324524,78.85874548871634,211555.55646358422 -26.375872666429416,78.905910993504,211752.4629072153 -26.561769442907774,78.95297517702615,211947.67076547164 -26.749228290957547,78.99993663795738,212141.18307726958 -26.938266127323516,79.04679395295263,212333.0028841417 -27.128900038340618,79.09354567630801,212523.13323015076 -27.321147279881956,79.1401903396187,212711.57716199884 -27.515025277201318,79.18672645143273,212898.3377289602 -27.71055162466712,79.23315249690106,213083.41798292013 -27.907744085381523,79.27946693742501,213266.8209783479 -28.106620590678943,79.32566821029927,213448.54977237212 -28.307199239498203,79.37175472835247,213628.60742470608 -28.509498297621292,79.41772487958428,213806.99699770944 -28.713536196772395,79.46357702679921,213983.72155637175 -28.91933153357155,79.5093095072377,214158.78416833488 -29.12690306833443,79.55492063220463,214332.18790387711 -29.336269723712093,79.60040868669475,214503.93583595115 -29.547450583162544,79.6457719290159,214674.03104013918 -29.760464889247515,79.6910085904099,214842.47659471643 -29.975332041744338,79.73611687467098,215009.27558063925 -30.19207159556825,79.781094957763,215174.43108153535 -30.410703258492163,79.82594098743397,215337.94618370532 -30.63124688865929,79.87065308282986,215499.823976189 -30.853722491877846,79.91522933410684,215660.06755068232 -31.0781502186872,79.9596678020425,215818.68000160978 -31.304550361189712,80.00396651764652,215975.664426121 -31.53294334963394,80.04812348177056,216131.02392407943 -31.763349748742883,80.09213666471838,216284.7615980656 -31.99579025377554,80.13600400585624,216436.88055341892 -32.23028568631011,80.17972341322323,216587.38389819473 -32.40756418623366,80.21242316807395,216699.23222248102 -32.40756418623366,80.21242316807395,216699.23222248102 -32.46685698973468,80.22329276314463,216736.27474311343 -32.70552522382877,80.26670990001172,216883.5561882844 -32.94631155907348,80.30997263605877,217029.2313106415 -33.18923727229014,80.35307875069307,217173.30318690144 -33.43432374101215,80.39602599007733,217315.77489654275 -33.681592437370455,80.4388120667522,217456.64952182156 -33.93106492162161,80.48143465926267,217595.9301477778 -34.182762835304004,80.52389141178814,217733.6198622451 -34.43670789401094,80.5661799337779,217869.7217558284 -34.69292187976657,80.60829779959107,218004.23892195342 -34.951426632992934,80.6502425481433,218137.1744568607 -35.212244044052625,80.69201168255927,218268.53145958437 -35.475396044355165,80.73360266983288,218398.31303199427 -35.74090459701415,80.7750129404952,218526.52227877566 -36.008791687038695,80.81623988829122,218653.1623074618 -36.27907931104821,80.85728086986578,218778.23622842637 -36.55178946649568,80.89813320446008,218901.74715488017 -36.82694414038454,80.93879417361914,219023.69820290926 -37.10456529746668,80.97926102091108,219144.09249143203 -37.38467486790691,81.01953095165949,219262.93314224656 -37.66729473440006,81.05960113268952,219380.22328005178 -37.95244671872783,81.09946869208878,219495.96603239578 -38.24015256774021,81.13913071898389,219610.16452972605 -38.53043393875049,81.17858426333432,219722.82190537886 -38.823312384328034,81.21782633574367,219833.94129560128 -39.118809336478705,81.25685390729045,219943.5258395612 -39.41694609019791,81.29566390937883,220051.57867929662 -39.71774378638611,81.33425323361105,220158.10295982234 -40.02122339411511,81.37261873168252,220263.1018290551 -40.327405692232134,81.4107572153006,220366.5784378259 -40.6363112502944,81.44866545612932,220468.5359399574 -40.947960408822325,81.48634018576008,220568.977492185 -41.262373258862,81.52377809571087,220667.90625420367 -41.57956962085089,81.56097583745473,220765.32538867998 -41.89956902277825,81.59793002247939,220861.23806124274 -42.22239067763434,81.63463722237913,220955.64744050082 -42.54805346014217,81.67109396898067,221048.5566980478 -42.87657588277244,81.70729675450481,221139.96900846157 -43.207976071032704,81.7432420317649,221229.88754930292 -43.54227173803483,81.77892621440428,221318.31550116467 -43.87948015833936,81.81434567717403,221405.25604763284 -44.219618141078826,81.84949675625273,221490.71237530155 -44.56270200236423,81.88437574961016,221574.68767381253 -44.90874753698,81.91897891741607,221657.18513579605 -45.257769989377294,81.95330248249668,221738.2079569626 -45.60978402397208,81.98734263083955,221817.7593360402 -45.964803694762765,82.02109551214934,221895.842474824 -46.322842414281865,82.05455724045584,221972.46057813888 -46.68391292189688,82.08772389477619,222047.61685389682 -47.048027251482665,82.12059151983289,222121.3145130768 -47.41519669848452,82.15315612682917,222193.55676972133 -47.78543178640146,82.18541369428398,222264.3468409804 -48.15874223271365,82.2173601689274,222333.68794705658 -48.53513691428802,82.24899146665896,222401.58331129223 -48.9146238322964,82.28030347357003,222468.0361601091 -49.29721007668263,82.31129204703163,222533.04972303947 -49.68290179022321,82.34195301684989,222596.62723273525 -50.071704132220844,82.37228218648978,222658.77192498549 -50.46362124188744,82.40227533436918,222719.48703868515 -50.85865620146029,82.431928215224,222778.77581589413 -51.25681099911387,82.46123656154604,222836.64150179818 -51.658086491723,82.49019608509457,222893.08734474753 -52.062482367544746,82.5188024784823,222948.11659622254 -52.46999710888224,82.54705141683752,223001.73251090464 -52.88062795480579,82.57493855954193,223053.93834662336 -53.294370864005145,82.60245955204627,223104.73736439372 -53.71122047785178,82.62961002776291,223154.13282842952 -54.13117008375477,82.6563856100367,223202.12800609317 -54.55421157889705,82.68278191419387,223248.72616800276 -54.98033543444302,82.70879454966915,223293.9305879262 -55.409530660311404,82.73441912221074,223337.74454289506 -55.841784770608825,82.75965123616304,223380.17131312384 -56.27708374983027,82.78448649682647,223421.21418205524 -56.71541201992417,82.80892051289374,223460.8764363795 -57.15675240833211,82.83294889896115,223499.1613660312 -57.60108611711209,82.85656727811438,223536.0722641535 -58.0483926932576,82.87977128458677,223571.61242718613 -58.49865000032398,82.90255656648861,223605.78515479877 -58.95183419147875,82.92491878860541,223638.59374994243 -59.40791968409523,82.94685363526314,223670.04151883087 -59.86687913600106,82.96835681325757,223700.1317709702 -60.32868342350436,82.98942405484529,223728.8678191358 -60.79330162131451,83.0100511207933,223756.25297941812 -61.26070098447441,83.03023380348375,223782.29057117502 -61.73084693242096,83.04996793007031,223806.98391710676 -62.20370303528797,83.06924936568234,223830.33634320818 -62.679231002569225,83.08807401667275,223852.3511787925 -63.15739067424339,83.10643783390486,223873.03175650752 -63.638140014476306,83.1243368160739,223892.38141233617 -64.1214351079995,83.14176701305801,223910.40348558806 -64.60723015926318,83.15872452929342,223927.10131893077 -65.09547749446133,83.17520552716859,223942.47825839388 -65.5861275665109,83.19120623043116,223956.53765334678 -66.07912896307364,83.20672292760231,223969.2828565451 -66.57442841768821,83.2217519753918,223980.7172241053 -67.07197082408408,83.23628980210755,223990.84411553803 -67.57169925373442,83.25033291105332,223999.66689373323 -68.0735549766978,83.26387788390731,224007.18892496885 -68.57747748578984,83.27692138407535,224013.4135789408 -69.083404524113,83.28946016001102,224018.34422874707 -69.59127211597126,83.30149104849626,224021.98425088305 -70.10101460117083,83.3130109778745,224024.3370252899 -70.612564672711,83.3240169712297,224025.40593533305 -71.12585341785059,83.33450614950348,224025.1943678021 -71.64081036252352,83.34447573454341,224023.70571292887 -72.15736351906892,83.35392305207489,224020.9433644058 -72.67543943722117,83.36284553458944,224016.91071935816 -73.19496325830777,83.37124072414267,224011.6111784154 -73.71585877256831,83.37910627505387,224005.04814562303 -74.23804847951786,83.38643995650166,223997.2250285442 -74.76145365125134,83.39323965500789,223988.14523820803 -75.285994398579,83.39950337680375,223977.81218912455 -75.81158973986871,83.40522925007187,223966.2292993075 -76.3381576724648,83.41041552705822,223953.39999027614 -76.86561524653169,83.41506058604807,223939.3276870563 -77.39387864117398,83.41916293320084,223924.01581819466 -77.9228632426599,83.42272120423843,223907.4678157531 -78.45248372457785,83.4257341659827,223889.68711531776 -78.98265412973863,83.42820071773772,223870.6771560238 -79.51328795363531,83.43011989251256,223850.44138054005 -80.04429822925518,83.43149085808189,223828.9832351099 -80.57559761304744,83.4323129178806,223806.30616948678 -81.10709847182771,83.43258551173068,223782.41363702418 -81.63871297040862,83.43230821639781,223757.3090946266 -82.1703531597373,83.43148074597624,223730.99600279183 -82.70193106531929,83.4301029521011,223703.4778255873 -83.23335877570568,83.42817482398746,223674.75803068117 -83.76454853082282,83.42569648829604,223644.8400893181 -84.29541280991944,83.42266820882631,223613.72747637055 -84.8258644189185,83.41909038603761,223581.42367029897 -85.35581657694642,83.41496355640031,223547.9321532164 -85.88518300183657,83.4102883915781,223513.25641080295 -86.41387799439075,83.40506569744515,223477.39993243292 -86.9418165212017,83.39929641293966,223440.36621105892 -87.46891429583424,83.3929816087584,223402.1587433207 -87.99508785818531,83.38612248589514,223362.78102948036 -88.5202546518325,83.37872037402795,223322.2365734779 -89.04433309920614,83.3707767297593,223280.52888290427 -89.56724267442131,83.36229313471448,223237.66146902414 -90.08890397361843,83.35327129350354,223193.6378467774 -90.60923878267096,83.34371303155234,223148.46153479395 -91.12817014213257,83.33362029280846,223102.1360553876 -91.64562240930235,83.32299513732893,223054.66493456703 -92.161521317308,83.31183973875518,223006.0517020493 -92.67579403110712,83.30015638168294,222956.29989127177 -93.18836920032938,83.28794745893285,222905.4130393737 -93.69917700888881,83.2752154687299,222853.3946872177 -94.20814922130991,83.2619630117977,222800.24837941062 -94.71521922572312,83.24819278837562,222745.9776642856 -95.22032207350044,83.23390759516536,222690.58609393195 -95.72339451550484,83.21911032221475,222634.07722415472 -96.22437503495254,83.20380394974569,222576.45461457004 -96.72320387688569,83.18799154493351,222517.72182851253 -97.21982307427281,83.1716762586451,222457.88243311938 -97.71417647076086,83.15486132214254,222396.93999927255 -98.20620974011375,83.13755004375956,222334.8981016578 -98.69587040237978,83.1197458055576,222271.76031875698 -99.18310783684902,83.10145205996791,222207.5302328333 -99.66787329185244,83.08267232642658,222142.2114299658 -99.90950643546213,83.07309375851418,222109.11877461878 -99.90950643546213,83.07309375851418,222109.11877461878 -100.1501198914525,83.06341018799914,222075.80750013868 -100.62980263850267,83.04366928781207,222008.3220395569 -101.10687841537555,83.02345332570619,221939.75865065106 -101.58130598253857,83.00276605511431,221870.12093981766 -102.05304597381813,82.98161127976067,221799.41251726064 -102.5220608889978,82.95999285037864,221727.63699704988 -102.98831508388888,82.93791466146064,221654.79799711693 -103.4517747579814,82.91538064804537,221580.89913925147 -103.91240793978555,82.89239478254657,221505.9440491196 -104.37018446997887,82.86896107162757,221429.936356243 -104.82507598247415,82.84508355312528,221352.8796940487 -105.27705588352445,82.8207662930275,221274.77769985137 -105.72609932898652,82.79601338250662,221195.63401485403 -106.17218319985531,82.77082893501267,221115.4522841687 -106.61528607619171,82.74521708342905,221034.23615681098 -107.05538820955881,82.71918197729255,220951.9892857146 -107.49247149408362,82.69272778008066,220868.71532773037 -107.92651943625756,82.66585866656787,220784.41794366064 -108.35751712359138,82.63857882025236,220699.10079822206 -108.78545119223097,82.6108924308552,220612.767560076 -109.21030979364684,82.58280369189278,220525.42190183763 -109.63208256049928,82.55431679832375,220437.06750006715 -110.05076057178361,82.52543594427112,220347.7080353237 -110.46633631735484,82.49616532082028,220257.3471920751 -110.87880366192674,82.46650911389307,220165.9886588258 -111.288157808639,82.43647150219851,220073.63612801873 -111.69439526228246,82.40605665525965,219980.29329610302 -112.09751379226422,82.37526873151684,219885.96386352184 -112.49751239539773,82.3441118765071,219790.65153471124 -112.8943912585941,82.3125902211186,219694.360018134 -113.28815172152713,82.2807078799204,219597.09302623797 -113.67879623934441,82.24846894956623,219498.8542755264 -114.06632834548921,82.21587750727136,219399.6474865056 -114.45075261469334,82.18293760936199,219299.47638372067 -114.83207462620331,82.1496532898959,219198.3446957668 -115.21030092728992,82.11602855935308,219096.25615527426 -115.58543899709494,82.08206740339524,218993.21449892447 -115.95749721086054,82.04777378169284,218889.2234674795 -116.32648480458512,82.01315162681814,218784.28680574673 -116.69241184014454,81.97820484320322,218678.4082626223 -117.05528917091868,81.94293730616063,218571.59159106226 -117.41512840795178,81.90735286096621,218463.8405481238 -117.77194188667903,81.87145532200158,218355.15889495492 -118.12574263424833,81.83524847195518,218245.5503967969 -118.47654433745677,81.79873606108004,218135.01882300337 -118.82436131132798,81.7619218065066,218023.56794702687 -119.16920846834361,81.72480939160931,217911.20154645928 -119.5111012883512,81.68740246542423,217797.92340299385 -119.85005578915607,81.64970464211756,217683.7373024765 -120.18608849781174,81.61171950050188,217568.64703485864 -120.51921642261715,81.57345058359955,217452.65639427834 -120.84945702582752,81.53490139825077,217335.7691789746 -121.1768281970844,81.49607541476526,217217.9891914041 -121.5013482275656,81.45697606661543,217099.32023811492 -121.82303578486176,81.41760675016998,216979.76612989506 -122.14190988857294,81.3779708244655,216859.33068165052 -122.4579898866282,81.33807161101555,216738.0177125007 -122.77129543232334,81.29791239365458,216615.83104574506 -123.08184646207312,81.25749641841603,216492.77450887795 -123.3896631738713,81.21682689344259,216368.85193360015 -123.69476600645277,81.17590698892745,216244.0671558076 -123.9971756191523,81.13473983708477,216118.42401560693 -124.2969128724462,81.0933285321485,215991.92635736012 -124.59399880917303,81.05167613039757,215864.57802961214 -124.88845463641988,81.00978565020665,215736.3828851576 -125.18030170806557,80.96766007212082,215607.34478105124 -125.46956150796859,80.92530233895299,215477.46757854547 -125.75625563378634,80.88271535590324,215346.75514317767 -126.040405781419,80.83990199069804,215215.2113447501 -126.32203373005765,80.79686507374896,215082.84005730625 -126.60116132782986,80.75360739832968,214949.64515916427 -126.8778104780275,80.71013172076971,214815.6305329421 -127.1520031259021,80.66644076066434,214680.8000654912 -127.42376124601572,80.62253720109965,214545.1576480095 -127.69310683013349,80.57842368889136,214408.707175952 -127.96006187564336,80.534102834837,214271.45254908843 -128.2246483744892,80.48957721398021,214133.39767149533 -128.48688830260375,80.44484936588637,213994.54645156575 -128.74680360982737,80.39992179492887,213854.90280199028 -128.97246811904685,80.36042606531012,213731.9984895484 -128.97247637917837,80.36042459417538,213732.23678972878 -129.0044244669957,80.35479549744421,213714.70911101365 -129.259756204503,80.30947583844538,213573.4936564805 -129.51282893079963,80.26396376128851,213431.49717108524 -129.7636644092742,80.21826163232953,213288.72325616016 -130.01228433345108,80.17237178426358,213145.175517269 -130.25871031953585,80.1262965164592,213000.85756424535 -130.50296389935409,80.08003809529865,212855.77301117018 -130.7450665136675,80.03359875452257,212709.92547637766 -130.98503950585547,79.98698069557989,212563.31858250636 -131.2229041159511,79.94018608798117,212415.9559564153 -131.45868147501713,79.89321706965558,212267.84122928095 -131.69239259985056,79.84607574731051,212118.97803654987 -131.92405838800676,79.79876419679455,211969.37001797487 -132.15369961312612,79.75128446346156,211819.02081759184 -132.3813369205576,79.70363856253692,211667.9340837569 -132.60699082326465,79.65582847948485,211516.11346911362 -132.83068169800404,79.60785617037702,211363.5626306327 -133.05242978176761,79.55972356226135,211210.2852296178 -133.2722551684747,79.51143255353075,211056.2849316935 -133.49017780590873,79.46298501429281,210901.56540681966 -133.70621749288384,79.41438278673796,210746.1303292832 -133.92039387663658,79.36562768550756,210589.98337774587 -134.1327264504312,79.3167214980611,210433.12823518345 -134.3432345513686,79.26766598504233,210275.56858897017 -134.55193735839367,79.21846288064322,210117.30813080535 -134.75885389048952,79.16911389296752,209958.3505567976 -134.96400300505286,79.11962070439165,209798.6995673938 -135.16740339643903,79.0699849719237,209638.35886745903 -135.36907359467614,79.0202083275609,209477.3321662098 -135.56903196433083,78.97029237864382,209315.6231772939 -135.76729670352972,78.92023870820888,209153.2356187306 -135.963885843119,78.87004887533783,208990.17321295946 -136.15881724596514,78.81972441550454,208826.43968682332 -136.3521086063832,78.76926684091914,208662.03877158108 -136.5437774496897,78.71867764086896,208496.97420292563 -136.73384113187348,78.66795828205649,208331.24972096883 -136.9223168393792,78.61711020893397,208164.8690702653 -137.1092215889976,78.56613484403533,207997.83599980862 -137.29457222785683,78.5150335883041,207830.154263032 -137.47838543351025,78.46380782141833,207661.82761782277 -137.66067771411528,78.41245890211188,207492.85982654625 -137.84146540869833,78.36098816849233,207323.2546559989 -138.02076468750334,78.30939693835535,207153.0158774755 -138.19859155241593,78.2576865094955,206982.14726672517 -138.37496183746126,78.20585816001302,206810.6526040072 -138.54989120937094,78.15391314861753,206638.53567402213 -138.72339516821725,78.10185271492777,206465.8002660141 -138.89548904810434,78.04967807976742,206292.45017369094 -139.06618801792203,77.99739044545755,206118.48919528286 -139.23550708215075,77.94499099610523,205943.9211335221 -139.40346108171926,77.89248089788819,205768.74979565555 -139.57006469490875,77.83986129933623,205592.97899345367 -139.73533243830414,77.78713333160829,205416.6125432206 -139.89927866778373,77.73429810876587,205239.65426579336 -140.06191757955168,77.68135672804343,205062.1079865327 -140.22326321120352,77.62831027011383,204883.97753536096 -140.3833294428282,77.5751597993513,204705.26674673628 -140.5421299981396,77.52190636408979,204525.9794596906 -140.69967844563877,77.46855099687815,204346.11951780051 -140.85598819979995,77.41509471473124,204165.69076920758 -141.01107252228513,77.36153851937785,203984.69706664115 -141.16494452317892,77.30788339750467,203803.14226739662 -141.31761716224324,77.25413032099652,203621.03023335332 -141.46910325019292,77.20028024717365,203438.36483100016 -141.61941544998746,77.14633411902469,203255.14993138987 -141.76856627813603,77.09229286543656,203071.38941019 -141.9165681060206,77.03815740142093,202887.08714768346 -142.0634331612265,76.98392862833676,202702.24702874484 -142.2091735288867,76.92960743411007,202516.87294287488 -142.35380115303388,76.87519469344976,202330.9687842018 -142.49732783796145,76.82069126806032,202144.5384514754 -142.63976524958952,76.76609800685115,201957.58584808666 -142.78112491684,76.71141574614279,201770.11488204935 -142.9214182330107,76.65664530986969,201582.12946603907 -143.06065645715753,76.60178750977948,201393.63351736608 -143.19885071547662,76.5468431456299,201204.63095800954 -143.33601200268802,76.49181300538169,201015.1257146009 -143.47215118342052,76.43669786538916,200825.12171843735 -143.60727899359455,76.38149849058688,200634.62290549785 -143.74140604180457,76.3262156346741,200443.63321641454 -143.77486303891348,76.31234932582231,200395.69671028302 -143.77486303891348,76.31234932582231,200395.69671028302 -143.87454281054102,76.2708500403719,200252.1566185293 -144.00669965635197,76.21540244019187,200060.19727584577 -144.13788681192509,76.15987355629638,199867.75945609744 -144.26811438817862,76.10426410033318,199674.84743269038 -144.39739237562952,76.04857477360196,199481.46548382728 -144.52573064575242,75.99280626722093,199287.61789252804 -144.65313895233197,75.93695926229123,199093.30894665464 -144.7796269328084,75.88103443005767,198898.54293888647 -144.90520410961827,75.82503243206742,198703.32416674777 -145.02987989152425,75.76895392032654,198507.65693257764 -145.15366357494162,75.71279953745247,198311.54554360424 -145.27656434525272,75.65656991682555,198114.99431188114 -145.39859127811505,75.60026568273703,197918.00755430767 -145.51975334076099,75.54388745053515,197720.589592672 -145.6400593932868,75.48743582676809,197522.7447536147 -145.75951818993343,75.43091140932547,197324.4773686502 -145.87813838035652,75.37431478757682,197125.79177416835 -145.99592851088894,75.31764654250769,196926.69231144022 -146.11289702578887,75.26090724685422,196727.18332662559 -146.22905226848331,75.20409746523427,196527.26917077898 -146.34440248279458,75.14721775427745,196326.95419986313 -146.45895581416198,75.09026866275235,196126.24277470208 -146.57272031084864,75.0332507316919,195925.13926107492 -146.68570392514027,74.97616449451621,195723.6480296532 -146.79791451452886,74.91901047715402,195521.7734560102 -146.90935984288927,74.86178919816129,195319.51992067866 -147.02004758164244,74.80450116883871,195116.89180906687 -147.12998531090756,74.7471468933464,194913.8935115614 -147.23918052064167,74.68972686881676,194710.52942346994 -147.34764061177017,74.63224158546637,194506.80394502843 -147.4553728973032,74.57469152670471,194302.72148142228 -147.56238460344144,74.51707716924157,194098.28644282187 -147.66868287067052,74.45939898319327,193893.50324431175 -147.77427475484345,74.40165743218587,193688.37630593506 -147.87916722825074,74.34385297345749,193482.91005274985 -147.9833671806794,74.28598605795905,193277.10891473945 -148.08688142046083,74.22805713045243,193070.97732687194 -148.18971667550542,74.17006662960755,192864.51972909586 -148.29187959432622,74.11201498809803,192657.740566343 -148.3933767470523,74.05390263269499,192450.64428854943 -148.4942146264277,73.99572998435849,192243.23535063164 -148.5943996488018,73.9374974583294,192035.518212502 -148.69393815510435,73.87920546421722,191827.49733907694 -148.79283641181416,73.82085440608866,191619.1772002803 -148.8911006119109,73.76244468255314,191410.56227106057 -148.98873687582002,73.70397668684772,191201.657031378 -149.08575125234162,73.64545080692042,190992.46596618008 -149.18214971957462,73.58686742551185,190782.99356550584 -149.2779381858219,73.52822692023572,190573.2443243669 -149.37312249049052,73.46952966365845,190363.2227428321 -149.4677084049782,73.41077602337593,190152.93332601155 -149.56170163354827,73.35196636209109,189942.38058406432 -149.65510781419604,73.29310103768853,189731.5690321663 -149.74793251950112,73.23418040330836,189520.50319058305 -149.84018125747286,73.17520480741943,189309.18758462492 -149.93185947238143,73.11617459389039,189097.62674464998 -150.02297254558033,73.05709010206,188885.82520609695 -150.11352579631813,72.99795166680673,188673.7875094695 -150.20352448253982,72.93875961861605,188461.51820035413 -150.29297380167807,72.8795142836478,188249.02182939288 -150.38187889143327,72.8202159838015,188036.3029523375 -150.47024483054466,72.76086503678171,187823.36613001037 -150.5580766395511,72.70146175616063,187610.2159283224 -150.64537928154124,72.64200645144143,187396.85691828904 -150.73215766289533,72.58249942811923,187183.2936760314 -150.81841663401573,72.5229409877418,186969.53078276096 -150.90416099004878,72.4633314279691,186755.57282479142 -150.9893954715974,72.40367104263126,186541.4243935717 -151.07412476542314,72.34396012178689,186327.09008564774 -151.15835350513962,72.28419895177898,186112.57450268688 -151.24208627189773,72.22438781529097,185897.88225149998 -151.32532759506017,72.16452699140109,185683.0179439953 -151.40808195286687,72.10461675563643,185467.98619722508 -151.49035377309312,72.04465738002614,185252.79163340785 -151.5721474336982,71.98464913315287,185037.43887985006 -151.65346726346502,71.92459228020466,184821.93256903277 -151.73431754263063,71.86448708302474,184606.27733859286 -151.8147025035101,71.80433380016187,184390.4778312978 -151.89462633110895,71.7441326869182,184174.5386950757 -151.97409316373233,71.68388399539806,183958.4645830251 -152.05310709357963,71.6235879745545,183742.2601533927 -152.13167216733632,71.56324487023613,183525.93006961397 -152.2097923867554,71.50285492523282,183309.47900026283 -152.28747170923052,71.44241837932054,183092.91161911847 -152.36471404836334,71.38193546930542,182876.2326051321 -152.44152327452073,71.32140642906747,182659.44664241513 -152.51790321538746,71.26083148960349,182442.55842029676 -152.59385765650703,71.20021087906876,182225.57263326846 -152.66939034182073,71.13954482281905,182008.4939810321 -152.74450497419346,71.07883354345093,181791.32716848128 -152.8192052159375,71.01807726084228,181574.07690571126 -152.89349468932508,70.95727619219142,181356.74790800558 -152.96737697709747,70.89643055205633,181139.34489588198 -153.04085562296368,70.83554055239267,180921.8725950638 -153.11393413209615,70.7746064025915,180704.33573645525 -153.18661597161525,70.71362830951627,180486.739056223 -153.25890457107184,70.65260647753931,180269.0872957346 -153.330803322919,70.59154110857773,180051.3852015799 -153.40231558298075,70.53043240212885,179833.63752557273 -153.47344467091114,70.46928055530472,179615.8490247831 -153.5441938706511,70.40808576286646,179398.02446148862 -153.6145664308739,70.34684821725794,179180.16860321825 -153.68456556542975,70.285568108639,178962.28622272765 -153.75419445378108,70.22424562491787,178744.3820980507 -153.82345624143133,70.16288095178345,178526.46101243282 -153.89235404035145,70.1014742727372,178308.52775438497 -153.96089092939707,70.0400257691236,178090.5871176805 -154.02906995472108,69.97853562016151,177872.64390133778 -154.09689413018128,69.91700400297361,177654.70290964417 -154.16436643774105,69.85543109261695,177436.7689521419 -154.2314898278674,69.79381706211149,177218.8468436478 -154.2982672199185,69.73216208246939,177000.94140424443 -154.36470150253194,69.67046632272296,176783.05745928737 -154.43079553400233,69.6087299499528,176565.19983941433 -154.49655214265783,69.54695312931534,176347.373380538 -154.56197412722906,69.4851360240697,176129.58292385534 -154.6270642572141,69.4232787956047,175911.8333158355 -154.69182527323775,69.36138160346452,175694.1294082404 -154.75625988740677,69.29944460537524,175476.4760581473 -154.82037078365943,69.23746795726994,175258.87812787923 -154.88416061811085,69.17545181331359,175041.3404851127 -154.94763201939406,69.11339632592825,174823.8680027718 -155.01078758899482,69.05130164581693,174606.4655591152 -155.07362990158347,68.98916792198762,174389.1380376894 -155.13616150534193,68.92699530177728,174171.89032735635 -155.19838492228578,68.8647839308744,173954.72732227723 -155.26030264858156,68.80253395334263,173737.6539219373 -155.32191715486266,68.74024551164277,173520.67503114798 -155.38323088653522,68.67791874665522,173303.79556000073 -155.44424626408727,68.61555379770186,173087.0204239487 -155.50496568338642,68.55315080256736,172870.35454373938 -155.56539151597914,68.49070989752094,172653.80284546033 -155.62552610938266,68.42823121733679,172437.37026051476 -155.68537178737472,68.36571489531487,172221.0617256611 -155.74493085027797,68.30316106330132,172004.88218296162 -155.80420557524198,68.2405698517081,171788.8365798279 -155.86319821651972,68.17794138953332,171572.9298689961 -155.92191100574334,68.11527580437995,171357.16700857758 -155.980346152192,68.05257322247564,171141.55296199207 -156.0385058430598,67.98983376869097,170926.09269800532 -156.09639224371804,67.92705756655857,170710.79119073818 -156.15400749797482,67.8642447382911,170495.6534196687 -156.21135372833103,67.80139540479934,170280.68436961804 -156.2684330362332,67.73850968571004,170065.88903075305 -156.32524750232125,67.67558769938351,169851.27239860847 -156.38179918667538,67.6126295629307,169636.83947406255 -156.438090129059,67.54963539223047,169422.59526337372 -156.49412234915647,67.48660530194627,169208.54477814367 -156.54989784681044,67.42353940554253,168994.69303534876 -156.6054186022548,67.3604378153012,168781.04505731503 -156.66068657634347,67.29730064233776,168567.6058717729 -156.71570371077766,67.2341279966169,168354.38051177005 -156.77047192833103,67.17091998696841,168141.37401577242 -156.82499313306823,67.10767672110225,167928.59142758627 -156.87926921056388,67.0443983056241,167716.03779641015 -156.93330202811842,66.98108484605022,167503.7181768307 -156.98709343496873,66.91773644682169,167291.63762878042 -157.04064526249812,66.8543532113198,167079.80121759532 -157.0939593244442,66.79093524187978,166868.214013996 -157.09400204491044,66.79088536289326,166868.04774304453 -157.09400204491044,66.79088536289326,166868.04774304453 -157.14703741768673,66.72748263941651,166656.88097926334 -157.19988132420207,66.66399550226289,166445.80661962388 -157.25249280947537,66.60047392733998,166234.99533100065 -157.30487362210513,66.53691801055956,166024.4515143012 -157.35702549399767,66.4733278468374,165814.17957546283 -157.40895014055775,66.40970353010646,165604.18392543495 -157.46064926087806,66.34604515332997,165394.46898015568 -157.51212453792584,66.28235280851428,165185.039160584 -157.56337763872685,66.21862658672133,164975.89889269593 -157.61441021454644,66.15486657808164,164767.05260750267 -157.6652239010698,66.09107287180596,164558.50474099035 -157.71582031857844,66.02724555619773,164350.25973418466 -157.76620107212474,65.96338471866527,164142.3220331287 -157.81636775170523,65.89949044573308,163934.69608889055 -157.86632193242926,65.83556282305403,163727.38635753814 -157.91606517468875,65.77160193542053,163520.39730017234 -157.9655990243225,65.70760786677589,163313.73338291596 -158.01492501278113,65.64358070022566,163107.3990769212 -158.06404465728718,65.57952051804833,162901.39885833254 -158.11295946099662,65.5154274017068,162695.73720835766 -158.1616709131542,65.45130143185834,162490.41861321407 -158.21018048925043,65.38714268836594,162285.44756412503 -158.25848965117407,65.3229512503081,162080.82855737398 -158.30659984736445,65.2587271959897,161876.56609424503 -158.35451251296004,65.19447060295172,161672.6646810577 -158.40222906994697,65.13018154798164,161469.12882916234 -158.44975092730442,65.065860107123,161265.96305494884 -158.4970794811482,65.00150635568554,161063.17187979945 -158.5442161148734,64.93712036825426,160860.75983016033 -158.59116219929442,64.87270221869966,160658.73143750933 -158.63791909278314,64.80825198018674,160457.0912383346 -158.6844881414063,64.74376972518405,160255.84377415644 -158.73087067906022,64.6792555254733,160054.99359154337 -158.7770680276035,64.61470945215808,159854.54524208282 -158.8230814969901,64.55013157567274,159654.5032824056 -158.86891238539766,64.4855219657914,159454.87227415355 -158.9145619793569,64.42088069163634,159255.65678400936 -158.96003155387803,64.35620782168688,159056.86138371384 -159.00532237257602,64.2915034237876,158858.49065000564 -159.050435687794,64.22676756515659,158660.5491646851 -159.095372740725,64.16200031239397,158463.04151454233 -159.14013476153352,64.0972017314897,158265.97229147123 -159.18472296947334,64.03237188783201,158069.3460923198 -159.22913857300537,63.96751084621496,157873.16751903118 -159.2733827699147,63.90261867084607,157677.4411785418 -159.31745674742334,63.83769542535481,157482.1716828518 -159.36136168230522,63.772741172799435,157287.36364897207 -159.4050987409969,63.707755975674914,157093.0216989582 -159.44866907970868,63.64273989592,156899.15045988667 -159.49207384453294,63.57769299492516,156705.75456388187 -159.53531417155273,63.51261533353921,156512.8386480841 -159.57839118694693,63.44750697207674,156320.40735469412 -159.62130600709702,63.38236797032522,156128.46533090938 -159.6640597386893,63.3171983875517,155937.01722897447 -159.7066534788182,63.251998282509994,155746.06770616904 -159.74908831508733,63.18676771344749,155555.62142480546 -159.7913653257098,63.1215067381112,155365.68305221252 -159.83348557960673,63.05621541375555,155176.25726075532 -159.87545013650478,62.99089379714768,154987.34872783415 -159.91726004703298,62.925541944575016,154798.9621358717 -159.95891635281768,62.86015991185068,154611.10217231515 -160.00042008657658,62.79474775432057,154423.7735296537 -160.04177227221209,62.72930552686904,154236.98090538164 -160.0829739249026,62.66383328392538,154050.72900204462 -160.1240260511939,62.59833107946963,153865.02252719476 -160.16492964908792,62.53279896703905,153679.86619340707 -160.20568570813205,62.467236999733274,153495.26471829865 -160.24629520950646,62.401645230221014,153311.22282448958 -160.28675912611052,62.336023710745124,153127.7452396434 -160.32707842264756,62.27037249312876,152944.8366964135 -160.36725405571076,62.20469162878093,152762.50193250677 -160.40728697386453,62.13898116870188,152580.7456906219 -160.44717811772898,62.07324116348884,152399.57271849527 -160.48692842005966,62.00747166334136,152218.98776886915 -160.5265388058287,61.94167271806671,152038.99559951562 -160.56601019230442,61.87584437708514,151859.60097319653 -160.60534348912972,61.80998668943518,151680.8086577053 -160.64453959839926,61.74409970377883,151502.62342584936 -160.68359941473665,61.678183468406566,151325.0500554297 -160.72252382537062,61.61223803124264,151148.09332929182 -160.76131371020864,61.54626343984987,150971.75803523985 -160.79996994191205,61.48025974143461,150796.04896613923 -160.83849338596903,61.414226982851766,150620.9709198134 -160.87688490076624,61.34816521060959,150446.52869911876 -160.91514533766122,61.282074470874214,150272.727111904 -160.9532755410517,61.21595480947475,150099.57097101776 -160.9912763484471,61.149806271907615,149927.06509432034 -161.02914859053564,61.08362890334133,149755.21430464703 -161.06689309125426,61.01742274862113,149584.0234298542 -161.10451066785464,60.95118785227315,149413.49730277839 -161.14200213096984,60.88492425850922,149243.6407612491 -161.17936828468154,60.818632011231145,149074.45864810096 -161.2166099265832,60.752311154034814,148905.9558111299 -161.25372784784588,60.685961730214984,148738.13710314356 -161.29072283328082,60.61958378276915,148571.0073819361 -161.3275956614027,60.55317735440173,148404.57151026977 -161.36434710449166,60.48674248752847,148238.8343558884 -161.40097792865436,60.42027922428038,148073.80079153008 -161.43748889388579,60.35378760650771,147909.47569490588 -161.47388075412763,60.28726767578424,147745.86394869763 -161.51015425732882,60.22071947341096,147582.97044055004 -161.5463101455038,60.15414304042017,147420.800063109 -161.5823491547901,60.087538417579104,147259.3577139586 -161.61827201550597,60.020905645394286,147098.64829567084 -161.6540794522076,59.95424476411471,146938.67671576818 -161.68977218374374,59.88755581373589,146779.44788673875 -161.72535092331233,59.82083883400346,146620.96672603977 -161.76081637851485,59.75409386441736,146463.23815607408 -161.79616925141,59.687320944234436,146306.26710419726 -161.8314102385681,59.620520112472924,146150.05850273246 -161.86654003112318,59.55369140791555,145994.61728894582 -161.90155931482542,59.48683486911323,145839.94840502675 -161.93646877009357,59.419950534388335,145686.0567981554 -161.97126907206524,59.35303844183846,145532.94742041483 -162.00596089064823,59.28609862933926,145380.62522885358 -162.04054489056958,59.21913113454846,145229.09518542446 -162.07502173142632,59.15213599490882,145078.3622570527 -162.109392067733,59.08511324765122,144928.43141556112 -162.1436565489711,59.01806292979828,144779.30763773012 -162.1778158196363,58.950985078167335,144630.99590524065 -162.21187051928618,58.88387972937385,144483.50120468935 -162.2458212825863,58.81674691983434,144336.82852763892 -162.27966873935742,58.74958668576949,144190.98287051838 -162.31341351462044,58.68239906320725,144045.9692346779 -162.34705622864175,58.61518408798612,143901.79262640647 -162.38059749697842,58.54794179575759,143758.4580568752 -162.41403793052226,58.480672221989735,143615.97054214886 -162.44737813554278,58.41337540196995,143474.33510323078 -162.4806187137321,58.3460513708074,143333.5567659745 -162.51376026224642,58.27870016343696,143193.64056116785 -162.54680337374853,58.21132181462076,143054.59152445412 -162.5797486364504,58.143916358952104,142916.41469638373 -162.61259663415353,58.076483830857676,142779.1151223954 -162.64534794629122,58.00902426460029,142642.69785279644 -162.67800314796798,57.94153769428186,142507.16794276505 -162.71056281000037,57.87402415384638,142372.53045235013 -162.74302749895554,57.80648367708175,142238.79044650338 -162.77539777719255,57.738916297623135,142105.95299499534 -162.80767420289857,57.671322048955375,141974.0231724901 -162.8398573301292,57.60370096441555,141843.00605848522 -162.87194770884588,57.53605307719561,141712.90673735546 -162.90394588495317,57.46837842034474,141583.7302983067 -162.93585240033613,57.400677026772215,141455.48183540153 -162.96766779289712,57.33294892924953,141328.16644754045 -162.99939259659212,57.265194160412996,141201.7892384653 -163.03102734146648,57.19741275276648,141076.35531674596 -163.06257255369124,57.129604738683085,140951.86979578956 -163.09402875559726,57.0617701504084,140828.33779382546 -163.12539646571142,56.99390902006215,140705.7644338893 -163.15667619878937,56.92602137964118,140584.15484386368 -163.18786846585144,56.858107261021125,140463.5141564258 -163.21897377421524,56.79016669595912,140343.84750906733 -163.24999262752902,56.72219971609594,140225.16004407566 -163.2809255258057,56.65420635295839,140107.45690854688 -163.31177296545448,56.586186637961205,139990.74325436514 -163.3425354393138,56.518140602409495,139875.02423821305 -163.37321343668296,56.45006827750111,139760.30502154795 -163.40380744335417,56.38196969432834,139646.59077063235 -163.42672815867928,56.33081157925576,139561.85717739802 -163.42672816559212,56.33081156146837,139561.85154237822 -163.42672816559212,56.33081156146837,139561.85154237822 -163.42673736664193,56.33078725352493,139564.603637434 -163.45718061535004,56.26265147444844,139452.28702138102 -163.4875315111609,56.19450719170152,139340.2019956632 -163.51779060464267,56.12635444243811,139228.34882206318 -163.5479584421355,56.05819326356449,139116.72776211688 -163.5780355657916,55.99002369173963,139005.33907716032 -163.60802251361463,55.921845763379274,138894.1830282593 -163.63791981949953,55.85365951465788,138783.259876278 -163.66772801327085,55.78546498151041,138672.56988182783 -163.6974476207204,55.71726219963708,138562.11330530973 -163.72707916364703,55.6490512045025,138451.89040686388 -163.75662315989211,55.580832031340144,138341.9014464151 -163.78608012337833,55.51260471515393,138232.14668364736 -163.81545056414507,55.44436929072041,138122.62637800584 -163.84473498838534,55.37612579259256,138013.34078869422 -163.8739338984812,55.30787425509951,137904.29017468047 -163.90304779304017,55.239614712350225,137795.4747946802 -163.93207716692928,55.171347198235814,137686.89490720423 -163.96102251131072,55.103071746430686,137578.55077046016 -163.98988431367462,55.03478839039678,137470.44264246454 -164.01866305787505,54.966497163382975,137362.5707809681 -164.0473592241619,54.898198098428885,137254.93544347587 -164.07597328921548,54.82989122836657,137147.53688725608 -164.10450572617853,54.76157658582208,137040.37536929947 -164.13295700468802,54.693254203219105,136933.45114638042 -164.1613275909092,54.62492411277873,136826.7644750157 -164.18961794756618,54.5565863465229,136720.3156114597 -164.21782853397318,54.48824093627581,136614.1048117218 -164.24595980606654,54.419887913665754,136508.1323315569 -164.27401221643441,54.35152731012837,136402.39842647093 -164.30198621434832,54.283159156906486,136296.90335170305 -164.3298822457927,54.21478348505297,136191.64736224117 -164.35770075349478,54.146400325433,136086.63071282418 -164.385442176954,54.07800970872516,135981.8536579099 -164.41310695247176,54.009611665423286,135877.3164517258 -164.44069551317847,53.9412062258396,135773.0193482112 -164.46820828906502,53.872793420104415,135668.96260105903 -164.49564570700846,53.8043732781691,135565.14646370037 -164.52300819080125,53.73594582980781,135461.57118929134 -164.55029616117886,53.66751110461829,135358.23703073448 -164.57751003584613,53.59906913202573,135255.14424065815 -164.6046502295058,53.53061994128158,135152.29307143582 -164.63171715388413,53.4621635614671,135049.68377513837 -164.65871121775822,53.39370002149467,134947.31660361565 -164.68563282698184,53.325229350108586,134845.19180840853 -164.71248238451108,53.25675157588861,134743.3096408113 -164.73926029043062,53.18826672724914,134641.67035182673 -164.76596694197914,53.119774832442396,134540.2741921915 -164.7926027335739,53.05127591955941,134439.1214123833 -164.81916805683608,52.98277001653115,134338.21226257124 -164.84566330061514,52.91425715113201,134237.54699267368 -164.8720888510136,52.845737350978446,134137.1258523227 -164.89844509141076,52.77721064353236,134036.94909085552 -164.92473240248677,52.70867705610205,133937.01695737804 -164.9509511622462,52.64013661584345,133837.3297006504 -164.97710174604114,52.571589349762824,133737.88756918206 -165.00318452659508,52.50303528471615,133638.69081122876 -165.0291998740248,52.434474447411866,133539.73967469446 -165.05514815586417,52.3659068644122,133441.03440726135 -165.08102973708588,52.29733256213367,133342.5752562809 -165.10684498012273,52.228751566850356,133244.36246884277 -165.13259424489212,52.160163904693114,133146.3962917395 -165.15827788881538,52.09156960165196,133048.67697147824 -165.1838962668405,52.02296868357723,132951.20475425333 -165.20944973146297,51.954361176180676,132853.97988599128 -165.23493863274751,51.885747105038064,132757.00261233724 -165.26036331834752,51.81712649558826,132660.27317859177 -165.28572413352785,51.748499373136106,132563.79182980955 -165.31102142118368,51.67986576285303,132467.558810734 -165.33625552186106,51.61122568977841,132371.5743657979 -165.36142677377705,51.54257917882157,132275.8387391525 -165.38653551284017,51.47392625476154,132180.35217464235 -165.4115820726689,51.40526694224928,132085.11491580043 -165.43656678461195,51.336601265808596,131990.12720588528 -165.46148997776763,51.26792924983684,131895.38928782404 -165.48635197900188,51.19925091860795,131800.9014042532 -165.51115311296843,51.13056629627099,131706.66379751117 -165.53589370212663,51.06187540685294,131612.67670961467 -165.5605740667602,50.99317827425935,131518.9403822908 -165.5851945249957,50.92447492227517,131425.45505693206 -165.60975539282023,50.85576537456763,131332.22097464983 -165.6342569840998,50.787049654684495,131239.238376234 -165.65869961059698,50.71832778605722,131146.50750215558 -165.6830835819884,50.64959979200113,131054.0285925762 -165.70740920588239,50.58086569571671,130961.80188735963 -165.7316767878355,50.51212552029172,130869.82762602849 -165.75588663137088,50.44337928869997,130778.10604781382 -165.78003903799402,50.37462702380419,130686.63739162215 -165.8041343072102,50.305868748356474,130595.42189601714 -165.82817273654055,50.23710448499917,130504.45979929186 -165.85215462153917,50.16833425626577,130413.75133937356 -165.87608025580812,50.099558084583286,130323.29675389826 -165.89994993101513,50.03077599227095,130233.09628015722 -165.92376393690844,49.961988001542544,130143.15015513856 -165.94752256133307,49.89319413450752,130053.45861549534 -165.97122609024606,49.824394413170864,129964.02189755201 -165.9948748077322,49.75558885943607,129874.84023730906 -166.01846899601966,49.686777495103634,129785.91387044819 -166.04200893549464,49.617960341873506,129697.24303231282 -166.06549490471645,49.54913742134562,129608.82795792562 -166.0889271804329,49.48030875502032,129520.66888194761 -166.11230603759446,49.411474364300965,129432.7660387498 -166.13563174936934,49.342634270492475,129345.11966234172 -166.158904587158,49.273788494803696,129257.7299864197 -166.18212482060662,49.204937058347895,129170.59724431572 -166.20529271762234,49.136079982143215,129083.72166905264 -166.2284085443866,49.067217287115135,128997.10349331598 -166.25147256536985,48.99834899409508,128910.74294942012 -166.27448504334433,48.92947512382244,128824.64026936848 -166.29744623939823,48.86059569694561,128738.79568482719 -166.32035641294993,48.791710734021684,128653.20942709669 -166.34321582175966,48.7228202555197,128567.88172714991 -166.36602472194457,48.653924281818185,128482.8128156278 -166.3887833679906,48.585022833208264,128398.00292278608 -166.41149201276664,48.516115929893616,128313.45227857838 -166.43415090753638,48.44720359199097,128229.16111259084 -166.45676030197149,48.378285839532765,128145.1296540511 -166.4793204441642,48.30936269246482,128061.35813186454 -166.50183158064027,48.240434170649536,127977.84677455545 -166.52429395637128,48.171500293865705,127894.59581032132 -166.54670781478606,48.1025610818089,127811.60546699194 -166.56907339778408,48.0336165540941,127728.87597204716 -166.59139094574672,47.964666730253704,127646.40755261197 -166.61366069754988,47.89571162973997,127564.20043546616 -166.63588289057498,47.82675127192536,127482.25484699929 -166.6580577607219,47.757785676102976,127400.57101329298 -166.68018554241908,47.688814861488474,127319.14916001723 -166.70226646863645,47.61983884721889,127237.98951252236 -166.72430077089638,47.55085765235437,127157.0922957696 -166.74628867928425,47.48187129587889,127076.45773437904 -166.76823042246116,47.41287979670049,126996.08605259408 -166.79012622767337,47.34388317365308,126915.97747429917 -166.81197632076447,47.274881445495346,126836.13222299688 -166.83378092618614,47.205874630912625,126756.55052185457 -166.85554026700845,47.13686274851732,126677.23259364234 -166.87725456493115,47.0678458168489,126598.17866077322 -166.89892404029345,46.99882385437649,126519.38894529131 -166.92054891208556,46.9297968794968,126440.8636688681 -166.9421293979584,46.860764910536524,126362.60305279269 -166.96366571423422,46.79172796575252,126284.60731800654 -166.98515807591664,46.722686063332006,126206.87668504605 -167.0066066967009,46.653639221394855,126129.4113740851 -167.02801178898372,46.584587457991454,126052.21160492807 -167.0493735638738,46.51553079110563,125975.277596994 -167.0706922312007,46.44646923865399,125898.60956932807 -167.0919679995258,46.377402818487006,125822.20774058251 -167.11320107615114,46.308331548389184,125746.072329038 -167.1343916671289,46.239255446081124,125670.20355260951 -167.15553997727156,46.170174529217654,125594.60162879838 -167.17664621016112,46.10108881539013,125519.26677473717 -167.19771056815807,46.03199832212642,125444.1992071605 -167.21873325241117,45.96290306689128,125369.39914245324 -167.2397144628661,45.89380306708829,125294.86679657099 -167.26065439827494,45.8246983400581,125220.60238510759 -167.2815532562051,45.75558890308065,125146.60612323397 -167.302411233048,45.68647477337521,125072.8782257731 -167.3232285240286,45.617355968100476,124999.41890713394 -167.34400532321285,45.5482325043566,124926.22838132536 -167.36474182351805,45.479104399183655,124853.30686199103 -167.38543821672,45.40997166956344,124780.65456234428 -167.4060946934627,45.34083433241972,124708.27169522602 -167.4267114432662,45.271692404618285,124636.15847305112 -167.4472886545344,45.20254590296905,124564.31510789796 -167.46782651456505,45.13339484422412,124492.74181136885 -167.48832520955634,45.064239245080145,124421.43879471696 -167.50878492461584,44.99507912217792,124350.40626879029 -167.52920584376875,44.9259144921029,124279.64444400587 -167.54958814996513,44.85674537138701,124209.15353039536 -167.56993202508875,44.78757177650698,124138.93373759437 -167.59023764996482,44.71839372388607,124068.9852748143 -167.61050520436694,44.6492112298945,123999.30835087165 -167.63073486702635,44.58002431084917,123929.90317417977 -167.65092681563783,44.51083298301607,123860.76995271891 -167.67108122686906,44.441637262607955,123791.90889409743 -167.691198276367,44.37243716578663,123723.32020547187 -167.7112781387657,44.30323270866312,123655.00409362056 -167.73132098769415,44.234023907297264,123586.96076487105 -167.7513269957827,44.16481077770022,123519.19042519157 -167.77129633467132,44.09559333583226,123451.6932800723 -167.79122917501638,44.02637159760472,123384.46953464308 -167.81112568649746,43.95714557888033,123317.51939356895 -167.8309860378256,43.887915295472965,123250.84306113665 -167.850810396749,43.81868076314972,123184.44074117165 -167.87059893006062,43.749441997628914,123118.3126371293 -167.89035180360543,43.68019901458223,123052.45895199705 -167.9100691822869,43.61095182963464,122986.87988836203 -167.9297512300733,43.54170045836423,122921.57564837726 -167.94939811000572,43.472444916304525,122856.54643379449 -167.9690099842036,43.40318521894223,122791.79244591536 -167.98858701387184,43.33392138171938,122727.31388561543 -168.00812935930753,43.26465342003316,122663.11095334862 -168.02763717990655,43.195381349236065,122599.18384913723 -168.04711063416883,43.126105184637716,122535.53277258592 -168.06654987970663,43.05682494150311,122472.15792284349 -168.08595507324955,42.987540635054174,122409.05949866195 -168.1053263706513,42.91825228047008,122346.23769830623 -168.12466392689626,42.84895989288715,122283.69271967138 -168.14396789610487,42.779663487400754,122221.42476016267 -168.16323843154026,42.71036307906309,122159.43401677378 -168.18247568561495,42.64105868288569,122097.72068607114 -168.2016798098956,42.571750313838734,122036.28496415362 -168.2208509551099,42.50243798685181,121975.12704669825 -168.23998927115255,42.4331217168137,121914.24712894195 -168.25909490709057,42.36380151857449,121853.64540567664 -168.27816801116956,42.29447740694321,121793.32207124762 -168.29720873081953,42.22514939669013,121733.27731956336 -168.31621721266066,42.15581750254634,121673.51134408134 -168.33519360250858,42.08648173920394,121614.0243378229 -168.35413804538044,42.017142121318074,121554.8164933502 -168.37305068550052,41.94779866350427,121495.88800277641 -168.39193166630565,41.87845138034116,121437.23905778752 -168.41078113045052,41.80910028636985,121378.86984958555 -168.42959921981384,41.73974539609403,121320.78056894698 -168.44838607550298,41.670386723981686,121262.97140617933 -168.4671418378597,41.601024284463556,121205.4425511612 -168.48586664646555,41.53165809193424,121148.19419328778 -168.5045606401471,41.46228816075292,121091.22652152443 -168.5232239569813,41.39291450524266,121034.53972434503 -168.54185673430027,41.32353713969251,120978.13398981314 -168.5604591086967,41.25415607835555,120922.00950550642 -168.57903121602973,41.18477133545058,120866.166458532 -168.59757319142835,41.11538292516229,120810.60503556175 -168.61608516929832,41.04599086164057,120755.32542278904 -168.6345672833257,40.97659515900313,120700.32780594897 -168.65301966648255,40.90719583133283,120645.61237031977 -168.6714424510315,40.83779289268005,120591.17930071575 -168.6898357685312,40.76838635706197,120537.0287814626 -168.7081997498407,40.698976238462954,120483.16099643901 -168.72653452512378,40.629562550836276,120429.57612906228 -168.7448402238548,40.56014530810185,120376.2743622768 -168.76311697482276,40.490724524148405,120323.25587852966 -168.78136490613585,40.42130021283286,120270.520859834 -168.79958414522687,40.35187238798093,120218.0694877096 -168.8177748188565,40.282441063388156,120165.90194321657 -168.83593705311952,40.21300625281834,120114.01840693904 -168.85407097344796,40.14356797000535,120062.41905895695 -168.87217670461666,40.07412622865261,120011.1040789212 -168.8902543707465,40.00468104243343,119960.07364597644 -168.90830409531011,39.935232424992634,119909.32793880154 -168.92632600113564,39.865780389944206,119858.86713558206 -168.94432021041123,39.79632495087362,119808.69141404389 -168.9622868446888,39.72686612133723,119758.8009514071 -168.98022602488982,39.657403914862385,119709.19592443007 -168.9981378713075,39.58793834494904,119659.87650937743 -169.01602250361285,39.51846942506802,119610.84288204042 -169.03388004085778,39.44899716866242,119562.09521771313 -169.05171060147975,39.37952158914753,119513.63369121001 -169.06951430330557,39.310042699910866,119465.4584768593 -169.08729126355587,39.2405605143139,119417.56974849431 -169.10504159884871,39.17107504568972,119369.96767946071 -169.12276542520414,39.10158630734511,119322.65244262501 -169.14046285804764,39.03209431256035,119275.62421034441 -169.15813401221465,38.96259907458876,119228.88315451136 -169.17577900195357,38.89310060665891,119182.42944649082 -169.19339794093122,38.82359892197212,119136.26325717573 -169.21099094223504,38.75409403370464,119090.38475695865 -169.228558118378,38.68458595500692,119044.79411574891 -169.2460995813021,38.61507469900443,118999.49150292217 -169.26361544238222,38.54556027879696,118954.47708739636 -169.28110581242953,38.47604270746079,118909.75103757318 -169.2985708016957,38.40652199804637,118865.31352134672 -169.3160105198762,38.336998163580205,118821.1647061161 -169.33342507611454,38.26747121706434,118777.3047587977 -169.3508145790053,38.19794117147659,118733.73384577142 -169.36817913659775,38.12840803977209,118690.45213293715 -169.38551885639995,38.05887183488123,118647.45978568002 -169.40283384538196,37.98933256971132,118604.75696886962 -169.42012420997938,37.919790257146495,118562.34384689532 -169.43739005609683,37.85024491004743,118520.22058361825 -169.45463148911168,37.780696541253235,118478.38734239602 -169.47184861387706,37.71114516357909,118436.84428606929 -169.48904153472563,37.641590789818125,118395.59157698328 -169.50621035547303,37.57203343274138,118354.62937695291 -169.52335517942095,37.50247310509717,118313.95784729111 -169.54047610936038,37.43290981961339,118273.57714878842 -169.55757324757576,37.36334358899488,118233.48744175024 -169.5746466958472,37.2937744259253,118193.68888592112 -169.5916965554545,37.22420234306706,118154.18164056138 -169.60872292718005,37.1546273530611,118114.96586440653 -169.62572591131197,37.08504946852845,118076.04171564599 -169.64270560764768,37.01546870206806,118037.4093520049 -169.65966211549696,36.94588506625877,117999.0689306323 -169.6765955336846,36.876298573659035,117961.02060819576 -169.69350596055446,36.80670923680643,117923.26454081347 -169.71039349397162,36.73711706821966,117885.80088409405 -169.72725823132603,36.66752208039635,117848.62979311842 -169.74410026953535,36.59792428581465,117811.75142244759 -169.76091970504828,36.52832369693333,117775.16592609847 -169.7777166338471,36.458720326190914,117738.87345758612 -169.79449115145084,36.389114186008115,117702.87416986859 -169.8112433529186,36.31950528878521,117667.16821540838 -169.8279733328518,36.24989364690393,117631.75574610257 -169.84468118539792,36.18027927272724,117596.63691334345 -169.86136700425283,36.110662178598965,117561.81186798122 -169.87803088266355,36.041042376845546,117527.28076033184 -169.89467291343172,35.97141987977414,117493.04374017158 -169.91129318891575,35.90179469967396,117459.10095675578 -169.9278918010344,35.83216684881604,117425.45255880505 -169.94446884126896,35.7625363394534,117392.09869448206 -169.961024400666,35.692903183822345,117359.03951143853 -169.97755856984045,35.62326739414034,117326.27515676187 -169.9940714389785,35.5536289826079,117293.80577700851 -170.01056309783976,35.48398796140824,117261.6315182173 -170.02703363576023,35.41434434270703,117229.75252584828 -170.04348314165486,35.34469813865397,117198.16894485115 -170.0599117040208,35.27504936138088,117166.88091960287 -170.07631941093908,35.20539802300306,117135.88859396067 -170.0927063500778,35.1357441356194,117105.19211123089 -170.10907260869487,35.06608771131182,117074.79161415697 -170.12541827363984,34.99642876214714,117044.68724496316 -170.14174343135733,34.92676730017479,117014.8791453052 -170.15804816788952,34.85710333742842,116985.36745628851 -170.17433256887747,34.787436885926056,116956.15231849722 -170.19059671956524,34.7177679576697,116927.2338719241 -170.20684070480144,34.648096564645336,116898.61225602971 -170.22306460904184,34.57842271882471,116870.28760972875 -170.23926851635187,34.50874643216285,116842.26007137824 -170.2554525104091,34.43906771659993,116814.52977878031 -170.27161667450588,34.369386584061,116787.09686917375 -170.28776109155106,34.29970304645587,116759.96147925073 -170.30388584407308,34.23001711568033,116733.12374514688 -170.3199910142217,34.16032880361439,116706.58380242049 -170.3360766837712,34.09063812212372,116680.34178610763 -170.35214293412182,34.02094508305952,116654.39783065757 -170.36818984630273,33.951249698258266,116628.75206995729 -170.38421750097382,33.88155197954312,116603.4046373467 -170.4002259784282,33.81185193872195,116578.35566560383 -170.41621535859474,33.742149587589196,116553.6052869246 -170.43218572103982,33.67244493792486,116529.15363295347 -170.4481371449701,33.602738001495275,116505.00083478152 -170.46406970923402,33.533028790053855,116481.14702290388 -170.47998349232455,33.46331731533934,116457.59232727933 -170.49587857238166,33.39360358907752,116434.33687727302 -170.51175502719354,33.32388762298049,116411.38080171427 -170.52761293419962,33.25416942874694,116388.72422881979 -170.54345237049216,33.18444901806352,116366.36728628546 -170.55927341281878,33.114726402602535,116344.31010117398 -170.57507613758432,33.04500159402391,116322.55280004616 -170.59086062085314,32.975274603974555,116301.09550883973 -170.60662693835087,32.90554544408839,116279.9383529368 -170.6223751654667,32.83581412598779,116259.081457146 -170.63810537725544,32.76608066128138,116238.5249456805 -170.65381764843974,32.69634506156591,116218.2689422045 -170.6695120534114,32.62660733842563,116198.31356979399 -170.6851886662346,32.55686750343222,116178.65895095126 -170.70084756064634,32.48712556814658,116159.30520757983 -170.71648881005993,32.417381544115926,116140.25246103584 -170.732112487566,32.347635442876644,116121.50083206456 -170.74771866593468,32.27788727595263,116103.05044084294 -170.7633074176178,32.20813705485593,116084.90140695826 -170.77887881475047,32.13838479108817,116067.0538494476 -170.79443292915306,32.068630496138034,116049.50788670543 -170.80996983233356,31.998874181483515,116032.26363659784 -170.82548959548853,31.92911585859076,116015.32121635992 -170.8409922895062,31.85935553891451,115998.68074268047 -170.85647798496697,31.789593233899634,115982.34233162458 -170.87194675214656,31.71982895497848,115966.30609869548 -170.887398661017,31.650062713572723,115950.57215878976 -170.90283378124846,31.580294521093496,115935.14062622939 -170.91825218221183,31.510524388940226,115920.01161473473 -170.9336539329796,31.440752328503233,115905.18523744073 -170.94903910232804,31.370978351160634,115890.66160687803 -170.96440775873933,31.30120246828061,115876.44083499492 -170.9797599704026,31.23142469122075,115862.52303315976 -170.99509580521632,31.16164503132782,115848.9083121108 -171.01041533078947,31.09186349993937,115835.59678201207 -171.02571861444375,31.022080108381864,115822.58855242658 -171.04100572321522,30.952294867971553,115809.88373233656 -171.05627672385592,30.882507790014962,115797.48243010363 -171.07153168283523,30.81271888580835,115785.38475349001 -171.08677066634218,30.742928166637792,115773.59080968025 -171.10199374028676,30.673135643780842,115762.10070523746 -171.11720097030133,30.60334132850372,115750.91454613172 -171.13239242174316,30.533545232063688,115740.03243772051 -171.14756815969494,30.463747365708382,115729.45448478429 -171.16272824896723,30.393947740675248,115719.18079147722 -171.1778727540996,30.324146368193766,115709.21146134987 -171.1930017393626,30.25434325948255,115699.54659735925 -171.208115268759,30.18453842575151,115690.18630184082 -171.22321340602588,30.114731878201212,115681.1306765397 -171.2382962146355,30.044923628022715,115672.37982257795 -171.2533637577975,29.975113686399,115663.93384047893 -171.26841609845997,29.905302064503132,115655.79283016345 -171.28345329931145,29.835488773499222,115647.95689093089 -171.29847542278208,29.76567382454292,115640.42612145789 -171.31348253104528,29.695857228780262,115633.20061983699 -171.32847468601935,29.626038997349923,115626.28048353738 -171.34345194936876,29.556219141380762,115619.66580940611 -171.35841438250577,29.48639767199317,115613.35669367501 -171.37336204659215,29.416574600299192,115607.35323200222 -171.38829500254,29.346749937401942,115601.6555193571 -171.40321331101384,29.276923694397233,115596.26365016145 -171.4181170324318,29.207095882371423,115591.17771818016 -171.43300622696725,29.137266512402782,115586.39781656885 -171.4478809545497,29.06743559556161,115581.92403788588 -171.46274127486734,28.997603142909423,115577.75647403467 -171.47758724736678,28.92776916550095,115573.89521633233 -171.49241893125605,28.85793367438148,115570.34035545062 -171.50723638550542,28.788096680588907,115567.0919814547 -171.5220396688483,28.718258195153233,115564.15018377919 -171.53682883978342,28.648418229095974,115561.51505123811 -171.55160395657552,28.578576793432134,115559.18667202018 -171.56636507725727,28.508733899167773,115557.16513369592 -171.58111225963034,28.43888955730155,115555.4505232121 -171.59584556126669,28.369043778824818,115554.04292688411 -171.61056503950996,28.299196574720455,115552.94243038626 -171.62527075147707,28.22934795596538,115552.1491187984 -171.639962754059,28.159497933527668,115551.66307655218 -171.65464110392261,28.089646518368422,115551.48438744967 -171.6693058575119,28.019793721441342,115551.61313467215 -171.68395707104872,27.94993955369243,115552.0494007542 -171.69859480053466,27.880084026061734,115552.7932676224 -171.71321910175217,27.810227149480678,115553.84481655434 -171.72783003026606,27.740368934874084,115555.2041282003 -171.74242764142417,27.670509393159627,115556.87128258766 -171.75701199035905,27.600648535247544,115558.84635909791 -171.77158313198905,27.53078637204224,115561.12943648128 -171.7861411210197,27.460922914440033,115563.72059284335 -171.8006860119452,27.391058173330592,115566.61990568409 -171.81521785904866,27.32119215959693,115569.82745182727 -171.82973671640454,27.251324884114666,115573.3433074945 -171.8442426378789,27.181456357753923,115577.16754824559 -171.85873567713134,27.111586591376877,115581.30024900765 -171.87321588761534,27.041715595839644,115585.74148408115 -171.88768332258047,26.971843381991377,115590.49132710608 -171.90213803507288,26.901969960674602,115595.54985110697 -171.91658007793635,26.83209534272609,115600.91712844688 -171.93100950381395,26.762219538975437,115606.59323085414 -171.94542636514916,26.69234256024578,115612.5782293997 -171.95983071418652,26.62246441735405,115618.87219454195 -171.97422260297327,26.552585121110834,115625.47519607932 -171.98860208336032,26.48270468231996,115632.38730315599 -172.00296920700316,26.41282311178011,115639.60858428499 -172.01732402536334,26.34294042028261,115647.13910732444 -172.03166658970954,26.27305661861316,115654.97893950123 -172.04599695111827,26.203171717550934,115663.12814737293 -172.06031516047548,26.133285727869133,115671.58679685579 -172.07462126847744,26.063398660335512,115680.35495323979 -172.0889153256316,25.993510525710995,115689.43268113222 -172.10319738225826,25.92362133475076,115698.82004451062 -172.1174674884909,25.853731098204136,115708.51710670679 -172.1317256942779,25.783839826814077,115718.52393038057 -172.14597204938303,25.713947531318773,115728.8405775694 -172.16020660338714,25.644054222449583,115739.46710961552 -172.17442940568878,25.57415991093242,115750.40358725627 -172.188640505505,25.504264607487208,115761.65007055203 -172.20283995187313,25.434368322828053,115773.20661890252 -172.2170277936511,25.364471067664372,115785.07329105801 -172.23120407951902,25.2945728526989,115797.25014512819 -172.24536885797968,25.224673688628922,115809.7372385455 -172.25952217735986,25.154773586146366,115822.53462810481 -172.2736640858114,25.084872555937036,115835.64236991595 -172.28779463131198,25.01497060868254,115849.06051947582 -172.30191386166624,24.9450677550577,115862.78913156022 -172.31602182450672,24.875164005732415,115876.82826035045 -172.33011856729485,24.805259371371136,115891.17795933557 -172.34420413732218,24.735353862632298,115905.83828133756 -172.35827858171044,24.665447490170564,115920.80927854385 -172.3723419474141,24.595540264633758,115936.09100244673 -172.38639428121948,24.525632196665008,115951.68350391684 -172.40043562974728,24.455723296902086,115967.58683312258 -172.41446603945258,24.38581357597707,115983.80103958401 -172.42848555662596,24.315903044518212,116000.3261721812 -172.44249422739477,24.245991713147312,116017.16227908786 -172.45649209772378,24.17607959248129,116034.30940784414 -172.47047921341579,24.106166693132153,116051.7676053144 -172.48445562011372,24.036253025706333,116069.53691769118 -172.49842136329966,23.96633860080641,116087.61739050847 -172.51237648829772,23.896423429028697,116106.00906864232 -172.52632104027347,23.82650752096501,116124.7119962868 -172.5402550642357,23.756590887202005,116143.72621695806 -172.554178605037,23.686673538321177,116163.0517735254 -172.56809170737452,23.616755484900192,116182.68870817551 -172.58199441579114,23.546836737510606,116202.63706243169 -172.59588677467607,23.476917306719535,116222.8968771521 -172.60976882826594,23.406997203089304,116243.4681924974 -172.62364062064563,23.337076437176908,116264.35104799914 -172.6375021957489,23.267155019535746,116285.5454824788 -172.6513535973596,23.197232960713357,116307.05153409694 -172.66519486911244,23.127310271252846,116328.86924035205 -172.67902605449345,23.057386961692522,116350.99863805884 -172.69284719684134,22.987463042566162,116373.43976335472 -172.7066583393481,22.91753852440216,116396.19265171289 -172.72045952505965,22.84761341772589,116419.25733792296 -172.73425079687715,22.777687733056528,116442.63385610007 -172.74803219755754,22.70776148090923,116466.32223968334 -172.76180376971385,22.63783467179429,116490.32252144556 -172.77556555581725,22.567907316217408,116514.63473347304 -172.7893175981966,22.497979424680597,116539.25890716602 -172.80305993904,22.42805100768032,116564.19507325368 -172.81679262039526,22.358122075708916,116589.44326179016 -172.83051568417102,22.288192639254227,116615.0035021558 -172.84422917213703,22.21826270879906,116640.87582302885 -172.8579331259256,22.148332294823184,116667.06025243268 -172.87162758703164,22.07840140780071,116693.55681769397 -172.88531259681392,22.00847005820145,116720.36554545935 -172.8989881964959,21.938538256491228,116747.48646171104 -172.91265442716644,21.868606013130805,116774.91959171642 -172.92631132978,21.79867333857795,116802.6649600982 -172.93995894515814,21.728740243284687,116830.7225907689 -172.95359731399006,21.658806737699322,116859.09250695957 -172.9672264768332,21.588872832265665,116887.7747312322 -172.98084647411406,21.518938537422983,116916.76928543682 -172.994457346129,21.44900386360742,116946.07619078434 -173.00805913304484,21.379068821249607,116975.69546776159 -173.02165187489985,21.30913342077631,117005.62713617318 -173.03523561160432,21.23919767261023,117035.8712151442 -173.04881038294124,21.169261587169217,117066.42772312659 -173.06237622856688,21.09932517486826,117097.29667785505 -173.07593318801216,21.029388446117053,117128.47809640323 -173.08948130068237,20.95945141132123,117159.97199515448 -173.10302060585897,20.889514080882613,117191.77838978101 -173.1165511426993,20.819576465198143,117223.89729528972 -173.13007295023803,20.749638574662054,117256.32872598027 -173.14358606738736,20.67970041966326,117289.07269548238 -173.15709053293816,20.609762010586874,117322.12921671814 -173.17058638556014,20.539823357813955,117355.49830192905 -173.18407366380313,20.469884471721123,117389.17996265978 -173.197552406097,20.39994536268199,117423.17420976119 -173.21102265075353,20.330006041065133,117457.48105340317 -173.2244844359656,20.2600665172352,117492.10050305323 -173.23793779980903,20.190126801553202,117527.03256748902 -173.25138278024286,20.120186904375323,117562.27725479989 -173.26481941510988,20.050246836055255,117597.83457236915 -173.27824774213735,19.980306606941255,117633.70452689506 -173.29166779893777,19.910366227378063,117669.88712438509 -173.30507962300965,19.840425707706576,117706.38237014519 -173.31848325173783,19.770485058263276,117743.19026879355 -173.33187872239446,19.70054428938156,117780.31082423423 -173.34526607213928,19.630603411390272,117817.74403970125 -173.3586453380206,19.560662434614095,117855.48991771035 -173.37201655697567,19.490721369374306,117893.54846010804 -173.38537976583189,19.420780225987567,117931.91966800288 -173.39873500130628,19.350839014767843,117970.60354183763 -173.4120823000076,19.280897746024092,118009.60008135265 -173.42542169843563,19.210956430061813,118048.90928558225 -173.43875323298283,19.14101507718238,118088.5311528615 -173.45207693993413,19.07107369768318,118128.46568083462 -173.46539285546808,19.001132301858725,118168.71286644936 -173.47870101565738,18.931190899998608,118209.27270593907 -173.49200145646935,18.861249502388805,118250.14519485645 -173.5052942137666,18.791308119311505,118291.3303280312 -173.51857932330773,18.721366761045257,118332.82809961254 -173.53185682074755,18.651425437863974,118374.63850302876 -173.54512674163826,18.58148416003927,118416.76153103725 -173.5583891214297,18.511542937837596,118459.19717566227 -173.57164399547003,18.44160178152196,118501.94542824077 -173.58489139900593,18.371660701351786,118545.00627940665 -173.59813136718412,18.3017197075819,118588.37971909645 -173.6113639350508,18.231778810464817,118632.0657365195 -173.6245891375531,18.16183802024793,118676.06432022466 -173.63780700953953,18.091897347175347,118720.37545802064 -173.6510175857598,18.02195680148733,118764.99913701978 -173.66422090086635,17.952016393419868,118809.93534364727 -173.6774169894147,17.88207613320652,118855.18406359472 -173.69060588586333,17.812136031075784,118900.74528188923 -173.70378762457514,17.742196097252773,118946.61898281061 -173.71696223981755,17.67225634195899,118992.80514995458 -173.73012976576314,17.602316775411367,119039.30376621947 -173.74329023649005,17.532377407824853,119086.11481377155 -173.75644368598287,17.462438249409047,119133.23827408876 -173.76959014813286,17.3924993103702,119180.67412796285 -173.78272965673875,17.322560600910997,119228.42235543154 -173.79586224550715,17.252622131229817,119276.48293585444 -173.80898794805316,17.182683911522602,119324.85584788884 -173.82210679790046,17.112745951980273,119373.54106946987 -173.83521882848282,17.04280826279033,119422.53857781827 -173.84832407314371,16.97287085413685,119471.84834947703 -173.8614225651373,16.902933736199362,119521.47036025347 -173.87451433762865,16.83299691915507,119571.40458526004 -173.88759942369475,16.76306041317631,119621.65099889642 -173.90067785632453,16.693124228432016,119672.20957484096 -173.91374966841988,16.623188375087203,119723.08028608182 -173.92681489279545,16.55325286330304,119774.26310489411 -173.93987356217983,16.483317703237894,119825.75800283454 -173.9529257092158,16.413382905045477,119877.56495073918 -173.96597136646093,16.34344847887604,119929.6839187744 -173.97901056638793,16.273514434875977,119982.11487635839 -173.9920433413853,16.203580783187768,120034.85779220473 -174.00506972375777,16.133647533951216,120087.91263433626 -174.0180897457268,16.06371469730119,120141.27937002452 -174.031103439431,15.993782283369388,120194.95796588516 -174.0441108369271,15.923850302283459,120248.94838777378 -174.05711197018957,15.853918764167258,120303.25060085669 -174.07010687111176,15.783987679141983,120357.86456958184 -174.0830955715064,15.714057057323688,120412.79025769478 -174.09607810310595,15.644126908825449,120468.0276282166 -174.10905449756262,15.57419724375627,120523.57664345086 -174.12202478644988,15.50426807222128,120579.43726501086 -174.13498900126177,15.434339404323005,120635.60945377722 -174.1479471734144,15.364411250158758,120692.09316992854 -174.16089933424578,15.294483619822849,120748.88837292293 -174.1738455150165,15.224556523405754,120805.99502149978 -174.18678574691035,15.154629970993975,120863.41307370973 -174.19972006103436,15.084703972670257,120921.14248685054 -174.21264848841972,15.014778538514328,120979.1832175392 -174.22557106002208,14.944853678601412,121037.5352216671 -174.23848780672188,14.874929403002987,121096.19845440722 -174.25139875932507,14.805005721786904,121155.17287022622 -174.26430394856354,14.735082645017044,121214.45842287045 -174.2772034050949,14.665160182754367,121274.05506536805 -174.29009715950426,14.595238345055204,121333.9627500373 -174.30298524230335,14.525317141972142,121394.18142847545 -174.31586768393183,14.455396583554293,121454.71105157663 -174.32874451475746,14.385476679846352,121515.55156950795 -174.34161576507645,14.315557440890764,121576.70293173194 -174.35448146511385,14.245638876724447,121638.1650869791 -174.36734164502442,14.175720997381491,121699.93798328807 -174.38019633489284,14.10580381289168,121762.0215679517 -174.39304556473363,14.035887333281025,121824.41578756705 -174.40588936449242,13.965971568572646,121887.12058801025 -174.4187277640462,13.896056528784603,121950.135914435 -174.43156079320295,13.826142223931875,122013.46171129837 -174.44438848170338,13.756228664025205,122077.09792231755 -174.4572108592204,13.686315859071279,122141.044490508 -174.47002795535943,13.616403819074348,122205.30135814943 -174.48283979965996,13.546492554033254,122269.86846683681 -174.49564642159476,13.476582073943533,122334.74575740927 -174.50844785057092,13.406672388797098,122399.9331700187 -174.52124411592996,13.336763508581106,122465.43064409935 -174.5340352469487,13.2668554432806,122531.23811834879 -174.54682127283917,13.196948202875163,122597.3555307597 -174.55960222274922,13.127041797340999,122663.7828185998 -174.57237812576327,13.057136236650557,122730.51991842983 -174.58514901090211,12.987231530771755,122797.56676609091 -174.59791490712365,12.9173276896701,122864.92329668967 -174.61067584332343,12.847424723305814,122932.58944465434 -174.6234318483348,12.77752264163557,123000.56514364254 -174.63618295092954,12.707621454612228,123068.85032663445 -174.648929179818,12.637721172184214,123137.44492588003 -174.66167056364955,12.567821804297498,123206.34887291682 -174.67440713101323,12.497923360892495,123275.56209853887 -174.68713891043802,12.428025851906503,123345.08453286525 -174.69986593039323,12.35812928727245,123414.91610524664 -174.71258821928873,12.288233676919296,123485.05674437144 -174.72530580547559,12.218339030772952,123555.50637815356 -174.73801871724623,12.148445358754193,123626.26493383574 -174.75072698283518,12.078552670780416,123697.3323379169 -174.76343063041898,12.008660976764807,123768.70851618762 -174.77612968811712,11.938770286616208,123840.39339370541 -174.7888241839919,11.868880610240643,123912.38689482908 -174.80151414604916,11.798991957539155,123984.68894318616 -174.8141996022386,11.729104338408689,124057.29946170254 -174.82688058045392,11.659217762742658,124130.21837255504 -174.83955710853363,11.589332240429705,124203.4455972305 -174.8522292142609,11.519447781355785,124276.98105648885 -174.86489692536463,11.449564395401467,124350.82467036844 -174.87756026951908,11.3796820924439,124424.97635819248 -174.8902192743449,11.309800882355812,124499.43603856185 -174.90287396740885,11.239920775005642,124574.20362936464 -174.9155243762248,11.170041780259117,124649.27904776871 -174.92817052825353,11.100163907976233,124724.66221023138 -174.94081245090376,11.030287168013691,124800.35303247019 -174.95345017153198,10.960411570223899,124876.35142950082 -174.96608371744279,10.890537124455033,124952.65731561999 -174.9787131158897,10.820663840550985,125029.27060440686 -174.9913383940753,10.750791728352375,125106.19120872533 -175.00395957915111,10.68092079769483,125183.41904070154 -175.01657669821907,10.611051058409933,125260.95401176628 -175.02918977833085,10.541182520325181,125338.79603262998 -175.0417988464885,10.47131519326356,125416.94501326549 -175.0544039296452,10.401449087044924,125495.40086295293 -175.06700505470496,10.331584211483973,125574.16349023647 -175.0796022485237,10.26172057639123,125653.23280296019 -175.09219553790902,10.19185819157323,125732.60870822352 -175.10478494962078,10.121997066831916,125812.29111243464 -175.11737051037147,10.052137211966077,125892.27992127456 -175.1299522468265,9.98227863676898,125972.57503970162 -175.14253018560464,9.912421351030206,126053.17637197247 -175.1551043532781,9.842565364534877,126134.08382160384 -175.16767477637347,9.77271068706365,126215.29729140928 -175.1802414813713,9.702857328393948,126296.81668347948 -175.19280449470682,9.633005298297666,126378.6418992119 -175.2053638427705,9.563154606542788,126460.77283923418 -175.2179195519082,9.493305262893069,126543.20940351435 -175.23047164842117,9.4234572771074,126625.95149127064 -175.24302015856696,9.353610658941625,126708.99900100972 -175.25556510855944,9.283765418146034,126792.3518305285 -175.268106524569,9.213921564466805,126876.0098769058 -175.2806444327233,9.144079107645853,126959.97303649763 -175.29317885910763,9.074238057420313,127044.24120495815 -175.30570982976434,9.004398423524066,127128.81427719393 -175.31823737069428,8.934560215685334,127213.69214744132 -175.33076150785658,8.864723443628385,127298.87470918552 -175.34328226716917,8.79488811707309,127384.36185520791 -175.35579967450892,8.725054245734405,127470.15347757595 -175.36831375571202,8.655221839323971,127556.24946764392 -175.3808245365744,8.585390907547865,127642.64971603356 -175.3933320428521,8.515561460108023,127729.35411267458 -175.40583630026154,8.4457335067019,127816.36254676463 -175.41833733447956,8.375907057022035,127903.67490680274 -175.43083517114417,8.306082120757672,127991.29108054824 -175.44332983585468,8.236258707592269,128079.21095508721 -175.45582135417212,8.166436827205212,128167.4344167385 -175.4683097516192,8.096616489271282,128255.96135114688 -175.48079505368133,8.026797703460334,128344.79164322263 -175.49327728580613,7.9569804794387995,128433.92517718115 -175.50575647340435,7.887164826867355,128523.36183650795 -175.51823264184995,7.817350755402456,128613.10150398231 -175.5307058164803,7.747538274695949,128703.14406166185 -175.54317602259673,7.6777273943946955,128793.48939089286 -175.55564328546484,7.607918124142019,128884.13737233153 -175.5681076303145,7.538110473575483,128975.0878858818 -175.58056908234053,7.468304452328372,129066.34081076419 -175.59302766670277,7.398500070029255,129157.89602548043 -175.6054834085267,7.3286973363016426,129249.75340781837 -175.61793633290316,7.258896260765554,129341.91283484825 -175.6303864648894,7.189096853035087,129434.37418293348 -175.64283382950856,7.119299122719995,129527.13732773023 -175.65527845175103,7.049503079425318,129620.20214418405 -175.66772035657365,6.979708732751337,129713.56850651634 -175.68015956890082,6.909916092293166,129807.23628825237 -175.69259611362426,6.840125167642377,129901.20536218763 -175.70503001560382,6.770335968384477,129995.47560043837 -175.71746129966724,6.700548504100642,130090.04687437977 -175.72988999061124,6.630762784367216,130184.91905470307 -175.7423161132006,6.560978818755325,130280.09201135802 -175.7547396921696,6.491196616832411,130375.56561361637 -175.76716075222188,6.42141618815994,130471.3397300178 -175.7795793180309,6.351637542294814,130567.41422842239 -175.79199541423958,6.281860688789175,130663.78897592486 -175.80440906546173,6.212085637189771,130760.46383899276 -175.81682029628112,6.142312397039693,130857.43868330738 -175.82922913125293,6.07254097787593,130954.7133738934 -175.84163559490315,6.0027713892309,131052.28777503717 -175.8540397117293,5.933003640632105,131150.16175034543 -175.86644150620072,5.863237741601685,131248.3351626968 -175.87884100275878,5.79347370165801,131346.8078742572 -175.8912382258171,5.723711530313261,131445.57974651753 -175.90363319976177,5.653951237075035,131544.6506402359 -175.91602594895215,5.584192831445918,131644.02041547408 -175.92841649772075,5.514436322923074,131743.68893157702 -175.9408048703732,5.444681720999842,131843.6560471913 -175.95319109118913,5.374929035163278,131943.92162026413 -175.9655751844225,5.3051782748957885,132044.4855080448 -175.9779571743012,5.235429449674747,132145.34756704257 -175.99033708502796,5.165682568971991,132246.50765310798 -176.0027149407806,5.095937642255475,132347.96562136503 -176.01509076571173,5.026194678986814,132449.7213262303 -176.02746458394984,4.956453688622948,132551.7746214117 -176.03983641959917,4.88671468061562,132654.12535993167 -176.05220629673968,4.816977664411059,132756.7733941145 -176.06457423942808,4.747242649451481,132859.7185755541 -176.07694027169762,4.677509645172767,132962.96075516735 -176.0893044175582,4.607778661005968,133066.49978316503 -176.10166670099733,4.5380497063769365,133170.33550904365 -176.11402714597986,4.468322790705912,133274.46778161312 -176.126385776448,4.398597923409083,133378.89644897118 -176.13874261632253,4.3288751138961885,133483.621358532 -176.15109768950234,4.259154371572123,133588.64235698828 -176.1634510198649,4.189435705836472,133693.95929035224 -176.17580263126652,4.119719126083176,133799.57200392924 -176.18815254754296,4.050004641702019,133905.48034231784 -176.20050079250873,3.980292262076303,134011.6841494222 -176.21284738995877,3.910581996584388,134118.18326846196 -176.22519236366773,3.840873854599276,134224.97754194713 -176.23753573739043,3.771167845488251,134332.0668116824 -176.24987753486212,3.701463978614384,134439.45091880046 -176.26221777979924,3.63176226333416,134547.12970370657 -176.2745564958991,3.562062708999084,134655.10300613826 -176.28689370684017,3.4923653249552573,134763.37066511367 -176.29922943628293,3.422670120542931,134871.9325189604 -176.31156370786954,3.352977105098117,134980.78840532742 -176.3238965452243,3.283286287950181,135089.93816116234 -176.336227971954,3.2135976784234312,135199.3816226925 -176.3485580116482,3.143911285836671,135309.11862549456 -176.36088668787934,3.0742271195032203,135419.14900442 -176.37321402420338,3.0045451887304915,135529.47259363357 -176.38554004415946,2.9348655028215758,135640.08922661474 -176.39786477127072,2.8651880710728284,135750.99873614957 -176.41018822904437,2.795512902775454,135862.20095431886 -176.4225104409718,2.725840007215092,135973.69571253075 -176.43483143052936,2.656169393671386,136085.48284149895 -176.44715122117768,2.5865010714196273,136197.56217123283 -176.45946983636313,2.516835049728279,136309.9335310633 -176.47178729951713,2.447171337860599,136422.5967496177 -176.48410363405708,2.3775099450741766,136535.55165486803 -176.49641886338594,2.3078508806206313,136648.7980740501 -176.50873301089322,2.2381941537470187,136762.33583375087 -176.5210460999545,2.1685397736936176,136876.16475985383 -176.53335815393268,2.09888774969538,136990.28467754752 -176.5456691961772,2.0292380909815466,137104.69541135407 -176.5579792500249,1.959590806775265,137219.3967850758 -176.57028833880017,1.8899459062951611,137334.38862186723 -176.58259648581537,1.8203033987528858,137449.6707441743 -176.59490371437056,1.7506632933547597,137565.24297375837 -176.60721004775456,1.6810255993013439,137681.1051317045 -176.61951550924437,1.6113903257870226,137797.25703840127 -176.631820122106,1.5417574820015385,137913.69851357408 -176.6441239095948,1.4721270771276755,138030.42937624513 -176.6564268949554,1.4024991203427832,138147.44944476138 -176.6687291014217,1.332873620818357,138264.758536786 -176.68103055221792,1.2632505877196596,138382.35646931286 -176.6933312705584,1.1936300302072944,138500.2430586265 -176.70563127964775,1.12401195743477,138618.4181203529 -176.71793060268143,1.054396378550138,138736.88146943672 -176.73022926284585,0.9847833026955002,138855.63292013863 -176.74252728331857,0.915172739006708,138974.6722860188 -176.75482468726844,0.8455646966148149,139093.99938000864 -176.76712149785635,0.7759591846437502,139213.61401432144 -176.7794177382351,0.7063562122119251,139333.51600049465 -176.79171343154974,0.6367557884317507,139453.70514940438 -176.79759977531393,0.6034447252314025,139511.3313125889 -176.8040086009379,0.5671579224092423,139574.18127123307 -176.81630326952975,0.49756262324564327,139694.94417550252 -176.82859746044858,0.42796990003497704,139815.9936710562 -176.84089119681119,0.3583797618656347,139937.3295660533 -176.8531845017279,0.2887922178200103,140058.95166798038 -176.86547739830254,0.2192072769739894,140180.85978365247 -176.87776990963326,0.14962494839864035,140303.0537192202 -176.89006205881256,0.08004524115773143,140425.53328014666 -176.9023538689274,0.010468164309366444,140548.2982712256 -176.91464536305966,-0.05910627309448227,140671.34849658332 -176.9269365642864,-0.12867806200833082,140794.68375967658 -176.93922749567992,-0.19824719339164817,140918.3038632766 -176.95151818030794,-0.267813658211224,141042.20860950864 -176.96380864123475,-0.3373774474396123,141166.39779980193 -176.97609890152012,-0.4069385520555263,141290.87123493702 -176.98838898422036,-0.47649696304387845,141415.62871500896 -177.00067891238876,-0.5460526713961512,141540.6700394624 -177.012968709075,-0.6156056681088554,141665.99500707118 -177.02525839732633,-0.6851559441858951,141791.6034159168 -177.03754800018743,-0.7547034906370248,141917.4950634501 -177.0498375407003,-0.8242482984786367,142043.66974643263 -177.0621270419052,-0.8937903587321776,142170.12726098028 -177.0744165268405,-0.9633296624265817,142296.86740251415 -177.08670601854325,-1.0328662005966525,142423.8899658254 -177.09899554004866,-1.1023999642834725,142551.19474501585 -177.11128511439156,-1.1719309445344661,142678.78153353362 -177.12357476460545,-1.2414591324037518,142806.65012417678 -177.13586451372373,-1.3109845189505924,142934.8003090571 -177.14815438477925,-1.3805070952418135,143063.23187965402 -177.16044440080512,-1.4500268523501538,143191.94462676725 -177.17273458483447,-1.519543781354776,143320.93834053233 -177.1850249599011,-1.5890578733415714,143450.21281043653 -177.19731554903942,-1.6585691194016663,143579.7678253119 -177.20960637528498,-1.7280775106338013,143709.60317332443 -177.22189746167476,-1.7975830381427047,143839.71864198396 -177.23418883124683,-1.867085693039564,143970.11401814877 -177.24648050704164,-1.9365854664423698,144100.78908801446 -177.25877251210136,-2.0060823494744486,144231.74363712082 -177.27106486947025,-2.075576333266718,144362.97745036872 -177.28335760219568,-2.1450674089562165,144494.49031197245 -177.29565073332734,-2.2145555676864634,144626.28200552848 -177.30794428591838,-2.2840408006078645,144758.35231395933 -177.32023828302505,-2.3535230988762073,144890.70101953417 -177.33253274770732,-2.423002453654948,145023.32790388554 -177.34482770302893,-2.49247885611368,145156.23274799326 -177.35712317205787,-2.5619522974286095,145289.41533215647 -177.36941917786632,-2.6314227687828358,145422.87543607227 -177.3817157435311,-2.700890261364891,145556.61283875143 -177.39401289213404,-2.770354766371072,145690.62731857182 -177.40631064676208,-2.839816275003875,145824.91865326092 -177.41860903050755,-2.9092747784724104,145959.48661990324 -177.43090806646842,-2.978730267992794,146094.33099494484 -177.44320777774848,-3.0481827347866237,146229.45155414354 -177.45550818745772,-3.1176321700832914,146364.84807267596 -177.4678093187129,-3.1870785651184805,146500.52032502575 -177.48011119463703,-3.256521911134529,146636.46808505605 -177.49241383836022,-3.325962199380847,146772.69112597912 -177.50471727301982,-3.395399421112371,146909.18922036272 -177.51702152176074,-3.464833567591896,147045.96214013468 -177.52932660773527,-3.5342646300885616,147183.00965659786 -177.54163255410418,-3.603692599878218,147320.33154038977 -177.55393938403614,-3.6731174682438477,147457.9275615215 -177.56624712070828,-3.7425392264740194,147595.79748937403 -177.57855578730673,-3.8119578658651903,147733.9410926656 -177.59086540702677,-3.8813733777202364,147872.35813950322 -177.60317600307224,-3.950785753348819,148011.0483973442 -177.61548759865735,-4.0201949840677536,148150.01163300697 -177.6278002170058,-4.089601061199489,148289.24761268336 -177.64011388135123,-4.159003976074476,148428.75610193037 -177.6524286149376,-4.228403720029566,148568.53686567038 -177.66474444101982,-4.29780028440848,148708.58966817675 -177.67706138286326,-4.367193660562162,148848.91427312253 -177.6893794637446,-4.436583839847208,148989.5104435196 -177.7016987069518,-4.5059708136282985,149130.37794176277 -177.7140191357844,-4.575354573276562,149271.5165296187 -177.72634077355397,-4.644735110170022,149412.92596821766 -177.7386636435844,-4.714112415693615,149554.60601806143 -177.75098776921172,-4.783486481239548,149696.55643904276 -177.7633131737845,-4.852857298205767,149838.7769903923 -177.77563988066467,-4.922224857998363,149981.26743074547 -177.7879679132273,-4.991589152029903,150124.02751809824 -177.80029729486057,-5.0609501717199485,150267.0570098199 -177.8126280489669,-5.130307908495406,150410.3556626734 -177.82496019896237,-5.199662353788931,150553.92323277149 -177.83729376827736,-5.269013499041377,150697.7594756276 -177.8496287803571,-5.338361335700182,150841.8641461077 -177.86196525866117,-5.407705855219731,150986.23699849163 -177.8743032266647,-5.477047049061856,151130.87778641545 -177.88664270785767,-5.546384908694212,151275.78626288995 -177.8989837257459,-5.615719425592628,151420.96218033935 -177.91132630385135,-5.685050591239613,151566.40529052855 -177.92367046571147,-5.754378397124685,151712.11534463766 -177.93601623488078,-5.823702834744812,151858.09209320467 -177.9483636349301,-5.893023895602826,152004.33528618776 -177.96071268944726,-5.962341571209857,152150.84467288217 -177.97306342203728,-6.031655853083662,152297.6200020177 -177.9854158563228,-6.10096673274909,152444.66102168759 -177.99777001594396,-6.170274201738528,152591.9674793604 -178.0101259245592,-6.239578251590215,152739.53912191483 -178.02248360584514,-6.308878873850734,152887.3756956088 -178.03484308349684,-6.378176060073369,153035.47694610103 -178.04720438122834,-6.447469801818541,153183.84261841598 -178.0595675227728,-6.516760090654188,153332.47245700375 -178.0719325318826,-6.586046918154231,153481.36620568632 -178.08429943232989,-6.655330275900913,153630.52360767053 -178.09666824790682,-6.724610155483262,153779.9444055775 -178.10903900242553,-6.7938865484974365,153929.6283414164 -178.12141171971896,-6.863159446547209,154079.57515659422 -178.13378642364026,-6.9324288412423485,154229.78459189582 -178.1461631380642,-7.00169472420095,154380.25638754512 -178.15854188688635,-7.070957087047983,154530.9902831122 -178.1709226940242,-7.140215921415591,154681.98601760226 -178.18330558341702,-7.209471218943515,154833.24332942328 -178.19569057902604,-7.278722971277586,154984.76195634992 -178.208077704835,-7.347971170071982,155136.54163559852 -178.2204669848504,-7.417215806987792,155288.58210375314 -178.23285844310155,-7.486456873693298,155440.88309683176 -178.2452521036411,-7.5556943618644645,155593.44435023086 -178.2576479905452,-7.624928263183289,155746.2655987832 -178.27004612791384,-7.694158569340289,155899.34657668142 -178.2824465398709,-7.763385272032807,156052.68701756146 -178.29484925056508,-7.832608362965466,156206.28665446045 -178.307254284169,-7.901827833850587,156360.14521982704 -178.31966166488095,-7.971043676406629,156514.26244549672 -178.33207141692392,-8.040255882360468,156668.63806274382 -178.34448356454664,-8.109464443445944,156823.27180222917 -178.35689813202345,-8.178669351404213,156978.16339404642 -178.369315143655,-8.247870597984116,157133.31256769085 -178.381734623768,-8.317068174940651,157288.7190520764 -178.39415659671604,-8.386262074037337,157444.38257552343 -178.4065810868795,-8.455452287044633,157600.30286576922 -178.41900811866594,-8.52463880574033,157756.47964998527 -178.4314377165104,-8.593821621909969,157912.91265474175 -178.44386990487598,-8.663000727345288,158069.601606018 -178.45630470825347,-8.732176113846533,158226.54622924587 -178.46874215116222,-8.801347773220959,158383.7462492401 -178.4811822581503,-8.870515697283162,158541.20139027064 -178.49362505379455,-8.939679877855152,158698.91137600376 -178.50607056270107,-9.008840306766636,158856.87592953155 -178.5185188095058,-9.077996975853635,159015.09477338404 -178.5309698188739,-9.147149876960665,159173.56762950387 -178.54342361550127,-9.216299001939266,159332.29421925943 -178.55588022411382,-9.285444342648445,159491.2742634382 -178.56833966946851,-9.354585890954919,159650.5074822904 -178.58080197635286,-9.42372363873172,159809.99359544704 -178.593267169586,-9.492857577860388,159969.73232198405 -178.60573527401866,-9.561987700229476,160129.7233804297 -178.6182063145332,-9.631113997735115,160289.96648872292 -178.63068031604467,-9.7002364622812,160450.46136423093 -178.64315730350012,-9.769355085777834,160611.20772376057 -178.65563730187944,-9.838469860143691,160772.2052835548 -178.66812033619613,-9.90758077730458,160933.45375928003 -178.68060643149647,-9.976687829193784,161094.95286606436 -178.69309561286087,-10.045791007752275,161256.70231843163 -178.70558790540338,-10.114890304927535,161418.70183039186 -178.71808333427273,-10.183985712675483,161580.95111533537 -178.73058192465209,-10.253077222959197,161743.44988615022 -178.74308370175942,-10.32216482774914,161906.19785512786 -178.75558869084827,-10.391248519023824,162069.19473401058 -178.76809691720737,-10.46032828876782,162232.44023399125 -178.78060840616152,-10.529404128974505,162395.93406568203 -178.79312318307146,-10.598476031644324,162559.67593916797 -178.80564127333477,-10.667543988785066,162723.66556395203 -178.81816270238548,-10.73660799241257,162887.90264901143 -178.83068749569466,-10.805668034549008,163052.38690274593 -178.84321567877114,-10.874724107224932,163217.1180330164 -178.85574727716127,-10.94377620247821,163382.09574712694 -178.86828231644918,-11.012824312354331,163547.3197518422 -178.88082082225802,-11.081868428906343,163712.78975336062 -178.89336282024888,-11.150908544193877,163878.50545733498 -178.90590833612228,-11.219944650285179,164044.46656888892 -178.91845739561776,-11.28897673925546,164210.67279257494 -178.93101002451496,-11.358004803187535,164377.12383242862 -178.9435662486329,-11.427028834172205,164543.81939189596 -178.9561260938311,-11.496048824306593,164710.75917393333 -178.9686895860098,-11.5650647656962,164877.94288092776 -178.98125675110995,-11.634076650454043,165045.37021470812 -178.99382761511382,-11.703084470700372,165213.04087659824 -179.00640220404537,-11.772088218563514,165380.95456736212 -179.0189805439703,-11.84108788617804,165549.1109872291 -179.03156266099634,-11.910083465687181,165717.5098358814 -179.04414858127424,-11.979074949241417,165886.15081249073 -179.0567383309972,-12.04806232899857,166055.03361566027 -179.06933193640194,-12.117045597124438,166224.15794347262 -179.08192942376868,-12.186024745791208,166393.52349350252 -179.0945308194209,-12.254999767179775,166563.12996273825 -179.10713614972727,-12.323970653477927,166732.97704769255 -179.1197454411005,-12.392937396881306,166903.06444430357 -179.132358719998,-12.461899989592775,167073.39184800346 -179.14497601292263,-12.530858423823297,167243.9589536963 -179.157597346423,-12.599812691790024,167414.76545574947 -179.17022274709316,-12.668762785718904,167585.81104801202 -179.18285224157373,-12.73770869784296,167757.09542379566 -179.1954858565517,-12.806650420403056,167928.6182759042 -179.20812361876116,-12.875587945646506,168100.379296598 -179.22076555498322,-12.944521265829296,168272.37817762684 -179.23341169204716,-13.013450373214352,168444.61461023212 -179.2460620568293,-13.082375260072316,168617.08828510513 -179.2587166762551,-13.151295918681239,168789.79889244604 -179.2713755772982,-13.220212341326993,168962.7461219174 -179.28403878698154,-13.289124520301957,169135.92966267836 -179.29670633237689,-13.358032447907044,169309.34920335576 -179.3093782406065,-13.426936116450323,169483.0044320745 -179.32205453884208,-13.495835518247256,169656.89503644715 -179.33473525430597,-13.564730645621388,169831.02070356283 -179.34742041427134,-13.63362149090232,170005.38111999317 -179.3601100460622,-13.702508046428521,170179.97597183156 -179.3728041770544,-13.771390304545479,170354.80494462576 -179.38550283467535,-13.840268257606192,170529.8677234196 -179.39820604640497,-13.909141897971484,170705.16399276946 -179.41091383977547,-13.978011218008374,170880.69343670935 -179.42362624237214,-14.046876210092757,171056.45573876612 -179.43634328183347,-14.115736866607529,171232.45058198075 -179.44906498585183,-14.18459317994286,171408.67764885796 -179.4617913821734,-14.253445142496984,171585.13662142752 -179.47452249859865,-14.322292746674387,171761.82718120445 -179.48725836298328,-14.391135984888125,171938.74900921428 -179.49999900323783,-14.459974849558249,172115.9017859675 -179.51274444732823,-14.5288093331124,172293.28519149244 -179.52549472327675,-14.597639427985923,172470.8989053061 -179.53824985916143,-14.66646512662054,172648.7426064444 -179.55100988311713,-14.735286421466457,172826.81597342415 -179.563774823336,-14.804103304980977,173005.11868428762 -179.57654470806747,-14.87291576962882,173183.65041659807 -179.5893195656184,-14.941723807882441,173362.410847371 -179.60209942435435,-15.01052741222068,173541.39965320862 -179.61488431269905,-15.079326575130834,173720.6165101591 -179.62767425913538,-15.14812128910723,173900.06109382003 -179.6404692922056,-15.216911546651518,174079.73307926938 -179.65326944051154,-15.28569734027329,174259.6321411371 -179.66607473271515,-15.35447866248812,174439.7579535331 -179.6788851975389,-15.423255505820443,174620.110190098 -179.6917008637666,-15.49202786280122,174800.68852399467 -179.7045217602425,-15.560795725969294,174981.49262788895 -179.7173479158732,-15.62955908787074,175162.52217398 -179.7301793596275,-15.698317941058255,175343.77683397607 -179.74301612053588,-15.767072278092657,175525.25627911926 -179.75585822769253,-15.835822091542068,175706.96018015858 -179.7687057102547,-15.904567373981587,175888.88820736817 -179.78155859744325,-15.973308117994298,176071.04003056083 -179.79441691854308,-16.042044316169243,176253.4153190746 -179.80728070290408,-16.110775961104114,176436.01374174384 -179.8201499799404,-16.179503045403255,176618.83496695652 -179.83302477913216,-16.24822556167841,176801.8786626367 -179.84590513002476,-16.31694350254914,176985.14449623472 -179.8587910622301,-16.385656860640875,177168.6321346956 -179.8716826054263,-16.454365628587635,177352.34124453666 -179.8845797893591,-16.52306979903013,177536.2714918069 -179.89748264384113,-16.59176936461645,177720.4225420698 -179.91039119875305,-16.660464318001935,177904.79406043215 -179.92330548404388,-16.72915465184941,178089.38571155063 -179.93622552973127,-16.79784035882778,178274.19715958426 -179.94915136590177,-16.86652143161443,178459.2280682758 -179.96208302271205,-16.935197862893407,178644.4781008832 -179.97502053038832,-17.0038696453561,178829.94692020633 -179.98796391922744,-17.0725367717012,179015.63418858472 -180.00091321959692,-17.14119923463356,179201.53956791302 -180.01386846193574,-17.20985702686649,179387.6627196242 -180.02682967675455,-17.2785101411197,179574.0033046844 -180.0397968946364,-17.34715857012038,179760.56098363322 -180.05277014623655,-17.41580230660299,179947.33541653652 -180.06574946228372,-17.48444134330808,180134.32626301068 -180.07873487357975,-17.55307567298433,180321.5331822307 -180.09172641100096,-17.621705288387098,180508.9558329227 -180.10472410549758,-17.690330182279002,180696.59387335562 -180.11772798809508,-17.758950347429952,180884.4469613647 -180.13073808989392,-17.827565776615753,181072.51475432178 -180.14375444207067,-17.896176462620424,181260.79690917768 -180.1567770758779,-17.96478239823475,181449.29308242621 -180.1698060226449,-18.03338357625622,181638.0029301053 -180.18284131377843,-18.10197998948995,181826.92610784748 -180.19588298076226,-18.17057163074684,182016.06227081397 -180.208931055159,-18.239158492845846,182205.41107374185 -180.22198556860909,-18.307740568612612,182394.97217094075 -180.23504655283264,-18.37631785087952,182584.7452162526 -180.2481140396287,-18.44489033248641,182774.7298631134 -180.2611880608769,-18.51345800627891,182964.9257645099 -180.2742686485366,-18.582020865110657,183155.33257300535 -180.2873558346487,-18.65057890184171,183345.94994071804 -180.3004496513354,-18.71913210933912,183536.77751936344 -180.31355013080073,-18.78768048047708,183727.81496019597 -180.326657305331,-18.85622400813551,183919.06191405433 -180.3397712072955,-18.92476268520225,184110.51803135918 -180.352891869147,-18.9932965045717,184302.18296208812 -180.36601932342185,-19.06182545914496,184494.05635580546 -180.37915360274118,-19.130349541830185,184686.13786166222 -180.39229473981052,-19.19886874554143,184878.42712835644 -180.40544276742096,-19.267383063200285,185070.92380418963 -180.41859771844966,-19.335892487734956,185263.62753704056 -180.43175962585977,-19.404397012080228,185456.53797436078 -180.44492852270164,-19.472896629177963,185649.65476318862 -180.4581044421126,-19.541391331975696,185842.97755015758 -180.4712874173184,-19.60988111342848,186036.50598145803 -180.48447748163258,-19.678365966497925,186230.23970289025 -180.49767466845825,-19.74684588415211,186424.1783598337 -180.51087901128753,-19.815320859366064,186618.32159725047 -180.52409054370256,-19.883790885120465,186812.66905970158 -180.53730929937595,-19.95225595440337,187007.22039134087 -180.55053531207173,-20.020716060209324,187201.97523589473 -180.56376861564482,-20.089171195539155,187396.9332367025 -180.57700924404273,-20.1576213534004,187592.09403669176 -180.5902572313054,-20.226066526807436,187787.45727837752 -180.60351261156572,-20.29450670877976,187983.02260388597 -180.61677541905064,-20.362941892344672,188178.78965491804 -180.63004568808125,-20.431372070535506,188374.75807281307 -180.64332345307318,-20.499797236392297,188570.92749846238 -180.6566087485373,-20.56821738296044,188767.29757239087 -180.66990160908122,-20.636632503292713,188963.86793470627 -180.6832020694076,-20.705042590447942,189160.63822514607 -180.69651016431735,-20.773447637491316,189357.60808302977 -180.70982592870817,-20.841847637494272,189554.77714727694 -180.72314939757612,-20.91024258353479,189752.14505644309 -180.73648060601593,-20.97863246869637,189949.71144867252 -180.7498195892214,-21.047017286069376,190147.47596171705 -180.76316638248633,-21.115397028750326,190345.4382329435 -180.77652102120473,-21.183771689841976,190543.59789934038 -180.78988354087184,-21.252141262453478,190741.9545974853 -180.80325397708404,-21.32050573969895,190940.50796359289 -180.81663236554002,-21.388865114699964,191139.25763348336 -180.83001874204112,-21.457219380583656,191338.20324260212 -180.8434131424921,-21.5255685304834,191537.34442599915 -180.85681560290143,-21.593912557538797,191736.6808183442 -180.87022615938199,-21.662251454894502,191936.2120539526 -180.88364484815193,-21.730585215702348,192135.9377667249 -180.89707170553478,-21.79891383311961,192335.85759020643 -180.9105067679607,-21.86723730030944,192535.97115756688 -180.92395007196635,-21.935555610441803,192736.2781015854 -180.93740165419595,-22.003868756690814,192936.77805467878 -180.95086155140203,-22.072176732237885,193137.47064889548 -180.96432980044554,-22.140479530270014,193338.35551590586 -180.97780643829677,-22.20877714397992,193539.43228700507 -180.9912915020362,-22.2770695665663,193740.70059314236 -181.00478502885457,-22.34535679123291,193942.16006485428 -181.01828705605388,-22.41363881118998,194143.81033236513 -181.03179762104824,-22.481915619653297,194345.65102549142 -181.0453167613637,-22.550187209844367,194547.68177371702 -181.0588445146398,-22.618453574990586,194749.90220614502 -181.07238091862965,-22.686714708324043,194952.31195150298 -181.08592601120066,-22.754970603083386,195154.91063819776 -181.09947983033547,-22.82322125251244,195357.69789424722 -181.11304241413208,-22.891466649860813,195560.67334731124 -181.1266138008052,-22.959706788383937,195763.83662470686 -181.14019402868612,-23.027941661341398,195967.1873533851 -181.15378313622423,-23.0961712619996,196170.7251599511 -181.16738116198664,-23.164395583629833,196374.44967065327 -181.18098814465995,-23.232614619509004,196578.36051137597 -181.1946041230502,-23.30082836291957,196782.45730767812 -181.20822913608365,-23.369036807148223,196986.73968474846 -181.2218632228075,-23.437239945488265,197191.20726743733 -181.23550642239118,-23.505437771237652,197395.85968024415 -181.24915877412562,-23.573630277699753,197600.69654731132 -181.26282031742582,-23.64181745818353,197805.71749246836 -181.27649109182946,-23.70999930600185,198010.92213917588 -181.29017113699936,-23.77817581447406,198216.31011056196 -181.30386049272326,-23.846346976923996,198421.8810293904 -181.31755919891495,-23.91451278668087,198627.63451813057 -181.33126729561442,-23.982673237079048,198833.57019887405 -181.34498482298912,-24.050828321457058,199039.6876933931 -181.35871182133454,-24.118978033159244,199245.98662311785 -181.37244833107482,-24.187122365534726,199452.46660913975 -181.38619439276354,-24.255261311937463,199659.12727223858 -181.39995004708433,-24.323394865726208,199865.96823283524 -181.41371533485184,-24.391523020265225,200072.9891110417 -181.42749029701216,-24.45964576892208,200280.18952661898 -181.44127497464407,-24.52776310507047,200487.56909901343 -181.45506940895908,-24.595875022088464,200695.12744733656 -181.46887364130274,-24.66398151335868,200902.86419038102 -181.48268771315546,-24.732082572268887,201110.77894661718 -181.4965116661322,-24.800178192210304,201318.87133417293 -181.5103455419849,-24.86826836657991,201527.14097086742 -181.5241893826021,-24.93635308877876,201735.58747420428 -181.53804323000972,-25.00443235221257,201944.21046136005 -181.55190712637264,-25.072506150291733,202153.00954919774 -181.5657811139944,-25.140574476430082,202361.9843542543 -181.57966523531886,-25.20863732404691,202571.13449273995 -181.5935595329303,-25.27669468656549,202780.45958058716 -181.60746404955515,-25.344746557413476,202989.95923338478 -181.62137882806158,-25.4127929300231,203199.63306640417 -181.63530391146136,-25.480833797829767,203409.48069462768 -181.64923934290996,-25.548869154274097,203619.50173271538 -181.6631851657077,-25.616898992800525,203829.69579503278 -181.6771414233003,-25.68492330685778,204040.0624956062 -181.6911081592804,-25.7529420898987,204250.60144817535 -181.7050854173872,-25.82095533537934,204461.3122661891 -181.71907324150826,-25.888963036760725,204672.1945627748 -181.73307167568007,-25.956965187507357,204883.24795075855 -181.7470807640888,-26.024961781087868,205094.47204265575 -181.761100551071,-26.092952810974914,205305.86645070516 -181.7751310811149,-26.160938270643975,205517.43078683142 -181.78917239886053,-26.228918153575403,205729.16466265867 -181.8032245491015,-26.296892453252706,205941.06768952962 -181.81728757678522,-26.364861163163408,206153.13947848373 -181.8313615270139,-26.432824276798886,206365.37964025224 -181.8454464450451,-26.50078178765282,206577.78778529927 -181.85954237629372,-26.568733689223723,206790.36352377816 -181.87364936633153,-26.636679975013323,207003.10646556524 -181.88776746088874,-26.704620638526585,207216.01622024938 -181.9018967058548,-26.7725556732724,207429.0923970937 -181.91603714727935,-26.840485072761826,207642.33460513552 -181.93018883137316,-26.908408830510396,207855.74245307755 -181.9443518045085,-26.976326940036493,208069.31554937843 -181.95852611322093,-27.044239394861652,208283.05350218067 -181.97271180420964,-27.112146188511147,208496.95591936357 -181.98690892433828,-27.180047314511928,208711.02240851187 -182.00111752063637,-27.247942766395468,208925.2525769446 -182.01533764029986,-27.315832537695666,209139.64603169795 -182.02956933069234,-27.383716621949475,209354.2023795347 -182.04381263934536,-27.45159501269696,209568.92122694568 -182.05806761396028,-27.51946770348028,209783.80218013085 -182.07233430240873,-27.587334687845043,209998.844845043 -182.08661275273326,-27.655195959339746,210214.0488273377 -182.1009030131493,-27.723051511515244,210429.41373241803 -182.11520513204496,-27.790901337925106,210644.9391654118 -182.12951915798263,-27.858745432125996,210860.62473117668 -182.14384513970006,-27.926583787675867,211076.47003430268 -182.15818312611125,-27.99441639813634,211292.47467912274 -182.17253316630686,-28.062243257071085,211508.63826971513 -182.18689530955626,-28.1300643580466,211724.96040986868 -182.20126960530777,-28.19787969463044,211941.4407031202 -182.2156561031898,-28.26568926039369,212158.07875275658 -182.2300548530121,-28.33349304890915,212374.87416180025 -182.2444659047666,-28.40129105375195,212591.82653301256 -182.25888930862854,-28.469083268499105,212808.9354688979 -182.27332511495754,-28.53686968673025,213026.2005717273 -182.28777337429815,-28.6046503020257,213243.62144346835 -182.30223413738176,-28.67242510796891,213461.19768589217 -182.31670745512693,-28.74019409814481,213678.9289004774 -182.33119337864096,-28.80795726614024,213896.81468847906 -182.3456919592206,-28.875714605544022,214114.85465088984 -182.3602032483531,-28.94346610994563,214333.04838845006 -182.37472729771778,-29.011211772937134,214551.39550166315 -182.38926415918647,-29.078951588111906,214769.89559078673 -182.40381388482493,-29.146685549065023,214988.5482558392 -182.41837652689443,-29.214413649392974,215207.3530965793 -182.4329521378517,-29.28213588269282,215426.3097125324 -182.4475407703509,-29.349852242563898,215645.4177029998 -182.46214247724507,-29.417562722606498,215864.6766670203 -182.476757311586,-29.485267316422107,216084.08620340363 -182.4913853266265,-29.55296601761368,216303.64591073277 -182.5060265758212,-29.620658819784033,216523.35538734053 -182.52068111282742,-29.688345716538297,216743.21423133515 -182.53534899150682,-29.756026701481947,216963.22204057896 -182.55003026592604,-29.823701768221447,217183.37841272785 -182.56472499035837,-29.89137091036441,217403.6829451814 -182.57943321928465,-29.959034121518027,217624.13523513716 -182.59415500739433,-30.026691395291273,217844.734879528 -182.60889040958696,-30.094342725293394,218065.48147509806 -182.62363948097337,-30.161988105134082,218286.3746183441 -182.63840227687652,-30.22962752842393,218507.41390554694 -182.6531788528333,-30.297260988772585,218728.59893276903 -182.66796926459492,-30.364888479791556,218949.92929582973 -182.68277356812925,-30.432509995091856,219171.4045903599 -182.697591819621,-30.5001255282847,219393.02441175078 -182.7124240754737,-30.56773507298194,219614.7883551732 -182.72727039231037,-30.635338622794233,219836.69601559063 -182.74213082697557,-30.702936171333352,220058.74698775497 -182.75700543653537,-30.770527712210452,220280.94086620022 -182.77189427828048,-30.838113239036716,220503.2772452361 -182.78679740972572,-30.9056927454232,220725.75571898307 -182.8017148886124,-30.973266224979668,220948.37588134524 -182.81664677290914,-31.04083367131649,221171.1373259955 -182.8315931208136,-31.108395078043173,221394.039646421 -182.84655399075345,-31.17595043876877,221617.08243589755 -182.86152944138777,-31.24349974710184,221840.26528749734 -182.87651953160824,-31.31104299664923,222063.58779409208 -182.8915243205412,-31.378580181018158,222287.04954833264 -182.90654386754787,-31.446111293814337,222510.65014269366 -182.9215782322266,-31.513636328642917,222734.38916943333 -182.93662747441405,-31.581155279108064,222958.26622061347 -182.9516916541862,-31.648668138811637,223182.28088810024 -182.9667708318602,-31.716174901355647,223406.43276356565 -182.98186506799541,-31.78367556034044,223630.72143847327 -182.9969744233953,-31.851170109364734,223855.14650412084 -183.01209895910804,-31.91865854202595,224079.7075515881 -183.02723873642887,-31.98614085192044,224304.4041717707 -183.04239381690067,-32.053617032641654,224529.2359553663 -183.05756426231622,-32.121087077782406,224754.20249290235 -183.07275013471892,-32.18855098093352,224979.30337470453 -183.08795149640483,-32.2560087356838,225204.5381909228 -183.10316840992377,-32.323460335620624,225429.90653150989 -183.11840093808078,-32.39090577432795,225655.40798623164 -183.13364914393813,-32.45834504538896,225881.04214468875 -183.14891309081574,-32.525778142384,226106.80859627956 -183.16419284229434,-32.593205058891215,226332.70693025787 -183.1794884622153,-32.66062578848674,226558.73673564737 -183.1948000146829,-32.72804032474299,226784.89760133688 -183.21012756406637,-32.79544866123091,227011.1891160149 -183.2254711750007,-32.86285079151845,227237.61086820203 -183.24083091238813,-32.93024670917084,227464.16244626034 -183.25620684140043,-32.99763640775056,227690.84343833866 -183.27159902747994,-33.06501988081624,227917.65343246254 -183.287007536341,-33.13239712192444,228144.59201644687 -183.30243243397237,-33.199768124628285,228371.65877797082 -183.31787378663805,-33.26713288247753,228598.8533045217 -183.33333166087905,-33.33449138901907,228826.17518342938 -183.34880612351512,-33.40184363779513,229053.62400185558 -183.36429724164694,-33.469189622345425,229281.19934679643 -183.37980508265636,-33.53652933620593,229508.90080510944 -183.3953297142098,-33.60386277290866,229736.7279634376 -183.4108712042586,-33.67118992598217,229964.68040833375 -183.42642962104142,-33.738510788949846,230192.7577261178 -183.44200503308528,-33.80582535533254,230420.9595030143 -183.4575975092084,-33.87313361864602,230649.285325048 -183.47320711852066,-33.9404355724022,230877.73477810904 -183.48883393042613,-34.00773121010894,231106.30744793284 -183.50447801462437,-34.075020525268336,231335.00292010128 -183.52013944111278,-34.14230351137916,231563.82078001913 -183.53581828018739,-34.20958016193508,231792.7606129984 -183.55151460244602,-34.27685047042517,232021.82200413937 -183.56722847878862,-34.34411443033366,232251.00453843837 -183.58295998041982,-34.4113720351388,232480.30780072266 -183.59870917885112,-34.478623278314885,232709.7313756687 -183.61447614590188,-34.54586815333064,232939.2748478378 -183.6302609537016,-34.61310665364934,233168.937801619 -183.64606367469176,-34.68033877272922,233398.71982126188 -183.66188438162786,-34.74756450402188,233628.62049090493 -183.6777231475805,-34.814783840974314,233858.63939451042 -183.69358004593866,-34.88199677702741,234088.77611592863 -183.7094551504101,-34.94920330561604,234319.0302388457 -183.72534853502444,-35.01640342016949,234549.40134685693 -183.74126027413448,-35.08359711410983,234779.88902337002 -183.75719044241825,-35.15078438085396,235010.49285169286 -183.7731391148811,-35.21796521381202,235241.212414998 -183.78910636685757,-35.28513960638765,235472.0472963169 -183.80509227401345,-35.352307551978264,235702.99707856332 -183.82109691234749,-35.41946904397335,235934.06134450986 -183.83712035819397,-35.48662407575672,236165.2396768142 -183.85316268822422,-35.55377264070488,236396.53165799603 -183.86922397944895,-35.620914732187074,236627.9368704557 -183.88530430922012,-35.6880503435659,236859.4548964763 -183.9014037552328,-35.75517946819524,237091.0853182136 -183.91752239552832,-35.822302099422735,237322.82771770417 -183.9336603084947,-35.889418230588056,237554.68167686518 -183.94981757287027,-35.956527855023076,237786.6467774822 -183.96599426774483,-36.02363096605185,238018.72260125107 -183.98219047256262,-36.09072755699082,238250.90872972106 -183.99840626712316,-36.15781762114699,238483.20474434263 -184.01464173158482,-36.22490115182042,238715.61022645427 -184.03089694646658,-36.291978142302376,238948.1247572827 -184.0471719926497,-36.359048585875364,239180.74791792643 -184.06346695138072,-36.426112475813994,239413.47928940709 -184.07978190427272,-36.49316980538253,239646.31845259122 -184.09611693330888,-36.56022056783773,239879.26498828348 -184.11247212084342,-36.62726475642667,240112.31847716213 -184.1288475496049,-36.69430236438729,240345.47849977965 -184.14524330269782,-36.76133338494867,240578.74463662072 -184.16165946360522,-36.82835781132903,240812.11646805977 -184.1780961161913,-36.89537563673811,241045.5935743466 -184.194553344703,-36.96238685437571,241279.17553565497 -184.2110312337733,-37.02939145743137,241512.86193205157 -184.22752986842286,-37.09638943908517,241746.65234349674 -184.24404933406262,-37.163380792505784,241980.5463498636 -184.2605897164963,-37.23036551085238,242214.54353092826 -184.27715110192324,-37.2973435872736,242448.6434663836 -184.29373357693956,-37.36431501490722,242682.84573580022 -184.31033722854252,-37.431279786880694,242917.14991869306 -184.32696214413116,-37.49823789630902,243151.5555944492 -184.3436084115099,-37.56518933629757,243386.06234239813 -184.36027611889054,-37.63213409993989,243620.66974175797 -184.37696535489548,-37.69907218031799,243855.37737168308 -184.39367620855958,-37.76600357050301,244090.1848112205 -184.4104087693327,-37.83292826355268,244325.09163933946 -184.42716312708288,-37.89984625251448,244560.09743493013 -184.44393937209875,-37.96675753042289,244795.20177679675 -184.4607375950915,-38.03366209030058,245030.40424367387 -184.4775578871988,-38.100559925158,245265.70441418185 -184.49440033998602,-38.16745102799198,245501.10186691367 -184.51126504545007,-38.234335391787496,245736.59618034094 -184.52815209602156,-38.30121300951668,245972.18693288203 -184.54506158456783,-38.36808387413828,246207.87370286416 -184.56199360439504,-38.43494797859825,246443.65606855977 -184.57894824925202,-38.50180531582798,246679.53360815824 -184.59592561333173,-38.56865587874651,246915.50589977702 -184.61292579127544,-38.63549966025859,247151.57252146694 -184.62994887817442,-38.70233665325529,247387.73305121218 -184.64699496957368,-38.76916685061369,247623.98706690338 -184.66406416147404,-38.8359902451956,247860.33414641177 -184.68115655033566,-38.90280682984939,248096.7738675076 -184.69827223308047,-38.96961659740862,248333.30580789133 -184.71541130709554,-39.03641954069185,248569.92954523664 -184.7325738702357,-39.10321565250305,248806.64465712028 -184.7497600208267,-39.17000492562987,249043.4507210794 -184.76696985766822,-39.236787352845866,249280.34731458026 -184.7842034800366,-39.30356292690839,249517.3340150314 -184.80146098768833,-39.37033164055934,249754.41039978375 -184.8187424808626,-39.43709348652434,249991.57604613784 -184.83604806028532,-39.503848457513655,250228.83053135342 -184.85337782717053,-39.57059654621978,250466.17343259946 -184.87073188322566,-39.63733774532006,250703.60432701802 -184.888110330653,-39.704072047474625,250941.1227916891 -184.90551327215368,-39.77079944532666,251178.72840366318 -184.9229408109309,-39.837519931502825,251416.42073990696 -184.9403930506925,-39.90423349861109,251654.19937737822 -184.95787009565495,-39.97094013924332,251892.0638929601 -184.9753720505466,-40.03763984597307,252130.01386350422 -184.99289902061034,-40.104332611356185,252368.0488657967 -185.0104511116074,-40.171018427930555,252606.16847661184 -185.0280284298208,-40.237697288214726,252844.3722726628 -185.0456310820584,-40.30436918471009,253082.65983062476 -185.0632591756565,-40.37103410989839,253321.03072713848 -185.0809128184833,-40.437692056242895,253559.48453879927 -185.09859211894243,-40.504343016187875,253798.02084215273 -185.11629718597587,-40.57098698215704,254036.63921375625 -185.13402812906813,-40.63762394655576,254275.33923006893 -185.15178505824966,-40.704253901769235,254514.12046756558 -185.1695680840999,-40.77087684016241,254752.9825026504 -185.18737731775187,-40.83749275408053,254991.9249117378 -185.2052128708946,-40.90410163584727,255230.94727117597 -185.22307485577747,-40.97070347776648,255470.04915730527 -185.24096338521392,-41.03729827212102,255709.23014641865 -185.25887857258508,-41.10388601117227,255948.4898148052 -185.27682053184319,-41.1704666871608,256187.82773871062 -185.29478937751557,-41.23704029230438,256427.24349435885 -185.31278522470862,-41.30360681880003,256666.7366579603 -185.33080818911097,-41.37016625882224,256906.30680568723 -185.34885838699844,-41.4367186045232,257145.95351371428 -185.36693593523702,-41.503263848032944,257385.67635816953 -185.38504095128653,-41.569801981457395,257625.47491518562 -185.4031735532059,-41.63633299688089,257865.34876084805 -185.42133385965545,-41.70285688636368,258105.29747126286 -185.43952198990243,-41.76937364194271,258345.32062250184 -185.45773806382377,-41.83588325563136,258585.41779061386 -185.47598220191108,-41.9023857194179,258825.58855163938 -185.4942545252741,-41.968881025267436,259065.83248163134 -185.51255515564523,-42.035369165119995,259306.14915659258 -185.5308842153834,-42.10185013089094,259546.5381525549 -185.54924182747882,-42.16832391447087,259786.99904549847 -185.5676281155563,-42.234790507723844,260027.531411425 -185.58604320388,-42.301249902489495,260268.1348263453 -185.604487217358,-42.36770209058129,260508.8088662236 -185.62296028154609,-42.43414706378639,260749.55310706026 -185.64146252265274,-42.500584813866,260990.36712481244 -185.65999406754227,-42.567015332553474,261231.25049547467 -185.67855504374106,-42.63343861155652,261472.2027950163 -185.69714557944033,-42.69985464255488,261713.22359940648 -185.71576580350208,-42.76626341720112,261954.31248464313 -185.734415845462,-42.832664927120256,262195.46902668726 -185.75309583553573,-42.89905916390795,262436.69280153763 -185.77180590462208,-42.96544611913283,262677.98338518455 -185.7905461843089,-43.03182578433452,262919.3403536131 -185.80931680687647,-43.09819815102357,263160.7632828384 -185.82811790530323,-43.16456321068163,263402.2517488677 -185.84694961327003,-43.230920954759966,263643.8053277243 -185.86581206516493,-43.29727137468079,263885.42359544453 -185.88470539608855,-43.36361446183611,264127.10612806526 -185.90362974185805,-43.42995020758737,264368.852501654 -185.9225852390127,-43.49627860326514,264610.6622922779 -185.94157202481884,-43.5625996401697,264852.53507602663 -185.96059023727432,-43.62891330956857,265094.4704289872 -185.97964001511414,-43.69521960269874,265336.4679273022 -185.99872149781478,-43.761518510764986,265578.52714709553 -186.01783482560054,-43.8278100249397,265820.6476645255 -186.03698013944725,-43.89409413636313,266062.82905579207 -186.05615758108846,-43.96037083614137,266305.0708970635 -186.07536729301998,-44.026640115348414,266547.3727645839 -186.094609418506,-44.092901965024375,266789.7342346017 -186.11388410158335,-44.15915637617526,267032.1548833853 -186.13319148706822,-44.22540333977343,267274.6342872339 -186.15253172055978,-44.29164284675544,267517.1720224838 -186.17190494844735,-44.357874888024035,267759.76766546525 -186.19131131791497,-44.42409945444635,268002.42079258454 -186.21075097694685,-44.49031653685397,268245.1309802545 -186.23022407433385,-44.55652612604269,268487.89780492143 -186.24973075967765,-44.62272821277124,268730.720843053 -186.26927118339782,-44.68892278776251,268973.5996711744 -186.28884549673703,-44.75510984170213,269216.5338658389 -186.30845385176642,-44.82128936523846,269459.52300361835 -186.32809640139234,-44.887461348982285,269702.5666611368 -186.34777329936063,-44.953625783505316,269945.66441506887 -186.36748470026455,-45.019782659341956,270188.8158421022 -186.38723075954945,-45.08593196698733,270432.0205189721 -186.4070116335187,-45.152073696897574,270675.27802246704 -186.4268274793407,-45.21820783948926,270918.58792941895 -186.446678455054,-45.28433438513806,271161.9498166844 -186.46656471957394,-45.35045332418061,271405.3632611843 -186.48648643269908,-45.41656464691218,271648.827839869 -186.50644375511698,-45.48266834358708,271892.34312974283 -186.5264368484105,-45.548764404418364,272135.9087078719 -186.54646587506474,-45.61485281957613,272379.52415134193 -186.56653099847316,-45.68093357918939,272623.1890373231 -186.5866323829438,-45.74700667334413,272866.9029430056 -186.60677019370618,-45.81307209208274,273110.6654456586 -186.62694459691775,-45.87912982540509,273354.4761225862 -186.6471557596706,-45.945179863265736,273598.3345511513 -186.66740384999784,-46.01122219557587,273842.2403087723 -186.68768903688087,-46.07725681220175,274086.1929729286 -186.70801149025587,-46.143283702964396,274330.1921211555 -186.7283713810207,-46.20930285763953,274574.23733103886 -186.74876888104203,-46.275314265955785,274818.32818023924 -186.76920416316196,-46.34131791759643,275062.4642464668 -186.7896774012054,-46.40731380219733,275306.6451075028 -186.8101887699871,-46.47330190934709,275550.87034117634 -186.83073844531881,-46.53928222858686,275795.1395253954 -186.85132660401646,-46.60525474940846,276039.4522381203 -186.87195342390734,-46.67121946125606,276283.8080573967 -186.8926190838378,-46.737176353524326,276528.20656131755 -186.91332376368038,-46.80312541555827,276772.6473280462 -186.93406764434135,-46.86906663665285,277017.1299358346 -186.95485090776864,-46.935000006052874,277261.6539629907 -186.9756737369585,-47.000925512950865,277506.2189878821 -186.99653631596416,-47.06684314648912,277750.82458896737 -187.0174388299031,-47.132752895757385,277995.4703447743 -187.0383814649655,-47.19865474979349,278240.1558339021 -187.05936440842035,-47.26454869758113,278484.8806350255 -187.08038784862603,-47.33043472805168,278729.6443269032 -187.10145197503587,-47.39631283008196,278974.44648836117 -187.122556978208,-47.46218299249471,279219.2866982957 -187.14370304981222,-47.528045204057385,279464.1645357236 -187.16489038263964,-47.59389945348249,279709.0795796897 -187.18611917060903,-47.65974572942543,279954.0314093571 -187.2073896087774,-47.725584020486124,280199.01960395946 -187.22870189334648,-47.79141431520714,280444.043742815 -187.2500562216732,-47.85723660207343,280689.103405316 -187.271452792276,-47.92305086951232,280934.1981709619 -187.29289180484565,-47.988857105891256,281179.3276193322 -187.31437346025248,-48.054655299519744,281424.49133008067 -187.33589796055608,-48.120445438646975,281669.688882965 -187.35746550901408,-48.186227511462086,281914.91985782015 -187.37907631009082,-48.252001506093656,282160.1838345923 -187.4007305694661,-48.31776741060765,282405.4803932959 -187.42242849404553,-48.383525213009385,282650.8091140583 -187.44417029196867,-48.4492749012409,282896.16957708617 -187.4659561726186,-48.51501646318149,283141.5613626996 -187.48778634663162,-48.580749886646906,283386.98405127676 -187.50966102590635,-48.64647515938749,283632.4372233513 -187.5315804236133,-48.71219226908978,283877.92045950535 -187.55354475420486,-48.77790120337459,284123.4333404348 -187.57555423342487,-48.843601949796465,284368.9754469387 -187.5976090783182,-48.909294495843774,284614.54635992425 -187.61970950724063,-48.97497882893622,284860.1456603951 -187.64185573986956,-49.04065493642689,285105.7729294474 -187.66404799721332,-49.10632280559975,285351.427748286 -187.68628650162148,-49.17198242366971,285597.10969825456 -187.70857147679575,-49.23763377778218,285842.81836074137 -187.73090314779884,-49.30327685501084,286088.55331728695 -187.753281741067,-49.368911642359386,286334.31414951966 -187.77570748441897,-49.43453812675941,286580.10043920623 -187.79818060706717,-49.500156295069985,286825.9117681774 -187.82070133962847,-49.565766134077634,287071.747718418 -187.84326991413494,-49.63136763049345,287317.6078719937 -187.86588656404464,-49.69696077095567,287563.4918110964 -187.8885515242532,-49.762545542026714,287809.3991180431 -187.91126503110448,-49.82812193019322,288055.3293752599 -187.93402732240176,-49.89368992186571,288301.28216525994 -187.95683863741928,-49.95924950337619,288547.25707070704 -187.97969921691387,-50.02480066097977,288793.2536743845 -188.00260930313627,-50.09034338085265,289039.2715591722 -188.02556913984264,-50.155877649091344,289285.31030808965 -188.04857897230667,-50.221403451712945,289531.36950425914 -188.07163904733122,-50.28692077465208,289777.4487309405 -188.09474961326035,-50.35242960376333,290023.5475715109 -188.11791091999166,-50.417929924817955,290269.66560947534 -188.1411232189881,-50.48342172350459,290515.80242845375 -188.1643867632907,-50.54890498542792,290761.95761220035 -188.1877018075305,-50.61437969610698,291008.130744589 -188.21106860794183,-50.67984584097644,291254.32140963577 -188.23448742237397,-50.74530340538428,291500.5291914754 -188.25795851030531,-50.81075237459125,291746.7536743565 -188.2814821328549,-50.87619273377053,291992.9944426908 -188.30505855279645,-50.941624468006815,292239.251081 -188.32868803457066,-51.00704756229415,292485.5231739494 -188.35237084429943,-51.0724620015373,292731.81030631333 -188.37610724979848,-51.13786777054969,292978.1120630505 -188.39989752059134,-51.20326485405247,293224.4280291972 -188.42374192792298,-51.268653236674574,293470.7577899679 -188.447640744773,-51.33403290294982,293717.1009306956 -188.47159424587048,-51.39940383731862,293963.4570368556 -188.49560270770732,-51.46476602412572,294209.82569405634 -188.51966640855304,-51.53011944761931,294456.2064880623 -188.54378562846833,-51.59546409195074,294702.599004759 -188.56796064931987,-51.66079994117206,294949.002830198 -188.59219175479532,-51.726126979237556,295195.4175505522 -188.61647923041764,-51.791445190000815,295441.8427521455 -188.64082336355975,-51.85675455721486,295688.27802145615 -188.66522444346006,-51.92205506453106,295934.72294508433 -188.68968276123738,-51.98734669549683,296181.17710980837 -188.714198609906,-52.05262943355709,296427.6401025335 -188.73877228439173,-52.117903262051634,296674.1115103084 -188.763404081547,-52.1831681642144,296920.59092036186 -188.78809430016676,-52.248424123173244,297167.07792003773 -188.81284324100417,-52.31367112194724,297413.572096844 -188.83765120678746,-52.37890914344767,297660.07303845615 -188.86251850223496,-52.44413817047602,297906.5803326915 -188.88744543407248,-52.50935818572281,298153.0935674942 -188.91243231104946,-52.57456917176748,298399.61233103287 -188.93747944395514,-52.639771111075454,298646.13621154823 -188.96258714563655,-52.70496398599928,298892.6647974988 -188.98775573101474,-52.770147778776426,299139.1976774809 -189.0129855171019,-52.835322471528364,299385.7344402383 -189.0382768230193,-52.900488046259845,299632.2746747106 -189.0636299700142,-52.96564448485632,299878.8179699373 -189.08904528147767,-53.03079176908518,300125.36391519225 -189.1145230829632,-53.09592988059286,300371.9120998449 -189.14006370220372,-53.16105880090462,300618.46211348026 -189.1656674691305,-53.22617851142315,300865.01354581263 -189.19133471589103,-53.29128899342633,301111.56598673644 -189.21706577686817,-53.356390228068136,301358.11902631534 -189.24286098869842,-53.421482196376296,301604.67225476075 -189.26872069029153,-53.48656487925076,301851.2252624873 -189.29464522284903,-53.55163825746376,302097.777640041 -189.32063492988354,-53.61670231165633,302344.3289781572 -189.3455735696053,-53.6789751245811,302580.3351037403 -189.34669015723884,-53.681757022339895,302590.878867748 -189.37281125310935,-53.746802369893246,302837.42689986364 -189.39899856805974,-53.81183833456177,303083.97266576847 -189.4252524550457,-53.87686489645635,303330.5157568859 -189.45157326943345,-53.94188203555094,303577.05576478766 -189.47796136902113,-54.0068897316833,303823.59228126216 -189.50441711405884,-54.07188796455228,304070.1248982393 -189.53094086727017,-54.1368767137169,304316.6532078523 -189.55753299387268,-54.20185595859477,304563.17680239474 -189.58419386160014,-54.26682567846154,304809.69527434645 -189.61092384072296,-54.33178585244776,305056.20821636094 -189.63772330407144,-54.396736459539845,305302.7152212669 -189.66459262705635,-54.46167747857725,305549.21588209586 -189.69153218769256,-54.5266088882516,305795.70979203616 -189.71854236662014,-54.59153066710397,306042.1965444764 -189.74562354712808,-54.65644279352597,306288.6757329909 -189.7727761151772,-54.72134524575601,306535.1469513169 -189.80000045942253,-54.786238001879234,306781.6097934028 -189.82729697123742,-54.85112103982523,307028.0638533539 -189.8546660447373,-54.91599433736723,307274.5087254993 -189.88210807680278,-54.98085787211918,307520.9440043333 -189.90962346710458,-55.04571162153647,307767.3692845369 -189.9372126181277,-55.110555562912666,308013.78416098596 -189.96487593519592,-55.175389673378646,308260.1882287567 -189.99261382649686,-55.240213929901216,308506.581083109 -190.02042670310695,-55.305028309279955,308752.96231948567 -190.04831497901685,-55.36983278814817,308999.3315335314 -190.07627907115776,-55.4346273429695,309245.6883210973 -190.10431939942637,-55.49941195003671,309492.03227821406 -190.13243638671187,-55.564186585470516,309738.36300110165 -190.16063045892182,-55.62895122521639,309984.68008618546 -190.18890204500954,-55.69370584504499,310230.98313010647 -190.2172515770006,-55.758450420549195,310477.2717296701 -190.24567949002105,-55.82318492714251,310723.5454818999 -190.27418622232378,-55.88790934005781,310969.80398402474 -190.30277221531705,-55.95262363434421,311216.0468334672 -190.3314379135932,-56.017327784867234,311462.2736278331 -190.36018376495636,-56.0820217663059,311708.4839649662 -190.38901022045164,-56.14670555315085,311954.67744289147 -190.41791773439448,-56.21137911970315,312200.8536598542 -190.44690676439896,-56.27604244007113,312447.01221426716 -190.47597777140916,-56.34069548817026,312693.15270478965 -190.50513121972799,-56.40533823772009,312939.274730267 -190.53436757704813,-56.469970662242645,313185.3778897688 -190.56368731448262,-56.534592735060954,313431.4617825517 -190.59309090659534,-56.59920442929532,313677.5260081004 -190.6225788314334,-56.66380571786369,313923.570166093 -190.6521515705579,-56.72839657347855,314169.5938564217 -190.6818096090765,-56.792976968644574,314415.59667919966 -190.71155343567582,-56.85754687565751,314661.5782347577 -190.74138354265327,-56.92210626660055,314907.5381236075 -190.77130042595152,-56.98665511334397,315153.4759465178 -190.80130458519088,-57.05119338754223,315399.3913044341 -190.83139652370338,-57.11572106063189,315645.28379854985 -190.8615767485675,-57.18023810382951,315891.1530302486 -190.89184577064142,-57.244744488128624,316136.99860113626 -190.92220410459927,-57.309240184299156,316382.8201130575 -190.95265226896552,-57.37372516288407,316628.61716805556 -190.98319078615125,-57.43819939419738,316874.3893683893 -191.01382018248958,-57.502662848321826,317120.13631655683 -191.04454098827298,-57.567115495107,317365.8576152624 -191.07535373778902,-57.63155730416529,317611.55286745145 -191.1062589693585,-57.695988244872225,317857.2216762543 -191.1372572253729,-57.76040828636202,318102.8636450595 -191.16834905233256,-57.82481739752639,318348.4783774807 -191.19953500088454,-57.88921554701038,318594.0654773236 -191.23081562586228,-57.95360270321198,318839.6245486603 -191.26219148632484,-58.01797883427865,319085.15519576165 -191.2936631455964,-58.08234390810455,319330.6570231363 -191.32523117130668,-58.1466978923283,319576.12963552104 -191.3568961354318,-58.211040754330824,319821.5726378765 -191.38865861433473,-58.27537246123102,320066.98563540424 -191.42051918880773,-58.33969297988564,320312.3682335252 -191.45247844411395,-58.404002276884874,320557.72003789345 -191.4845369700303,-58.4683003185503,320803.0406544032 -191.51669536088937,-58.53258707093108,321048.32968917734 -191.54895421562472,-58.59686249980302,321293.58674856887 -191.58131413781334,-58.661126570664436,321538.8114391614 -191.61377573572074,-58.725379248733724,321784.00336778373 -191.64633962234583,-58.789620498946455,322029.16214150103 -191.67900641546666,-58.85385028595273,322274.28736760956 -191.71177673768543,-58.918068574113,322519.3786536384 -191.74465121647657,-58.98227532749703,322764.4356073747 -191.77763048423228,-59.04647050987965,323009.45783681556 -191.81071517831126,-59.11065408473802,323254.4449502261 -191.84390594108604,-59.174826015248925,323499.39655608404 -191.87720341999173,-59.23898626428414,323744.31226314185 -191.91060826757578,-59.30313479440946,323989.1916803663 -191.94412114154719,-59.36727156788024,324234.0344169639 -191.97774270482714,-59.43139654663823,324478.84008242626 -192.01147362560008,-59.49550969230903,324723.60828643874 -192.0453145773645,-59.55961096619701,324968.3386389582 -192.07926623898592,-59.6237003292844,325213.030750173 -192.11332929474915,-59.68777774222632,325457.68423054804 -192.14750443441167,-59.75184316534771,325702.29869075754 -192.18179235325763,-59.81589655864046,325946.873741743 -192.21619375215224,-59.87993788175801,326191.40899469476 -192.25070933759704,-59.943967094014496,326435.90406106465 -192.28533982178575,-60.00798415437934,326680.3585525157 -192.32008592266092,-60.071989021474195,326924.77208098816 -192.35494836397098,-60.13598165356946,327169.1442586904 -192.38992787532717,-60.19996200857943,327413.47469805187 -192.42502519226375,-60.26393004406008,327657.7630117792 -192.46024105629576,-60.32788571720463,327902.0088128054 -192.4955762149793,-60.39182898483941,328146.2117143453 -192.53103142197241,-60.455759803420676,328390.3713298545 -192.56660743709548,-60.51967812902891,328634.48727305257 -192.60230502639436,-60.58358391736743,328878.5591579023 -192.63812496220223,-60.64747712375629,329122.5865986319 -192.6740680232036,-60.71135770312937,329366.5692097441 -192.71013499449813,-60.77522561002966,329610.5066059747 -192.7463266676655,-60.839080798604236,329854.3984023283 -192.78264384083192,-60.902923222602226,330098.2442140709 -192.81908731873605,-60.966752835368546,330342.04365672724 -192.85565791279603,-61.03056958984046,330585.7963460846 -192.89235644117892,-61.09437343854321,330829.5018982053 -192.9291837288674,-61.15816433358401,331073.15992938436 -192.96614060773217,-61.22194222665031,331316.77005621616 -193.0032279166006,-61.28570706900283,331560.33189553727 -193.04044650132894,-61.349458811472275,331803.8450644432 -193.0777972148745,-61.41319740445383,332047.3091803293 -193.11528091736952,-61.476922797903285,332290.723860814 -193.1528984761932,-61.540634941330666,332534.0887238114 -193.1906507660493,-61.60433378379723,332777.40338750347 -193.2285386690401,-61.668019273909735,333020.6674703215 -193.26656307474443,-61.7316913598154,333263.8805909779 -193.30472488029383,-61.795349989196005,333507.0423684582 -193.34302499045324,-61.858995109264725,333750.1524220178 -193.3814643176989,-61.92262666675934,333993.21037117986 -193.42004378229976,-61.98624460793772,334236.2158357327 -193.45876431239904,-62.04984887857212,334479.16843575874 -193.4976268440969,-62.11343942394438,334722.0677915931 -193.53663232153284,-62.177016188839005,334964.91352385154 -193.57578169697237,-62.24057911753979,335207.7052534147 -193.6150759308911,-62.304128153822624,335450.44260147016 -193.65451599206213,-62.36766324095046,335693.12518944615 -193.69410285764346,-62.43118432166785,335935.7526390603 -193.733837513267,-62.494691338193576,336178.32457230694 -193.77372095312862,-62.55818423221694,336420.8406114736 -193.81375418007948,-62.621662944890524,336663.3003791045 -193.8539382057177,-62.68512741682425,336905.7034980284 -193.89427405048215,-62.748577588079876,337148.0495913684 -193.93476274374635,-62.81201339816328,337390.33828250953 -193.97540532391506,-62.875434786020115,337632.56919512013 -194.01620283852063,-62.93884169002834,337874.74195317185 -194.0571563443212,-63.00223404799193,338116.8561808883 -194.09826690740047,-63.06561179713476,338358.9115027962 -194.13953560326698,-63.12897487409258,338600.90754371305 -194.18096351695752,-63.192323214908235,338842.8439287127 -194.2225517431397,-63.25565675502392,339084.7202831717 -194.2643013862158,-63.31897542927415,339326.5362327669 -194.30621356042982,-63.38227917187929,339568.29140343994 -194.34828938997262,-63.44556791643748,339809.9854214159 -194.3905300090926,-63.50884159591874,340051.61791323125 -194.432936562204,-63.57210014265716,340293.18850568903 -194.47551020399854,-63.635343488343416,340534.6968258887 -194.51825209955862,-63.69857156401782,340776.142501228 -194.5611634244698,-63.761784300061315,341017.52515938255 -194.60424536493852,-63.82498162618986,341258.84442831995 -194.64749911790753,-63.888163471445345,341500.09993630217 -194.69092589117494,-63.951329764188316,341741.2913118973 -194.73452690351442,-64.01448043208987,341982.41818394803 -194.7783033847958,-64.07761540212248,342223.48018158117 -194.82225657610977,-64.14073460055374,342464.476934246 -194.86638772989144,-64.20383795293714,342705.408071665 -194.91069811004715,-64.26692538410319,342946.2732238822 -194.9551889920825,-64.32999681815205,343187.0720211985 -194.99986166323097,-64.39305217844296,343427.80409423437 -195.04471742258696,-64.4560913875877,343668.46907390957 -195.0897575812376,-64.51911436744052,343909.06659143046 -195.1349834623978,-64.5821210390891,344149.5962783239 -195.18039640154674,-64.64511132284629,344390.057766374 -195.2259977465661,-64.70808513823884,344630.45068772155 -195.27178885787995,-64.77104240400062,344870.7746747447 -195.31777110859755,-64.83398303806145,345111.0293601756 -195.3639458846562,-64.89690695753795,345351.2143770106 -195.41031458496727,-64.95981407872394,345591.3293585827 -195.45687862156328,-65.02270431707927,345831.37393848767 -195.50363941974868,-65.08557758722175,346071.3477506664 -195.5505984182499,-65.14843380291569,346311.2504293178 -195.59775706936998,-65.21127287706183,346551.08160898706 -195.64511683914347,-65.27409472168678,346790.84092450707 -195.69267920749414,-65.33689924793292,347030.5280110061 -195.74044566839436,-65.39968636604611,347270.1425039255 -195.7884177300281,-65.46245598536677,347509.68403902784 -195.83659691495328,-65.52520801431751,347749.15225236845 -195.88498476026913,-65.58794236039269,347988.5467803106 -195.93358281778362,-65.65065893014524,348227.86725953035 -195.98239265418502,-65.71335762917768,348467.1133270064 -196.03141585121395,-65.77603836212857,348706.28462003346 -196.08065400583936,-65.83870103266119,348945.3807762264 -196.13010873043524,-65.90134554345138,349184.40143348044 -196.1797816529615,-65.96397179617568,349423.34623003984 -196.229674417145,-66.02657969149739,349662.2148044312 -196.27978868266607,-66.0891691290563,349901.00679550023 -196.33012612534432,-66.15174000745445,350139.7218424165 -196.38068843732984,-66.21429222424308,350378.3595846582 -196.43147732729463,-66.27682567591044,350616.91966200934 -196.4824945206274,-66.33934025786691,350855.4017145806 -196.5337417596323,-66.4018358644331,351093.80538279045 -196.58522080372884,-66.46431238882512,351332.13030738314 -196.63693342965448,-66.52676972314109,351570.37612939265 -196.68888143167155,-66.58920775834693,351808.54249019985 -196.7410666217743,-66.65162638426095,352046.62903150194 -196.79349082990203,-66.71402548954129,352284.63539528893 -196.8461559041527,-66.77640496166956,352522.5612238829 -196.8990637110007,-66.83876468693653,352760.4061599463 -196.95221613551658,-66.90110455042691,352998.16984642495 -197.00561508159043,-66.96342443600287,353235.85192660225 -197.05926247215925,-67.02572422629008,353473.4520440949 -197.1131602494356,-67.08800380266068,353710.9698428156 -197.16731037514054,-67.15026304521733,353948.40496701776 -197.22171483073984,-67.21250183277746,354185.7570612738 -197.27637561768213,-67.27472004285474,354423.02577046934 -197.33129475764306,-67.3369175516447,354660.21073981933 -197.38647429276998,-67.39909423400607,354897.3116148611 -197.44191628593146,-67.46124996344378,355134.32804147486 -197.49762282097058,-67.5233846120916,355371.2596658369 -197.5535960029595,-67.58549805069272,355608.10613447253 -197.6098379584616,-67.64759014858402,355844.8670942142 -197.66635083579345,-67.70966077367567,356081.5421922326 -197.72313680529223,-67.77170979243314,356318.13107602706 -197.78019805958687,-67.83373706985857,356554.63339341915 -197.83753681387194,-67.89574246946957,356791.04879254533 -197.89515530618698,-67.95772585328207,357027.37692191196 -197.9530557976988,-68.01968708178907,357263.6174303115 -198.01124057298736,-68.08162601394054,357499.7699668862 -198.06971194033687,-68.14354250712317,357735.83418110706 -198.12847223202894,-68.2054364171384,357971.80972277035 -198.187523804643,-68.26730759818318,358207.6962420177 -198.24686903935773,-68.3291559028271,358443.49338929757 -198.30651034225903,-68.39098118199075,358679.20081542333 -198.3664501446511,-68.45278328492373,358914.8181715027 -198.42669090337247,-68.51456205918247,359150.3451090244 -198.48723510111515,-68.57631735060598,359385.7812797658 -198.54808524675198,-68.63804900329451,359621.12633585226 -198.60924387566396,-68.6997568595847,359856.3799297663 -198.6707135500757,-68.76144076002639,360091.5417143002 -198.73249685939268,-68.82310054335673,360326.61134258256 -198.79459642054715,-68.88473604647764,360561.58846809657 -198.85701487834527,-68.9463471044293,360796.4727446538 -198.91975490582146,-69.00793355036504,361031.26382639434 -198.98281920459615,-69.06949521552525,361265.9613677949 -199.04621050524102,-69.13103192921167,361500.56502369774 -199.10993156764593,-69.19254351875877,361735.07444925664 -199.17398518139518,-69.25402980950936,361969.4892999684 -199.23837416614592,-69.3154906247851,362203.8092316824 -199.30310137201369,-69.37692578585894,362438.0339005711 -199.3681696799629,-69.43833511192693,362672.1629631652 -199.43358200220197,-69.49971842007798,362906.1960763189 -199.49934128258727,-69.56107552526653,363140.13289723225 -199.56545049702893,-69.62240624028104,363373.9730834763 -199.63191265390495,-69.68371037571441,363607.71629291616 -199.69873079448124,-69.74498773993305,363841.36218379444 -199.7659079933351,-69.80623813904428,364074.9104146814 -199.8334473587894,-69.86746137686666,364308.36064451607 -199.90135203334856,-69.92865725489604,364541.71253253624 -199.96962519414345,-69.9898255722731,364774.9657383728 -200.03827005338192,-70.05096612575007,365008.1199219711 -200.1072898588046,-70.11207870965582,365241.1747436414 -200.17668789415032,-70.17316311586275,365474.12986401515 -200.24646747962547,-70.23421913375073,365706.98494410794 -200.3166319723811,-70.29524655017175,365939.73964524147 -200.38718476699736,-70.35624514941347,366172.3936291207 -200.45812929597312,-70.41721471316181,366404.946557772 -200.529469030226,-70.47815502046473,366637.39809358044 -200.60120747959647,-70.53906584769322,366869.74789929565 -200.67334819336057,-70.59994696850275,367101.99563798687 -200.74589476075053,-70.66079815379416,367334.1409731045 -200.81885081148042,-70.72161917167249,367566.18356842425 -200.89222001628403,-70.78240978740803,367798.1230880738 -200.96600608745584,-70.84316976339369,368029.95919655776 -201.0402127794023,-70.90389885910339,368261.69155870634 -201.11484388920107,-70.96459683104955,368493.3198397175 -201.18990325716598,-71.0252634327379,368724.8437051244 -201.26539476742428,-71.08589841462603,368956.26282083854 -201.34132234849918,-71.14650152407624,369187.5768530906 -201.41768997390065,-71.20707250531069,369418.78546850674 -201.49450166272717,-71.26761109936508,369649.88833403995 -201.57176148027273,-71.32811704403983,369880.88511698897 -201.64947353864667,-71.38859007385443,370111.775485043 -201.7276419973991,-71.44902991999669,370342.559106215 -201.8062710641572,-71.50943631027378,370573.23564889294 -201.88536499526927,-71.56980896906163,370803.8047818168 -201.96492809645886,-71.63014761725235,371034.26617406576 -202.04496472348958,-71.6904519722039,371264.6194951075 -202.12547928283718,-71.75072174768539,371494.86441474984 -202.20647623237195,-71.81095665382348,371725.00060314895 -202.2879600820531,-71.8711563970475,371955.0277308397 -202.36993539462773,-71.93132068003223,372184.9454686973 -202.45240678634738,-71.99144920164262,372414.7534879889 -202.53537892768847,-72.05154165687505,372644.4514603031 -202.6188565440858,-72.11159773679819,372874.0390576037 -202.70284441667607,-72.1716171284934,373103.5159522154 -202.78734738305278,-72.23159951499375,373332.8818168378 -202.87237033802896,-72.29154457522066,373562.1363245043 -202.95791823441547,-72.35145198392323,373791.2791486326 -203.04399608380643,-72.41132141161192,374020.3099630023 -203.1306089573777,-72.47115252449429,374249.2284417364 -203.21776198669394,-72.5309449844073,374478.0342593312 -203.3054603645326,-72.59069844875104,374706.7270906607 -203.39370934571363,-72.65041257041936,374935.3066109306 -203.48251424794373,-72.71008699772952,375163.77249576105 -203.5718804526724,-72.76972137435101,375392.12442107336 -203.6618134059597,-72.82931533923389,375620.3620632084 -203.75231861935387,-72.88886852653273,375848.48509884754 -203.84340167078662,-72.94838056553434,376076.49320504145 -203.93506820547512,-73.00785108057946,376304.3860591979 -204.02732393683905,-73.06727969098586,376532.16333911807 -204.12017464743124,-73.12666601096878,376759.82472293696 -204.2136261898771,-73.18600964955982,376987.36988917674 -204.30768448783314,-73.2453102105265,377214.7985167244 -204.40235553695302,-73.30456729228756,377442.1102848352 -204.4976454058694,-73.36378048782855,377669.3048731296 -204.59356023718865,-73.42294938461558,377896.38196159387 -204.69010624849713,-73.48207356450618,378123.3412305997 -204.7872897333858,-73.54115260366176,378350.18236086925 -204.88511706248315,-73.60018607245499,378576.9050335119 -204.98359468450448,-73.65917353537775,378803.50892997737 -205.08272912731567,-73.71811455094686,379029.99373213004 -205.18252699900748,-73.77700867160652,379256.3591221689 -205.28299498898994,-73.83585544363306,379482.6047826877 -205.38413986909504,-73.89465440703331,379708.73039663397 -205.48596849469695,-73.95340509544447,379934.73564732925 -205.58848780584603,-74.01210703603067,380160.6202184909 -205.69170482841534,-74.0707597493769,380386.38379417546 -205.79562667526673,-74.12936274938417,380612.02605884575 -205.90026054742586,-74.18791554315945,380837.546697312 -206.0056137352752,-74.24641763090521,381062.94539477443 -206.11169361976218,-74.30486850580691,381288.2218367879 -206.2185076736179,-74.36326765391726,381513.3757093115 -206.32606346259794,-74.42161455404106,381738.406698656 -206.43436864673188,-74.47990867761523,381963.31449152017 -206.54343098159077,-74.53814948858789,382188.0987749599 -206.6532583195689,-74.59633644329591,382412.759236443 -206.76385861117896,-74.65446899033739,382637.2955637684 -206.87523990636734,-74.71254657044676,382861.7074451449 -206.9874103558383,-74.77056861636291,383085.9945691552 -207.10037821239715,-74.82853455269755,383310.1566247426 -207.2141518323077,-74.88644379580046,383534.1933012455 -207.32873967666106,-74.94429575362132,383758.10428835533 -207.44415031276762,-75.00208982557224,383981.8892761784 -207.5603924155549,-75.0598254023839,384205.54795517516 -207.67747476898572,-75.11750186596126,384429.080016195 -207.79540626748891,-75.1751185892366,384652.4851504527 -207.91419591740598,-75.23267493601978,384875.7630495684 -208.03385283844838,-75.29017026084419,385098.9134055071 -208.15438626517638,-75.34760390881344,385321.9359106523 -208.27580554848507,-75.40497521544195,385544.83025773714 -208.39812015710763,-75.46228350649459,385767.59613989043 -208.52133967912957,-75.51952809782144,385990.23325062316 -208.6454738235225,-75.57670829519307,386212.74128382764 -208.77053242168418,-75.6338233941291,386435.119933773 -208.89652542899503,-75.69087267972637,386657.3688951135 -209.02346292638694,-75.74785542648236,386879.4878628904 -209.15135512192504,-75.80477089811677,387101.47653251863 -209.28021235239683,-75.8616183473879,387323.33459980914 -209.41004508492202,-75.91839701590939,387545.0617609359 -209.54086391856376,-75.97510613395971,387766.6577124749 -209.67267958595679,-76.0317449202909,387988.12215138425 -209.80550295494052,-76.08831258193182,388209.4547750034 -209.9393450302094,-76.1448083139912,388430.65528105746 -210.07421695496387,-76.20123129945345,388651.7233676537 -210.21013001257492,-76.25758070897348,388872.65873328556 -210.34709562825466,-76.3138557006666,389093.46107683773 -210.48512537073438,-76.37005541989582,389314.1300975721 -210.62423095394607,-76.42617899905333,389534.6654951475 -210.76442423871597,-76.4822255573418,389755.06696959387 -210.90571723445564,-76.53819420054798,389975.334221353 -211.04812210085996,-76.59408402081512,390195.46695123444 -211.19165114960882,-76.64989409641025,390415.4648604275 -211.33631684606448,-76.70562349148646,390635.3276505271 -211.48213181098018,-76.76127125584482,390855.0550235159 -211.6291088221977,-76.81683642468755,391074.6466817642 -211.77726081634788,-76.87231801837024,391294.1023280073 -211.9266008905486,-76.92771504214886,391513.4216654031 -212.07714230409275,-76.98302648592103,391732.60439747805 -212.2288984801398,-77.03825132396673,391951.65022815636 -212.38188300739048,-77.09338851468073,392170.55886175396 -212.5361096417569,-77.14843700030228,392389.33000296575 -212.6915923080214,-77.20339570664129,392607.9633568853 -212.84834510147877,-77.25826354279702,392826.458629002 -213.0063822895722,-77.313039400876,393044.81552518177 -213.16571831350402,-77.36772215570291,393263.03375167854 -213.3263677898315,-77.42231066452675,393481.1130151714 -213.48834551204257,-77.47680376672392,393699.0530227062 -213.65166645210317,-77.53120028349413,393916.85348170355 -213.8163457619875,-77.58549901755485,394134.514100017 -213.98239877517156,-77.6396987528277,394352.03458584956 -214.14984100809946,-77.69379825412202,394569.4146478352 -214.31868816161628,-77.74779626681287,394786.6539949795 -214.48895612235944,-77.80169151651334,395003.75233669154 -214.66066096411825,-77.85548270874426,395220.70938275947 -214.83381894914274,-77.90916852859661,395437.52484336955 -215.0084465294083,-77.96274764039003,395654.1984291321 -215.18456034783125,-78.0162186873263,395870.72985099663 -215.36217723942573,-78.06958029113666,396087.11882036243 -215.54131423241083,-78.12283105172718,396303.3650489784 -215.72198854924696,-78.17596954681542,396519.4682490244 -215.90421760761078,-78.22899433156468,396735.4281330464 -216.08801902129815,-78.28190393821234,396951.2444140135 -216.27341060104695,-78.33469687569216,397166.91680526425 -216.46041035528978,-78.38737162925449,397382.44502054935 -216.6490364908104,-78.43992666007894,397597.82877401076 -216.83930741331434,-78.49236040488321,397813.0677801985 -217.0312417279018,-78.54467127552677,398028.1617540352 -217.2248582394396,-78.59685765861046,398243.1104108642 -217.42017595281894,-78.64891791506949,398457.9134664091 -217.6172140731094,-78.70085037976507,398672.57063681283 -217.81599200558108,-78.75265336106793,398887.0816385741 -218.01652935560523,-78.80432514044006,399101.4461886485 -218.2188459284118,-78.85586397200903,399315.6640043384 -218.42296172871878,-78.90726808214238,399529.7348033741 -218.6288969601961,-78.95853566901334,399743.6583038649 -218.8366720247807,-79.00966490216551,399957.43422434706 -219.046307521822,-79.06065392207222,400171.06228372135 -219.25782424705378,-79.11150083969267,400384.54220131575 -219.47124319137814,-79.16220373602366,400597.87369684177 -219.68658553946628,-79.21276066165004,400811.0564904095 -219.90387266814602,-79.26316963628952,401024.09030254907 -220.12312614458298,-79.31342864833582,401236.9748541725 -220.34436772423888,-79.36353565439896,401449.70986659883 -220.56761934859148,-79.41348857884242,401662.29506154446 -220.79290314262133,-79.46328531331932,401874.73016112624 -221.0202414120332,-79.51292371630595,402087.01488787006 -221.24965664021462,-79.56240161263315,402299.14896469336 -221.4811714849175,-79.61171679301778,402511.1321149132 -221.71480877464174,-79.6608670135915,402722.9640622653 -221.95059150472653,-79.70984999543138,402934.6445308672 -222.18854283311427,-79.75866342408831,403146.17324525974 -222.42868607578797,-79.80730494911661,403357.5499303664 -222.67104470186686,-79.85577218360457,403568.7743115307 -222.91564232833517,-79.90406270370524,403779.8461144803 -223.1625027144121,-79.95217404817096,403990.76506535214 -223.41164975552047,-80.00010371788846,404201.53089069686 -223.6631074768583,-80.04784917541726,404412.1433174588 -223.91690002655216,-80.09540784453232,404622.6020729882 -224.17305166836863,-80.14277710976916,404832.9068850485 -224.4315867739883,-80.18995431597685,405043.0574817797 -224.69252981479812,-80.23693676787316,405253.0535917598 -224.95590535320585,-80.28372172960813,405462.89494394435 -225.22173803345376,-80.3303064243347,405672.5812677155 -225.49005257190262,-80.37668803378502,405882.11229285004 -225.7608737467975,-80.42286369785958,406091.48774952226 -226.03422638745903,-80.46883051422226,406300.7073683173 -226.31013536291286,-80.51458553790816,406509.7708802314 -226.58862556992435,-80.56012578094256,406718.67801665637 -226.86972192041773,-80.60544821197189,406927.4285094091 -227.15344932827978,-80.6505497559101,407136.0220906846 -227.43983269550424,-80.69542729359905,407344.4584931071 -227.72889689767428,-80.74007766148452,407552.7374496925 -228.02066676876277,-80.78449765131082,407760.8586938629 -228.31516708522176,-80.82868400983241,407968.82195947354 -228.61242254936658,-80.87263343854816,408176.6269807439 -228.912457772004,-80.91634259345432,408384.27349233447 -229.21529725431222,-80.95980808482182,408591.76122929895 -229.52096536894445,-81.00302647699749,408799.089927105 -229.82948634034264,-81.04599428823155,409006.2593216108 -230.1408842242349,-81.08870799053139,409213.2691491003 -230.45518288632613,-81.13116400954677,409420.1191462681 -230.7724059801317,-81.17335872448362,409626.8090501959 -231.09257692396935,-81.21528846805188,409833.338598391 -231.41571887707224,-81.25694952644625,410039.7075287673 -231.74185471484074,-81.29833813936565,410245.9155796364 -232.07100700318594,-81.33945050006874,410451.96248973586 -232.40319797198086,-81.38028275547026,410657.8479982016 -232.73844948759947,-81.42083100627993,410863.57184456626 -233.07678302454232,-81.46109130718524,411069.1337687953 -233.41821963612878,-81.50105966708,411274.5335112539 -233.7627799242828,-81.54073204934298,411479.77081271406 -234.1104840083719,-81.58010437216545,411684.845414352 -234.46135149312957,-81.61917250893262,411889.7570577696 -234.81540143564118,-81.65793228865898,412094.5054849704 -235.17265231142918,-81.69637949648299,412299.0904383696 -235.53312197960767,-81.73450987421934,412503.5116607724 -235.89682764714334,-81.77231912097442,412707.7688954373 -236.26378583222655,-81.80980289382529,412911.8618859949 -236.63401232677373,-81.84695680856598,413115.79037649883 -237.0075221580656,-81.88377644052133,413319.55411141895 -237.38432954957923,-81.92025732543425,413523.15283563995 -237.7644478809971,-81.95639496042426,413726.58629443403 -238.14788964745625,-81.992184805023,413929.854233517 -238.53466641806168,-82.02762228228767,414132.9563989831 -238.9247887936933,-82.06270277999367,414335.8925373667 -239.31826636418194,-82.09742165191177,414538.662395593 -239.71510766485872,-82.13177421916755,414741.2657210108 -240.11532013256422,-82.16575577168852,414943.7022613868 -240.51891006116384,-82.1993615697395,415145.9717648814 -240.9258825566212,-82.23258684554747,415348.07398007205 -241.33624149173036,-82.2654268050204,415550.00865596166 -241.74998946053657,-82.29787662955759,415751.7755419585 -242.16712773255526,-82.32993147795642,415953.3743878728 -242.587656206864,-82.36158648841527,416154.80494394555 -243.0115733661447,-82.3928367806335,416356.0669608129 -243.4388762308034,-82.42367745801185,416557.1601895445 -243.869560313224,-82.45410360995037,416758.0843816072 -244.30361957229528,-82.48411031424762,416958.8392888791 -244.74104636830836,-82.51369263960041,417159.424663655 -245.1818314183332,-82.54284564820331,417359.840258654 -245.62596375222583,-82.57156439845056,417560.08582700434 -246.07343066934945,-82.5998439477366,417760.1611222375 -246.52421769617254,-82.62767935535719,417960.06589830905 -246.97830854487037,-82.65506568550931,418159.79990958073 -247.43568507305403,-82.68199801038789,418359.36291083816 -247.89632724481103,-82.70847141338004,418558.75465727685 -248.36021309315308,-82.73448099235225,418757.9749044922 -248.82731868405799,-82.76002186303006,418957.02340852015 -249.2976180822474,-82.7850891624674,419155.8999258033 -249.7710833188422,-82.80967805260161,419354.60421318293 -250.24768436109028,-82.8337837238933,419553.1360279189 -250.72738908427326,-82.85740139904425,419751.4951277135 -251.210163245988,-82.88052633679165,419949.68127064675 -251.6959704629484,-82.90315383577324,420147.69421523256 -252.18477219044948,-82.92527923845834,420345.5337204131 -252.67652770469064,-82.94689793514078,420543.1995455095 -253.17119408805306,-82.9680053679863,420740.6914502852 -253.6687262175242,-82.98859703512966,420938.0091949169 -254.1690767563929,-83.00866849481469,421135.15253999527 -254.67219614936383,-83.02821536957055,421332.12124651513 -255.17803262120432,-83.04723335041653,421528.9150759071 -255.68653217909267,-83.06571820108927,421725.5337900015 -256.19763861872934,-83.08366576228269,421921.9771510428 -256.7112935343662,-83.10107195589391,422118.2449217126 -257.2274363328164,-83.1179327892656,422314.3368650759 -257.7460042515827,-83.13424435941748,422510.2527446466 -258.2669323811202,-83.1500028572562,422705.99232434126 -258.79015369134584,-83.16520457175537,422901.5553684796 -259.31559906242285,-83.17984589409632,423096.9416418156 -259.84319731987057,-83.19392332175963,423292.1509095286 -260.3728752739986,-83.20743346255747,423487.1829371804 -260.90455776372244,-83.22037303859813,423682.0374907784 -261.438167704689,-83.23273889017099,423876.71433672536 -261.9736261417361,-83.24452797954365,424071.21324187826 -262.5108523056267,-83.2557373946603,424265.5339734628 -263.0497636739875,-83.26636435273194,424459.67629916524 -263.5902760364197,-83.27640620370903,424653.6399870462 -264.1323035636311,-83.28586043362608,424847.4248056189 -264.67575888052306,-83.2947246678098,425041.0305237954 -265.2205531430918,-83.30299667394118,425234.4569109219 -265.7665961189846,-83.31067436496244,425427.7037367378 -266.31379627159527,-83.31775580182145,425620.770771413 -266.86206084746254,-83.324239196044,425813.6577855367 -267.4112959668241,-83.3301229121274,426006.3645501208 -267.96140671710543,-83.33540546974743,426198.89083656756 -268.5122972491033,-83.34008554577252,426391.2364167411 -269.06387087568316,-83.34416197607855,426583.4010628811 -269.61603017267385,-83.34763375715853,426775.3845476799 -270.16867708175596,-83.35050004752262,426967.18664421554 -270.72171301505614,-83.35276016888348,427158.80712599575 -271.2750389611605,-83.35441360712372,427350.24576696666 -271.8285555923072,-83.35546001304203,427541.5023414651 -272.3821633724101,-83.35589920287572,427732.5766242603 -272.9357626656655,-83.35573115859783,427923.46839052584 -273.4892538454311,-83.35495602798818,428114.1774158761 -274.0425374030651,-83.35357412447769,428304.7034763273 -274.5955140564736,-83.35158592676679,428495.0463483229 -275.14808485800927,-83.34899207821874,428685.20580870763 -275.700151301476,-83.3457933860302,428875.18163476343 -276.251615427935,-83.34199082018112,429064.97360418155 -276.80237993001685,-83.33758551216798,429254.5814950856 -277.3523482545106,-83.33257875352325,429444.00508599024 -277.9014247029021,-83.32697199412686,429633.2441558535 -278.4495145296537,-83.32076684031412,429822.2984840393 -278.9965240379652,-83.31396505278595,430011.167850344 -279.54236067276724,-83.30656854432841,430199.8520349584 -280.0869331107781,-83.29857937734747,430388.3508185249 -280.6301513473534,-83.28999976122726,430576.66398207523 -281.1719267799882,-83.28083204951916,430764.7913070786 -281.7121722882795,-83.27107873697018,430952.73257541016 -282.250802310195,-83.26074245639894,431140.48756936827 -282.78773291449113,-83.24982597542892,431328.05607168627 -283.32288186920067,-83.23833219308683,431515.43786548293 -283.8561687060236,-83.2262641362772,431702.6327343262 -284.387514780578,-83.21362495614136,431889.6404622019 -284.91684332840464,-83.20041792431192,432076.46083348984 -285.44407951671667,-83.1866464290709,432263.0936330027 -285.96915049179745,-83.1723139714234,432449.53864599 -286.4919854220687,-83.15742416109521,432635.7956580972 -287.01251553680635,-83.14198071246504,432821.8644553989 -287.530674160521,-83.12598744044092,433007.7448243871 -288.04639674300824,-83.10944825629097,433193.43655196746 -288.55962088515724,-83.09236716343689,433378.93942547817 -289.07028636050813,-83.07474825322132,433564.25323266274 -289.57833513267497,-83.05659570065676,433749.37776169705 -290.08371136867765,-83.03791376016648,433934.31280115794 -290.58636144831826,-83.018706761324,434119.05814007187 -291.0862339696473,-82.99897910460201,434303.6135678442 -291.5832797506715,-82.97873525713717,434487.9788743478 -292.0774518274067,-82.95797974851904,434672.15384981944 -292.5687054484072,-82.93671716661056,434856.1382849709 -293.056998065891,-82.91495215340784,435039.931970896 -293.5422893236396,-82.89268940094394,435223.5346991255 -294.0245410417638,-82.86993364724553,435406.94626159774 -294.5037171985265,-82.84668967234659,435590.1664506847 -294.9797839093594,-82.82296229436518,435773.19505915197 -295.4527094032157,-82.79875636564906,435956.03188022465 -295.92246399645876,-82.77407676899296,436138.6767075148 -296.38902006438445,-82.74892841393458,436321.12933506665 -296.85235201058254,-82.72331623313107,436503.38955734164 -297.31243623427457,-82.69724517882038,436685.45716923015 -297.7692510957773,-82.67072021937142,436867.33196601877 -298.2227768802808,-82.64374633592347,437049.01374343643 -298.6729957600438,-82.61632851912046,437230.50229762297 -299.1198917551959,-82.58847176593974,437411.7974251457 -299.5634506932776,-82.56018107661816,437592.8989229625 -300.0036601676501,-82.53146145167737,437773.8065884949 -300.4405094949522,-82.50231788904725,437954.52021955 -300.873989671687,-82.4727553812914,438135.03961437714 -301.3040933301072,-82.442778912933,438315.3645716248 -301.7308146935119,-82.41239345788159,438495.4948903742 -302.15414953106284,-82.38160397696232,438675.4303701324 -302.5740951122707,-82.35041541554423,438855.17081079725 -302.9906501612156,-82.3188327012709,439034.71601271664 -303.4038148106396,-82.28686074189001,439214.06577663886 -303.81359055599944,-82.25450442318179,439393.2199037541 -304.2199802095629,-82.22176860698622,439572.1781956507 -304.6229878546701,-82.18865812932519,439750.9404543348 -305.0226188001957,-82.15517779862125,439929.5064822529 -305.4188795353276,-82.12133239400968,440107.8760822563 -305.8117776847189,-82.08712666374187,440286.04905760585 -306.2013219640703,-82.05256532368043,440464.0252120171 -306.58752213624007,-82.01765305588019,440641.80434958445 -306.97038896789144,-81.9823945072578,440819.38627484953 -307.34993418676356,-81.94679428834424,440996.77079275926 -307.7261704396037,-81.91085697211979,441173.95770867495 -308.09911125079134,-81.87458709292976,441350.94682840793 -308.46877098172484,-81.83798914547573,441527.73795815586 -308.8351647909636,-81.80106758388459,441704.3309045396 -309.19830859518623,-81.76382682084935,441880.72547462204 -309.5582190309806,-81.72627122684118,442056.9214758588 -309.9149134174895,-81.68840512938954,442232.91871614923 -310.2684097199234,-81.65023281242962,442408.71700378065 -310.6187265139819,-81.61175851571141,442584.31614750286 -310.96588295116106,-81.57298643427225,442759.7159564379 -311.30989872498435,-81.53392071796743,442934.9162401498 -311.6507940381448,-81.49456547105885,443109.91680864146 -311.98858957059065,-81.45492475185596,443284.7174723032 -312.3233064485204,-81.41500257241148,443459.3180419453 -312.6549662143147,-81.37480289826597,443633.7183288202 -312.9835907973925,-81.33432964824053,443807.9181445883 -313.30920248598994,-81.29358669427523,443981.91730132047 -313.63182389984684,-81.25257786131229,444155.71561151673 -313.95147796381866,-81.21130692721866,444329.31288809475 -314.26818788237046,-81.16977762275054,444502.70894437644 -314.5819771149685,-81.12799363155449,444675.90359412227 -314.8928693523493,-81.0859585902043,444848.89665152284 -315.2008884936449,-81.04367608827286,445021.6879311401 -315.5060586243766,-81.00114966843405,445194.2772479978 -315.80840399526755,-80.95838282659713,445366.66441751306 -316.1079490018864,-80.91537901206867,445538.8492555516 -316.40471816509466,-80.8721416277417,445710.83157837373 -316.698736112275,-80.82867403031099,445882.61120264337 -316.99002755934896,-80.78497953051067,446054.18794548506 -317.27861729352924,-80.74106139337543,446225.5616244124 -317.56453015682007,-80.69692283852287,446396.73205736204 -317.84779103023294,-80.65256704045441,446567.6990626925 -318.1284248186945,-80.60799712887597,446738.46245917 -318.4064564366531,-80.56321618903328,446909.02206601243 -318.68191079433035,-80.51822726206544,447079.3777028133 -318.9548127846257,-80.47303334537138,447249.52918959793 -319.2251872706461,-80.42763739299035,447419.4763468254 -319.4930590738359,-80.38204231599572,447589.21899536764 -319.7584529627085,-80.33625098289717,447758.7569564871 -320.0213936421359,-80.29026622005667,447928.09005190164 -320.28190574319456,-80.24409081211147,448097.21810373286 -320.54001381354897,-80.19772750240661,448266.1409345066 -320.7957423083417,-80.15117899343521,448434.8583671865 -321.0491155815986,-80.10444794728417,448603.37022514857 -321.30015787810066,-80.05753698608743,448771.6763321776 -321.5488933257276,-80.0104486924834,448939.7765124704 -321.7953459282514,-79.96318561007767,449107.6705906697 -322.039539558554,-79.91575024391008,449275.3583918216 -322.28149795227455,-79.86814506092242,449442.83974135766 -322.5212447018438,-79.82037249043198,449610.1144651878 -322.75880325091214,-79.77243492460548,449777.1823895932 -322.9941968891461,-79.72433471893439,449944.0433412765 -323.2274487473755,-79.67607419271305,450110.69714738766 -323.4585817930948,-79.62765562951404,450277.1436354487 -323.6876188262802,-79.57908127766682,450443.3826334375 -323.9145824755279,-79.53035335073477,450609.4139697316 -324.13949519449307,-79.48147402799083,450775.2374731117 -324.36237925861246,-79.432445454894,450940.8529728157 -324.5832567621161,-79.3832697435614,451106.26029845665 -324.80214961529157,-79.33394897324153,451271.45928008924 -325.0190795420067,-79.28448519078354,451436.4497481656 -325.23406807747523,-79.2348804111046,451601.2315335808 -325.4471365662479,-79.18513661765571,451765.80446761503 -325.65830616043525,-79.13525576288214,451930.1683819783 -325.86759781812987,-79.08523976868288,452094.3231088092 -326.07503230203616,-79.0350905268665,452258.2684806494 -326.2806301782874,-78.98480989960218,452422.0043304461 -326.4844118154502,-78.93439971986835,452585.5304915969 -326.686397383693,-78.88386179189746,452748.8467978756 -326.8866068541338,-78.83319789161496,452911.9530834972 -327.0850599983304,-78.78240976707609,453074.8491830729 -327.28177638792954,-78.73149913889745,453237.5349316547 -327.47677539444715,-78.68046770068501,453400.0101646972 -327.67007618919615,-78.6293171194554,453562.27471805684 -327.8616977433295,-78.57804903605516,453724.32842802437 -328.05165882800736,-78.52666506557391,453886.1711313065 -328.23997801467965,-78.475166797753,454047.8026650042 -328.4266736754736,-78.42355579738891,454209.22286665614 -328.61176398368093,-78.37183360473378,454370.43157421343 -328.7952669143483,-78.32000173588716,454531.4286260286 -328.97720024494834,-78.26806168318625,454692.2138608641 -329.1575815561424,-78.21601491559022,454852.7871179318 -329.33642823262,-78.16386287905816,455013.14823682496 -329.5137574640095,-78.11160699692441,455173.29705755773 -329.6895862458708,-78.05924867026599,455333.23342056025 -329.8639313807397,-78.00678927826706,455492.95716669515 -330.0368094792433,-77.9542301785777,455652.46813720046 -330.2082369612689,-77.90157270766724,455811.7661737712 -330.378230057184,-77.84881818117373,455970.85111849825 -330.5468048091149,-77.79596789424616,456129.72281386086 -330.7139770722614,-77.74302312188368,456288.3811027987 -330.8797625162595,-77.68998511926922,456446.82582863 -331.0441766265842,-77.63685512209744,456605.0568351013 -331.2072347059831,-77.58363434689969,456763.07396637043 -331.3689518759525,-77.53032399136052,456920.87706700637 -331.5293430782367,-77.47692523463304,457078.465981991 -331.688423076357,-77.42343923764699,457235.8405567382 -331.8462064571695,-77.36986714341289,457393.0006370418 -332.0027076324383,-77.31621007732237,457549.9460691177 -332.1579408404398,-77.26246914744085,457706.67669962294 -332.3119201475762,-77.20864544479842,457863.19237558544 -332.46465945001006,-77.15474004367513,458019.4929444793 -332.61617247531274,-77.10075400188077,458175.57825418416 -332.766472784121,-77.04668836103238,458331.4481529657 -332.9155737718128,-76.99254414682379,458487.10248953424 -333.0634886701844,-76.93832236929401,458642.5411130073 -333.2102305491376,-76.88402402308947,458797.7638728869 -333.35581231837295,-76.82965008772184,458952.77061912254 -333.5002467290849,-76.77520152782358,459107.56120206875 -333.64354637566646,-76.72067929339559,459262.1354724603 -333.78572369740755,-76.66608432005405,459416.4932814702 -333.926790980197,-76.61141752927145,459570.6344806978 -334.066760358228,-76.55667982861355,459724.55892212474 -334.2056438156918,-76.5018721119743,459878.26645814267 -334.34345318848113,-76.44699525980276,460031.7569415867 -334.4802001658787,-76.39205013933007,460185.03022566537 -334.6158962922485,-76.33703760479072,460338.0861640172 -334.75055296871756,-76.28195849763995,460490.9246107045 -334.88418145485355,-76.22681364676787,460643.5454201672 -335.0167928703305,-76.1716038687106,460795.9484472755 -335.14839819659676,-76.11632996785549,460948.1335473108 -335.27900827852335,-76.06099273664485,461100.100575958 -335.4086338260513,-76.00559295577561,461251.8493893302 -335.5372854158209,-75.95013139439592,461403.37984391325 -335.6649734928031,-75.89460881029656,461554.69179663877 -335.791708371908,-75.83902595010086,461705.78510483203 -335.91750023958883,-75.78338354945095,461856.6596262262 -336.0423591554329,-75.72768233319007,462007.31521897047 -336.1662950537403,-75.67192301554188,462157.7517416208 -336.28931774508857,-75.61610630028827,462307.96905315365 -336.41143691789,-75.56023288094055,462457.96701292164 -336.53266213993027,-75.50430344091087,462607.74548073014 -336.6530028598953,-75.44831865367912,462757.30431674834 -336.7724684088879,-75.39227918295708,462906.6433815836 -336.89106800192354,-75.33618568285091,463055.7625362618 -337.00881073942173,-75.28003879801781,463204.66164218256 -337.1257056086751,-75.22383916382276,463353.3405611684 -337.241761485308,-75.16758740649155,463501.79915546556 -337.3569871347195,-75.11128414326049,463650.03728770715 -337.4713912135114,-75.05492998252537,463798.0548209477 -337.58498227090524,-74.99852552398427,463945.85161863506 -337.69776875013844,-74.94207135878172,464093.4275446452 -337.80975898984923,-74.88556806964786,464240.7824632378 -337.9209612254489,-74.82901623103564,464387.91623909347 -338.03138359047045,-74.77241640925732,464534.8287373106 -338.1410341179152,-74.71576916261476,464681.5198233656 -338.2499207415716,-74.65907504153107,464827.98936315643 -338.35805129732785,-74.6023345886785,464974.2372230106 -338.4654335244647,-74.5455483391034,465120.2632696166 -338.57207506693373,-74.48871682035113,465266.0673701124 -338.67798347462497,-74.43184055258537,465411.64939200983 -338.78316620461317,-74.3749200487085,465557.00920323347 -338.88763062239286,-74.3179558144783,465702.1466721485 -338.9913840030999,-74.26094834862252,465847.06166746304 -339.09443353271087,-74.20389814295321,465991.7540583481 -339.1967863092387,-74.1468056824754,466136.22371434595 -339.2984493439046,-74.0896714454978,466280.4705054201 -339.39942956229925,-74.03249590373888,466424.4943019322 -339.49973380552865,-73.97527952243232,466568.29497465235 -339.59936883134344,-73.91802276043119,466711.8723947537 -339.6983413152608,-73.86072607030754,466855.2264338106 -339.7966578516621,-73.80338989845366,466998.3569638091 -339.89432495488404,-73.74601468517918,467141.26385714544 -339.9913490602937,-73.68860086480723,467283.94698658475 -340.0877365253458,-73.63114886577048,467426.40622534486 -340.1834936306322,-73.57365911070156,467568.6414470248 -340.2786265809149,-73.51613201652604,467710.65252561244 -340.37314150614304,-73.45856799455137,467852.43933551654 -340.46704446246076,-73.40096745055487,467994.001751557 -340.5603414331971,-73.3433307848716,468135.3396489393 -340.6530383298484,-73.28565839247702,468276.4529032732 -340.74514099304116,-73.22795066307235,468417.34139058 -340.83665519348654,-73.17020798116597,468558.0049872995 -340.9275866329202,-73.11243072615373,468698.44357022864 -341.01794094502884,-73.05461927239989,468838.6570166006 -341.1077236963658,-72.99677398931243,468978.6452040516 -341.1969403872529,-72.93889524142148,469118.40801060473 -341.2855964526704,-72.88098338845373,469257.9453146946 -341.3240639306156,-72.8557321268243,469318.69232586294 -341.3736972631339,-72.82303878540644,469397.25699516054 -341.4612481255615,-72.76506178261985,469536.34293121746 -341.54825428412494,-72.7070527258498,469675.20300252776 -341.6347209210944,-72.64901195633581,469813.8370891119 -341.72065315766633,-72.59093981087149,469952.2450714124 -341.80605605478354,-72.53283662187113,470090.4268302684 -341.8909346139408,-72.47470271743843,470228.3822469168 -341.97529377798276,-72.41653842142908,470366.11120300554 -342.0591384318875,-72.35834405351699,470503.6135805731 -342.14247340354115,-72.30011992925694,470640.88926205074 -342.22530346450037,-72.24186636014657,470777.93813029316 -342.30763333074526,-72.18358365368758,470914.76006853016 -342.3894676634201,-72.12527211344647,471051.3549604091 -342.47081106956557,-72.06693203911206,471187.72268997435 -342.5516681028403,-72.00856372655446,471323.86314164975 -342.63204326423033,-71.95016746788227,471459.77620027825 -342.71194100275096,-71.89174355149747,471595.46175109874 -342.7913657161362,-71.83329226215285,471730.9196797439 -342.8703217515225,-71.77481388100342,471866.14987225796 -342.94881340611744,-71.7163086856613,472001.15221505944 -343.02684492786364,-71.6577769502477,472135.9265949824 -343.1044205160903,-71.59921894544438,472270.4728992565 -343.1815443221557,-71.5406349385451,472404.7910155171 -343.25822045008454,-71.48202519350362,472538.8808317659 -343.3344529571891,-71.42338997098422,472672.7422364414 -343.41024585468836,-71.36472952840896,472806.37511836045 -343.4856031083143,-71.30604412000531,472939.77936673426 -343.56052863890955,-71.24733399685347,473072.95487116976 -343.6350263230207,-71.18859940693042,473205.901521683 -343.7090999934777,-71.12984059515615,473338.6192086779 -343.78275343996825,-71.07105780343765,473471.1078229585 -343.8559904096036,-71.0122512707122,473603.36725570925 -343.9288146074748,-70.95342123299125,473735.3973985417 -344.0012296972026,-70.89456792340069,473867.198143434 -344.07323930148084,-70.83569157222355,473998.76938277204 -344.14484700260675,-70.77679240694037,474130.1110093378 -344.2160563430109,-70.71787065226928,474261.22291629267 -344.2868708257724,-70.65892653020597,474392.104997236 -344.35729391513354,-70.59996026006127,474522.7571461061 -344.42732903700164,-70.5409720585001,474653.1792572726 -344.4969795794468,-70.48196213957883,474783.3712254769 -344.5662488931918,-70.42293071478183,474913.3329458895 -344.635140292094,-70.3638779930591,475043.06431403337 -344.70365705362235,-70.30480418085986,475172.5652258477 -344.7718024193264,-70.24570948216942,475301.83557766484 -344.8395795952979,-70.1865940985429,475430.8752661987 -344.9069917526284,-70.12745822913904,475559.68418857484 -344.97404202785617,-70.06830207075544,475688.26224230154 -345.04073352341175,-70.0091258178588,475816.6093252635 -345.10706930805344,-69.9499296626192,475944.7253357803 -345.17305241729787,-69.89071379494139,476072.6101725108 -345.2386858538449,-69.83147840249622,476200.2637345479 -345.3039725879961,-69.77222367075107,476327.6859213631 -345.36891555806517,-69.71294978300182,476454.87663280615 -345.43351767078826,-69.65365692040051,476581.8357691448 -345.4977818017222,-69.5943452619862,476708.56323101086 -345.56171079564024,-69.53501498471321,476835.0589194434 -345.62530746692187,-69.47566626348105,476961.32273587113 -345.6885745999365,-69.41629927116031,477087.35458210506 -345.7515149494234,-69.35691417862179,477213.15436036646 -345.8141312408638,-69.29751115476323,477338.7219732332 -345.87642617084913,-69.23809036653611,477464.0573237136 -345.93840240744487,-69.17865197897154,477589.16031517525 -346.00006259054624,-69.11919615520756,477714.0308513789 -346.06140933223384,-69.05972305651301,477838.6688364926 -346.122445217119,-69.00023284231328,477963.0741750503 -346.18317280268843,-68.94072567021497,478087.2467720014 -346.24359461964053,-68.88120169603123,478211.18653265416 -346.30371317222034,-68.82166107380401,478334.8933627388 -346.3635309385484,-68.76210395582876,478458.3671683454 -346.42305037094275,-68.70253049267738,478581.60785595357 -346.48227389624117,-68.64294083322108,478704.6153324569 -346.5412039161147,-68.58333512465279,478827.3895051103 -346.5998428073776,-68.5237135125104,478949.9302815706 -346.6581929222962,-68.46407614069663,479072.237569871 -346.7162565888891,-68.40442315150209,479194.3112784402 -346.7740361112257,-68.34475468562584,479316.1513160945 -346.83153376972035,-68.28507088219614,479437.7575920403 -346.8887518214207,-68.22537187879223,479559.13001583924 -346.94569250029485,-68.16565781146265,479680.26849749126 -347.00235801751296,-68.10592881474619,479801.1729473375 -347.0587505617242,-68.04618502169153,479921.8432761244 -347.11487229933164,-67.9864265638762,480042.27939499257 -347.1707253747617,-67.92665357142673,480162.481215445 -347.2263119107311,-67.8668661730355,480282.44864938204 -347.28163400850997,-67.80706449598081,480402.18160908675 -347.33669374818055,-67.74724866614409,480521.68000724405 -347.3914931888935,-67.68741880802824,480640.9437568871 -347.44603436911825,-67.6275750447761,480759.9727714721 -347.5003193068942,-67.56771749818616,480878.7669648044 -347.554350000075,-67.50784628873069,480997.32625110605 -347.6081284265691,-67.44796153557262,481115.650544961 -347.66165654458143,-67.38806335658163,481233.73976133193 -347.71493629284487,-67.32815186835195,481351.5938155816 -347.76796959085584,-67.26822718621648,481469.2126234449 -347.8207583391022,-67.20828942426415,481586.59610105027 -347.87330441928805,-67.14833869535488,481703.74416490045 -347.92560969455803,-67.08837511113522,481820.6567318701 -347.97767600971656,-67.0283987820545,481937.33371923363 -348.0295051914443,-66.96840981737789,482053.7750446359 -348.08109904851324,-66.90840832520281,482169.9806261228 -348.1324593719962,-66.84839441247273,482285.9503820769 -348.183587935477,-66.78836818499148,482401.6842313275 -348.23448649525267,-66.72832974743862,482517.1820930139 -348.28515679053976,-66.6682792033813,482632.44388671033 -348.3356005436723,-66.6082166552896,482747.46953234135 -348.38581946029865,-66.54814220454939,482862.2589502205 -348.43581522957726,-66.48805595147562,482976.8120610466 -348.4855895243674,-66.4279579953266,483091.12878589856 -348.5351440014201,-66.36784843431532,483205.20904621587 -348.5844803015639,-66.3077273656229,483319.0527638412 -348.63360004988954,-66.24759488541153,483432.6598609811 -348.6825048559318,-66.18745108883672,483546.0302602204 -348.73119631385,-66.12729607005882,483659.1638845312 -348.77967600260286,-66.06712992225698,483772.06065726327 -348.82794548612605,-66.0069527376386,483884.72050213325 -348.87600631350324,-65.94676460745269,483997.1433432491 -348.92386001913655,-65.88656562200059,484109.3291050819 -348.971508122914,-65.82635587064888,484221.27771249047 -349.01895213037596,-65.76613544183834,484332.9890907033 -349.0661935328795,-65.70590442309675,484444.46316534234 -349.11323380775775,-65.64566290104914,484555.699862379 -349.16007441848103,-65.58541096142875,484666.69910818245 -349.2067168148135,-65.52514868908719,484777.46082949615 -349.25316243296777,-65.46487616800664,484887.9849534277 -349.29941269575903,-65.40459348130747,484998.271407458 -349.3454690127557,-65.34430071126047,485108.32011947565 -349.39133278042874,-65.28399793929628,485218.13101769227 -349.43700538229905,-65.22368524601472,485327.7040307304 -349.48248818908206,-65.16336271119658,485437.0390875936 -349.5277825588323,-65.10303041381022,485546.1361176318 -349.5728898370846,-65.04268843202361,485654.99505057215 -349.61781135699323,-64.98233684321248,485763.6158165443 -349.6625484394711,-64.92197572396954,485871.9983460297 -349.7071023933247,-64.86160515011497,485980.14256987465 -349.7514745153891,-64.80122519670346,486088.0484193149 -349.7956660906615,-64.7408359380342,486195.7158259481 -349.8396783924304,-64.6804374476596,486303.1447217523 -349.8835126824073,-64.62002979839329,486410.3350390932 -349.9271702108514,-64.55961306232022,486517.28671066684 -349.970652216699,-64.4991873108029,486623.99966956425 -350.0139599276853,-64.43875261449135,486730.4738492648 -350.0570945604685,-64.37830904333028,486836.7091835933 -350.1000573207516,-64.31785666656744,486942.7056067502 -350.1428494034002,-64.25739555276296,487048.4630533252 -350.18547199256295,-64.19692576979457,487153.9814582445 -350.2279262617872,-64.1364473848673,487259.2607568389 -350.2702133741343,-64.07596046452059,487364.30088479025 -350.3123344822941,-64.01546507463544,487469.1017781601 -350.3542907286961,-63.9549612804433,487573.6633733544 -350.3960832456214,-63.894449146531215,487677.9856071982 -350.43771315531285,-63.83392873685075,487782.0684168324 -350.4791815700818,-63.773400114724566,487885.9117397922 -350.52048959241586,-63.712863342853076,487989.51551397855 -350.56163831508366,-63.652318483323214,488092.8796776652 -350.6026288212407,-63.59176559761256,488196.00416948134 -350.64346218453045,-63.53120474659811,488298.8889284391 -350.68413946918713,-63.47063599056242,488401.5338939045 -350.72466173013595,-63.41005938919982,488503.9390056246 -350.76503001309095,-63.34947500162439,488606.10420368495 -350.805245354655,-63.288882886374246,488708.0294285793 -350.84530878241526,-63.22828310141942,488809.71462113125 -350.88522131503845,-63.16767570416769,488911.159722547 -350.924983962366,-63.107060751470605,489012.36467439425 -350.96459772550713,-63.04643829962986,489113.3294186238 -351.00406359692937,-62.985808404403805,489214.0538975237 -351.04338256055166,-62.92517112101221,489314.538053755 -351.08255559183306,-62.86452650414296,489414.78183036146 -351.1215836578612,-62.803874607957326,489514.7851707272 -351.16046771744004,-62.74321548609722,489614.5480186043 -351.19920872117666,-62.68254919168858,489714.0703181368 -351.23780761156706,-62.6218757773485,489813.3520138004 -351.2762653230793,-62.56119529519022,489912.39305043995 -351.3145827822385,-62.500507796828614,490011.1933732786 -351.35276090770844,-62.439813333385636,490109.7529278793 -351.39080061037225,-62.37911195549628,490208.0716601893 -351.4287027934146,-62.31840371331238,490306.1495165076 -351.46646835239994,-62.25768865650876,490403.9864434949 -351.5040981753508,-62.19696683428789,490501.5823881809 -351.5415931428262,-62.136238295386256,490598.9372979503 -351.578954127998,-62.075503088077205,490696.05112054705 -351.61618199672625,-62.01476126017731,490792.9238040731 -351.6532776076342,-61.95401285905098,490889.555297011 -351.69024181218276,-61.89325793161493,490985.9455481755 -351.7270754547424,-61.83249652434298,491082.0945067792 -351.76377937266614,-61.771728683271945,491178.0021223335 -351.80035439636083,-61.7109544540042,491273.66834477586 -351.83680134935724,-61.650173881713336,491369.09312437504 -351.87312104838014,-61.58938701114902,491464.2764117417 -351.909314303417,-61.528593886640316,491559.21815787937 -351.9453819177848,-61.46779455210208,491653.918314116 -351.9813246881996,-61.40698905103681,491748.37683215365 -352.0171434048406,-61.346177426540635,491842.5936640672 -352.0528388514175,-61.28535972130707,491936.5687622717 -352.0884118052341,-61.224535977630744,492030.30207952514 -352.12386303725265,-61.1637062374132,492123.79356897715 -352.15919331215815,-61.1028705421645,492217.0431841092 -352.19440338841963,-61.04202893300916,492310.0508787703 -352.2294940183527,-60.981181450689334,492402.816607169 -352.2644659481813,-60.92032813556877,492495.3403238528 -352.2993199180959,-60.85946902763781,492587.6219837392 -352.33405666231624,-60.79860416651524,492679.66154209326 -352.36867690914846,-60.73773359145348,492771.45895454404 -352.4031813810437,-60.67685734134221,492863.01417706657 -352.4375707946562,-60.615975454711354,492954.3271659941 -352.4718458608997,-60.5550879697363,493045.3978780241 -352.50600728500496,-60.494194924239586,493136.2262701907 -352.54005576657414,-60.4332963556957,493226.8122998815 -352.573991999637,-60.372392301234115,493317.15592486295 -352.60781667270413,-60.311482797642945,493407.25710322853 -352.6415304688218,-60.250567881373215,493497.11579342023 -352.67513406562523,-60.18964758854049,493586.7319542708 -352.7086281353903,-60.12872195492971,493676.1055449213 -352.7420133450859,-60.06779101599777,493765.2365248945 -352.77529035642635,-60.00685480687703,493854.12485404336 -352.80845982592035,-59.9459133623796,493942.770492593 -352.841522404923,-59.88496671699836,494031.1734010986 -352.87447873968415,-59.824014904911905,494119.3335404898 -352.9073294713987,-59.76305795998714,494207.25087202695 -352.9400752362541,-59.70209591578185,494294.9253573285 -352.9727166654791,-59.64112880554953,494382.3569583595 -353.0052543853908,-59.580156662240036,494469.54563744325 -353.03768901744183,-59.51917951850409,494556.491357248 -353.07002117826687,-59.45819740669604,494643.19408077415 -353.10225147972824,-59.39721035887641,494729.65377141227 -353.13438052896163,-59.336218406814766,494815.8703928528 -353.16640892842025,-59.27522158199386,494901.8439091753 -353.19833727592044,-59.21421991561051,494987.5742847766 -353.23016616468465,-59.15321343857935,495073.06148441596 -353.2618961833848,-59.09220218153558,495158.30547320214 -353.2935279161858,-59.031186174838425,495243.30621658935 -353.32506194278733,-58.97016544857215,495328.0636803649 -353.3564988384666,-58.90914003255005,495412.5778306905 -353.38783917411905,-58.848109956316534,495496.84863404033 -353.41908351629985,-58.787075249150234,495580.8760572684 -353.4502324272645,-58.72603594006546,495664.6600675492 -353.4812864650088,-58.66499205781688,495748.20063239726 -353.51224618330866,-58.6039436308997,495831.4977197139 -353.54311213175953,-58.54289068755319,495914.55129769514 -353.57388485581487,-58.481833255763476,495997.361334917 -353.6045648968253,-58.42077136326507,496079.92780027166 -353.6351527920755,-58.35970503754492,496162.25066302414 -353.6656490748228,-58.298634305842675,496244.32989275956 -353.6960542743341,-58.237559195154404,496326.1654594229 -353.72636891592236,-58.17647973223457,496407.7573332948 -353.75659352098313,-58.115395943598,496489.10548498144 -353.7867286070307,-58.054307855523646,496570.20988546015 -353.81677468773364,-57.993215494054574,496651.07050604443 -353.84673227294996,-57.93211888500164,496731.68731837167 -353.8766018687619,-57.87101805394555,496812.06029444444 -353.9063839775107,-57.809913026238334,496892.18940657855 -353.9360790978298,-57.74880382700719,496972.0746274608 -353.9656877246798,-57.687690481154405,497051.71593009925 -353.9952103493813,-57.62657301336089,497131.11328784813 -354.02464745964744,-57.565451448087714,497210.2666743992 -354.0539995396178,-57.50432580957825,497289.1760637862 -354.0832670698886,-57.44319612186124,497367.84143037826 -354.11245052754714,-57.382062408750755,497446.2627488952 -354.14155038620163,-57.32092469384986,497524.4399943801 -354.1705671160133,-57.259783000551835,497602.37314223044 -354.19950118372753,-57.19863735204203,497680.06216816034 -354.22835305270326,-57.137487771301366,497757.50704823993 -354.25712318294495,-57.0763342811056,497834.7077588752 -354.28581203113157,-57.01517690402921,497911.6642768094 -354.3144200506462,-56.954015662446466,497988.37657910923 -354.3429476916066,-56.89285057853316,498064.84464319155 -354.37139540089197,-56.831681674269866,498141.0684467956 -354.3997636221742,-56.77050897144146,498217.04796803195 -354.42805279594484,-56.70933249164047,498292.78318529704 -354.45626335954387,-56.64815225626847,498368.2740773615 -354.4843957471869,-56.586968286537356,498443.52062330034 -354.5124503899934,-56.52578060347264,498518.5228025697 -354.54042771601394,-56.464589227912874,498593.2805949047 -354.56832815025655,-56.403394180513196,498667.7939804119 -354.5961521147145,-56.342195481745954,498742.0629395139 -354.62390002839186,-56.280993151902635,498816.0874529825 -354.65157230732956,-56.219787211096566,498889.86750190373 -354.67916936463234,-56.15857767926257,498963.40306770726 -354.7066916104934,-56.097364576160004,499036.6941321571 -354.73413945222035,-56.03614792137379,499109.74067735625 -354.76151329425966,-55.974927734315926,499182.54268571595 -354.78881353822237,-55.91370403422825,499255.1001399999 -354.81604058290793,-55.852476840181964,499327.4130232962 -354.8431948243289,-55.79124617108048,499399.48131902853 -354.87027665573555,-55.7300120456608,499471.30501094105 -354.89728646763865,-55.66877448249464,499542.8840831228 -354.92422464783374,-55.60753349998987,499614.218519981 -354.95109158142424,-55.546289116393154,499685.3083062564 -354.9778876508451,-55.48504134978965,499756.1534270217 -355.0046132358851,-55.42379021810535,499826.753867673 -355.0312687137099,-55.362535739108274,499897.1096139297 -355.057854458884,-55.30127793041084,499967.2206518787 -355.0843708433936,-55.2400168094695,500037.0869678784 -355.110818236668,-55.17875239358737,500106.708548658 -355.13719700560205,-55.117484699915316,500176.08538125415 -355.163507514577,-55.05621374545298,500245.2174530292 -355.18975012548213,-54.99493954705034,500314.1047516842 -355.2159251977358,-54.93366212140987,500382.7472652519 -355.2420330883066,-54.87238148508605,500451.1449820603 -355.2680741517339,-54.81109765448805,500519.2978908072 -355.29404874014807,-54.74981064588054,500587.20598047273 -355.31995720329144,-54.68852047538467,500654.8692403923 -355.3457998885374,-54.627227158980794,500722.2876602175 -355.3715771409112,-54.5659307125074,500789.4612299232 -355.39728930310946,-54.504631151663915,500856.38993981126 -355.422936715519,-54.44332849201162,500923.0737805017 -355.44851971623746,-54.38202274897433,500989.5127429521 -355.4740386410907,-54.320713937841106,501055.70681841933 -355.4994938236531,-54.259402073765116,501121.6559985185 -355.524885595266,-54.198087171766765,501187.36027515447 -355.55021428505563,-54.13676924673368,501252.81964057917 -355.57548021995245,-54.075448313422356,501318.0340873441 -355.60068372470846,-54.01412438645986,501383.00360832957 -355.6258251219157,-53.952797480343605,501447.72819676646 -355.65090473202406,-53.89146760944335,501512.20784615853 -355.6759228733587,-53.83013478800214,501576.44255036477 -355.70087986213804,-53.76879903013695,501640.43230355316 -355.72577601249054,-53.70746034984151,501704.1771002111 -355.7506116364721,-53.646118760984685,501767.6769351627 -355.775387044083,-53.58477427731348,501830.9318035241 -355.800102543285,-53.52342691245323,501893.94170074345 -355.8247584400174,-53.462076679908925,501956.70662259206 -355.8493550382143,-53.40072359306696,502019.22656515625 -355.8738926398201,-53.339367665194445,502081.5015248546 -355.89837154480637,-53.278008909441596,502143.53149839374 -355.9227920511878,-53.21664733884226,502205.31648281415 -355.9471544550379,-53.15528296631447,502266.85647548555 -355.9714590505042,-53.0939158046632,502328.15147407557 -355.9957061298252,-53.03254586657879,502389.2014765752 -356.0198959833444,-52.97117316463957,502450.0064813083 -356.0440288995264,-52.90979771131239,502510.5664868856 -356.06810516497177,-52.848419518953165,502570.881492245 -356.0921250644318,-52.78703859980927,502630.95149666053 -356.1160888808238,-52.72565496601821,502690.77649968705 -356.1399968952457,-52.6642686296104,502750.35650122166 -356.1638493869906,-52.60287960250888,502809.6915014649 -356.1876466335605,-52.54148789653113,502868.781500913 -356.21138891068205,-52.4800935233889,502927.6265004282 -356.23507649231937,-52.41869649469091,502986.22650113294 -356.2587096506885,-52.35729682194138,503044.5815044806 -356.282288656272,-52.295894516542475,503102.6915122396 -356.3058137778314,-52.234489589794364,503160.55652650725 -356.3292852824216,-52.173082052897435,503218.17654966563 -356.35270343540464,-52.111671916951,503275.5515844147 -356.3760685004627,-52.05025919295564,503332.68163378123 -356.39938073961105,-51.98884389181362,503389.5667010932 -356.42264041321187,-51.92742602432977,503446.20678999426 -356.4458477799868,-51.866005601211825,503502.6019044181 -356.4690030970298,-51.80458263307252,503558.7520486344 -356.4921066198202,-51.74315713042879,503614.6572272153 -356.5151586022353,-51.6817291037031,503670.31744503835 -356.53815929656264,-51.62029856322494,503725.7327072955 -356.56110895351253,-51.55886551923007,503780.9030194747 -356.5840078222307,-51.49742998186384,503835.82838739397 -356.6068561503099,-51.4359919611789,503890.5088171625 -356.6296541838025,-51.374551467137685,503944.9443152062 -356.65240216723214,-51.31310850961327,503999.13488825574 -356.6751003436059,-51.2516630983889,504053.0805433431 -356.69774895442526,-51.190215243160694,504106.78128781816 -356.7203482396988,-51.128764953536255,504160.23712932057 -356.7428984379533,-51.06731223903635,504213.44807583466 -356.7653997862447,-51.00585710909583,504266.4141355944 -356.7878525201704,-50.94439957306363,504319.1353171885 -356.8102568738795,-50.88293964020478,504371.61162948364 -356.8326130800841,-50.82147731969936,504423.84308166127 -356.85492137007145,-50.760012620644275,504475.8296832035 -356.87718197371305,-50.69854555205369,504527.5714439024 -356.8993951194768,-50.63707612285939,504579.06837384525 -356.92156103443745,-50.57560434191267,504630.32048343297 -356.94367994428706,-50.51413021798304,504681.32778336894 -356.96575207334513,-50.45265375976026,504732.0902846432 -356.9877776445701,-50.39117497585471,504782.60799856624 -357.0097568795685,-50.329693874797364,504832.88093675143 -357.0316899986062,-50.268210465042316,504882.90911109775 -357.05357722061785,-50.20672475496464,504932.69253383164 -357.0754187632174,-50.14523675286327,504982.2312174448 -357.0972148427078,-50.083746466960314,505031.52517476684 -357.118965674091,-50.02225390540224,505080.5744189039 -357.14067147107767,-49.9607590762612,505129.37896327337 -357.16233244609714,-49.8992619875336,505177.93882158527 -357.1839488103067,-49.83776264714272,505226.2540078568 -357.20552077360134,-49.776261062938026,505274.3245364059 -357.22704854462336,-49.71475724269604,505322.1504218263 -357.24853233077124,-49.653251194122305,505369.7316790494 -357.2699723382093,-49.591742924849314,505417.0683232743 -357.29136877187716,-49.530232442439264,505464.16037001525 -357.3127218354981,-49.46871975438355,505511.00783506746 -357.3340317315889,-49.407204868103435,505557.6107345252 -357.355298661468,-49.34568779095188,505603.9690848096 -357.37652282526557,-49.2841685302118,505650.0829025955 -357.3977044219308,-49.22264709309822,505695.95220488915 -357.41884364924215,-49.161123486758534,505741.57700896 -357.4399407038147,-49.099597718272484,505786.9573324085 -357.4609957811099,-49.03806979465412,505832.093193108 -357.48200907544265,-48.976539722850184,505876.98460922827 -357.5029807799913,-48.91500750974234,505921.63159923954 -357.523911086805,-48.853473162147004,505966.03418190166 -357.5448001868124,-48.791936686815916,506010.1923762722 -357.5656482698296,-48.73039809043635,506054.10620170133 -357.5864555245683,-48.668857379633124,506097.7756778266 -357.60722213864403,-48.60731456096657,506141.20082458714 -357.62794829858467,-48.54576964093509,506184.38166220597 -357.6486341898368,-48.4842226259745,506227.3182112067 -357.6692799967756,-48.42267352245979,506270.0104924078 -357.68988590271067,-48.36112233670392,506312.4585269004 -357.71045208989574,-48.29956907495937,506354.6623360852 -357.7309787395345,-48.23801374341857,506396.62194164546 -357.7514660317895,-48.176456348213804,506438.3373655637 -357.77191414578897,-48.11489689541812,506479.80863009987 -357.79232325963454,-48.053335391046446,506521.0357578008 -357.81269355040865,-47.991771841054465,506562.0187715285 -357.8330251941819,-47.93020625134014,506602.75769440795 -357.8533183660204,-47.86863862774394,506643.25254986645 -357.87357323999265,-47.8070689760489,506683.50336161535 -357.893789989177,-47.74549730198279,506723.51015364367 -357.91396878566866,-47.683923611215604,506763.2729502508 -357.93410980058707,-47.622347909362404,506802.7917760026 -357.95421320408207,-47.56077020198262,506842.0666557736 -357.9742791653415,-47.49919049458076,506881.09761469933 -357.9943078525982,-47.43760879260752,506919.88467822433 -358.01429943313576,-47.376025101458836,506958.42787205253 -358.03425407329655,-47.314439426477044,506996.72722220916 -358.0541719384877,-47.25285177295148,507034.7827549747 -358.07405319318775,-47.19126214611822,507072.59449693677 -358.0938980009537,-47.12967055116193,507110.16247494647 -358.11370652442633,-47.0680769932142,507147.4867161518 -358.1334789253388,-47.006481477355365,507184.56724798103 -358.1532153645204,-46.944884008614586,507221.4040981537 -358.17291600190543,-46.88328459196979,507257.99729466613 -358.19258099653746,-46.82168323234941,507294.3468657887 -358.2122105065772,-46.76007993463087,507330.4528400881 -358.2318046893075,-46.69847470364218,507366.31524641777 -358.25136370114,-46.63686754416201,507401.9341138919 -358.27088769762184,-46.57525846091982,507437.3094719183 -358.2903768334402,-46.51364745859746,507472.4413501908 -358.3098312624295,-46.45203454182759,507507.32977867976 -358.32925113757744,-46.39041971519539,507541.9747876355 -358.34863661102986,-46.32880298323856,507576.3764075769 -358.3679878340978,-46.2671843504472,507610.5346693396 -358.38730495726224,-46.20556382126582,507644.44960399094 -358.4065881301806,-46.143941400091535,507678.1212428985 -358.42583750169194,-46.08231709127554,507711.5496177277 -358.4450532198236,-46.02069089912338,507744.7347603911 -358.46423543179515,-45.95906282789516,507777.6767030966 -358.4833842840253,-45.897432881806566,507810.3754783193 -358.50249992213713,-45.83580106502776,507842.8311188356 -358.52158249096357,-45.77416738168508,507875.04365766625 -358.5406321345521,-45.71253183586032,507907.0131281322 -358.55964899617163,-45.65089443159226,507938.73956380936 -358.57863321831644,-45.589255172875276,507970.2229985864 -358.59758494271205,-45.527614063662405,508001.4634665801 -358.6165043103207,-45.46597110786245,508032.4610022222 -358.6353914613462,-45.40432630934229,508063.2156401982 -358.6542465352394,-45.3426796719265,508093.7274154754 -358.67306967070283,-45.2810311993987,508123.99636329303 -358.6918610056964,-45.21938089550022,508154.0225191545 -358.7106206774422,-45.15772876393159,508183.805918878 -358.7293488224291,-45.096074808352306,508213.346598491 -358.7480455764189,-45.03441903238145,508242.64459433884 -358.76671107445,-44.972761439597654,508271.69994302833 1.2146545491577,-44.91110203354036,508300.51268144825 1.1960511607964008,-44.84944081770863,508329.0828467331 1.1774786275676092,-44.78777779556231,508357.4104763024 1.158936817275901,-44.72611297052231,508385.49560786533 1.1404255984246277,-44.6644463459705,508413.3382793782 1.1219448402117393,-44.602777925251075,508440.93852905603 1.1034944125242703,-44.54110771166925,508468.2963954332 1.085074185934218,-44.47943570849263,508495.411917268 1.0666840316937396,-44.41776191895105,508522.28513359936 1.0483238217309463,-44.35608634623673,508548.91608374723 1.029993428644758,-44.294408993506075,508575.30480729236 1.0116927257012662,-44.23272986387726,508601.45134407363 0.9934215868284468,-44.1710489604327,508627.355734214 0.9751798866119827,-44.10936628621824,508653.018018105 0.9569675002914835,-44.0476818442435,508678.4382363886 0.938784303755483,-43.9859956374834,508703.6164299817 0.9206301735372051,-43.924307668876516,508728.5526400799 0.9025049868104134,-43.8626179413264,508753.2469081277 0.8844086213854041,-43.80092645770168,508777.69927584496 0.8663409557041177,-43.73923322083609,508801.9097852028 0.8483018688368418,-43.67753823352983,508825.8784784684 0.8302912404774645,-43.615841498548065,508849.6053981419 0.8123089509394106,-43.554143018622035,508873.0905870055 0.7943548811519179,-43.49244279644985,508896.3340881065 0.7764289126553479,-43.430740834695406,508919.3359447266 0.7585309275979455,-43.3690371359907,508942.0962004667 0.7406608087313202,-43.30733170293358,508964.6148991227 0.7228184394066943,-43.24562453808981,508986.89208480873 0.705003703570867,-43.18391564399238,509008.92780188954 0.687216485762093,-43.12220502314204,509030.7220949709 0.669456671107298,-43.0604926780083,509052.2750089304 0.651724145316706,-42.99877861102817,509073.5865889196 0.6340187946811682,-42.937062824607295,509094.6568803397 0.6163405060675871,-42.87534532112014,509115.48592883674 0.5986891669161025,-42.81362610290979,509136.0737803465 0.5810646652355729,-42.751905172289426,509156.4204810602 0.5634668896000221,-42.69018253154071,509176.52607740427 0.5458957291455988,-42.628458182915324,509196.3906160943 0.5283510735660002,-42.56673212863463,509216.0141440833 0.5108328131092037,-42.50500437088975,509235.39670858026 0.49334083857471,-42.44327491184337,509254.5383570818 0.47587504130868297,-42.381543753627184,509273.43913731026 0.4584353132013632,-42.319810898344464,509292.0990972598 0.44102154668283333,-42.25807634806912,509310.51828519 0.42363363472026094,-42.19634010484585,509328.6967495838 0.40627147081428916,-42.134602170691934,509346.6345392248 0.38893494899519965,-42.072862547594866,509364.33170311176 0.3716239638198431,-42.01112123751458,509381.78829055093 0.354338410368257,-41.94937824238291,509399.00435103814 0.33707818424036873,-41.88763356410372,509415.97993436694 0.3198431815522724,-41.82588720455301,509432.7150905833 0.30263329893378454,-41.764139165580474,509449.20986997 0.28544843352409544,-41.70238944900744,509465.46432308195 0.26828848296955243,-41.640638056628624,509481.478500703 0.2511533454197661,-41.57888499021156,509497.25245391903 0.23404291952437006,-41.51713025149819,509512.78623400215 0.2169571044305485,-41.455373842203045,509528.0798925406 0.19989579977900007,-41.39361576401458,509543.13348131574 0.18285890570177799,-41.33185601859551,509557.9470524065 0.16584632281805511,-41.270094607582365,509572.52065812435 0.14885795223210607,-41.20833153258581,509586.8543510391 0.13189369552944186,-41.14656679519217,509600.94818395673 0.114953454774394,-41.08480039696119,509614.8022099497 0.09803713250684609,-41.02303233942804,509628.4164823174 0.08114463173896524,-40.961262624102815,509641.7910546544 0.06427585595272944,-40.89949125247075,509654.9259807516 0.047430709096772716,-40.83771822599315,509667.821314678 0.03060909558325875,-40.775943546106284,509680.4771107527 0.013810920285322936,-40.714167214222314,509692.8934235337 -0.0029639114658550625,-40.65238923172937,509705.0703078192 -0.019715493884547186,-40.59060959999157,509717.00781867123 -0.03644392073189806,-40.528828320350065,509728.70601139916 -0.053149285320358786,-40.46704539412173,509740.1649415501 -0.06983168051556277,-40.405260822600134,509751.38466490473 -0.08649119873931,-40.3434746070561,509762.3652375186 -0.10312793197218184,-40.28168674873658,509773.10671567224 -0.11974197175655377,-40.219897248867156,509783.6091559061 -0.13633340919895431,-40.15810610864927,509793.87261500244 -0.1529023349731915,-40.09631332926264,509803.8971499719 -0.16944883932288235,-40.03451891186436,509813.68281808624 -0.18597301206364136,-39.97272285758889,509823.2296768509 -0.20247494258651955,-39.91092516754994,509832.537784035 -0.21895471985999393,-39.849125842838276,509841.6071976077 -0.235412432432895,-39.787324884523095,509850.4379758419 -0.2518481684368794,-39.72552229365222,509859.03017719847 -0.2682620155890447,-39.66371807125167,509867.3838604234 -0.2846540611941748,-39.601912218327286,509875.4990844597 -0.3010243921478093,-39.54010473586279,509883.3759085237 -0.31737309493857424,-39.47829562482119,509891.01439206937 -0.3337002556501716,-39.4164848861449,509898.4145947884 -0.35000595996447714,-39.354672520755194,509905.57657660515 -0.3662902931637575,-39.292858529553875,509912.50039769284 -0.3825533401331995,-39.23104291342158,509919.18611845624 -0.39879518536295677,-39.169225673218925,509925.63379955105 -0.41501591295119056,-39.107406809786546,509931.84350186354 -0.431215606605889,-39.04558632394472,509937.81528652995 -0.4473943496477091,-38.98376421649529,509943.5492149003 -0.46355222501156845,-38.92194048821909,509949.0453485831 -0.4796893152500843,-38.8601151398782,509954.30374941573 -0.4958057025348239,-38.798288172214974,509959.3244794848 -0.5119014686596017,-38.7364595859529,509964.10760109936 -0.5279766950416445,-38.67462938179595,509968.65317681193 -0.5440314627248881,-38.61279756043019,509972.9612694053 -0.5600658523816548,-38.550964122522025,509977.031941914 -0.5760799443148699,-38.48912906871937,509980.86525757844 -0.5920738184610173,-38.42729239965145,509984.4612799012 -0.6080475543913053,-38.365454115930035,509987.82007261214 -0.6240012313142529,-38.30361421814782,509990.94169967854 -0.639934928078361,-38.24177270687949,509993.8262252787 -0.6558487231736478,-38.179929582681986,509996.47371385305 -0.6717426947340641,-38.11808484609429,509998.88423007407 -0.6876169205395684,-38.056238497637395,510001.05783882836 -0.7034714780181446,-37.99439053781562,510002.9946052361 -0.7193064442482466,-37.93254096711496,510004.69459467096 -0.7351218959603898,-37.87068978600446,510006.15787272406 -0.7509179095398508,-37.808836994935334,510007.38450521266 -0.7666945610276628,-37.74698259434312,510008.37455820077 -0.7824519261242244,-37.68512658464515,510009.1280979603 -0.7981900801899258,-37.62326896624238,510009.64519101795 -0.8139090982479615,-37.561409739518936,510009.9259041218 -0.8296090549856956,-37.49954890484247,510009.9703042454 -0.8452900247574746,-37.43768646256393,510009.7784585945 -0.8609520815856797,-37.375822413018675,510009.350434593 -0.8765952991636823,-37.31395675652512,510008.6862999151 -0.8922197508569525,-37.25208949338576,510007.78612245497 -0.9078255097053898,-37.19022062388698,510006.6499703316 -0.9234126484250567,-37.128350148299255,510005.27791186835 -0.9389812394105661,-37.06647806687817,510003.6700156752 -0.9545313547360195,-37.00460437986269,510001.8263505257 -0.9700630661579339,-36.94272908747656,509999.7469854556 -0.9855764451166067,-36.88085218992803,509997.43198971817 -1.0010715627377635,-36.81897368740991,509994.88143279444 -1.0165484898349177,-36.75709358010083,509992.0953843857 -1.0320072969107628,-36.69521186816324,509989.07391442923 -1.0474480541593607,-36.63332855174495,509985.8170930626 -1.0628708314675919,-36.57144363097896,509982.32499068754 -1.0782756984171442,-36.50955710598323,509978.59767788 -1.0936627242864745,-36.447668976862055,509974.6352254896 -1.1090319780517746,-36.38577924370422,509970.4377045597 -1.1243835283901547,-36.32388790658444,509966.00518635166 -1.1397174436799844,-36.26199496556309,509961.3377423729 -1.1550337920034224,-36.20010042068598,509956.4354443306 -1.170332641147695,-36.13820427198582,509951.2983641753 -1.1856140586072854,-36.07630651948042,509945.92657405464 -1.2008781115853537,-36.01440716317396,509940.3201463712 -1.2161248669953864,-35.95250620305685,509934.4791537055 -1.2313543914629292,-35.89060363910538,509928.4036688847 -1.2465667513271512,-35.8286994712835,509922.0937649602 -1.2617620126429472,-35.76679369954032,509915.54951519595 -1.2769402411819613,-35.70488632381216,509908.7709930634 -1.292101502434491,-35.64297734402203,509901.7582722772 -1.3072458616115057,-35.58106676007926,509894.5114267346 -1.322373383645072,-35.519154571881295,509887.03053059126 -1.3374841331917935,-35.45724077931138,509879.3156582115 -1.352578174632697,-35.395325382240344,509871.3668841472 -1.3676555720755061,-35.333408380526194,509863.18428320263 -1.3827163893564034,-35.27148977401386,509854.7679303931 -1.3977606900412525,-35.20956956253662,509846.11790092423 -1.412788537427275,-35.14764774591428,509837.23427025194 -1.4277999945447846,-35.08572432395463,509828.1171140228 -1.4427951241580672,-35.02379929645299,509818.76650810405 -1.4577739887678263,-34.96187266319261,509809.18252860015 -1.4727366506118074,-34.899944423944,509799.3652517918 -1.48768317166693,-34.838014578466904,509789.3147542162 -1.502613613650425,-34.77608312650787,509779.03111259453 -1.5175280380216805,-34.71415006780202,509768.51440386684 -1.5324265059831816,-34.65221540207233,509757.7647051906 -1.547309078482101,-34.59027912903121,509746.78209394286 -1.5621758162124308,-34.528341248378055,509735.5666476978 -1.5770267796155508,-34.46640175980165,509724.11844425777 -1.5918620288818488,-34.40446066297877,509712.4375616308 -1.6066816239527952,-34.342517957575225,509700.52407803066 -1.6214856245213696,-34.28057364324504,509688.3780718784 -1.6362740900339645,-34.21862771963225,509675.99962183164 -1.6510470796921481,-34.15668018636855,509663.38880674186 -1.665804652453403,-34.09473104307506,509650.54570565023 -1.6805468670327173,-34.03278028936211,509637.47039784427 -1.695273781904291,-33.970827924828605,509624.16296280257 -1.7099854553022453,-33.908873949063945,509610.6234802148 -1.724681945222244,-33.84691836164553,509596.8520299732 -1.7393633094235383,-33.78496116214086,509582.8486921831 -1.7540296054293663,-33.72300235010665,509568.61354716873 -1.768680890528202,-33.66104192508886,509554.1466754545 -1.7833172217760591,-33.599079886624246,509539.44815775927 -1.7979386559967168,-33.537116234238184,509524.5180750182 -1.8125452497839376,-33.4751509674462,509509.3565083902 -1.8271370595020926,-33.41318408575371,509493.96353920945 -1.8417141412876958,-33.35121558865561,509478.3392490439 -1.8562765510505983,-33.289245475638104,509462.4837196435 -1.8708243444754373,-33.22727374617641,509446.39703298203 -1.8853575770230009,-33.165300399735955,509430.07927121944 -1.8998763039305118,-33.103325435772895,509413.5305167509 -1.914380580214555,-33.04134885373307,509396.7508521389 -1.9288704606704528,-32.97937065305389,509379.74036017497 -1.9433459998753335,-32.917390833162074,509362.49912384304 -1.9578072521875356,-32.85540939347558,509345.0272263289 -1.972254271749307,-32.7934263334026,509327.32475103193 -1.9866871124874308,-32.73144165234187,509309.39178155543 -2.001105828113765,-32.66945534968397,509291.2284016767 -2.0155104721277723,-32.607467424809194,509272.8346954085 -2.0299010978166336,-32.54547787708921,509254.21074694424 -2.0442777582568397,-32.483486705886655,509235.3566406911 -2.0586405063155553,-32.42149391055473,509216.27246124 -2.072989394651046,-32.35949949043899,509196.9582934132 -2.087324475714695,-32.297503444875126,509177.4142221891 -2.101645801751488,-32.2355057731904,509157.6403327835 -2.1159534248018304,-32.17350647470343,509137.63671059447 -2.130247396701833,-32.11150554872374,509117.4034412208 -2.14452776908513,-32.049502994553734,509096.94061046286 -2.158794593383675,-31.987498811486056,509076.24830430764 -2.1730479208288216,-31.92549299880528,509055.3266089572 -2.1872878024527154,-31.863485555787776,509034.17561081186 -2.2015142890891752,-31.80147648170157,509012.79539643216 -2.2157274313746598,-31.739465775806295,508991.1860526313 -2.2299272797495746,-31.677453437354334,508969.34766639164 -2.2441138844591535,-31.615439465589045,508947.2803248671 -2.2582872955548794,-31.553423859746083,508924.98411544395 -2.2724475628952234,-31.491406619052935,508902.45912569115 -2.286594736146583,-31.42938774273015,508879.7054433773 -2.300728864784759,-31.36736722998949,508856.723156451 -2.314849998095866,-31.30534508003534,508833.5123530761 -2.328958185177015,-31.243321292064298,508810.07312158594 -2.3430534749377046,-31.181295865265398,508786.40555054316 -2.3571359161009866,-31.119268798819945,508762.50972865586 -2.371205557203808,-31.0572400919025,508738.38574485533 -2.385262446598773,-30.99520974367935,508714.033688277 -2.3993066324547954,-30.933177753309614,508689.453648222 -2.4133381627580945,-30.871144119944926,508664.6457141939 -2.427357085313247,-30.809108842730552,508639.60997588275 -2.4413634477442656,-30.747071920803652,508614.346523174 -2.4553572974952544,-30.6850333532944,508588.85544615786 -2.469338681831829,-30.62299313932616,508563.13683508046 -2.483307647841798,-30.5609512780151,508537.1907804183 -2.4972642424362164,-30.49890776847011,508511.01737280586 -2.51120851235018,-30.436862609794314,508484.61670308723 -2.525140504144076,-30.374815801082836,508457.98886228434 -2.5390602642043234,-30.312767341424326,508431.1339416045 -2.5529678387443653,-30.250717229900822,508404.0520324659 -2.5668632738058363,-30.188665465587395,508376.7432264426 -2.580746615258761,-30.126612047553284,508349.20761532313 -2.594617908803258,-30.064556974860366,508321.44529107027 -2.6084771999705367,-30.00250024656434,508293.4563458321 -2.6223245341226686,-29.94044186171421,508265.24087195366 -2.6361599564550886,-29.878381819352537,508236.79896195995 -2.6499835119960835,-29.816320118516526,508208.13070856023 -2.6637952456086396,-29.75425675823581,508179.2362046484 -2.6775952019907834,-29.69219173753443,508150.11554331 -2.691383425676918,-29.630125055430078,508120.7688178091 -2.7051599610382766,-29.568056710933934,508091.19612160843 -2.718924852284033,-29.50598670305238,508061.39754832635 -2.732678143462067,-29.443915030784396,508031.37319178885 -2.746419878459875,-29.381841693123654,508001.1231460069 -2.7601501010057063,-29.319766689057612,507970.64750516415 -2.77386885466899,-29.257690017567743,507939.94636362424 -2.787576182861045,-29.195611677630612,507909.0198159424 -2.8012721288367004,-29.133531668216126,507877.867956845 -2.8149567356945795,-29.071449988288634,507846.49088125804 -2.8286300463777536,-29.00936663680685,507814.8886842704 -2.842292103675078,-28.947281612723643,507783.0614611673 -2.855942950221788,-28.88519491498726,507751.00930739945 -2.8695826285000976,-28.82310654253935,507718.73231861484 -2.8832111808405614,-28.761016494316614,507686.23059062485 -2.8968286494222752,-28.698924769250148,507653.50421942346 -2.9104350762743536,-28.6368313662654,507620.5533012084 -2.9240305032756737,-28.57473628428349,507587.3779323197 -2.9376149721570357,-28.512639522219278,507553.9782093052 -2.95118852450085,-28.450541078982756,507520.35422886955 -2.9647512017426436,-28.38844095347857,507486.50608790247 -2.9783030451712875,-28.32633914460622,507452.43388348614 -2.9918440959301904,-28.26423565126069,507418.13771286147 -3.0053743950176397,-28.20213047233128,507383.6176734488 -3.018893983288365,-28.140023606702492,507348.8738628523 -3.032402901453338,-28.07791505325382,507313.9063788585 -3.0459011900811106,-28.01580481085993,507278.7153194021 -3.0593888895987504,-27.953692878390275,507243.30078262516 -3.0728660402916432,-27.891579254710436,507207.66286682105 -3.0863326823053967,-27.829463938680377,507171.8016704907 -3.0997888556459827,-27.767346929155455,507135.71729225764 -3.11323460018059,-27.705228224986133,507099.40983096685 -3.126669955638306,-27.643107825019243,507062.8793856166 -3.1400949616107425,-27.580985728096,507026.1260553762 -3.153509657553087,-27.51886193305338,506989.1499396082 -3.166914082784558,-27.45673643872392,506951.95113782195 -3.180308276489484,-27.394609243935584,506914.52974971227 -3.193692277717304,-27.332480347511616,506876.8858751447 -3.2070661253839603,-27.270349748271965,506839.0196141606 -3.2204298582724107,-27.20821744503101,506800.9310669671 -3.2337835150332808,-27.146083436599547,506762.6203339391 -3.247127134185547,-27.083947721783723,506724.0875156418 -3.2604607541171333,-27.021810299385397,506685.33271278406 -3.2737844130858207,-26.959671168203077,506646.35602625675 -3.287098149219986,-26.897530327030353,506607.15755712806 -3.3004020005191137,-26.83538777465687,506567.7374066215 -3.313696004854137,-26.773243509868152,506528.0956761478 -3.326980199969114,-26.711097531445724,506488.23246727005 -3.3402546234807744,-26.648949838167766,506448.14788171503 -3.3535193128798255,-26.586800428807727,506407.8420214129 -3.366774305531493,-26.52464930213546,506367.31498841156 -3.3800196386763446,-26.46249645691701,506326.56688496296 -3.393255349430376,-26.40034189191404,506285.5978134846 -3.4064814747864034,-26.338185605885794,506244.40787652606 -3.4196980516144038,-26.27602759758653,506202.9971768447 -3.432905116661857,-26.21386786576725,506161.36581734876 -3.4461027065547114,-26.15170640917518,506119.5139011042 -3.4592908577983223,-26.08954322655371,506077.44153134874 -3.4724696067771674,-26.027378316643595,506035.1488114909 -3.4856389897565805,-25.965211678181042,505992.63584509504 -3.4987990428827516,-25.9030433098991,505949.90273589577 -3.5119498021831816,-25.840873210527313,505906.9495877876 -3.5250913035678764,-25.77870137879152,505863.7765048237 -3.538223582829602,-25.716527813414988,505820.38359123823 -3.551346675644311,-25.65435251311687,505776.7709514094 -3.564460617572365,-25.592175476613182,505732.93868989457 -3.5775654440588482,-25.52999670261654,505688.88691139204 -3.5906611904337637,-25.467816189836217,505644.6157207932 -3.603747891913173,-25.405633936979093,505600.12522312324 -3.6168255835996774,-25.343449942747938,505555.4155235765 -3.6298943004828743,-25.281264205842575,505510.4867275123 -3.6429540774400095,-25.219076724959987,505465.33894045156 -3.6560049492368023,-25.15688749879338,505419.97226807557 -3.6690469505274734,-25.094696526034326,505374.38681620505 -3.6820801158558254,-25.032503805369874,505328.58269086125 -3.6951044796558676,-24.970309335484945,505282.55999819917 -3.70812007625193,-24.908113115061273,505236.3188445171 -3.721126939859687,-24.845915142777184,505189.85933631257 -3.7341251045862407,-24.783715417309445,505143.1815801952 -3.747114604431488,-24.721513937330787,505096.28568298364 -3.7600954732877483,-24.659310701511515,505049.1717516146 -3.773067744940988,-24.59710570851919,505001.8398931934 -3.7860314530713026,-24.534898957018246,504954.2902149808 -3.7989866312529443,-24.472690445671397,504906.5228244154 -3.8119333129556026,-24.410480173137685,504858.5378290514 -3.82487153154446,-24.34826813807396,504810.3353366373 -3.8378013202810166,-24.28605433913416,504761.9154550545 -3.850722712323261,-24.22383877497006,504713.2782923591 -3.8636357407269486,-24.161621444230033,504664.42395673104 -3.876540438445005,-24.099402345561433,504615.3525565359 -3.8894368383294307,-24.037181477607877,504566.06420028594 -3.9023249731305327,-23.97495883901081,504516.55899664084 -3.915204875498347,-23.912734428409006,504466.83705441095 -3.928076577982864,-23.85050824443993,504416.8984825745 -3.9398424213028704,-23.793602759469604,504371.0416580433 -3.9398426437037415,-23.793601163192374,504371.0684679278 -3.9398426437037415,-23.793601163192374,504371.0684679278 -3.9398414749852577,-23.793596217218326,504412.18423960876 -3.9526988641192418,-23.731357852647534,504362.1988178871 -3.9655507238290113,-23.669100138475414,504312.73602388316 -3.9783970791857826,-23.606823074623417,504263.8021967502 -3.9912379552018535,-23.54452666112295,504215.40368179954 -4.0040733768319114,-23.482210898115436,504167.54683045886 -4.016903368972237,-23.41987578585263,504120.23800026317 -4.029727956461585,-23.35752132469691,504073.4835549312 -4.042547164081384,-23.29514751512126,504027.28986429336 -4.055361016556333,-23.23275435770973,503981.6633043295 -4.068169538553917,-23.170341853157808,503936.61025713175 -4.080972754685746,-23.107910002272128,503892.13711095636 -4.093770689506954,-23.045458805971283,503848.25026019133 -4.106563367516998,-22.98298826528579,503804.95610535285 -4.119350813159798,-22.92049838135814,503762.26105311664 -4.132133050824109,-22.857989155443573,503720.17151629133 -4.144910104843831,-22.795460588909602,503678.6939138147 -4.157681999498095,-22.732912683236943,503637.83467077033 -4.170448759011833,-22.670345440019165,503597.6002184032 -4.183210407556004,-22.607758860963447,503557.9969940795 -4.195966969247479,-22.545152947890248,503519.0314413291 -4.208718468150238,-22.48252770273416,503480.7100097931 -4.221464928274628,-22.419883127543454,503443.0391552763 -4.234206373578303,-22.35721922448101,503406.0253397376 -4.246942827966421,-22.294535995823978,503369.67503125564 -4.259674315291647,-22.23183344396433,503333.99470407685 -4.27240085935486,-22.169111571409186,503298.99083856464 -4.285122483904956,-22.106370380780437,503264.6699212502 -4.297839212639616,-22.043609874815715,503231.0384447977 -4.310551069205047,-21.980830056368394,503198.1029080307 -4.323258077196982,-21.91803092840742,503165.8698158931 -4.335960260160249,-21.855212494018147,503134.3456795021 -4.348657641589227,-21.792374756402047,503103.5370160909 -4.361350244928616,-21.729517718877386,503073.4503490481 -4.374038093572921,-21.666641384879117,503044.092207923 -4.386721210867449,-21.603745757959203,503015.46912839473 -4.39939962010817,-21.540830841786953,502987.58765227493 -4.412073344542023,-21.477896640149087,502960.4543275546 -4.424742407367319,-21.414943156950205,502934.0757083251 -4.437406831733682,-21.35197039621259,502908.45835485635 -4.4500666407429605,-21.288978362077003,502883.6088335364 -4.462721857448997,-21.22596705880239,502859.5337169366 -4.475372504857717,-21.162936490766352,502836.23958371393 -4.488018605928062,-21.09988666246552,502813.73301871226 -4.500660183571654,-21.03681757851541,502792.0206128994 -4.513297260653303,-20.9737292436509,502771.10896339006 -4.525929859991237,-20.910621662726474,502751.004673445 -4.5385580043573555,-20.847494840716294,502731.7143524432 -4.551181716477515,-20.784348782714588,502713.2446159429 -4.563801019031672,-20.721183493935754,502695.6020856049 -4.576415934654648,-20.65799897971455,502678.7933892442 -4.589026485935335,-20.594795245506493,502662.82516082394 -4.590871624514591,-20.58553318212219,502660.5565287531 -4.590871624527722,-20.585533182024218,502660.5564468562</coordinates>
      </LineString>
      <styleUrl>#19050</styleUrl>
    </Placemark>
    <Placemark>
      <name>Visibility Radius at t=0.0s</name>
      <Style>
        <LineStyle>
          <color>ff007fff</color>
          <width>1</width>
        </LineStyle>
        <PolygonStyle>
          <color>80ffff00</color>
          <outline>true</outline>
        </PolygonStyle>
      </Style>
      <Polygon>
        <outerBoundaryIs>
          <LinearRing>
            <coordinates>-0.5743291032835929,60.818797246876954,0 -0.5773665105167316,60.83572468017518,0 -0.5863864421343712,60.852137781978335,0 -0.601114832078615,60.86753784849356,0 -0.6211041656739325,60.8814569564926,0 -0.6457470771341205,60.89347218092231,0 -0.6742948040643761,60.903218445268394,0 -0.7058799382277706,60.91039961422054,0 -0.7395427813055981,60.91479749159399,0 -0.7742605048451594,60.91627845011017,0 -0.8089782283847207,60.91479749159399,0 -0.8426410714625482,60.91039961422054,0 -0.8742262056259426,60.903218445268394,0 -0.9027739325561983,60.89347218092231,0 -0.9274168440163864,60.8814569564926,0 -0.9474061776117038,60.86753784849356,0 -0.9621345675559476,60.852137781978335,0 -0.9711544991735872,60.83572468017518,0 -0.9741919064067259,60.818797246876954,0 -0.9711544991735872,60.801869813578726,0 -0.9621345675559476,60.78545671177557,0 -0.9474061776117038,60.77005664526035,0 -0.9274168440163864,60.75613753726131,0 -0.9027739325561983,60.7441223128316,0 -0.8742262056259427,60.734376048485515,0 -0.8426410714625482,60.72719487953337,0 -0.8089782283847207,60.72279700215992,0 -0.7742605048451594,60.72131604364374,0 -0.7395427813055981,60.72279700215992,0 -0.7058799382277705,60.72719487953337,0 -0.6742948040643761,60.734376048485515,0 -0.6457470771341205,60.7441223128316,0 -0.6211041656739325,60.75613753726131,0 -0.601114832078615,60.77005664526035,0 -0.5863864421343712,60.78545671177557,0 -0.5773665105167316,60.801869813578726,0</coordinates>
          </LinearRing>
        </outerBoundaryIs>
      </Polygon>
    </Placemark>
    <Placemark>
      <name>0.0s</name>
      <Point>
        <altitudeMode>relativeToGround</altitudeMode>
        <coordinates>-0.7742605048451594,60.818797246876954,36.96668852214659</coordinates>
      </Point>
      <Style>
        <IconStyle>
          <Icon>
            <href>http://maps.google.com/mapfiles/kml/shapes/placemark_square.png</href>
          </Icon>
        </IconStyle>
      </Style>
    </Placemark>
    <Placemark>
      <name>Visibility Radius at t=29.5796691842376s</name>
      <Style>
        <LineStyle>
          <color>ff007fff</color>
          <width>1</width>
        </LineStyle>
        <PolygonStyle>
          <color>80ffff00</color>
          <outline>true</outline>
        </PolygonStyle>
      </Style>
      <Polygon>
        <outerBoundaryIs>
          <LinearRing>
            <coordinates>0.3566370698980932,60.81910396778695,0 0.3394552061128451,60.914857366263575,0 0.28843167699377315,61.007701346181044,0 0.20511680665400878,61.09481489019088,0 0.09204207526946695,61.173551097339946,0 -0.04735679866530762,61.241517607816434,0 -0.20884425090504088,61.296649293592246,0 -0.3875135669300223,61.33727100629306,0 -0.577935969983869,61.36214847573403,0 -0.7743255717081751,61.37052581259482,0 -0.9707151734324813,61.36214847573403,0 -1.1611375764863279,61.33727100629306,0 -1.3398068925113091,61.296649293592246,0 -1.5012943447510427,61.241517607816434,0 -1.6406932186858172,61.173551097339946,0 -1.7537679500703591,61.09481489019088,0 -1.8370828204101233,61.007701346181044,0 -1.8881063495291954,60.914857366263575,0 -1.9052882133144435,60.81910396778695,0 -1.8881063495291954,60.72335056931033,0 -1.8370828204101235,60.63050658939286,0 -1.753767950070359,60.54339304538302,0 -1.6406932186858172,60.46465683823396,0 -1.501294344751043,60.39669032775747,0 -1.3398068925113098,60.341558641981656,0 -1.1611375764863276,60.300936929280844,0 -0.9707151734324813,60.27605945983987,0 -0.7743255717081754,60.26768212297908,0 -0.5779359699838695,60.27605945983987,0 -0.38751356693002204,60.300936929280844,0 -0.20884425090504088,60.341558641981656,0 -0.04735679866530773,60.39669032775747,0 0.09204207526946673,60.46465683823396,0 0.20511680665400833,60.54339304538302,0 0.28843167699377315,60.63050658939286,0 0.3394552061128451,60.72335056931033,0</coordinates>
          </LinearRing>
        </outerBoundaryIs>
      </Polygon>
    </Placemark>
    <Placemark>
      <name>29.6s</name>
      <Point>
        <altitudeMode>relativeToGround</altitudeMode>
        <coordinates>-0.7743255717081752,60.81910396778695,1182.8691891842643</coordinates>
      </Point>
      <Style>
        <IconStyle>
          <Icon>
            <href>http://maps.google.com/mapfiles/kml/shapes/placemark_square.png</href>
          </Icon>
        </IconStyle>
      </Style>
    </Placemark>
    <Placemark>
      <name>Visibility Radius at t=59.6088031681867s</name>
      <Style>
        <LineStyle>
          <color>ff007fff</color>
          <width>1</width>
        </LineStyle>
        <PolygonStyle>
          <color>80ffff00</color>
          <outline>true</outline>
        </PolygonStyle>
      </Style>
      <Polygon>
        <outerBoundaryIs>
          <LinearRing>
            <coordinates>1.7495778374056292,60.82548668951134,0 1.7111673741126912,61.039502976614955,0 1.5971030667244008,61.2470164871324,0 1.4108507015014262,61.4417220280535,0 1.158069462312824,61.61770357004312,0 0.8464399791978603,61.76961400299887,0 0.48543095630885613,61.89283760528577,0 0.0860114701269139,61.98363029010249,0 -0.3396823203763405,62.03923336766419,0 -0.7787159247879173,62.05795736659566,0 -1.217749529199494,62.03923336766419,0 -1.6434433197027485,61.98363029010249,0 -2.04286280588469,61.89283760528577,0 -2.403871828773695,61.76961400299887,0 -2.7155013118886586,61.61770357004312,0 -2.968282551077261,61.4417220280535,0 -3.1545349163002356,61.2470164871324,0 -3.268599223688526,61.039502976614955,0 -3.307009686981464,60.82548668951134,0 -3.268599223688526,60.61147040240772,0 -3.1545349163002356,60.403956891890275,0 -2.968282551077261,60.209251350969176,0 -2.7155013118886586,60.033269808979554,0 -2.4038718287736955,59.8813593760238,0 -2.042862805884692,59.7581357737369,0 -1.6434433197027478,59.667343088920184,0 -1.217749529199494,59.611740011358485,0 -0.7787159247879178,59.593016012427015,0 -0.3396823203763416,59.611740011358485,0 0.08601147012691435,59.667343088920184,0 0.48543095630885613,59.7581357737369,0 0.8464399791978601,59.8813593760238,0 1.1580694623128232,60.033269808979554,0 1.4108507015014258,60.209251350969176,0 1.5971030667244008,60.403956891890275,0 1.7111673741126912,60.61147040240772,0</coordinates>
          </LinearRing>
        </outerBoundaryIs>
      </Polygon>
    </Placemark>
    <Placemark>
      <name>59.6s</name>
      <Point>
        <altitudeMode>relativeToGround</altitudeMode>
        <coordinates>-0.7787159247879174,60.82548668951134,5909.1086667649515</coordinates>
      </Point>
      <Style>
        <IconStyle>
          <Icon>
            <href>http://maps.google.com/mapfiles/kml/shapes/placemark_square.png</href>
          </Icon>
        </IconStyle>
      </Style>
    </Placemark>
    <Placemark>
      <name>Visibility Radius at t=89.6088031681862s</name>
      <Style>
        <LineStyle>
          <color>ff007fff</color>
          <width>1</width>
        </LineStyle>
        <PolygonStyle>
          <color>80ffff00</color>
          <outline>true</outline>
        </PolygonStyle>
      </Style>
      <Polygon>
        <outerBoundaryIs>
          <LinearRing>
            <coordinates>3.246794664530335,60.86444664357777,0 3.185243817225791,61.206979268740184,0 3.0024614666612752,61.53910421341691,0 2.7040013620663585,61.85073002922727,0 2.298932062691057,62.13238812344815,0 1.7995613942219344,62.37552045741252,0 1.2210624817266735,62.57273957818376,0 0.5810127219268679,62.71805308257493,0 -0.10114029710677086,62.80704569328729,0 -0.8046697010769888,62.83701341487678,0 -1.5081991050472068,62.80704569328729,0 -2.1903521240808455,62.71805308257493,0 -2.83040188388065,62.572739578183764,0 -3.4089007963759124,62.37552045741252,0 -3.9082714648450345,62.13238812344815,0 -4.313340764220337,61.85073002922727,0 -4.611800868815253,61.53910421341691,0 -4.794583219379769,61.206979268740184,0 -4.856134066684313,60.86444664357777,0 -4.794583219379769,60.52191401841536,0 -4.611800868815253,60.18978907373863,0 -4.313340764220336,59.878163257928264,0 -3.908271464845035,59.59650516370739,0 -3.408900796375913,59.35337282974302,0 -2.830401883880653,59.156153708971786,0 -2.1903521240808446,59.01084020458061,0 -1.5081991050472068,58.92184759386825,0 -0.8046697010769898,58.891879872278764,0 -0.10114029710677264,58.92184759386825,0 0.5810127219268686,59.01084020458061,0 1.2210624817266735,59.156153708971786,0 1.799561394221934,59.35337282974302,0 2.298932062691056,59.59650516370739,0 2.704001362066357,59.878163257928264,0 3.0024614666612752,60.18978907373863,0 3.185243817225791,60.52191401841536,0</coordinates>
          </LinearRing>
        </outerBoundaryIs>
      </Polygon>
    </Placemark>
    <Placemark>
      <name>89.6s</name>
      <Point>
        <altitudeMode>relativeToGround</altitudeMode>
        <coordinates>-0.804669701076989,60.86444664357777,15136.735142850988</coordinates>
      </Point>
      <Style>
        <IconStyle>
          <Icon>
            <href>http://maps.google.com/mapfiles/kml/shapes/placemark_square.png</href>
          </Icon>
        </IconStyle>
      </Style>
    </Placemark>
    <Placemark>
      <name>Visibility Radius at t=119.608803168186s</name>
      <Style>
        <LineStyle>
          <color>ff007fff</color>
          <width>1</width>
        </LineStyle>
        <PolygonStyle>
          <color>80ffff00</color>
          <outline>true</outline>
        </PolygonStyle>
      </Style>
      <Polygon>
        <outerBoundaryIs>
          <LinearRing>
            <coordinates>4.756472851650892,60.9876391923306,0 4.670774876088646,61.46271071012245,0 4.4162848390241,61.92334742024399,0 4.000735291455287,62.35555310935159,0 3.4367524961068687,62.746195426288345,0 2.7414727848264424,63.08340490192869,0 1.9360218798127535,63.35693559699152,0 1.0448729992368189,63.55847641972055,0 0.0951032508918459,63.68190365420174,0 -0.8844290920253851,63.72346702637258,0 -1.863961434942616,63.68190365420174,0 -2.8137311832875893,63.55847641972055,0 -3.7048800638635226,63.35693559699152,0 -4.510330968877213,63.08340490192869,0 -5.205610680157639,62.74619542628835,0 -5.769593475506058,62.35555310935159,0 -6.185143023074871,61.92334742024399,0 -6.439633060139417,61.46271071012245,0 -6.5253310357016625,60.9876391923306,0 -6.439633060139417,60.512567674538744,0 -6.185143023074871,60.0519309644172,0 -5.769593475506058,59.619725275309605,0 -5.20561068015764,59.22908295837285,0 -4.510330968877215,58.89187348273251,0 -3.704880063863526,58.61834278766968,0 -2.8137311832875884,58.416801964940646,0 -1.8639614349426163,58.293374730459455,0 -0.8844290920253864,58.25181135828861,0 0.09510325089184335,58.293374730459455,0 1.0448729992368198,58.416801964940646,0 1.9360218798127535,58.618342787669675,0 2.741472784826442,58.8918734827325,0 3.436752496106867,59.22908295837284,0 4.000735291455285,59.619725275309605,0 4.4162848390241,60.0519309644172,0 4.670774876088646,60.512567674538744,0</coordinates>
          </LinearRing>
        </outerBoundaryIs>
      </Polygon>
    </Placemark>
    <Placemark>
      <name>119.6s</name>
      <Point>
        <altitudeMode>relativeToGround</altitudeMode>
        <coordinates>-0.8844290920253854,60.9876391923306,29116.979005711684</coordinates>
      </Point>
      <Style>
        <IconStyle>
          <Icon>
            <href>http://maps.google.com/mapfiles/kml/shapes/placemark_square.png</href>
          </Icon>
        </IconStyle>
      </Style>
    </Placemark>
    <Placemark>
      <name>Visibility Radius at t=149.608803168185s</name>
      <Style>
        <LineStyle>
          <color>ff007fff</color>
          <width>1</width>
        </LineStyle>
        <PolygonStyle>
          <color>80ffff00</color>
          <outline>true</outline>
        </PolygonStyle>
      </Style>
      <Polygon>
        <outerBoundaryIs>
          <LinearRing>
            <coordinates>6.21042274899773,61.2608200934925,0 6.0999974697068735,61.867699125844815,0 5.772076848067671,62.45613844589471,0 5.2366245862327885,63.00825862266714,0 4.509910130226158,63.507283763977156,0 3.6140143310582857,63.93805124342497,0 2.5761585292417393,64.28747240912641,0 1.427877448134335,64.54493027577729,0 0.20406102732726006,64.70260211637938,0 -1.0581056905142527,64.75569715184179,0 -2.3202724083557658,64.70260211637938,0 -3.5440888291628405,64.54493027577729,0 -4.692369910270243,64.28747240912641,0 -5.730225712086792,63.93805124342497,0 -6.626121511254664,63.50728376397716,0 -7.352835967261295,63.00825862266714,0 -7.888288229096177,62.456138445894716,0 -8.21620885073538,61.867699125844815,0 -8.326634130026235,61.2608200934925,0 -8.21620885073538,60.65394106114018,0 -7.888288229096178,60.06550174109029,0 -7.352835967261294,59.513381564317854,0 -6.626121511254665,59.01435642300784,0 -5.730225712086793,58.58358894356003,0 -4.692369910270248,58.23416777785859,0 -3.5440888291628396,57.97670991120771,0 -2.320272408355766,57.81903807060562,0 -1.0581056905142545,57.76594303514321,0 0.20406102732725673,57.81903807060562,0 1.4278774481343368,57.97670991120771,0 2.5761585292417393,58.23416777785859,0 3.614014331058285,58.583588943560024,0 4.509910130226157,59.01435642300783,0 5.236624586232785,59.513381564317854,0 5.772076848067671,60.06550174109029,0 6.0999974697068735,60.65394106114018,0</coordinates>
          </LinearRing>
        </outerBoundaryIs>
      </Polygon>
    </Placemark>
    <Placemark>
      <name>149.6s</name>
      <Point>
        <altitudeMode>relativeToGround</altitudeMode>
        <coordinates>-1.0581056905142532,61.2608200934925,47515.2032864133</coordinates>
      </Point>
      <Style>
        <IconStyle>
          <Icon>
            <href>http://maps.google.com/mapfiles/kml/shapes/placemark_square.png</href>
          </Icon>
        </IconStyle>
      </Style>
    </Placemark>
    <Placemark>
      <name>Visibility Radius at t=179.621808269084s</name>
      <Style>
        <LineStyle>
          <color>ff007fff</color>
          <width>1</width>
        </LineStyle>
        <PolygonStyle>
          <color>80ffff00</color>
          <outline>true</outline>
        </PolygonStyle>
      </Style>
      <Polygon>
        <outerBoundaryIs>
          <LinearRing>
            <coordinates>7.587491392910465,61.75926218083293,0 7.451364833917992,62.495494620764184,0 7.047121293552198,63.20935701055972,0 6.387043507229997,63.879159002737396,0 5.491187604473311,64.48454900270106,0 4.386773713562443,65.00713254164393,0 3.107358891712324,65.43103118317526,0 1.6918175108697326,65.74336498157518,0 0.18316007959306968,65.93464383242785,0 -1.3727736094858183,65.99905582464187,0 -2.9287072985647065,65.93464383242785,0 -4.437364729841369,65.74336498157518,0 -5.852906110683959,65.43103118317526,0 -7.13232093253408,65.00713254164393,0 -8.236734823444948,64.48454900270106,0 -9.132590726201634,63.879159002737396,0 -9.792668512523836,63.20935701055972,0 -10.19691205288963,62.495494620764184,0 -10.333038611882102,61.75926218083293,0 -10.19691205288963,61.02302974090167,0 -9.792668512523836,60.30916735110613,0 -9.132590726201634,59.63936535892846,0 -8.236734823444948,59.033975358964796,0 -7.132320932534081,58.51139182002193,0 -5.852906110683964,58.0874931784906,0 -4.437364729841367,57.77515938009067,0 -2.9287072985647065,57.583880529238,0 -1.3727736094858203,57.51946853702399,0 0.18316007959306568,57.583880529238,0 1.691817510869734,57.77515938009067,0 3.107358891712324,58.0874931784906,0 4.386773713562441,58.51139182002193,0 5.491187604473309,59.033975358964796,0 6.387043507229994,59.63936535892846,0 7.047121293552198,60.30916735110613,0 7.451364833917992,61.02302974090167,0</coordinates>
          </LinearRing>
        </outerBoundaryIs>
      </Polygon>
    </Placemark>
    <Placemark>
      <name>179.6s</name>
      <Point>
        <altitudeMode>relativeToGround</altitudeMode>
        <coordinates>-1.3727736094858187,61.75926218083293,69929.14604355633</coordinates>
      </Point>
      <Style>
        <IconStyle>
          <Icon>
            <href>http://maps.google.com/mapfiles/kml/shapes/placemark_square.png</href>
          </Icon>
        </IconStyle>
      </Style>
    </Placemark>
    <Placemark>
      <name>Visibility Radius at t=209.621808257266s</name>
      <Style>
        <LineStyle>
          <color>ff007fff</color>
          <width>1</width>
        </LineStyle>
        <PolygonStyle>
          <color>80ffff00</color>
          <outline>true</outline>
        </PolygonStyle>
      </Style>
      <Polygon>
        <outerBoundaryIs>
          <LinearRing>
            <coordinates>8.672543596940221,62.403257233896475,0 8.513647863075555,63.24459775978888,0 8.041788627949913,64.06037457954089,0 7.271303095650291,64.82580072728734,0 6.225602079191123,65.51761911685327,0 4.936458674807278,66.11480919654869,0 3.4430428525029164,66.59922564799486,0 1.7907312963338882,66.95614972244111,0 0.02972865682439818,67.17473646249769,0 -1.7864578919343892,67.2483442206782,0 -3.602644440693177,67.17473646249769,0 -5.363647080202667,66.95614972244111,0 -7.0159586363716935,66.59922564799486,0 -8.509374458676056,66.11480919654869,0 -9.798517863059901,65.51761911685327,0 -10.84421887951907,64.82580072728734,0 -11.61470441181869,64.06037457954089,0 -12.086563646944334,63.24459775978888,0 -12.245459380809,62.403257233896475,0 -12.086563646944334,61.56191670800407,0 -11.614704411818693,60.74613988825205,0 -10.844218879519069,59.98071374050561,0 -9.798517863059903,59.28889535093968,0 -8.509374458676058,58.69170527124425,0 -7.015958636371701,58.207288819798094,0 -5.363647080202664,57.85036474535185,0 -3.6026444406931772,57.63177800529526,0 -1.7864578919343919,57.55817024711474,0 0.02972865682439374,57.63177800529526,0 1.79073129633389,57.85036474535185,0 3.4430428525029164,58.207288819798094,0 4.936458674807277,58.69170527124425,0 6.2256020791911215,59.28889535093968,0 7.271303095650287,59.98071374050561,0 8.041788627949913,60.74613988825205,0 8.513647863075555,61.56191670800407,0</coordinates>
          </LinearRing>
        </outerBoundaryIs>
      </Polygon>
    </Placemark>
    <Placemark>
      <name>209.6s</name>
      <Point>
        <altitudeMode>relativeToGround</altitudeMode>
        <coordinates>-1.7864578919343899,62.403257233896475,91321.2701163045</coordinates>
      </Point>
      <Style>
        <IconStyle>
          <Icon>
            <href>http://maps.google.com/mapfiles/kml/shapes/placemark_square.png</href>
          </Icon>
        </IconStyle>
      </Style>
    </Placemark>
    <Placemark>
      <name>Visibility Radius at t=239.621808245447s</name>
      <Style>
        <LineStyle>
          <color>ff007fff</color>
          <width>1</width>
        </LineStyle>
        <PolygonStyle>
          <color>80ffff00</color>
          <outline>true</outline>
        </PolygonStyle>
      </Style>
      <Polygon>
        <outerBoundaryIs>
          <LinearRing>
            <coordinates>9.43162531935054,63.100126752183364,0 9.254167150954029,64.0178214739355,0 8.72718462241306,64.90763250594314,0 7.866689831191321,65.74252339026484,0 6.698828476088712,66.49712638985564,0 5.259085433413668,67.14851327442052,0 3.591206566972735,67.67689198308966,0 1.7458695321352904,68.06620799617266,0 -0.22085603908072438,68.30463214361542,0 -2.24921218540507,68.3849200283463,0 -4.277568331729416,68.30463214361542,0 -6.244293902945431,68.06620799617266,0 -8.089630937782873,67.67689198308966,0 -9.75750980422381,67.14851327442052,0 -11.197252846898852,66.49712638985564,0 -12.365114202001463,65.74252339026484,0 -13.2256089932232,64.90763250594314,0 -13.75259152176417,64.0178214739355,0 -13.930049690160681,63.100126752183364,0 -13.75259152176417,62.18243203043122,0 -13.2256089932232,61.29262099842359,0 -12.365114202001461,60.45773011410189,0 -11.197252846898854,59.70312711451109,0 -9.757509804223812,59.051740229946205,0 -8.08963093778288,58.52336152127707,0 -6.244293902945429,58.13404550819406,0 -4.277568331729416,57.89562136075131,0 -2.249212185405073,57.81533347602042,0 -0.2208560390807297,57.895621360751306,0 1.7458695321352926,58.13404550819406,0 3.591206566972735,58.52336152127707,0 5.259085433413667,59.051740229946205,0 6.6988284760887105,59.70312711451109,0 7.866689831191318,60.45773011410189,0 8.72718462241306,61.29262099842359,0 9.254167150954029,62.18243203043122,0</coordinates>
          </LinearRing>
        </outerBoundaryIs>
      </Polygon>
    </Placemark>
    <Placemark>
      <name>239.6s</name>
      <Point>
        <altitudeMode>relativeToGround</altitudeMode>
        <coordinates>-2.249212185405071,63.100126752183364,108648.76484870608</coordinates>
      </Point>
      <Style>
        <IconStyle>
          <Icon>
            <href>http://maps.google.com/mapfiles/kml/shapes/placemark_square.png</href>
          </Icon>
        </IconStyle>
      </Style>
    </Placemark>
    <Placemark>
      <name>Visibility Radius at t=269.179193925965s</name>
      <Style>
        <LineStyle>
          <color>ff007fff</color>
          <width>1</width>
        </LineStyle>
        <PolygonStyle>
          <color>80ffff00</color>
          <outline>true</outline>
        </PolygonStyle>
      </Style>
      <Polygon>
        <outerBoundaryIs>
          <LinearRing>
            <coordinates>9.94211978864165,63.844844940823435,0 9.74909895566506,64.81736233785092,0 9.175901297072036,65.76033028588728,0 8.239943133666912,66.64509718099623,0 6.96966308062707,67.44477982878352,0 5.403657954571408,68.13508027665512,0 3.5895100288182906,68.69502409481127,0 1.5823412700885857,69.1075976736826,0 -0.5568615145601044,69.36026517384738,0 -2.7630997310050693,69.44534942116903,0 -4.969337947450034,69.36026517384738,0 -7.108540732098725,69.1075976736826,0 -9.115709490828428,68.69502409481127,0 -10.929857416581548,68.13508027665512,0 -12.49586254263721,67.44477982878352,0 -13.766142595677053,66.64509718099623,0 -14.702100759082176,65.76033028588728,0 -15.2752984176752,64.81736233785092,0 -15.46831925065179,63.844844940823435,0 -15.2752984176752,62.87232754379595,0 -14.702100759082176,61.92935959575959,0 -13.766142595677053,61.04459270065064,0 -12.49586254263721,60.24491005286335,0 -10.929857416581548,59.55460960499176,0 -9.115709490828436,58.9946657868356,0 -7.108540732098723,58.58209220796427,0 -4.969337947450035,58.3294247077995,0 -2.7630997310050724,58.24434046047785,0 -0.5568615145601097,58.3294247077995,0 1.5823412700885884,58.58209220796427,0 3.5895100288182906,58.99466578683559,0 5.403657954571406,59.55460960499176,0 6.969663080627068,60.24491005286334,0 8.239943133666909,61.04459270065064,0 9.175901297072036,61.92935959575959,0 9.74909895566506,62.87232754379595,0</coordinates>
          </LinearRing>
        </outerBoundaryIs>
      </Polygon>
    </Placemark>
    <Placemark>
      <name>269.2s</name>
      <Point>
        <altitudeMode>relativeToGround</altitudeMode>
        <coordinates>-2.7630997310050702,63.844844940823435,122017.77009930839</coordinates>
      </Point>
      <Style>
        <IconStyle>
          <Icon>
            <href>http://maps.google.com/mapfiles/kml/shapes/placemark_square.png</href>
          </Icon>
        </IconStyle>
      </Style>
    </Placemark>
    <Placemark>
      <name>Visibility Radius at t=299.179193928598s</name>
      <Style>
        <LineStyle>
          <color>ff007fff</color>
          <width>1</width>
        </LineStyle>
        <PolygonStyle>
          <color>80ffff00</color>
          <outline>true</outline>
        </PolygonStyle>
      </Style>
      <Polygon>
        <outerBoundaryIs>
          <LinearRing>
            <coordinates>10.272080581936764,64.66718157057367,0 10.065029738950164,65.67979290646248,0 9.45016834508173,66.66163655931636,0 8.446178652649273,67.58287970658021,0 7.083566380414055,68.41553084139596,0 5.40373381275287,69.13429028037402,0 3.4577218121978053,69.71731888167088,0 1.3046589686561392,70.14690161626282,0 -0.9900349928734831,70.40998583013864,0 -3.3566369575411548,70.49857784258676,0 -5.723238922208827,70.40998583013864,0 -8.01793288373845,70.14690161626282,0 -10.170995727280113,69.71731888167088,0 -12.117007727835182,69.13429028037402,0 -13.796840295496366,68.41553084139596,0 -15.159452567731584,67.58287970658021,0 -16.16344226016404,66.66163655931636,0 -16.778303654032477,65.67979290646248,0 -16.985354497019074,64.66718157057367,0 -16.778303654032477,63.65457023468487,0 -16.16344226016404,62.67272658183099,0 -15.159452567731583,61.751483434567135,0 -13.796840295496366,60.918832299751394,0 -12.117007727835183,60.20007286077333,0 -10.170995727280122,59.61704425947648,0 -8.017932883738446,59.187461524884526,0 -5.723238922208827,58.924377311008705,0 -3.3566369575411583,58.835785298560594,0 -0.9900349928734893,58.924377311008705,0 1.3046589686561418,59.187461524884526,0 3.4577218121978053,59.61704425947648,0 5.40373381275287,60.20007286077333,0 7.083566380414053,60.91883229975139,0 8.446178652649268,61.751483434567135,0 9.45016834508173,62.67272658183099,0 10.065029738950164,63.65457023468487,0</coordinates>
          </LinearRing>
        </outerBoundaryIs>
      </Polygon>
    </Placemark>
    <Placemark>
      <name>299.2s</name>
      <Point>
        <altitudeMode>relativeToGround</altitudeMode>
        <coordinates>-3.3566369575411557,64.66718157057367,132286.00334189643</coordinates>
      </Point>
      <Style>
        <IconStyle>
          <Icon>
            <href>http://maps.google.com/mapfiles/kml/shapes/placemark_square.png</href>
          </Icon>
        </IconStyle>
      </Style>
    </Placemark>
  </Document>
</kml>
