<?xml version='1.0' encoding='UTF-8'?>
<kml xmlns="http://www.opengis.net/kml/2.2" xmlns:atom="http://www.w3.org/2005/Atom" xmlns:gx="http://www.google.com/kml/ext/2.2">
  <Document>
    <name>Trajectory full_trajectory</name>
    <Style id="19050">
      <LineStyle>
        <color>ff0000ff</color>
        <width>5</width>
      </LineStyle>
    </Style>
    <Placemark>
      <name>Separation Point full_trajectory</name>
      <Point>
        <altitudeMode>relativeToGround</altitudeMode>
        <coordinates>-0.774261111111116,60.81879722222222,36.96668065840317</coordinates>
      </Point>
      <Style>
        <IconStyle>
          <Icon>
            <href>http://maps.google.com/mapfiles/kml/shapes/placemark_square.png</href>
          </Icon>
        </IconStyle>
      </Style>
    </Placemark>
    <Placemark>
      <name>Trajectory full_trajectory</name>
      <LineString>
        <extrude>1</extrude>
        <altitudeMode>relativeToGround</altitudeMode>
        <coordinates>-0.774261111111116,60.81879722222222,36.96668065840317 -0.7742587208165048,60.81880680085253,38.003332743560655 -0.7742563296103526,60.81881607255365,41.14161372468025 -0.7742539408438063,60.818825036078934,46.43393316316575 -0.7742514546109192,60.81883281393088,53.057964508817385 -0.774251388635804,60.818833690629916,53.93352437228312 -0.7742490127808708,60.81884203428953,63.69445991424141 -0.7742466484810109,60.818850066373926,75.77166821623851 -0.7742442995846943,60.81885778587018,90.22094904668393 -0.7742419206445845,60.81886369286338,103.4225141209941 -0.7742419688214284,60.81886519183296,107.09898957743505 -0.774239660307046,60.81887228338125,126.46338026155846 -0.774237378295652,60.8188790597037,148.3726307070652 -0.7742351259305735,60.818885520063525,172.88618550266662 -0.7742328838226626,60.8188898002928,191.3825291911371 -0.7742327396495909,60.8188916641855,200.06444009432428 -0.7742305599222163,60.81889749069784,229.96875595241846 -0.7742284234813326,60.818902999477686,262.6614769597704 -0.7742263340604438,60.81890819009225,298.20594880455667 -0.7742242448654508,60.818911094524026,320.47144803842434 -0.7742242448654792,60.818911094524076,320.4714475076458 -0.7742242448654792,60.818911094524076,320.4714475076458 -0.7742398873029686,60.81891105812899,320.4714446360164 -0.7742378971298649,60.81891579808727,360.6778290562423 -0.7742361908234727,60.81892055220236,403.9047516842334 -0.7742349993209245,60.81892565639585,450.21922777931616 -0.7742352334372811,60.81892843332029,474.44990845142485 -0.7742345557940666,60.818931449903864,499.68922983988926 -0.7742350956289386,60.81893827524605,552.3837025535845 -0.7742368564050253,60.81894647819306,608.3725777454944 -0.7742411868073873,60.81895636117485,667.4661196673076 -0.774240077873884,60.81895640773441,667.7267894068121 -0.7742450019387661,60.81896841604589,730.5182887270495 -0.7742518726337266,60.818982858458504,796.8200591473325 -0.7742609361052359,60.81900009342828,866.7061315260856 -0.7742679832679471,60.81900974057808,902.5457945485149 -0.774272440593478,60.819020482508286,940.2515993063191 -0.7742866364171164,60.81904439032312,1017.5326337704045 -0.7743037759594245,60.81907218454735,1098.62649933832 -0.7743261780035198,60.819103943134074,1182.8691813210817 -0.7743261780035198,60.819103943133996,1182.8691813483388 -0.7743261780035198,60.819103943133996,1182.8691813483388 -0.7743261795611147,60.819103943021,1182.8690097322228 -0.7743307678141207,60.819112911937154,1205.3645343857795 -0.7743355847512134,60.8191221872692,1228.1242431052617 -0.7743448086068554,60.81913176912636,1251.1495369277072 -0.7743499002527869,60.819140522454646,1271.7908269985587 -0.7743500833847463,60.81914165758993,1274.4418225128777 -0.7743500833847463,60.81914165758993,1274.4418225128777 -0.7743500833847463,60.81914165758993,1274.4418225128777 -0.7743500832889652,60.819141657301884,1274.4418284692456 -0.7743774260179634,60.81918309434362,1367.5349756464216 -0.7744086050010139,60.819229719014956,1464.7640296407405 -0.7744440181160144,60.81928212142096,1566.210890795318 -0.7744840890847513,60.81934093137397,1671.9582330727965 -0.7745292677701627,60.819406818962285,1782.089454067953 -0.7745800304176385,60.81948049503601,1896.6886214095923 -0.774636879840358,60.81956271161138,2015.8404156120334 -0.7747003455498884,60.81965426219453,2139.6300697721153 -0.7747709838339176,60.819755982026514,2268.14330632649 -0.7748493777816918,60.81986874825103,2401.4662711868646 -0.7749361372600276,60.81999348000718,2539.68546558598 -0.7750318988398988,60.820131138448744,2682.887676042101 -0.775137325676809,60.82028272669227,2831.159902819053 -0.7751683578192399,60.82032681565099,2872.6691594937956 -0.7752531073455486,60.82044928969664,2984.5892871793967 -0.7753799596328861,60.820631914076756,3143.2630379918614 -0.7755186241824674,60.82083172769656,3307.2682260337806 -0.7756698673888138,60.82104989814873,3476.690732984207 -0.7758344802925592,60.821287632705165,3651.615593168476 -0.7760132785232088,60.821546178334735,3832.1273680981712 -0.776207054646477,60.82182675087455,4018.2626140271836 -0.7764159676710278,60.82212962559316,4209.416581008515 -0.7766403211354032,60.822455294909254,4405.148530259827 -0.7768809430701822,60.82280503566033,4605.519351292747 -0.7771386996077752,60.82318018490176,4810.601327015396 -0.7774144817312276,60.82358212026392,5020.465397779853 -0.7777092048614804,60.82401225943904,5235.18105685077 -0.7778797831527129,60.824260378336554,5354.887819028326 -0.7780238083988706,60.82447205959332,5454.816248016314 -0.7783592552204368,60.82496301670849,5679.437265772115 -0.778716531136638,60.825486664855816,5909.108658902179 -0.7790966443089076,60.826044575405824,6143.893137729775 -0.7795006246066407,60.82663835614113,6383.851470636292 -0.7799295007292812,60.82726961666207,6629.0291448643065 -0.7803842531533576,60.827939897012435,6879.430422676881 -0.7808658575067682,60.828650733261945,7135.04725254599 -0.7813752936753531,60.829403671281675,7395.865709679932 -0.7819135357796938,60.830200251463616,7661.861530962823 -0.7824814987368143,60.831041927200836,7932.97430810839 -0.7830800665411743,60.83193010774993,8209.124693743675 -0.7837101141558662,60.832866191477294,8490.226759159781 -0.7842531511189748,60.83367223487186,8724.859525426344 -0.7843725140132278,60.83385157574046,8776.191548464334 -0.7850681751028219,60.834887716717276,9066.944568100662 -0.7857980191300271,60.83597609297439,9362.414436277693 -0.7865629632485138,60.83711817900245,9662.525385013549 -0.7873639681279769,60.83831551908343,9967.216585872236 -0.7882021529571546,60.83956990437196,10276.48565122168 -0.7890786800793137,60.84088319587946,10590.340264782772 -0.7899947476917362,60.84225731343785,10908.794281031094 -0.7909519212432201,60.843694747535,11231.983849042796 -0.7919520466066388,60.84519842650607,11560.128765554768 -0.7929970084691149,60.846771344114195,11893.44401525397 -0.7940886008182986,60.84841635892605,12232.0988317354 -0.795228266897567,60.850135790768505,12576.137682431478 -0.7964174008584735,60.851931887237214,12925.582832796623 -0.7965311040454992,60.852107762165,12959.287140731485 -0.7976574070732454,60.8538069154843,13280.454152667056 -0.7989496994651688,60.85576316114299,13640.769146549588 -0.8002957008564238,60.85780292727155,14006.542987263825 -0.8016968423367814,60.85992853331933,14377.7885526713 -0.8031545626505476,60.86214231411793,14754.516465346245 -0.8046703076057895,60.864446618897254,15136.735134985338 -0.8062455295062421,60.86684381032994,15524.450803221309 -0.80788168660618,60.869336263605035,15917.667590896393 -0.809580242589135,60.87192636553193,16316.387547340966 -0.8113426660714254,60.87461651367697,16720.610701787617 -0.8131704301323737,60.877409115533546,17130.33511659374 -0.8150650118694784,60.88030658772637,17545.556942161787 -0.8170278919813256,60.883311355252964,17966.270473628316 -0.8177685611814525,60.88444939820125,18123.1324911872 -0.8190605543786376,60.88642585076158,18392.468208955117 -0.8211644858228624,60.88965251386897,18824.140908622612 -0.8233411756547184,60.89299379061153,19261.277668951316 -0.8255921079575046,60.8964521209477,19703.864459617744 -0.8279187512421515,60.900029922313294,20151.8822494671 -0.830322575111694,60.90372961576688,20605.310593558825 -0.8328050533105511,60.90755363067244,21064.128327713708 -0.8328193566729567,60.907578908675774,21067.129401475002 -0.832819991278285,60.90757877302112,21067.121905585573 -0.8353683219160075,60.911504264171754,21528.305628237005 -0.8380125612722793,60.91558422352424,21997.83386876544 -0.8407398825407597,60.91979581156124,22472.68088137207 -0.8435517633683673,60.92414146938017,22952.82097125388 -0.8464496823952743,60.92862364065016,23438.227504636583 -0.849435119364955,60.93324477162418,23928.872992921395 -0.8514011747344341,60.93629288763085,24247.339374614814 -0.852509555268341,60.93800731120237,24424.729176643443 -0.8556744725231624,60.94291371104674,24925.767109300312 -0.85893135518603,60.94796642574668,25431.95724084464 -0.862281689199051,60.95316791303521,25943.269500868228 -0.8657269626686741,60.95852063405532,26459.6733813861 -0.8692686661781579,60.96402705367545,26981.138019168917 -0.8729082931319567,60.96968964085439,27507.632277545035 -0.8766473401323083,60.97551086905496,28039.124827641368 -0.8804873073870851,60.981493216705005,28575.584229061507 -0.8844296990641851,60.98763916756942,29116.978997840488 -0.8884760212083052,60.993951207203246,29663.277330349287 -0.8926277812146566,61.000431821898594,30214.447055110875 -0.8968864920357191,61.007083505233005,30770.456234045003 -0.90088711820556,61.013338127740006,31284.74974906143 -0.901253673065554,61.0139087592839,31331.27328177956 -0.9057308507314019,61.02091009537102,31896.867038776272 -0.9103195592298619,61.028090035027766,32467.206858479003 -0.9150213430367273,61.035451113832416,33042.262914231025 -0.9198377569074978,61.04299588119025,33622.00617612052 -0.9247703645611125,61.050726897981605,34206.40822455085 -0.9298207393780444,61.05864673745749,34795.44132045735 -0.934990465229248,61.066757986342175,35389.07848738346 -0.9402811373285545,61.07506324597059,35987.293591596586 -0.9456943631069521,61.08356513345754,36590.06142044037 -0.9512317631107408,61.09226628290088,37197.35775894112 -0.9568949719221678,61.10116934661744,37809.15946485786 -0.9626856391037393,61.110276996412615,38425.44454233347 -0.968605430167031,61.11959192488393,39046.19221420853 -0.9697514427363387,61.121397492329834,39165.433403872936 -0.9746560275650893,61.12911684675904,39671.3829931961 -0.9808391317116048,61.13885450026938,40300.99875204647 -0.9871564620244442,61.14880764855996,40935.022792869226 -0.9936097579979162,61.15897908113629,41573.43991570546 -1.0002007803022366,61.16937161535081,42216.236486528236 -1.0069313119123535,61.179988097928565,42863.40050482386 -1.0138031592672405,61.19083140653547,43514.92167098982 -1.020818153462102,61.201904451389375,44170.79145349141 -1.027978151472979,61.2132101769177,44831.003156219114 -1.0352850374169407,61.22475156346215,45495.55198594193 -1.042740723850045,61.236531629033536,46164.43512026041 -1.0503471531035586,61.248553431120264,46837.65177598069 -1.0581062986630911,61.260820068553755,47515.203278533 -1.0617675723384536,61.26661065250515,47831.868919066816 -1.0660201661339102,61.273334682682396,48197.09309117911 -1.0740907942848708,61.28610045866095,48883.32684989283 -1.0823202564303074,61.29912062727881,49573.912427381154 -1.0907106619085027,61.312398466934184,50268.86000190173 -1.0992641591890333,61.325937308269744,50968.18226339015 -1.1079829375835004,61.3397405364944,51671.89449214009 -1.1168692283019368,61.35381159261,52380.01458002256 -1.1259253060859749,61.36815397556911,53092.56309827153 -1.1351534920534334,61.382771246406946,53809.563461982354 -1.1445561556768098,61.39766703092569,54531.04201798937 -1.1541357167571675,61.41284502234581,55257.02812919132 -1.1638946474810723,61.42830898407188,55987.554262421625 -1.1738354745677952,61.44406275257861,56722.65608035581 -1.181300711071799,61.45589483827001,57268.929985975235 -1.183960781510848,61.46011024042647,57462.37253760372 -1.1942732109201302,61.47645543941268,58206.74598129487 -1.204775466971114,61.493102423868315,58955.82225637951 -1.2154703179677426,61.51005535410893,59709.65081611482 -1.2263605990257815,61.52731848004948,60468.2848378944 -1.2374492148850038,61.544896144994375,61231.78134491408 -1.2487391428584829,61.56279278961345,62000.201334009085 -1.2602334359273186,61.58101295611674,62773.609910084844 -1.271935225990802,61.59956129264054,63552.07642756092 -1.2838477272835291,61.61844255786063,64335.67463939717 -1.2959742399686718,61.63766162584652,65124.48285405739 -1.30831815392105,61.657223491174555,65918.58410122058 -1.3208829527127648,61.67713327431788,66718.06630651154 -1.333672217816229,61.697396227332675,67523.02247627669 -1.3338400169513136,61.69766209914426,67533.52749959793 -1.3338400120155711,61.69766209070499,67533.52756534966 -1.333839771126378,61.6976616897278,67533.51177759659 -1.3338421984058755,61.69766356074842,67533.51230311535 -1.346771760674244,61.71813857235458,68338.1926474636 -1.3597490482075045,61.738671463799236,69136.7049843273 -1.3727742196819293,61.75926215557163,69929.14603566368 -1.385847428917117,61.779910558838786,70715.61211248154 -1.3989688248827292,61.80061657554439,71496.19917740699 -1.4121385517043166,61.82138009850437,72271.0028975133 -1.425356748755803,61.84220101164463,73040.11868287131 -1.438623550580644,61.863079189958114,73803.64172427075 -1.4519390867746438,61.884014499398994,74561.66703029905 -1.465303481959637,61.90500679692678,75314.28945491991 -1.4787168557548966,61.926055930549374,76061.60371941488 -1.4799658443844237,61.928014224413666,76130.76131988954 -1.492179322744846,61.94716173935754,76803.70442963597 -1.5056909924418562,61.9683240535544,77540.68608916407 -1.5192519692466817,61.98954269447986,78272.64310885212 -1.5328623524049476,62.010817474631295,78999.66981346361 -1.5465222359623851,62.0321481976805,79721.86044562084 -1.560231708716998,62.0535346584885,80439.30916750256 -1.573990854169523,62.074976643117814,81152.11006058239 -1.587799750472442,62.09647392884278,81860.35712374798 -1.6016584703777994,62.11802628415869,82564.14427001517 -1.615567081183201,62.13963346878982,83263.56532188054 -1.6295256446770168,62.161295233696286,83958.71400581625 -1.6321254419722209,62.16532587809723,84087.40619552499 -1.6321254419722209,62.16532587809723,84087.40619552499 -1.643534249838666,62.18301138804905,84649.67173501704 -1.657593212763743,62.20478220679332,85336.43348707228 -1.6717029483602914,62.22660816521578,86018.9566846054 -1.6858638719384373,62.248489736990855,86697.1981329555 -1.7000763989056225,62.27042739349025,87371.11415392089 -1.714340944724313,62.292421603689036,88040.66059387874 -1.7286579249304737,62.31447283416921,88705.79282245148 -1.743027755169976,62.336581549147084,89366.46572842523 -1.757450851231539,62.35874821049903,90022.6337157505 -1.771927629074412,62.380973277776015,90674.25070051984 -1.7864585048510264,62.40325720821177,91321.27010840153 -1.7905191348093012,62.40947813000741,91500.76422449075 -1.7905256824745663,62.40945269641248,91503.95857298315 -1.8010505151968061,62.42557505057603,91966.83308643445 -1.815690855406757,62.44797789520524,92604.55539945027 -1.8303863446060404,62.47044044055553,93237.65640530972 -1.845137286918174,62.49296283605559,93866.15742061577 -1.8599439887259166,62.51554523167426,94490.07985407491 -1.87480675869989,62.53818777793422,95109.44520667489 -1.8897259078246122,62.56089062592201,95724.27507205778 -1.9047017494247598,62.58365392729763,96334.59113696283 -1.9197345991931627,62.606477834306766,96940.41518148735 -1.9348247752171517,62.629362499789224,97541.76907948969 -1.949972598002887,62.65230807718548,98138.67479936256 -1.9556136727698004,62.660849988181944,98359.35015668877 -1.9556136727698004,62.660849988181944,98359.35015668877 -1.9651783917381636,62.6753147232032,98731.15380842431 -1.9804424996818568,62.69838263082298,99319.2196709783 -1.9957652796611,62.72151201930924,99902.8802854192 -2.011147092613413,62.74470310940497,100482.14344870098 -2.0265883023663775,62.76795612279766,101057.01697899975 -2.0420892756686726,62.79127128212717,101627.50871593016 -2.0576503822199754,62.81464881099257,102193.62652091304 -2.0732719947070564,62.83808893396616,102755.37827685806 -2.0889544888364355,62.861591876602766,103312.7718881634 -2.1046982433659878,62.88515786544729,103865.81528115203 -2.120503640138793,62.90878712804355,104414.51640409585 -2.1278640922630814,62.919784222934936,104667.90686694454 -2.1363710641174407,62.93247989294509,104958.88322728546 -2.152300903417739,62.95623638972296,105498.92374327604 -2.1682935493413993,62.98005684897239,106034.64596726547 -2.1843493964121024,63.003941502323194,106566.05793716085 -2.200468842410686,63.02789058244901,107093.16771370826 -2.21665228840979,63.05190432307455,107615.98338087289 -2.2329001388087875,63.075982958982955,108134.51304619141 -2.2492128013713284,63.10012672602633,108648.76484079221 -2.2655906872622324,63.12433586113422,109158.74691971824 -2.282034211083669,63.14861060232178,109664.46746219724 -2.298543790912561,63.17295118869734,110165.93467200574 -2.3077732091655037,63.18654695074025,110443.60227354118 -2.3077732090929715,63.18654695063153,110443.60228277803 -2.3077729435649985,63.18654655549415,110443.57993978135 -2.307766643339363,63.186502053683725,110447.68139895394 -2.32438057206744,63.21094658982594,110942.56929528751 -2.341062854872348,63.23545938552523,111433.33529316219 -2.3578139146394506,63.26004066506852,111919.99534034995 -2.374634177882541,63.28469065387,112402.5654586054 -2.3915240747840585,63.30940957847906,112881.06174453699 -2.408484039234793,63.33419766658931,113355.50037013531 -2.4255145088751817,63.35905514704675,113825.8975836854 -2.4426159251361526,63.3839822498586,114292.26971036277 -2.459788733281215,63.40897920620192,114754.63315310652 -2.477033382448184,63.43404624843243,115213.00439328891 -2.49435032569275,63.459183610093206,115667.39999154223 -2.5117400200315387,63.48439152592337,116117.83658853506 -2.5292029264861355,63.50967023186738,116564.33090578752 -2.546739510127537,63.53501996508366,117006.89974642752 -2.564350240121854,63.56044096395386,117445.55999607175 -2.5820355897754723,63.58593346809198,117880.32862359329 -2.599796036581779,63.611497718353554,118311.22268199894 -2.6176320622683704,63.63713395684508,118738.25930926838 -2.635544152844602,63.662842426933324,119161.45572918758 -2.6535327986496213,63.68862337325499,119580.82925224333 -2.6715984944020477,63.714477041725885,119996.3972764704 -2.6897417392490013,63.740403679551186,120408.17728837083 -2.7022004398747868,63.75818668313786,120687.77232592685 -2.707963036816068,63.766403535233515,120816.18686393 -2.7262628952589694,63.79247685858452,121220.44366935416 -2.7446418273158315,63.818623900734664,121620.96546203321 -2.7631003503594513,63.84484491414362,122017.77009139356 -2.781638986450446,63.871140152610366,122410.87549987496 -2.8002582623918215,63.89750987128381,122800.2997238534 -2.8189587097831463,63.92395432667268,123186.06089462947 -2.8377408650765403,63.95047377665643,123568.17723936438 -2.8566052696328086,63.97706848049613,123946.66708205502 -2.875552469778512,64.0037386988447,124321.5488445634 -2.8945830168644306,64.03048469375821,124692.84104755966 -2.9136974673236296,64.05730672870689,125060.56231156997 -2.932896382731826,64.08420506858619,125424.7313579612 -2.952180329867531,64.11117997972815,125785.36701003365 -2.9715498807733525,64.13823172991259,126142.48819399773 -2.991005612818668,64.16536058837913,126496.1139400604 -3.010548108762407,64.19256682583837,126846.26338350079 -3.0301779568177096,64.21985071448398,127192.95576573585 -3.049895750716189,64.24721252800467,127536.21043537774 -3.0697020897747223,64.27465254159623,127876.04684942133 -3.0895975789619,64.30217103197354,128212.48457427433 -3.109582828966495,64.32976827738335,128545.5432869264 -3.1296584562658154,64.35744455761662,128875.24277608207 -3.137081973149833,64.36766437510654,128995.90721920703 -3.149825083196248,64.38520015402095,129201.60294330896 -3.1700833380241704,64.41303534951399,129524.64380421437 -3.1904338550178295,64.44095042859576,129844.38548964201 -3.2108772745207546,64.46894567736227,130160.84824680604 -3.2314142430261086,64.49702138351851,130474.05244057601 -3.252045413251807,64.5251778363921,130784.0185546213 -3.2727714442171987,64.55341532694675,131090.7671927105 -3.2935930013209997,64.58173414779613,131394.31907994958 -3.314510756419992,64.61013459321774,131694.69506402 -3.3355253879088878,64.63861695916722,131991.9161164563 -3.3566375808018165,64.6671815432924,132286.00333398307 -3.3778480268152293,64.6958286449479,132576.9779397994 -3.3991574244511185,64.7245585652096,132864.8612848947 -3.4205664790824244,64.7533716068899,133149.67484942038 -3.4420759030396084,64.78226807455218,133431.44024401082 -3.4636864156981346,64.81124827452649,133710.17921118758 -3.485398743567771,64.84031251492462,133985.91362672983 -3.5072136203830553,64.86946110565583,134258.6655011114 -3.5291317871952117,64.8986943584425,134528.45698089918 -3.551153992465686,64.92801258683654,134795.3103501926 -3.573280992160761,64.95741610623497,135059.24803209765 -3.5955135498480217,64.98690523389668,135320.29259021935 -3.617852436794209,65.01648028895927,135578.4667301216 -3.619035931847975,65.01804456508368,135592.02174045076 -3.6402984320647818,65.0461415924553,135833.79330087392 -3.662852322624474,65.07588946732969,136086.29529656286 -3.685514903440435,65.10572423845726,136335.9958578585 -3.7082869775864253,65.13564623265945,136582.9182736045 -3.7311693563480617,65.16565577872299,136827.08598234205 -3.7541628593313874,65.19575320741703,137068.5225740132 -3.777268314571785,65.22593885151207,137307.25179154414 -3.800486558645133,65.25621304579776,137543.29753248335 -3.823818436780755,65.28657612710202,137776.68385071782 -3.8472648029763548,65.31702843430999,138007.4349581521 -3.8708265201146332,65.34757030838298,138235.57522641675 -3.894504460081663,65.37820209237803,138461.12918863125 -3.918299503887823,65.40892413146767,138684.1215411218 -3.9422125417900986,65.43973677296013,138904.57714527723 -3.9662444734166513,65.47064036631915,139122.52102929872 -3.9704796399248607,65.47607823505588,139160.54706155075 -3.9704796399248607,65.47607823505588,139160.54706155075 -3.9903962103090294,65.50163526207926,139337.97859013622 -4.0146686902293425,65.53272180538274,139550.97676749856 -4.039062867862043,65.56390034033387,139761.54325959395 -4.063579708099127,65.59517121315936,139969.70595665224 -4.088220186156036,65.62653477223898,140175.49294102407 -4.112985287713599,65.65799136812637,140378.93248936604 -4.137876009062353,65.6895413535696,140580.0530747996 -4.1563031564568576,65.71285624278798,140726.82741507085 -4.162893357248805,65.72118508353267,140778.8833691154 -4.188038350224815,65.75292291521644,140975.4522449659 -4.213312016999254,65.78475520808091,141169.7887781615 -4.23871539779222,65.8166823238666,141361.92224992698 -4.264249544191898,65.84870462661745,141551.88214924102 -4.289915519314121,65.88082248270359,141739.69817519086 -4.315714397965024,65.91303626084354,141925.40023933447 -4.341647266805921,65.94534633212848,142109.01846813978 -4.367715224521447,65.97775307004557,142290.58320542195 -4.393919381990855,66.01025685050173,142470.12501484025 -4.420260862461561,66.04285805184863,142647.6746824349 -4.446740801726264,66.07555705490674,142823.2632191491 -4.473360348303515,66.1083542429911,142996.92186344153 -4.5001206636207485,66.14125000193647,143168.68208392317 -4.527022922200814,66.17424472012327,143338.57558202447 -4.5540683118521486,66.20733878850399,143506.63429470695 -4.581258033862355,66.24053260062962,143672.89039721902 -4.608593303194084,66.27382655267715,143837.37630584656 -4.6360753486862905,66.30722104347663,144000.12468080944 -4.6637054132580715,66.3407164745395,144161.16842904684 -4.691484754115891,66.37431325008671,144320.54070721386 -4.719414642965347,66.4080117770775,144478.2749245836 -4.747496366226358,66.44181246523907,144634.4047461004 -4.759377126419793,66.45608511940308,144699.7180081086 -4.77573122525277,66.4757157270956,144788.96409534814 -4.804120536554763,66.50972197799938,144941.98715773213 -4.832665632027215,66.54383163616043,145093.50838355155 -4.86136785918066,66.57804512267852,145243.56249122723 -4.890228581377272,66.61236286157475,145392.18447050892 -4.919249178071652,66.64678527982295,145539.40958579155 -4.948431045054946,66.68131280738358,145685.27337942185 -4.977775594704582,66.71594587723577,145829.81167510216 -5.007284256238307,66.75068492541214,145973.06058133428 -5.0369584759730515,66.78553039103244,146115.05649491635 -5.06679971758885,66.82048271633894,146255.83610447714 -5.089698602499453,66.84724055530228,146362.52353112385 -5.089723921959433,66.84729711242984,146362.9795654149 -5.096834884129322,66.85559896062809,146395.90041130513 -5.12701506962469,66.89076658688622,146534.3916232166 -5.1573667960722105,66.92604242826769,146671.77507998177 -5.187891615197628,66.96142694813695,146808.08594427787 -5.218591097758235,66.99692061323685,146943.3596656319 -5.249466833843741,67.03252389372827,147077.6319840072 -5.28052043318425,67.06823726323036,147210.93893343475 -5.31175352546353,67.10406119886132,147343.31684574106 -5.343167760637954,67.13999618128061,147474.80235431629 -5.374764809262956,67.17604269473117,147605.4323979336 -5.406546362825139,67.21220122708243,147735.24422464505 -5.438514134081117,67.24847226987465,147864.27539577574 -5.44190314410443,67.25230986244375,147877.8598331478 -5.470669857403266,67.28485631836331,147992.56378987923 -5.5030152891324065,67.32135387156478,148120.14760690593 -5.535552207937798,67.35796543230276,148247.06537230968 -5.5682824151837735,67.39469150725517,148373.35594128346 -5.6012077353044845,67.43153260700241,148499.05850310624 -5.634330016186311,67.4684892460763,148624.2125854599 -5.667651129557214,67.5055619430095,148748.85805889877 -5.701172971385375,67.54275122038658,148873.03514139846 -5.734897462285289,67.58005760489567,148996.78440294726 -5.7688265479321785,67.61748162738054,149120.1467701956 -5.80296219948562,67.65502382289485,149243.16353129325 -5.837306414021356,67.69268473075614,149365.87634066006 -5.871861214972768,67.73046489460184,149488.32722398572 -5.906628652581361,67.76836486244561,149610.55858320917 -5.941610804356628,67.80638518673547,149732.6132016587 -5.976809775546087,67.84452642441212,149854.53424923564 -6.012227699615153,67.88278913696921,149976.36528770044 -6.047866738737014,67.92117389051464,150098.15027612745 -6.083729084293481,67.95968125583231,150219.93357632463 -6.119816957386433,67.99831180844618,150341.7599584741 -6.156132609360469,68.03706612868487,150463.6746067851 -6.192678322337031,68.07594480174771,150585.7231253432 -6.221710085132543,68.10674304021448,150682.2531266914 -6.229456409759763,68.11494841777223,150707.9515439349 -6.266469216952601,68.154077571903,150830.40632414253 -6.303719121689596,68.19333286436176,150953.13436543584 -6.341208534777451,68.23271490051859,151076.18301140761 -6.378939900651176,68.2722242909654,151199.6000561794 -6.416915697983228,68.31186165159032,151323.43375081438 -6.455138440305717,68.35162760365365,151447.73281001695 -6.49361067664762,68.39152277386553,151572.5464187798 -6.507189121175827,68.40556934342102,151616.52669959678 -6.507189121175827,68.40556934342102,151616.52669959678 -6.532334998069501,68.43154779282513,151697.92448586886 -6.571314105902502,68.4717032762769,151823.9204762547 -6.610550790111063,68.51198983144869,151950.59046356878 -6.650047881917544,68.55240807054774,152077.99111617127 -6.689808253625586,68.59295861109707,152206.17966645854 -6.729834819393346,68.63364207601253,152335.21391935353 -6.770130536023885,68.67445909368257,152465.15226101066 -6.810698403774012,68.71541029804956,152596.0536676891 -6.85154146718267,68.75649632869238,152727.9777147694 -6.892662815918442,68.79771783091124,152860.9845859807 -6.93406558564709,68.83907545581448,152995.13508286953 -6.97575295892014,68.88056986040691,153130.49063437202 -7.017728166084481,68.9222017076802,153267.11330665785 -7.059994486213839,68.9639716667059,153405.06581314432 -7.102555248062828,69.00588041272962,153544.41152474683 -7.12283914688939,69.02580065080402,153610.98932339842 -7.145413831044181,69.04792862726795,153685.21448034164 -7.188573666229814,69.09011699820758,153827.5393974333 -7.232038237376173,69.13244621990671,153971.45168311126 -7.275811081975434,69.17491699329838,154117.01744514404 -7.319895792332289,69.21753002599687,154264.30350342236 -7.364296016667254,69.2602860324062,154413.3774015627 -7.409015460248497,69.3031857338313,154564.3074189009 -7.454057886551084,69.34622985859178,154717.16258252438 -7.499427118446135,69.3894191421388,154872.01267988433 -7.545127039420066,69.43275432717395,155028.92827135528 -7.591161594824911,69.47623616377197,155187.9807033846 -7.637534793160285,69.51986540950615,155349.24212173623 -7.684250707389282,69.56364282957628,155512.78548510434 -7.731313476287795,69.6075691969407,155678.68457909796 -7.778727305829079,69.65164529245106,155847.01403046036 -7.826496470604752,69.69587190499054,156017.849321665 -7.874625315283225,69.740249831616,156191.26680589662 -7.923118256106562,69.78477987770319,156367.3437222847 -7.97197978242707,69.82946285709609,156546.1582116183 -8.021214458285613,69.87429959225992,156727.78933236038 -8.070826924031536,69.91929091443868,156912.31707708765 -8.12082189798727,69.9644376638159,157099.82238931907 -8.171204178157268,70.00974068968061,157290.38718073713 -8.17922459297884,70.01693254941907,157320.8650146273 -8.221978643984642,70.05520085059709,157484.09434891076 -8.27315025815534,70.10081901457978,157681.02779536962 -8.324724068453037,70.14659605927213,157881.27244417282 -8.376705209664522,70.19253287213135,158084.91426100282 -8.429098905539433,70.23863035061764,158292.04027259766 -8.481910470804763,70.28488940238859,158502.73858685145 -8.535145313236143,70.33131094549942,158717.0984133408 -8.58880893578825,70.37789590860865,158935.21008438844 -8.642906938786638,70.42464523118974,159157.1650767105 -8.697445022182023,70.47155986374875,159383.0560336205 -8.752428987870047,70.51864076804803,159612.9767878073 -8.807864742079488,70.56588891733716,159847.02238477516 -8.86375829782935,70.61330529658963,160085.28910684987 -8.920115777459017,70.66089090274752,160327.87449789105 -8.976943415233649,70.70864674497317,160574.8773886807 -9.034247560027381,70.75657384490773,160826.39792294393 -9.092034678086975,70.8046732369388,161082.53758422396 -9.150311355878955,70.85294596847503,161343.39922336908 -9.209084303024184,70.90139310023037,161609.0870868984 -9.268360355321818,70.95001570651604,161879.7068461405 -9.32814647786617,70.99881487554266,162155.36562723416 -9.38844976826121,71.04779170973104,162436.17204192464 -9.439675607258152,71.08920337765174,162676.88605354776 -9.449277459935047,71.09694732603346,162722.2362193669 -9.510636925558373,71.14628285626544,163013.66983876386 -9.572535680571804,71.19579944744757,163310.58616308388 -9.634981386825416,71.24549826215896,163613.10007365717 -9.697981856334707,71.29538047890281,163921.32810593763 -9.761545055158848,71.34544729248319,164235.38848627688 -9.825679107404056,71.39569991439527,164555.40116986996 -9.89039229935915,71.44613957322836,164881.4878798302 -9.955693083766874,71.49676751508312,165213.7721475459 -10.0215900842378,71.54758500400263,165552.37935425114 -10.088092099811576,71.59859332241923,165897.436773962 -10.155208109671975,71.64979377161623,166249.07361774083 -10.222947278022417,71.70118767220663,166607.42107946126 -10.291318959128262,71.7527763646288,166972.61238299764 -10.36033270253256,71.80456120966004,167344.7828309997 -10.429998258453423,71.85654358894898,167724.06985529707 -10.500325583370142,71.9087249055675,168110.6130689684 -10.571324845806402,71.96110658458305,168504.55432020183 -10.643006432318884,72.01369007365305,168906.03774797777 -10.715380953700503,72.06647684364098,169315.2098396588 -10.788459251407687,72.11946838925697,169732.21949062025 -10.86225240422138,72.1726662297224,170157.2180659438 -10.936771735152803,72.2260719094609,170590.3594643188 -10.97633758964102,72.25429940259177,170821.94228680493 -10.976337591481837,72.25429940395043,170821.9423139091 -10.976341520149873,72.25430223623094,170822.0706130068 -10.976370040756393,72.25433379325594,170828.30186007803 -10.976370498349098,72.25433413835913,170828.30470265713 -10.976370955941832,72.25433448346226,170828.307545249 -10.976371413534565,72.25433482856543,170828.3103878289 -10.976371871127355,72.25433517366862,170828.31323040935 -10.976372328720146,72.25433551877182,170828.31607299915 -10.976372786312936,72.254335863875,170828.31891558185 -10.976372786312936,72.25433586387491,170828.31891558427 -10.976372786312936,72.25433586387491,170828.31891558427 -10.976372786296565,72.25433586388215,170828.31891937205 -11.051862005996327,72.30794616824707,171268.96002767133 -11.12777539546505,72.36153338798118,171707.5297457323 -11.204116716206784,72.41509732073239,172144.03083439494 -11.280889771564034,72.46863776117084,172578.46605628153 -11.358098407256023,72.52215450094731,173010.83817573913 -11.435746511926624,72.57564732865019,173441.1499589146 -11.51383801769802,72.62911602976209,173869.40417370477 -11.592376900732603,72.68256038661552,174295.60358978837 -11.671367181802566,72.73598017834804,174719.7509786171 -11.750812926867667,72.78937518085675,175141.84911345466 -11.8307182476604,72.84274516675147,175561.90076934232 -11.911087302278958,72.89608990530783,175979.9087231213 -11.991924295789687,72.94940916241904,176395.8757534631 -12.073233480836166,73.00270270054733,176809.8046408202 -12.155019158257318,73.05597027867422,177221.6981674832 -12.237285677714112,73.10921165225002,177631.55911758338 -12.320037438324704,73.16242657314257,178039.39027705629 -12.40327888930787,73.2156147895852,178445.19443368958 -12.487014530635179,73.26877604612348,178848.9743771224 -12.571248913692898,73.3219100835612,179250.73289882435 -12.655986641951728,73.37501663890629,179650.4727921463 -12.741232371645964,73.42809544531407,180048.19685228885 -12.826990812461986,73.48114623203102,180443.90787631707 -12.913266728236039,73.53416872433723,180837.6086631877 -13.000064937660824,73.58716264348777,181229.30201372335 -13.087390315002068,73.64012770665252,181618.99073064933 -13.175247790824727,73.69306362685629,182006.6776185623 -13.263642352727913,73.74597011291654,182392.36548399372 -13.352579046091165,73.7988468693811,182776.05713535385 -13.442062974828985,73.85169359646416,183157.75538297874 -13.53209930215607,73.90450998998142,183537.46303912453 -13.622693251362989,73.95729574128406,183915.18291795359 -13.713850106600887,74.01005053719166,184290.91783558944 -13.805575213677542,74.06277405992414,184664.670610072 -13.89787398086321,74.1154659870321,185036.44406138506 -13.990751879706892,74.16812599132619,185406.24101148412 -14.08421444586341,74.22075374080549,185774.06428426292 -14.178267279930651,74.27334889858439,186139.9167055754 -14.272916048298242,74.32591112281814,186503.80110326223 -14.368166484005826,74.37844006662726,186865.72030711966 -14.464024387613733,74.43093537802098,187225.67714894205 -14.560495628083146,74.48339669981857,187583.67446250137 -14.657586143668539,74.5358236695702,187939.71508357074 -14.755301942820239,74.58821591947573,188293.80184991888 -14.853649105098583,74.64057307630245,188645.93760131576 -14.952633782099895,74.69289476130132,188996.12517956595 -15.052262198392071,74.74518059012195,189344.36742847977 -15.15254065246404,74.79743017272546,189690.66719388234 -15.253475517684393,74.8496431132969,190035.0273236401 -15.355073243272841,74.90181901015532,190377.45066767634 -15.457340355282327,74.95395745566223,190717.94007792516 -15.560283457594096,75.00605803612932,191056.49840840336 -15.663909232922634,75.05812033172336,191393.1285151604 -15.76822444383339,75.11014391637092,191727.83325632647 -15.873235933772207,75.16212835765975,192060.61549209236 -15.978950628105792,75.21407321674006,192391.47808473877 -16.085375535174904,75.26597804822308,192720.42389859763 -16.192517747357897,75.31784240007805,193047.45580013646 -16.300384442147333,75.36966581352749,193372.57665787055 -16.40898288323774,75.42144782294106,193695.78934245338 -16.51832042162482,75.47318795572664,194017.09672662604 -16.628404496716882,75.52488573222061,194336.50168526653 -16.73924263745755,75.57654066557508,194654.00709533526 -16.850842463460452,75.6281522616444,194969.61583595807 -16.963211686154693,75.67972001886854,195283.33078837485 -17.07635810994293,75.73124342815541,195595.15483596944 -17.19028963336976,75.78272197276027,195905.09086429214 -17.305014250302236,75.8341551281638,196213.14176099328 -17.420540051120867,75.88554236194757,196519.31041593585 -17.536875223922493,75.93688313366756,196823.59972113723 -17.654028055733875,75.98817689472573,197126.012570753 -17.772006933734986,76.03942308823832,197426.55186116998 -17.890820346495275,76.09062114890355,197725.22049091742 -18.010476885218083,76.14177050286557,198022.0213607396 -18.130985244996396,76.19287056757655,198316.95737356404 -18.252354226079007,76.24392075165683,198610.03143452076 -18.37459273514571,76.29492045475209,198901.2464509817 -18.497709786592367,76.34586906738814,199190.60533249145 -18.6217145038255,76.39676597082351,199478.11099084408 -18.746616120565307,76.4476105368991,199763.76634005728 -18.872423982158324,76.49840212788592,200047.5742963976 -18.999147546897035,76.54914009632907,200329.53777834482 -19.126796387348605,76.59982378489048,200609.65970666494 -19.25538019169079,76.6504525261877,200887.94300434334 -19.384908765054462,76.70102564263077,201164.39059665136 -19.515392030873898,76.75154244625615,201439.0054111227 -19.646840032241784,76.80200223855722,201711.79037757506 -19.779262933271212,76.85240431031293,201982.74842808937 -19.912671020461858,76.90274794141267,202251.88249703823 -20.04707470407132,76.95303240067898,202519.19552110237 -20.182484519489435,77.00325694568615,202784.69043926056 -20.318911128617145,77.05342082257718,203048.37019278167 -20.456365321246267,77.10352326587658,203310.23772527222 -20.594858016442146,77.15356349830044,203570.2959826366 -20.734400263927142,77.20354073056357,203828.54791311562 -20.875003245463517,77.25345416118296,204084.99646729932 -21.016678276236092,77.30330297627857,204339.64459809437 -21.159436806233515,77.35308634937006,204592.4952607551 -21.30329042162603,77.40280344117124,204843.55141292015 -21.448250846139985,77.45245339938019,205092.81601452793 -21.59432994242715,77.50203535846637,205340.29202795317 -21.741539713428523,77.55154843945446,205585.98241788382 -21.889892303730562,77.60099174970445,205829.89015143501 -22.03940000091248,77.65036438268845,206072.01819805763 -22.190075236884525,77.69966541776341,206312.36952964735 -22.34193058921474,77.7488939199412,206550.94712044674 -22.49497878244202,77.79804893965388,206787.75394713925 -22.649232689375793,77.84712951251636,207022.79298881482 -22.80470533237974,77.89613465908491,207256.0672269743 -22.961409884636595,77.94506338461153,207487.57964553742 -23.119359671394648,77.99391467879525,207717.33323087916 -23.27856817119249,78.04268751552948,207945.33097177482 -23.439049017059602,78.09138085264517,208171.5758594697 -23.60081599769208,78.13999363165043,208396.07088766427 -23.763883058600413,78.18852477746626,208618.8190525133 -23.92826430322711,78.23697319815807,208839.82335260985 -24.093973994032382,78.28533778466412,209059.0867890541 -24.261026553544013,78.33361741051876,209276.61236540513 -24.42943656537051,78.38181093157277,209492.40308769816 -24.59921877517371,78.4299171857095,209706.46196447616 -24.77038809159805,78.47793499255657,209918.79200677472 -24.94295958715378,78.52586315319397,210129.39622813073 -25.11694849905166,78.57370044985853,210338.27764457028 -25.292370229983362,78.62144564564352,210545.43927467984 -25.469240348848388,78.66909748419495,210750.8841395308 -25.647574591419783,78.71665468940382,210954.6152627439 -25.827388860947508,78.76411596509412,211156.63567046836 -26.008699228694866,78.81147999470711,211356.94839139993 -26.19152193440351,78.85874544098166,211555.55645678955 -26.375873386684617,78.90591094563061,211752.4629004281 -26.5617701633293,78.95297512901344,211947.6707586919 -26.749229011535363,78.99993658980463,212141.183070498 -26.93826684804722,79.04679390465924,212333.00287737593 -27.12890075919958,79.09354562787328,212523.1332233951 -27.32114800086532,79.14019029104202,212711.5771552501 -27.51502599829783,79.18672640271342,212898.33772222095 -27.710552345865096,79.23315244803845,213083.41797618679 -27.9077448066692,79.27946688841848,213266.8209716204 -28.106621312044012,79.32566816114817,213448.54976565612 -28.30719996092816,79.37175467905615,213628.60741799598 -28.509499019103174,79.41772483014212,213806.99699100712 -28.7135369182931,79.46357697721056,213983.7215496777 -28.919332255117297,79.50930945750196,214158.78416164938 -29.126903789891315,79.55492058232116,214332.1878971992 -29.336270445265825,79.60040863666292,214503.93582928172 -29.547451304698257,79.6457718788351,214674.03103347903 -29.760465610750202,79.69100854007955,214842.4765880641 -29.975332763198395,79.73611682419046,215009.27557399473 -30.192072316957706,79.78109490713173,215174.43107489785 -30.410703979800786,79.82594093665135,215337.94617707623 -30.63124760987023,79.87065303189533,215499.8239695695 -30.85372321297396,79.91522928301984,215660.06754407016 -31.078150939650897,79.95966775080245,215818.67999500394 -31.304551082002774,80.00396646625288,215975.66441952382 -31.532944070277807,80.0481234302228,216131.02391749073 -31.763350469198627,80.09213661301594,216284.7615914849 -31.995790974023578,80.1360039539986,216436.88054684753 -32.23028640633052,80.17972336120991,216587.3838916323 -32.407564906069865,80.2124231159435,216699.2322159251 -32.407564906069865,80.2124231159435,216699.2322159251 -32.46685770950691,80.2232927109751,216736.27473655928 -32.70552594333191,80.26670984768552,216883.55618173894 -32.94631227828603,80.3099725835754,217029.2313041011 -33.18923799119,80.3530786980521,217173.30318037161 -33.43432445957686,80.39602593727828,217315.77489002256 -33.68159315557682,80.43881201379467,217456.64951531033 -33.93106563944619,80.48143460614624,217595.93014127246 -34.18276355272235,80.52389135851239,217733.61985574974 -34.43670861099844,80.56617988034246,217869.72174934228 -34.69292259629776,80.60829774599557,218004.23891547642 -34.95142734904195,80.65024249438738,218137.17445039225 -35.21224475959289,80.69201162864263,218268.5314531243 -35.4753967593596,80.7336026157552,218398.3130255404 -35.740905311454895,80.7750128862562,218526.52227233272 -36.008792400887415,80.8162398338906,218653.16230102707 -36.27908002427594,80.85728081530333,218778.2362220019 -36.55179017907275,80.89813314973557,218901.74714846408 -36.82694485228063,80.93879411873236,219023.6981965023 -37.10456600865086,80.97926096586185,219144.09248503167 -37.38467557834747,81.01953089644766,219262.93313585638 -37.66729544406476,81.059601077315,219380.22327367016 -37.95244742758359,81.09946863655145,219495.9660260232 -38.24015327575344,81.13913066328368,219610.16452336393 -38.53043464588674,81.17858420747119,219722.82189902465 -38.82331309055226,81.21782627971763,219833.94128925508 -39.118810041755154,81.25685385110151,219943.52583322214 -39.41694679449003,81.29566385302705,220051.57867296744 -39.71774448965658,81.33425317709653,220158.1029535023 -40.02122409632608,81.37261867500537,220263.10182274412 -40.32740639334489,81.410757158461,220366.57843152387 -40.63631195026946,81.44866539912745,220468.53593366477 -40.947961107619506,81.48634012859618,220568.97748590272 -41.26237395644034,81.5237780383852,220667.9062479296 -41.57957031716876,81.56097577996763,220765.32538241465 -41.89956971779327,81.59792996483121,220861.2380549861 -42.22239137130316,81.63463716457025,220955.6474342544 -42.548054152420974,81.67109391101154,221048.5566918083 -42.87657657361643,81.70729669637593,221139.96900223385 -43.20797676039652,81.74324197347678,221229.88754308308 -43.5422724258722,81.77892615595752,221318.31549495578 -43.87948084460342,81.81434561856926,221405.25604143308 -44.21961882572177,81.84949669749062,221490.71236910918 -44.56270268533763,81.88437569069144,221574.68766762997 -44.90874821823465,81.91897885834156,221657.1851296252 -45.257770668863316,81.95330242326717,221738.2079508014 -45.60978470163877,81.98734257145598,221817.75932988708 -45.96480437055874,82.02109545261263,221895.84246868096 -46.322843088155025,82.05455718076702,221972.46057200702 -46.6839135937945,82.08772383493631,222047.61684777122 -47.04802792135126,82.1205914598431,222121.3145069624 -47.41519736626995,82.15315606669064,222193.55676361587 -47.78543245204892,82.18541363399798,222264.34683488542 -48.15874289616772,82.21736010849526,222333.68794097094 -48.53513757549257,82.24899140608206,222401.5833052162 -48.914624491194814,82.2803034128498,222468.03615404307 -49.29721073321767,82.3112919861696,222533.04971698133 -49.68290244433692,82.34195295584769,222596.62722668803 -50.07170478385501,82.37228212534905,222658.77191894985 -50.463621890983035,82.40227527309166,222719.48703265982 -50.858656847957974,82.43192815381148,222778.77580987857 -51.256811642953835,82.46123650000044,222836.64149579106 -51.65808713284508,82.49019602341781,222893.08733874978 -52.06248300588811,82.51880241667644,222948.1165902335 -52.46999774438605,82.54705135490467,223001.7325049274 -52.88062858740864,82.57493849748431,223053.93834065518 -53.29437149364533,82.6024594898661,223104.73735843715 -53.711221104467455,82.62960996546259,223154.13282248034 -54.131170707283815,82.65638554761864,223202.1280001552 -54.55421219927722,82.68278185166064,223248.72616207198 -54.98033605161197,82.70879448702333,223293.93058200643 -55.40953127420664,82.73441905945499,223337.74453698896 -55.841785381167895,82.75965117330016,223380.17130722408 -56.2770843569907,82.78448643385931,223421.2141761653 -56.71541262362365,82.80892044982524,223460.87643050164 -57.15675300850833,82.83294883579435,223499.16136016545 -57.601086713703154,82.85656721485238,223536.07225829488 -58.04839328620153,82.87977122123279,223571.6124213369 -58.498650589559375,82.90255650304594,223605.78514896234 -58.95183477694451,82.92491872507742,223638.59374411506 -59.407920265730695,82.94685357165328,223670.0415130155 -59.86687971374592,82.96835674956941,223700.13176516446 -60.328683997299066,82.98942399108245,223728.8678133401 -60.793302191100125,83.01005105695953,223756.25297363385 -61.26070155019252,83.03023373958283,223782.29056540038 -61.730847494014,83.04996786610614,223806.98391134077 -62.20370359269933,83.0692493016589,223830.33633745403 -62.6792315557431,83.08807395259409,223852.351173048 -63.15739122312496,83.10643776977513,223873.0317507752 -63.638140559011774,83.12433675189732,223892.3814066133 -64.12143564813616,83.14176694883886,223910.40347987274 -64.60723069494964,83.15872446503613,223927.101313228 -65.09547802564742,83.17520546287757,223942.4782527027 -65.58612809314772,83.19120616611097,223956.5376476661 -66.07912948511377,83.20672286325755,223969.282850875 -66.5744289350857,83.22175191102714,223980.71721844666 -67.07197133679449,83.23628973772777,223990.8441098872 -67.5716997617151,83.25033284666321,223999.66688809375 -68.07355547990763,83.26387781951178,224007.1889193407 -68.5774779841895,83.2769213196793,224013.4135733235 -69.083405017665,83.28946009561949,224018.34422314062 -69.5912726046401,83.30149098411431,224021.98424528772 -70.10101508492285,83.31301091350726,224024.33701970533 -70.6125651515146,83.32401690688232,224025.40592976013 -71.12585389167633,83.33450608518119,224025.19436223767 -71.64081083134401,83.34447567025147,224023.70570737723 -72.15736398285898,83.35392298781859,224020.9433588639 -72.67543989595792,83.36284547037417,224016.91071382494 -73.1949637119706,83.37124065997378,224011.61117289573 -73.71585922113901,83.37910621093678,224005.04814011295 -74.23804892298054,83.38643989244184,223997.2250230462 -74.76145408959262,83.39323959101078,223988.14523272048 -75.28599483178779,83.39950331287486,223977.81218364692 -75.81159016793661,83.4052291862167,223966.22929384204 -76.3381580953858,83.41041546328228,223953.39998482112 -76.86561566430252,83.41506052235691,223939.32768161272 -77.39387905379368,83.41916286959999,223924.0158127626 -77.92286365013031,83.42272114073342,223907.46781033164 -78.45248412690337,83.42573410257909,223889.687109908 -78.98265452692627,83.428200654441,223870.67715062285 -79.5132883456946,83.43011982932829,223850.4413751517 -80.04429861619835,83.43149079501553,223828.98322973453 -80.57559799488936,83.43231285493765,223806.30616412114 -81.10709884858576,83.43258544891661,223782.41363166945 -81.63871334210288,83.43230815371804,223757.3090892834 -82.17035352639027,83.43148068343618,223730.99599746047 -82.70193142695614,83.4301028897061,223703.47782026642 -83.23335913235408,83.42817476174285,223674.75802537144 -83.7645488825129,83.4256964262071,223644.84008401935 -84.29541315668382,83.42266814689826,223613.7274710848 -84.82586476079209,83.41909032427567,223581.42366502335 -85.35581691396672,83.41496349480957,223547.93214795148 -85.88518333404318,83.41028833016365,223513.25640555142 -86.41387832182585,83.40506563621199,223477.39992719228 -86.94181684390938,83.39929635189272,223440.3662058293 -87.46891461386087,83.39298154790256,223402.1587381024 -87.99508817157944,83.38612242523521,223362.78102427293 -88.52025496064466,83.37872031356864,223322.23656828114 -89.04433340348875,83.37077666950525,223280.52887772178 -89.56724297422883,83.36229307467025,223237.66146385192 -90.08890426900717,83.35327123367364,223193.63784161507 -90.6092390736989,83.34371297194113,223148.46152964345 -91.12817042885942,83.33362023342025,223102.13605024814 -91.64562269178947,83.32299507816793,223054.66492944089 -92.16152159561821,83.31183967982554,223006.05169693503 -92.67579430530478,83.30015632298864,222956.2998861706 -93.18836947048013,83.28794740047785,222905.41303428274 -93.69917727505964,83.275215410518,222853.394682138 -94.20814948356902,83.26196295383265,222800.24837434271 -94.71521948413987,83.24819273066103,222745.97765923143 -95.2203223281452,83.23390753770474,222690.58608888843 -95.7233947664489,83.21911026501154,222634.0772191233 -96.22437528226806,83.20380389280317,222576.45460954937 -96.72320412064569,83.18799148825491,222517.72182350437 -97.21982331455108,83.1716762022335,222457.8824281206 -97.71417670763174,83.15486126600092,222396.93999428663 -98.2062099736521,83.13754998789081,222334.89809668655 -98.695870632661,83.11974574996451,222271.76031379626 -99.18310806394884,83.10145200465313,222207.53022788497 -99.66787351584694,83.08267227139267,222142.21142502886 -99.90950665793137,83.07309370362172,222109.11876968827 -99.90950665793137,83.07309370362172,222109.11876968827 -100.15012011241801,83.06341013324852,222075.80749521317 -100.62980285651571,83.0436692333471,222008.32203464417 -101.10687863051267,83.02345327152909,221939.75864575105 -101.58130619487642,83.00276600122722,221870.1209349277 -102.05304618343322,82.98161122616561,221799.41251238598 -102.52206109596659,82.95999279707753,221727.63699218616 -102.98831528828771,82.93791460845526,221654.7979922628 -103.45177495988624,82.91538059533744,221580.89913440944 -103.91240813927226,82.89239473013768,221505.94404429168 -104.37018466712266,82.86896101951925,221429.93635142795 -104.82507617735008,82.84508350131887,221352.8796892445 -105.27705607620696,82.82076624152437,221274.7776950583 -105.72609951954973,82.7960133313079,221195.63401007507 -106.17218338837256,82.77082888411951,221115.4522794007 -106.61528626273572,82.74521703284246,221034.23615205506 -107.05538839420188,82.71918192701344,220951.98928097065 -107.49247167689721,82.69272773010985,220868.71532299943 -107.92651961731228,82.66585861690609,220784.41793894218 -108.35751730295723,82.63857877090028,220699.10079351775 -108.78545136997722,82.61089238181336,220612.76755538135 -109.21030996984169,82.58280364316165,220525.42189715547 -109.63208273521018,82.55431674990372,220437.06749539875 -110.05076074507718,82.52543589616252,220347.70803066602 -110.46633648929651,82.49616527302331,220257.34718743162 -110.87880383258134,82.46650906640792,220165.98865419382 -111.28815797807017,82.43647145502524,220073.63612339812 -111.694395430553,82.40605660839826,219980.29329149614 -112.09751395943573,82.37526868496728,219885.96385892795 -112.49751256153101,82.3441118302692,219790.65153012972 -112.8943914237488,82.31259017519217,219694.3600135655 -113.28815188576192,82.28070783430519,219597.09302168377 -113.67879640271684,82.24846890426188,219498.85427098104 -114.0663285080557,82.21587746227746,219399.64748197596 -114.45075277650945,82.18293756467811,219299.47637920117 -114.83207478732339,82.1496532455215,219198.34469126014 -115.21030108776716,82.11602851528762,219096.2561507806 -115.58543915698168,82.08206735963806,218993.21449444417 -115.95749737020783,82.04777373824328,218889.2234630105 -116.32648496344302,82.01315158367547,218784.28680129352 -116.69241199856208,81.97820480036665,218678.40825817923 -117.05528932894376,81.94293726362933,218571.59158663134 -117.4151285656311,81.90735281873931,218463.84054370594 -117.77194204405845,81.87145528007817,218355.15889054988 -118.12574279137257,81.83524843033429,218245.5503924047 -118.4765444943694,81.79873601976067,218135.01881862234 -118.82436146807166,81.76192176548774,218023.5679426609 -119.16920862495982,81.72480935088984,217911.2015421064 -119.5111014448805,81.68740242500307,217797.92339865383 -119.85005594563799,81.64970460199356,217683.73729814868 -120.18608865428473,81.61171946067385,217568.6470305437 -120.51921657911868,81.57345054406632,217452.65638997717 -120.84945718239425,81.53490135901107,217335.7691746861 -121.17682835375174,81.49607537581781,217217.98918712963 -121.50134838436816,81.45697602795899,217099.32023385246 -121.82303594183321,81.41760671180319,216979.7661256464 -122.1419100457459,81.37797078638704,216859.33067741425 -122.45799004403446,81.33807157322404,216738.017708278 -122.77129558999384,81.29791235614863,216615.8310415348 -123.08184662003775,81.25749638119426,216492.77450468254 -123.38966333215916,81.21682685650356,216368.85192941592 -123.69476616509206,81.17590695226971,216244.06715163417 -123.99717577817049,81.13473980070687,216118.42401144787 -124.29691303186979,81.09332849604897,215991.92635321562 -124.59399896902774,81.05167609457492,215864.57802547942 -124.8884547967306,81.00978561465938,215736.38288104138 -125.18030186885653,80.96766003684739,215607.34477694763 -125.4695616692631,80.92530230395191,215477.4675744539 -125.75625579560698,80.88271532117297,215346.7551390979 -126.04040594378762,80.839901956237,215215.2113406825 -126.32203389299545,80.79686503955564,215082.8400532538 -126.6011614913572,80.75360736440247,214949.6451551263 -126.8778106421641,80.71013168710708,214815.6305289147 -127.15200329066698,80.6664407272647,214680.80006147872 -127.42376141142734,80.62253716796141,214545.1576440104 -127.69310699620942,80.57842365601294,214408.7071719656 -127.96006204240085,80.53410280221682,214271.45254511622 -128.22464854194456,80.48957718161665,214133.39766753576 -128.48688847077295,80.44484933377785,213994.54644761805 -128.74680377872556,80.3999217630738,213854.90279805797 -128.9724682885954,80.36042603367564,213731.9984856269 -128.97247654872697,80.3604245625409,213732.23678580855 -129.0044246366377,80.354795465841,213714.70910709476 -129.2597563749028,80.30947580709241,213573.49365257498 -129.51282910197074,80.26396373018417,213431.4971671924 -129.76366458122976,80.21826160147225,213288.7232522814 -130.01228450620346,80.17237175365173,213145.17551340288 -130.258710493097,80.1262964860912,213000.85756039442 -130.50296407373563,80.08003806517287,212855.77300733278 -130.74506668888029,80.03359872463747,212709.92547255388 -130.98503968191008,79.98698066593384,212563.31857869352 -131.22290429285758,79.9401860585726,212415.95595261912 -131.458681652785,79.89321704048291,212267.84122549722 -131.6923927784891,79.84607571837213,212118.97803277936 -131.92405856752464,79.79876416808892,211969.3700142173 -132.15369979353162,79.7512844349871,211819.02081384743 -132.38133710185875,79.70363853429204,211667.93408002518 -132.60699100546884,79.65582845146801,211516.11346539797 -132.8306818811184,79.60785614258666,211363.5626269309 -133.05242996579898,79.5597235346959,211210.2852259297 -133.2722553534295,79.51143252618868,211056.28492801829 -133.49017799179293,79.4629849871726,210901.56540315898 -133.7062176797032,79.41438275983806,210746.13032563642 -133.92039406439665,79.36562765882644,210589.98337411255 -134.1327266391368,79.31672147159726,210433.12823156329 -134.34323474102456,79.26766595879425,210275.56858536394 -134.55193754900444,79.21846285460943,210117.30812721374 -134.75885408205926,79.16911386714649,209958.35055321912 -134.9640031975854,79.11962067878191,209798.69956382934 -135.167403589938,79.06998494652377,209638.35886390792 -135.36907378914484,79.02020830236931,209477.33216267303 -135.56903215977235,78.97029235365912,209315.62317377224 -135.76729689994684,78.9202386834296,209153.235615221 -135.96388604051427,78.87004885076254,208990.17320946456 -136.1588174443409,78.81972439113179,208826.43968334366 -136.35210880574164,78.7692668167475,208662.03876811484 -136.54377765003255,78.71867761689704,208496.97419947298 -136.73384133320252,78.66795825828285,208331.24971752753 -136.92231704169578,78.61711018535722,208164.86906684082 -137.10922179230295,78.5661348206541,207997.83599639824 -137.29457243215205,78.51503356511701,207830.15425963447 -137.47838563879628,78.46380779842397,207661.82761443884 -137.66067792039263,78.41245887930893,207492.8598231774 -137.84146561596762,78.3609881458794,207323.254652643 -138.0207648957649,78.30939691593113,207153.01587413467 -138.1985917616699,78.25768648725867,206982.14726339976 -138.37496204770767,78.20585813796222,206810.65260069552 -138.5498914206097,78.15391312675146,206638.53567072318 -138.72339538044787,78.10185269324512,206465.8002627292 -138.8954892613265,78.04967805826689,206292.45017042037 -139.06618823213515,77.99739042413788,206118.48919202678 -139.23550729735413,77.94499097496512,205943.92113027908 -139.40346129791195,77.89248087692638,205768.74979242697 -139.5700649120899,77.83986127855148,205592.97899023903 -139.7353326564725,77.78713331099932,205416.61254002177 -139.8992788869383,77.73429808833147,205239.654262609 -140.06191779969097,77.68135670778236,205062.10798336097 -140.22326343232606,77.62831025002488,204883.9775322033 -140.38332966493263,77.57515977943325,204705.26674359522 -140.54213022122428,77.52190634434147,204525.97945656173 -140.6996786697018,77.46855097729835,204346.11951468734 -140.8559884248396,77.41509469531879,204165.6907661072 -141.01107274829954,77.36153850013157,203984.69706355705 -141.164944750166,77.30788337842338,203803.1422643263 -141.3176173902009,77.25413030207912,203621.0302302982 -141.4691034791191,77.20028022841898,203438.36482795663 -141.61941567987978,77.1463341004316,203255.1499283637 -141.76856650899228,77.09229284700395,203071.3894071756 -141.91656833783836,77.03815738314768,202887.08714468393 -142.0634333940034,76.98392861022177,202702.24702576056 -142.20917376262014,76.92960741615224,202516.87293990364 -142.35380138772135,76.87519467564798,202330.968781246 -142.49732807360016,76.82069125041353,202144.53844853246 -142.639765486177,76.76609798935831,201957.58584516073 -142.7811251543734,76.71141572880282,201770.114879137 -142.92141847148713,76.65664529268153,201582.129463142 -143.06065669657426,76.6017874927421,201393.63351448224 -143.19885095583078,76.54684312874227,201204.63095513827 -143.33601224397657,76.4918129886428,201015.12571174538 -143.47215142564053,76.43669784879799,200825.12171559827 -143.60727923674307,76.38149847414242,200634.62290267053 -143.74140628587844,76.32621561837533,200443.63321360468 -143.7748632832188,76.31234930955992,200395.69670747625 -143.7748632832188,76.31234930955992,200395.69670747625 -143.87454305553717,76.27085002421788,200252.15661573526 -144.00669990226726,76.21540242418159,200060.19727306263 -144.13788705875635,76.15987354042888,199867.75945332853 -144.26811463592267,76.10426408460751,199674.8474299378 -144.39739262428316,76.04857475801712,199481.4654810897 -144.52573089531234,75.99280625177602,199287.6178898068 -144.65313920279496,75.9369592469853,199093.3089439466 -144.7796271841711,75.88103441488977,198898.54293619262 -144.90520436187734,75.82503241703667,198703.32416406838 -145.02988014467638,75.768953905432,198507.65692991356 -145.15366382898344,75.71279952269325,198311.54554095087 -145.27656460018076,75.65656990220073,198114.9943092459 -145.39859153392604,75.60026566824574,197918.00755168713 -145.51975359745143,75.54388743617649,197720.58959006757 -145.6400596508532,75.48743581254121,197522.74475102266 -145.75951844837238,75.43091139522949,197324.47736607215 -145.87813863966457,75.37431477361088,197125.79177160692 -145.99592877106255,75.31764652867095,196926.69230889226 -146.1128972868246,75.26090723314583,196727.18332409317 -146.22905253037766,75.2040974516534,196527.26916826144 -146.344402745544,75.14721774082325,196326.9541973596 -146.45895607776296,75.09026864942403,196126.2427722143 -146.57272057529778,75.0332507184886,195925.13925860115 -146.68570419043394,74.97616448143718,195723.64802719548 -146.79791478066346,74.91901046419844,195521.7734535669 -146.90936010986135,74.86178918532835,195319.51991824934 -147.02004784944847,74.80450115612764,195116.89180665291 -147.12998557954393,74.7471468807564,194913.89350916247 -147.23918079010485,74.6897268563471,194710.5294210852 -147.3476408820566,74.63224157311626,194506.80394266063 -147.45537316840944,74.57469151447339,194302.72147906912 -147.56238487536385,74.5170771571283,194098.28644048353 -147.66868314340553,74.45939897119727,193893.50324198615 -147.77427502838765,74.40165742030644,193688.37630362515 -147.8791675026005,74.34385296169387,193482.91005045502 -147.98336745583111,74.28598604631053,193277.1089124611 -148.08688169641107,74.2280571189183,193070.97732460877 -148.18971695225062,74.1700666181871,192864.51972684514 -148.29187987186282,74.11201497679052,192657.74056410987 -148.3933770253768,74.05390262149976,192450.64428632954 -148.49421490553664,73.99572997327483,192243.2353484278 -148.59439992869162,73.9374974473566,192035.51821031133 -148.69393843577149,73.87920545335461,191827.49733689948 -148.79283669325523,73.82085439533559,191619.1771981179 -148.89110089412236,73.76244467190892,191410.56226891692 -148.9887371587984,73.70397667631168,191201.6570292489 -149.08575153608342,73.6454507964919,190992.46596406563 -149.18215000407642,73.58686741519021,190782.99356340416 -149.2779384710802,73.52822691002032,190573.2443222826 -149.3731227765019,73.46952965354862,190363.22274076182 -149.46770869173915,73.41077601337106,190152.9333239572 -149.56170192105546,73.35196635219054,189942.38058202615 -149.65510810244606,73.29310102789168,189731.56903014204 -149.7479328084905,73.23418039361457,189520.50318857687 -149.84018154719826,73.1752047978281,189309.1875826304 -149.9318597628394,73.11617458440091,189097.6267426705 -150.0229728367675,73.0570900926718,188885.82520413116 -150.11352608823114,72.99795165751915,188673.7875075191 -150.20352477517542,72.93875960942853,188461.51819841895 -150.29297409503278,72.87951427455975,188249.02182747368 -150.38187918550378,72.82021597481234,188036.30295043433 -150.47024512532772,72.76086502789086,187823.3661281202 -150.55807693504337,72.7014617473675,187610.21592644803 -150.64537957773942,72.6420064427455,187396.85691642947 -150.73215795979615,72.5824994195199,187183.29367418907 -150.81841693161599,72.52294097923851,186969.53078093127 -150.90416128834514,72.46333141956129,186755.57282297796 -150.9893957705867,72.40367103431839,186541.4243917712 -151.07412506510204,72.34396011356843,186327.09008386487 -151.15835380550507,72.28419894365436,186112.5745009203 -151.24208657294648,72.22438780725969,185897.88224974604 -151.32532789678896,72.16452698346261,185683.01794225845 -151.40808225527257,72.10461674779022,185467.9861955056 -151.49035407617262,72.04465737227167,185252.79163170094 -151.57214773744826,71.98464912548965,185037.43887815907 -151.65346756788261,71.92459227263214,184821.93256735796 -151.73431784771262,71.86448707554244,184606.27733693225 -151.8147028092533,71.80433379276927,184390.4778296526 -151.89462663751038,71.74413267961481,184174.53869344533 -151.974093470789,71.68388398818338,183958.4645814102 -152.05310740128832,71.62358796742802,183742.26015179223 -152.13167247569402,71.5632448631974,183525.9300680285 -152.2097926957591,71.50285491828134,183309.47899869405 -152.28747201887725,71.44241837245583,183092.91161756482 -152.36471435865008,71.381935462527,182876.23260359222 -152.4415235854446,71.32140642237485,182659.4466408915 -152.5179035269453,71.26083148299624,182442.55841878813 -152.59385796869597,71.2002108725464,182225.57263177668 -152.66939065463788,71.13954481638113,182008.49397955288 -152.74450528763586,71.078833537097,181791.3271670187 -152.81920553000228,71.01807725457186,181574.076904264 -152.89349500400937,70.95727618600407,181356.7479065749 -152.96737729239823,70.89643054595162,181139.34489446742 -153.0408559388782,70.83554054637017,180921.87259365927 -153.11393444862154,70.77460639665074,180704.3357350697 -153.18661628874864,70.71362830365682,180486.7390548524 -153.2589048888105,70.65260647176076,180269.0872943781 -153.3308036412601,70.59154110287966,180051.38520023823 -153.4023159019214,70.53043239651083,179833.63752424813 -153.47344499044866,70.46928054976628,179615.84902347336 -153.54419419078278,70.40808575740726,179398.0244601934 -153.6145667515969,70.34684821187751,179180.16860193844 -153.68456588674147,70.28556810333694,178962.28622146335 -153.75419477567866,70.22424561969379,178744.3820968047 -153.82345656391215,70.16288094663695,178526.4610111996 -153.8923543634128,70.1014742676679,178308.5277531659 -153.96089125303627,70.04002576413106,178090.5871164793 -154.02907027893548,69.97853561524535,177872.6439001521 -154.0968944549683,69.91700399813345,177654.7029084725 -154.16436676309797,69.85543108785241,177436.76895098735 -154.2314901537917,69.79381705742216,177218.84684250702 -154.29826754640757,69.73216207785491,177000.94140312105 -154.36470182958317,69.67046631818295,176783.05745817904 -154.43079586161306,69.60872994548689,176565.19983832023 -154.4965524708257,69.54695312492314,176347.3733794569 -154.56197445595149,69.48513601975084,176129.5829227947 -154.62706458648847,69.42327879135883,175911.83331478594 -154.69182560306157,69.36138159929126,175694.12940721004 -154.75626021777762,69.29944460127425,175476.47605713096 -154.82037111457475,69.23746795324085,175258.8781268786 -154.88416094956827,69.17545180935605,175041.34048412598 -154.94763235139098,69.11339632204191,174823.8680018021 -155.0107879215289,69.05130164200143,174606.46555815998 -155.0736302346523,68.98916791824261,174389.13803674976 -155.13616183894305,68.92699529810245,174171.8903264302 -155.19838525641683,68.86478392726939,173954.72732136762 -155.2603029832402,68.80253394980711,173737.65392104493 -155.32191749004642,68.74024550817639,173520.67503026818 -155.38323122224182,68.67791874325766,173303.79555913858 -155.44424660031436,68.61555379437277,173087.02042310135 -155.50496602013163,68.55315079930642,172870.35454290675 -155.56539185324016,68.49070989432784,172653.80284464225 -155.6255264471573,68.42823121421118,172437.37025971283 -155.68537212566056,68.36571489225645,172221.06172487585 -155.7449311890727,68.30316106030976,172004.88218218973 -155.80420591454345,68.24056984878311,171788.83657907284 -155.86319855632573,68.17794138667455,171572.9298682577 -155.92191134605153,68.11527580158712,171357.16700785168 -155.98034649300024,68.05257321974844,171141.55296128427 -156.03850618436581,67.98983376602907,170926.09269731247 -156.09639258551965,67.9270575639617,170710.7911900594 -156.1540078402698,67.86424473575894,170495.65341900647 -156.2113540711173,67.80139540233158,170280.6843689707 -156.26843337950856,67.7385096833064,170065.8890301221 -156.32524784608353,67.6755876970437,169851.2723979918 -156.38179953092248,67.61262956065443,169636.83947346138 -156.4380904737888,67.54963539001741,169422.59526278824 -156.49412269436687,67.48660529979617,169208.5447775724 -156.54989819249937,67.42353940345511,168994.69303479517 -156.6054189484201,67.36043781327614,168781.04505677632 -156.66068692298316,67.2973006403748,168567.60587124803 -156.71570405788964,67.23412799471579,168354.38051126222 -156.77047227591316,67.17091998512883,168141.374015278 -156.82499348111864,67.10767671932392,167928.59142710824 -156.87926955908048,67.04439830390679,167716.0377959486 -156.93330237709915,66.9810848443936,167503.71817638425 -156.9870937844116,66.91773644522556,167291.63762834924 -157.04064561240125,66.85435320978387,167079.80121717986 -157.09395967480555,66.79093524040377,166868.21401359458 -157.09400239527218,66.79088536141728,166868.04774264354 -157.09400239527218,66.79088536141728,166868.04774264354 -157.14703776850436,66.72748263800014,166656.88097887917 -157.19988167547405,66.66399550090594,166445.8066192545 -157.2524931611997,66.60047392604216,166234.99533064658 -157.3048739742799,66.53691800932063,166024.45151396273 -157.35702584662096,66.47332784565708,165814.17957513957 -157.40895049362769,66.40970352898451,165604.1839251269 -157.46064961439274,66.34604515226614,165394.46897986208 -157.51212489188333,66.28235280750833,165185.03916030706 -157.56337799312536,66.21862658577298,164975.8988924343 -157.61441056938406,66.15486657719067,164767.05260725625 -157.66522425634474,66.09107287097216,164558.50474075886 -157.71582067428872,66.02724555542079,164350.25973396862 -157.76620142826874,65.96338471794498,164142.32203292882 -157.816368108281,65.8994904450692,163934.69608870213 -157.86632228943503,65.83556282244635,163727.38635736887 -157.91606553212267,65.77160193486877,163520.39730001776 -157.96559938218292,65.70760786627986,163313.7333827784 -158.0149253710661,65.64358069978508,163107.399076797 -158.06404501599508,65.57952051766298,162901.398858225 -158.11295982012567,65.51542740137646,162695.73720826526 -158.16167127270256,65.45130143158279,162490.4186131371 -158.2101808492164,65.38714268814495,162285.4475640649 -158.25849001155603,65.32295125014144,162080.82855732527 -158.3066002081606,65.25872719587714,161876.5660942125 -158.35451287416873,65.19447060289305,161672.66468103987 -158.40222943156647,65.13018154797665,161469.1288291602 -158.4497512893331,65.06586010717145,161265.96305496315 -158.49707984358434,65.00150635578721,161063.17187983033 -158.54421647771534,64.93712036840896,160860.75983020623 -158.59116256254043,64.87270221890718,160658.73143756922 -158.63791945643175,64.80825198044684,160457.09123840992 -158.68448850545576,64.74376972549653,160255.8437742487 -158.73087104350896,64.67925552583796,160054.9935916501 -158.77706839244982,64.61470945257471,159854.54524220433 -158.82308186223256,64.55013157614113,159654.50328254284 -158.86891275103454,64.48552196631135,159454.87227430515 -158.91456234538668,64.42088069220762,159255.65678417785 -158.96003192029906,64.35620782230933,159056.86138389714 -159.00532273938677,64.29150342446097,158858.490650204 -159.0504360549929,64.22676756588072,158660.54916489762 -159.09537310831055,64.16200031316866,158463.04151477062 -159.14013512950416,64.09720173231473,158265.9722917147 -159.1847233378275,64.03237188870722,158069.34609257773 -159.22913894174158,63.96751084714012,157873.16751930673 -159.2733831390314,63.902618671820996,157677.4411788333 -159.31745711691903,63.83769542637934,157482.1716831546 -159.36136205217846,63.77274117387336,157287.3636492918 -159.4050991112462,63.70775597679805,157093.02169929183 -159.44866945033257,63.64273989709214,156899.15046023732 -159.4920742155299,63.57769299614613,156705.75456424715 -159.5353145429213,63.51261533480883,156512.83864846395 -159.57839155868572,63.44750697339482,156320.40735509119 -159.62130637920455,63.382367971691586,156128.46533131952 -159.6640601111641,63.31719838896617,155937.0172294024 -159.70665385165887,63.25199828397237,155746.0677066124 -159.7490886882925,63.186767714957625,155555.62142526123 -159.79136569927792,63.12150673966891,155365.68305268517 -159.83348595353655,63.05621541536063,155176.2572612403 -159.87545051079496,62.99089379879998,154987.34872833604 -159.91726042168193,62.925541946274336,154798.96213638535 -159.9589167278241,62.860159913596874,154611.10217284792 -160.00042046193914,62.79474775611347,154423.77353020024 -160.0417726479294,62.72930552870845,154236.9809059435 -160.08297430097335,62.66383328581116,154050.7290026221 -160.12402642761666,62.598331081401604,153865.02252778827 -160.1649300258614,62.53279896901705,153679.8661940152 -160.2056860852549,62.46723700175711,153495.2647189208 -160.2462955869774,62.40164523229053,153311.2228251273 -160.28675950392812,62.33602371286017,153127.74524029467 -160.32707880081065,62.27037249528916,152944.83669708297 -160.367254434218,62.20469163098654,152762.50193319024 -160.40728735271463,62.138981170952526,152580.74569131795 -160.44717849692069,62.07324116578436,152399.57271920893 -160.48692879959162,62.00747166568162,152218.98776959616 -160.52653918569962,61.941672720451535,152038.99560025678 -160.5660105725131,61.87584437951437,151859.60097395405 -160.60534386967493,61.809986691908655,151680.80865847648 -160.64453997927964,61.74409970629642,151502.62342663773 -160.683599795951,61.67818347096809,151325.05005623234 -160.72252420691774,61.61223803384795,151148.0933301102 -160.7613140920873,61.54626344249883,150971.7580360722 -160.79997032412112,61.480259744127075,150796.0489669876 -160.83849376850713,61.41422698558756,150620.97092067637 -160.87688528363228,61.34816521338855,150446.5286999949 -160.9151457208539,61.282074473696255,150272.72711279636 -160.9532759245699,61.21595481233968,150099.5709719265 -160.99127673228952,61.149806274815305,149927.06509524316 -161.02914897470126,61.083628906291615,149755.21430558374 -161.0668934757418,61.01742275161385,149584.02343080466 -161.104511052663,60.95118785530823,149413.49730374446 -161.14200251609788,60.884924261586455,149243.6407622322 -161.17936867012796,60.81863201435043,149074.45864909684 -161.21661031234697,60.752311157195976,148905.95581214008 -161.25372823392587,60.685961733417905,148738.13710416865 -161.29072321967584,60.6195837860137,148571.00738297545 -161.32759604811162,60.55317735768778,148404.57151132505 -161.36434749151337,60.48674249085584,148238.83435695746 -161.40097831598783,60.420279227648955,148073.80079261272 -161.4374892815298,60.35378760991735,147909.47569600376 -161.47388114208104,60.28726767923485,147745.8639498118 -161.51015464559057,60.22071947690235,147582.97044167895 -161.54631053407286,60.15414304395223,147420.8000642534 -161.58234954366534,60.08753842115172,147259.3577151163 -161.61827240468634,60.0209056490073,147098.64829684375 -161.65407984169207,59.954244767767996,146938.6767169542 -161.68977257353114,59.88755581742932,146779.44788794077 -161.7253513134016,59.82083883773692,146620.9667272566 -161.76081676890496,59.754093868190715,146463.2381573043 -161.79616964209993,59.687320948047564,146306.26710544195 -161.83141062955679,59.620520116325686,146150.05850399323 -161.86654042240957,59.55369141180785,145994.61729021955 -161.90155970640853,59.486834873044906,145839.9484063149 -161.9364691619723,59.419950538359274,145686.0567994604 -161.97126946423853,59.353038445848554,145532.9474217337 -162.00596128311517,59.28609863338837,145380.62523018356 -162.04054528332915,59.21913113863646,145229.0951867698 -162.07502212447753,59.152135999035586,145078.36225841346 -162.10939246107478,59.08511325181665,144928.4314169375 -162.14365694260258,59.01806293400226,144779.3076391217 -162.1778162135563,58.95098508240972,144630.9959066436 -162.21187091349384,58.88387973365454,144483.50120610968 -162.2458216770806,58.81674692415324,144336.828529072 -162.2796691341374,58.74958669012645,144190.98287196556 -162.31341390968512,58.68239906760216,144045.96923614116 -162.34705662399023,58.61518409241886,143901.79262788262 -162.38059789260967,58.54794180022805,143758.45805836495 -162.41403832643533,58.480672226497816,143615.9705436542 -162.44737853173677,58.41337540651553,143474.33510475114 -162.48061911020605,58.34605137539035,143333.55676750868 -162.51376065899942,58.278700168057185,143193.64056271533 -162.5468037707796,58.21132181927815,143054.59152601575 -162.57974903375862,58.14391636364654,142916.41469796133 -162.612597031738,58.07648383558904,142779.11512398464 -162.64534834415102,58.00902426936849,142642.6978544027 -162.67800354610222,57.94153769908679,142507.16794438503 -162.71056320840805,57.87402415868792,142372.53045398332 -162.7430278976359,57.80648368195982,142238.79044815185 -162.77539817614456,57.738916302537575,142105.952996657 -162.8076746021214,57.671322053906124,141974.0231741661 -162.83985772962197,57.60370096940249,141843.00606017496 -162.8719481086077,57.536053082218636,141712.90673906016 -162.90394628498314,57.468378425403756,141583.73030002302 -162.93585280063343,57.40067703186708,141455.48183713245 -162.9676681934608,57.33294893438017,141328.1664492855 -162.99939299742132,57.265194165579324,141201.78924022368 -163.03102774256038,57.197412757968365,141076.35531852048 -163.06257295504898,57.12960474392044,140951.86979757794 -163.09402915721805,57.06177015568111,140828.3377956257 -163.1253968675943,56.993909025370144,140705.7644357042 -163.15667660093354,56.92602138498434,140584.1548456938 -163.18786886825615,56.858107266399365,140463.51415827146 -163.21897417687956,56.79016670137233,140343.8475109246 -163.24999303045215,56.72219972154403,140225.16004594907 -163.28092592898673,56.65420635844125,140107.45691043217 -163.31177336889274,56.58618664347874,139990.743256265 -163.34253584300836,56.51814060796161,139875.024240125 -163.37321384063304,56.450068283087724,139760.30502347337 -163.40380784755897,56.38196969994935,139646.59077257325 -163.42672856307485,56.330811584902534,139561.85717934938 -163.4267285699877,56.330811567115155,139561.85154432888 -163.4267285699877,56.330811567115155,139561.85154432888 -163.42673777103755,56.33078725917172,139564.6036393853 -163.45718101999898,56.26265148012945,139452.287023348 -163.48753191606227,56.19450719741665,139340.20199764086 -163.51779100979564,56.12635444818725,139228.3488240545 -163.54795884753915,56.05819326934755,139116.72776412283 -163.5780359714451,55.99002369755651,139005.33907918044 -163.60802291951717,55.92184576922985,138894.18303029082 -163.6379202256503,55.853659520542045,138783.25987832242 -163.66772841966892,55.78546498742811,138672.56988388687 -163.69744802736503,55.71726220558818,138562.11330738576 -163.72707957053734,55.6490512104869,138451.89040895097 -163.75662356702733,55.58083203735776,138341.90144851658 -163.78608053075763,55.51260472120464,138232.14668576207 -163.81545097176763,55.44436929680415,138122.626380131 -163.84473539625031,55.376125798709225,138013.34079083445 -163.87393430658784,55.307874261248976,137904.29017683427 -163.90304820138772,55.23961471853243,137795.47479684913 -163.93207757551687,55.17134720445063,137686.8949093845 -163.96102292013757,55.103071752678034,137578.55077265445 -163.98988472274002,55.03478839667657,137470.44264467366 -164.01866346717804,54.96649716969513,137362.57078318746 -164.0473596337019,54.898198104773265,137254.93544571113 -164.07597369899165,54.82989123474311,137147.5368895029 -164.10450613619003,54.76157659223069,137040.3753715616 -164.13295741493414,54.693254209659685,136933.45114865788 -164.16132800138928,54.62492411925119,136826.76447730284 -164.18961835827938,54.55658635302715,136720.31561375974 -164.21782894491878,54.488240942811764,136614.1048140366 -164.24596021724366,54.41988792023334,136508.13233388477 -164.27401262784247,54.35152731672744,136402.39842880974 -164.30198662598647,54.28315916353701,136296.9033540524 -164.32988265766033,54.214783491714854,136191.64736460673 -164.357701165591,54.14640033212614,136086.6307152031 -164.3854425892782,54.07800971544948,135981.85366030128 -164.4131073650232,54.00961167217868,135877.3164541305 -164.44069592595636,53.94120623262601,135773.0193506283 -164.46820870206875,53.87279342692173,135668.96260348824 -164.4956461202373,53.804373285017256,135565.1464661449 -164.52300860425444,53.735945836686696,135461.57119174552 -164.55029657485568,53.66751111152783,135358.23703320036 -164.57751044974597,53.59906913896585,135255.14424313654 -164.60465064362785,53.53061994825218,135152.29307392854 -164.6317175682277,53.46216356846813,135049.68377764494 -164.65871163232273,53.39370002852603,134947.316606134 -164.6856332417666,53.32522935717018,134845.19181094097 -164.71248279951527,53.25675158298039,134743.30964335703 -164.7392607056537,53.18826673437098,134641.67035438144 -164.76596735742035,53.11977483959424,134540.27419476 -164.79260314923263,53.05127592674117,134439.1214149635 -164.81916847271168,52.98277002374276,134338.21226516535 -164.84566371670684,52.914257158373395,134237.54699528092 -164.87208926732083,52.84573735824952,134137.1258549404 -164.89844550793288,52.77721065083303,134036.9490934868 -164.92473281922304,52.708677063432255,133937.0169600199 -164.95095157919607,52.64013662320313,133837.32970330707 -164.97710216320388,52.571589357151844,133737.88757185088 -165.00318494397004,52.503035292134484,133638.69081390896 -165.02920029161135,52.43447445485943,133539.73967738706 -165.05514857366174,52.36590687188889,133441.03440996568 -165.08103015509374,52.29733256963943,133342.57525899902 -165.10684539834034,52.228751574385115,133244.36247157157 -165.13259466331883,52.1601639122568,133146.3962944811 -165.15827830745053,52.0915696092445,133048.67697422966 -165.1838966856834,52.02296869119855,132951.2047570181 -165.20945015051313,51.9543611838307,132853.9798887698 -165.23493905200425,51.885747112716714,132757.00261512675 -165.26036373781028,51.817126503295455,132660.27318139173 -165.28572455319593,51.74849938087179,132563.79183262325 -165.31102184105657,51.67986577061711,132467.5588135598 -165.33625594193813,51.61122569757084,132371.57436863668 -165.3614271940577,51.542579186642264,132275.83874200212 -165.38653593332378,51.47392626261044,132180.35217750154 -165.41158249335493,51.405266950126304,132085.11491867222 -165.43656720549976,51.3366012737137,131990.12720876958 -165.46149039885663,51.26792925776992,131895.38929072014 -165.48635240029154,51.19925092656894,131800.90140716068 -165.51115353445812,51.13056630425984,131706.6638004296 -165.5358941238157,51.06187541486956,131612.67671254487 -165.5605744886482,50.99317828230368,131518.94038523344 -165.58519494708204,50.92447493034714,131425.45505988583 -165.6097558151043,50.8557653826672,131332.2209776152 -165.634257406581,50.78704966281159,131239.23837920948 -165.65870003327487,50.71832779421174,131146.50750514452 -165.68308400486234,50.64959980018303,131054.02859557541 -165.70740962895184,50.58086570392593,130961.80189037167 -165.73167721109982,50.51212552852818,130869.82762905126 -165.75588705482963,50.44337929696363,130778.10605084829 -165.7800394616466,50.37462703209497,130686.63739466584 -165.80413473105608,50.30586875667429,130595.42189907399 -165.82817316057918,50.237104493343985,130504.45980235912 -165.85215504577,50.16833426463751,130413.7513424522 -165.87608068023064,50.09955809298187,130323.29675698798 -165.89995035562876,50.03077600069634,130233.09628325634 -165.9237643617127,49.961988009994656,130143.1501582513 -165.94752298632739,49.893194142986324,130053.45861861929 -165.97122651542995,49.82439442167626,129964.02190068673 -165.99487523310506,49.755588867968,129874.84024045526 -166.01846942158102,49.6867775036621,129785.9138736043 -166.0420093612439,49.617960350458375,129697.2430354808 -166.06549533065316,49.549137429956865,129608.82796110187 -166.08892760655664,49.480308763657874,129520.66888513489 -166.1123064639046,49.41147437296476,129432.76604194938 -166.1356321758654,49.342634279182434,129345.11966555189 -166.15890501383942,49.2737885035198,129257.72998964248 -166.1821252474729,49.20493706709006,129170.59724754705 -166.20529314467302,49.13607999091138,129083.7216722936 -166.22840897162126,49.067217295909245,128997.1034965694 -166.25147299278788,48.99834900291506,128910.7429526838 -166.27448547094525,48.92947513266826,128824.64027264297 -166.2974466671816,48.86059570581718,128738.79568811342 -166.3203568409151,48.791710742918994,128653.20943039288 -166.3432162499063,48.72282026444268,128567.88173045385 -166.36602515027215,48.65392429076675,128482.8128189422 -166.38878379649864,48.58502284218237,128398.00292611102 -166.41149244145467,48.51611593889322,128313.45228191697 -166.4341513364039,48.447203601016014,128229.16111593798 -166.45676073101794,48.378285848583154,128145.12965740869 -166.47932087338927,48.309362701540536,128061.3581352323 -166.50183201004347,48.24043417975053,127977.84677793682 -166.52429438595206,48.171500302991895,127894.59581371107 -166.54670824454394,48.10256109096024,127811.6054703921 -166.56907382771865,48.03361656327057,127728.87597545548 -166.59139137585746,47.96466673945519,127646.40755603019 -166.61366112783637,47.895711638966446,127564.20043889616 -166.63588332103674,47.82675128117677,127482.2548504386 -166.6580581913585,47.757785685379275,127400.57101674148 -166.68018597323004,47.688814870789614,127319.1491634746 -166.7022668996214,47.619838856544774,127237.98951598922 -166.72430120205473,47.55085766170501,127157.09229924684 -166.7462891106157,47.4818713052542,127076.45773786998 -166.76823085396512,47.41287980610039,126996.08605609114 -166.79012665934945,47.343883183077565,126915.9774778072 -166.81197675261228,47.27488145494436,126836.13222651296 -166.83378135820527,47.20587464038609,126756.55052538216 -166.8555406991983,47.1368627580152,126677.23259717974 -166.8772549972914,47.06784582637115,126598.17866432172 -166.89892447282367,46.99882386392306,126519.38894884777 -166.9205493447853,46.92979688906761,126440.86367243594 -166.9421298308272,46.86076492013156,126362.60305636795 -166.96366614727168,46.791727975371714,126284.60732159272 -166.98515850912233,46.72268607297533,126206.87668863958 -167.00660713007443,46.6536392310622,126129.41137768877 -167.02801222252464,46.584587467682844,126052.21160854065 -167.04937399758163,46.515530800821,125975.27760061872 -167.07069266507511,46.44646924839325,125898.60957295886 -167.09196843356634,46.37740282825013,125822.20774422353 -167.11320151035738,46.30833155817614,125746.07233269152 -167.13439210150045,46.239255455891836,125670.20355626814 -167.15554041180798,46.170174539052105,125594.60163246786 -167.17664664486202,46.10108882524825,125519.26677841511 -167.19771100302313,46.03199833200815,125444.19921084742 -167.21873368743996,45.9629030767966,125369.39914614902 -167.23971489805808,45.893803077017154,125294.86680027765 -167.26065483362984,45.82469835001047,125220.60238882154 -167.28155369172242,45.75558891305644,125146.60612695619 -167.30241166872742,45.6864747833744,125072.87822950426 -167.32322895986968,45.61735597812302,124999.41891087488 -167.34400575921526,45.54823251440243,124926.22838507616 -167.36474225968135,45.47910440925275,124853.30686574911 -167.3854386530438,45.40997167965573,124780.6545661116 -167.40609512994666,45.34083434253518,124708.27169900123 -167.42671187990985,45.27169241475686,124636.1584768374 -167.4472890913374,45.20254591313071,124564.31511169161 -167.46782695152706,45.133394854408834,124492.74181517088 -167.48832564667697,45.06423925528783,124421.4387985292 -167.50878536189464,44.995079132408556,124350.40627260841 -167.52920628120543,44.92591450235645,124279.64444783286 -167.54958858755927,44.85674538166338,124209.15353423166 -167.56993246284,44.78757178680617,124138.93374143788 -167.5902380878727,44.71839373420804,124068.98527866608 -167.6105056424312,44.649211240239204,123999.30835473114 -167.6307353052466,44.58002432121655,123929.90317804813 -167.65092725401368,44.51083299340611,123860.76995659503 -167.67108166540012,44.44163727302058,123791.90889798394 -167.691198715053,44.372437176221815,123723.32020936641 -167.71127857760627,44.303232719120814,123655.00409752132 -167.7313214266888,44.23402391777743,123586.9607687804 -167.75132743493117,44.164810788202814,123519.1904291096 -167.77129677397326,44.09559334635725,123451.69328399774 -167.79122961447135,44.026371608152054,123384.46953857776 -167.8111261261052,43.95714558944997,123317.51939750978 -167.8309864775857,43.88791530606488,123250.84306508538 -167.85081083666117,43.81868077376386,123184.44074512925 -167.8705993701244,43.74944200826525,123118.3126410954 -167.8903522438206,43.68019902524071,123052.45895596809 -167.91006962265297,43.610951840315195,122986.87989234336 -167.92975167059012,43.54170046906686,122921.57565236575 -167.94939855067278,43.472444927029194,122856.54643779171 -167.9690104250206,43.40318522968886,122791.7924499191 -167.9885874548385,43.33392139248797,122727.31388962669 -168.0081298004235,43.26465343082364,122663.11095736595 -168.02763762117138,43.195381360048444,122599.18385316295 -168.04711107558228,43.12610519547191,122535.53277661745 -168.06655032126835,43.05682495235909,122472.15792688374 -168.0859555149592,42.98754064593192,122409.05950270884 -168.10532681250854,42.918252291369534,122346.23770236061 -168.12466436890082,42.848959903808264,122283.69272373637 -168.14396833825634,42.77966349834351,122221.42476423258 -168.1632388738384,42.71036309002744,122159.4340208516 -168.18247612805942,42.6410586938716,122097.7206901568 -168.201680252486,42.57175032484618,122036.28496824462 -168.22085139784596,42.50243799788075,121975.1270507948 -168.23998971403392,42.433121727864076,121914.24713304557 -168.25909535011692,42.36380152964628,121853.6454097867 -168.27816845434063,42.29447741803639,121793.32207536552 -168.297209174135,42.225149407804615,121733.27732368924 -168.31621765612016,42.155817513682145,121673.51134821384 -168.33519404611187,42.08648175036101,121614.02434196528 -168.3541384891271,42.017142132496375,121554.81649749565 -168.37305112939032,41.94779867470377,121495.88800693101 -168.39193211033827,41.878451391561825,121437.23906194707 -168.4107815746257,41.809100297611636,121378.86985375106 -168.42959966413122,41.73974540735689,121320.78057312015 -168.44838651996224,41.67038673526559,121262.97141036138 -168.46714228246051,41.60102429576848,121205.4425553486 -168.48586709120767,41.53165810326014,121148.19419748039 -168.5045610850302,41.46228817209977,121091.22652572326 -168.52322440200516,41.3929145166104,121034.53972855187 -168.54185717946436,41.323537151081155,120978.13399402374 -168.56045955400091,41.25415608976504,120922.00950972484 -168.57903166147372,41.18477134688088,120866.16646275626 -168.59757363701192,41.11538293661334,120810.60503979426 -168.61608561502106,41.04599087311237,120755.32542702698 -168.63456772918735,40.97659517049565,120700.32781019308 -168.6530201124828,40.907195842846015,120645.61237456586 -168.67144289717012,40.83779290421386,120591.17930497255 -168.68983621480783,40.76838636861638,120537.02878572326 -168.70820019625498,40.698976250037944,120483.1610007052 -168.72653497167556,40.62956256243183,120429.5761333351 -168.74484067054377,40.560145319717904,120376.27436655591 -168.76311742164856,40.49072453578492,120323.25588281408 -168.7813653530983,40.42130022448984,120270.52086412156 -168.79958459232566,40.351872399658305,120218.06949200503 -168.81777526609133,40.282441075085906,120165.90194751871 -168.8359375004901,40.21300626453642,120114.0184112479 -168.8540714209541,40.14356798174374,120062.41906327028 -168.8721771522579,40.07412624041126,120011.10408324093 -168.89025481852272,40.00468105421235,119960.07365030244 -168.90830454322102,39.93523243679176,119909.32794313185 -168.92632644918092,39.86578040176352,119858.8671399165 -168.94432065859053,39.79632496271309,119808.69141838317 -168.962287293002,39.726866133196815,119758.80095575214 -168.98022647333656,39.65740392674206,119709.19592878081 -168.9981383198876,39.58793835684878,119659.87651373357 -169.01602295232598,39.51846943698778,119610.8428864021 -169.0338804897037,39.44899718060217,119562.09522208215 -169.05171105045812,39.379521601107264,119513.63369558213 -169.06951475241624,39.310042711890546,119465.45848123365 -169.08729171279842,39.24056052631347,119417.56975287345 -169.10504204822303,39.171075057709174,119369.9676838477 -169.1227658747099,39.1015863193844,119322.6524470167 -169.14046330768454,39.03209432461946,119275.62421474076 -169.1581344619825,38.962599086667666,119228.88315891117 -169.17577945185224,38.893100618757565,119182.42945089734 -169.19339839096023,38.823598934090505,119136.26326158739 -169.2109913923942,38.754094045842706,119090.38476137536 -169.2285585686671,38.68458596716466,119044.79412016748 -169.24610003172089,38.61507471118181,118999.49150734673 -169.26361589293037,38.54556029099394,118954.47709182692 -169.28110626310684,38.476042719677366,118909.7510420064 -169.29857125250186,38.4065220102825,118865.31352578448 -169.31601097081105,38.33699817583583,118821.16471055725 -169.3334255271778,38.26747122933948,118777.3047632451 -169.35081503019669,38.1979411837712,118733.73385022327 -169.3681795879171,38.12840805208611,118690.4521373949 -169.38551930784695,38.058871847214675,118647.45979014302 -169.4028342969563,37.98933258206416,118604.75697333355 -169.420124661681,37.91979026951867,118562.34385136428 -169.43739050792541,37.85024492243894,118520.22058809278 -169.45463194106688,37.78069655366403,118478.38734687603 -169.47184906595882,37.711145176009175,118436.84429054895 -169.48904198693353,37.64159080226744,118395.59158146936 -169.5062108078069,37.572033445209904,118354.62938144035 -169.52335563188055,37.50247311758487,118313.9578517857 -169.54047656194558,37.432909832120274,118273.57715328502 -169.55757370028616,37.363343601520896,118233.4874462537 -169.5746471486826,37.2937744384704,118193.68889042882 -169.5916970084147,37.22420235563125,118154.18164507163 -169.60872338026488,37.15462736564434,118114.96586891872 -169.62572636452114,37.08504948113072,118076.04172016164 -169.64270606098097,37.015468714689334,118037.40935652526 -169.65966256895408,36.94588507889901,117999.06893515696 -169.67659598726542,36.87629858631824,117961.02061272264 -169.69350641425868,36.80670924948452,117923.26454534271 -169.71039394779908,36.73711708091668,117885.80088862764 -169.72725868527638,36.66752209311222,117848.62979765589 -169.74410072360848,36.597924298549366,117811.75142698716 -169.76092015924388,36.52832370968685,117775.16593064454 -169.77771708816508,36.45872033896323,117738.87346213395 -169.79449160589087,36.389114198799206,117702.87417441832 -169.8112438074805,36.31950530159503,117667.16821996158 -169.82797378753537,36.24989365973247,117631.7557506564 -169.84468164020294,36.18027928557448,117596.6369179017 -169.86136745917898,36.11066219146487,117561.81187254182 -169.8780313377107,36.04104238973009,117527.2807648937 -169.89467336859963,35.9714198926773,117493.04374474056 -169.91129364420425,35.90179471259571,117459.1009613277 -169.92789225644322,35.83216686175634,117425.45256337787 -169.94446929679793,35.76253635241223,117392.09869905862 -169.96102485631485,35.69290319679971,117359.039516017 -169.977559025609,35.6232674071362,117326.27516134588 -169.99407189486655,35.55362899562222,117293.80578159222 -170.01056355384705,35.483987974441,117261.6315228037 -170.0270340918866,35.41434435575819,117229.75253043883 -170.04348359790012,35.344698151723556,117198.16894944239 -170.0599121603847,35.27504937446882,117166.8809241984 -170.07631986742146,35.20539803610936,117135.88859855729 -170.09270680667836,35.13574414874403,117105.1921158297 -170.10907306541344,35.06608772445473,117074.79161875971 -170.12541873047627,34.996428775308324,117044.68724956771 -170.14174388831142,34.926767313354226,117014.8791499128 -170.15804862496097,34.85710335062608,116985.36746089767 -170.17433302606617,34.78743689914193,116956.1523231073 -170.190597176871,34.71776797090376,116927.2338765376 -170.20684116222398,34.64809657789756,116898.61226064402 -170.22306506658097,34.57842273209506,116870.28761434632 -170.23926897400747,34.50874644545132,116842.26007599627 -170.25545296818092,34.4390677299065,116814.52978340085 -170.27161713239366,34.369386597385635,116787.09687379554 -170.2877615495547,34.299703059798546,116759.96148387567 -170.3038863021923,34.23001712904104,116733.1237497728 -170.3199914724564,34.16032881699311,116706.58380704734 -170.33607714212113,34.09063813552039,116680.3417907364 -170.35214339258684,34.020945096474165,116654.39783528812 -170.36819030488263,33.95124971169084,116628.75207458688 -170.38421795966835,33.881551992993614,116603.40464198169 -170.40022643723717,33.81185195219033,116578.35567023852 -170.41621581751807,33.74214960107543,116553.6052915592 -170.4321861800772,33.67244495142894,116529.1536375932 -170.44813760412134,33.602738015017195,116505.00083942062 -170.46407016849903,33.53302880359358,116481.1470275444 -170.4799839517031,33.46331732889683,116457.59233192292 -170.49587903187356,33.39360360265279,116434.3368819167 -170.51175548679856,33.32388763657349,116411.3808063583 -170.5276133939176,33.25416944235765,116388.72423346576 -170.543452830323,33.184449031691926,116366.36729093145 -170.55927387276216,33.11472641624861,116344.31010582107 -170.57507659764022,33.04500160768766,116322.55280469611 -170.59086108102122,32.97527461765593,116301.09551349019 -170.60662739863105,32.90554545778739,116279.9383575861 -170.62237562585875,32.835814139704354,116259.08146179694 -170.6381058377592,32.76608067501552,116238.52495032983 -170.65381810905495,32.69634507531762,116218.26894685742 -170.66951251413798,32.62660735219486,116198.31357444552 -170.68518912707236,32.55686751721895,116178.65895560395 -170.7008480215951,32.48712558195079,116159.30521223674 -170.71648927111949,32.41738155793763,116140.2524656892 -170.73211294873622,32.347635456715786,116121.50083671804 -170.74771912721536,32.2778872898092,116103.0504454976 -170.7633078790088,32.208137068729926,116084.90141161466 -170.77887927625153,32.13838480497955,116067.05385410305 -170.79443339076403,32.06863051004677,116049.50789136182 -170.80997029405435,31.9988741954096,116032.26364125576 -170.8254900573189,31.929115872534183,116015.32122101405 -170.84099275144598,31.859355552875233,115998.68074733646 -170.8564784470161,31.789593247877644,115982.34233628275 -170.8719472143047,31.71982896897377,115966.30610335163 -170.887399123284,31.650062727585247,115950.5721634479 -170.90283424362428,31.580294535123254,115935.14063088727 -170.91825264469625,31.51052440298721,115920.01161939003 -170.93365439557243,31.44075234256741,115905.18524209737 -170.94903956502912,31.370978365241992,115890.66161153388 -170.96440822154852,31.30120248237911,115876.44083965302 -170.97976043331968,31.231424705336387,115862.52303781493 -170.9950962682411,31.161645045460563,115848.90831676497 -171.01041579392182,31.091863514089216,115835.59678666823 -171.02571907768362,31.022080122548797,115822.58855708079 -171.04100618656236,30.95229488215554,115809.88373698977 -171.05627718731014,30.882507804216,115797.4824347585 -171.07153214639638,30.812718900026404,115785.3847581437 -171.08677113001013,30.74292818087285,115773.59081433187 -171.10199420406136,30.67313565803287,115762.10070988839 -171.1172014341824,30.60334134277273,115750.91455078324 -171.13239288573052,30.53354524634967,115740.03244237156 -171.14756862378846,30.46374738001128,115729.45448943494 -171.16272871316676,30.39394775499507,115719.18079612449 -171.17787321840498,30.324146382530493,115709.21146599663 -171.1930022037736,30.254343273836138,115699.54660200587 -171.2081157332756,30.184538440121962,115690.18630648503 -171.22321387064784,30.11473189258852,115681.13068118219 -171.23829667936272,30.04492364242683,115672.37982722033 -171.25336422262976,29.975113700819918,115663.93384512216 -171.26841656339718,29.90530207894084,115655.79283480484 -171.28345376435337,29.835488787953693,115647.95689557116 -171.29847588792865,29.765673839014156,115640.42612609544 -171.3134829962963,29.695857243268236,115633.20062447424 -171.32847515137465,29.62603901185462,115626.28048816978 -171.34345241482822,29.55621915590214,115619.6658140397 -171.35841484806926,29.486397686531244,115613.35669830833 -171.37336251225943,29.41657461485394,115607.35323663228 -171.38829546831101,29.346749951973344,115601.65552398562 -171.40321377688844,29.27692370898528,115596.2636547896 -171.4181174984098,29.207095896976064,115591.17772280659 -171.43300669304853,29.13726652702402,115586.39782119289 -171.4478814207342,29.067435610199443,115581.92404250814 -171.4627417411547,28.997603157563816,115577.75647865424 -171.47758771375703,28.92776918017191,115573.89522094921 -171.49241939774896,28.857933689068965,115570.34036006658 -171.5072368521009,28.78809669529291,115567.09198606794 -171.52204013554615,28.718258209873717,115564.15018839123 -171.53682930658354,28.648418243832953,115561.51505584645 -171.55160442347773,28.578576808185588,115559.1866766265 -171.56636554426152,28.508733913937665,115557.16513830205 -171.5811127267364,28.43888957208789,115555.45052781612 -171.59584602847437,28.36904379362756,115554.04293148576 -171.6105655068193,28.29919658953961,115552.94243498385 -171.62527121888786,28.22934797080092,115552.14912339543 -171.63996322157104,28.15949794837958,115551.66308114515 -171.65464157153585,28.08964653323669,115551.48439204112 -171.66930632522607,28.019793736325926,115551.61313926282 -171.68395753886375,27.94993956859337,115552.04940533894 -171.69859526845045,27.880084040978968,115552.79327220623 -171.7132195697686,27.8102271644142,115553.84482113463 -171.72783049838287,27.740368949823875,115555.2041327807 -171.74242810964137,27.67050940812568,115556.87128716348 -171.7570124586764,27.60064855022985,115558.84636367022 -171.7715836004065,27.53078638704077,115561.12944104956 -171.78614158953712,27.460922929454767,115563.72059741053 -171.80068648056235,27.391058188361544,115566.61991024866 -171.81521832776548,27.321192174644064,115569.82745638982 -171.82973718522095,27.251324899177956,115573.34331205115 -171.8442431067947,27.181456372833363,115577.16755280063 -171.85873614614638,27.111586606472454,115581.30025355885 -171.87321635672956,27.04171561095135,115585.74148863112 -171.88768379179368,26.971843397119194,115590.49133165179 -171.90213850438494,26.901969975818503,115595.54985564921 -171.91658054734714,26.832095357886082,115600.91713298514 -171.93100997332337,26.762219554151475,115606.59323538888 -171.9454268347571,26.692342575437873,115612.57823393027 -171.9598311838929,26.622464432562168,115618.87219907058 -171.9742230727779,26.552585136334987,115625.47520060191 -171.98860255326298,26.4827046975601,115632.38730767746 -172.0029696770038,26.412823127036248,115639.60858880189 -172.01732449546188,26.34294043555473,115647.13911183948 -172.0316670599058,26.273056633901238,115654.97894401089 -172.04599742141215,26.203171732854962,115663.12815187535 -172.06031563086685,26.133285743189088,115671.58680135773 -172.0746217389662,26.06339867567138,115680.35495773864 -172.0889157962176,25.99351054106278,115689.43268562274 -172.1031978529414,25.923621350118424,115698.82004900073 -172.11746795927104,25.853731113587674,115708.51711119176 -172.13172616515493,25.783839842213474,115718.52393486071 -172.14597252035685,25.713947546734016,115728.840582047 -172.16020707445756,25.644054237880667,115739.4671140891 -172.17442987685573,25.574159926379327,115750.40359172552 -172.18864097676834,25.50426462294992,115761.65007501717 -172.20284042323271,25.43436833830655,115773.20662336214 -172.21702826510696,25.364471083158644,115785.07329551324 -172.2312045510709,25.294572868208935,115797.25014957988 -172.24536932962747,25.2246737041547,115809.73724299199 -172.25952264910345,25.154773601687896,115822.53463254821 -172.27366455765076,25.084872571494284,115835.64237435572 -172.28779510324688,25.0149706242555,115849.06052390837 -172.30191433369657,24.945067770646354,115862.78913599142 -172.31602229663244,24.87516402133676,115876.82826477528 -172.33011903951578,24.805259386991146,115891.17796375725 -172.34420460963824,24.73535387826797,115905.83828575264 -172.35827905412157,24.665447505821877,115920.80928295398 -172.37234241992007,24.59554028030071,115936.09100685215 -172.38639475382027,24.525632212347567,115951.68350831604 -172.40043610244274,24.455723312600263,115967.5868375154 -172.41446651224263,24.385813591690827,115983.80104397582 -172.42848602951042,24.31590306024755,116000.32617656351 -172.44249470037363,24.24599172889221,116017.16228346841 -172.45649257079677,24.17607960824175,116034.3094122186 -172.470479686583,24.106166708908148,116051.76760968342 -172.48445609337492,24.036253041497854,116069.536922056 -172.49842183665467,23.96633861661345,116087.6173948659 -172.51237696174658,23.896423444851237,116106.00907299675 -172.52632151381601,23.826507536803042,116124.71200063525 -172.5402555378718,23.7565909030555,116143.72622130069 -172.55417907876654,23.686673554190133,116163.05177786139 -172.56809218119747,23.616755500784606,116182.68871250779 -172.58199488970732,23.546836753410464,116202.63706675557 -172.5958872486854,23.47691732263482,116222.89688147118 -172.60976930236833,23.406997219020017,116243.46819681222 -172.62364109484093,23.33707645312301,116264.35105230822 -172.63750267003704,23.26715503549724,116285.54548678022 -172.65135407174046,23.197232976690216,116307.05153839389 -172.66519534358594,23.127310287245077,116328.86924464298 -172.67902652905943,23.05738697770011,116350.99864234122 -172.6928476714997,22.987463058589086,116373.43976763266 -172.70665881409877,22.91753854044041,116396.19265598553 -172.72045999990257,22.847613433779454,116419.25734218837 -172.73425127181216,22.777687749125402,116442.63386036106 -172.74803267258451,22.7077614969934,116466.32224393633 -172.7618042448328,22.637834687893758,116490.32252569227 -172.775566031028,22.567907332332144,116514.6347377126 -172.78931807349903,22.497979440810578,116539.25891139882 -172.80306041443396,22.42805102382556,116564.19507748012 -172.81679309588083,22.35812209186938,116589.4432660107 -172.8305161597479,22.288192655429917,116615.00350637047 -172.84422964780526,22.218262724989962,116640.87582723766 -172.857933601685,22.148332311029296,116667.06025663308 -172.87162806288214,22.078401424022,116693.55682188852 -172.88531307275548,22.008470074437916,116720.36554964962 -172.89898867252845,21.93853827274285,116747.48646589347 -172.91265490328973,21.868606029397586,116774.91959589177 -172.92631180599398,21.79867335485987,116802.66496426713 -172.9399594214628,21.728740259581755,116830.72259493111 -172.9535977903852,21.6588067540115,116859.09251111289 -172.9672269533188,21.588872848592956,116887.77473537996 -172.98084695069,21.518938553765366,116916.76928957737 -172.9944578227951,21.44900387996488,116946.07619491854 -173.00805960980117,21.379068837622157,116975.69547188912 -173.0216523517462,21.309133437163926,117005.62714029006 -173.0352360885406,21.239197689012894,117035.87121925612 -173.0488108599674,21.16926160358693,117066.42772722941 -173.06237670568288,21.09932519130101,117097.29668195173 -173.0759336652178,21.02938846256482,117128.47810049329 -173.08948177797762,20.95945142778401,117159.97199923599 -173.1030210832437,20.889514097360383,117191.77839385638 -173.11655162017342,20.819576481690905,117223.89729935997 -173.13007342780148,20.7496385911698,117256.3287300402 -173.14358654504008,20.679700436185982,117289.07269953357 -173.15709101067998,20.60976202712454,117322.12922076223 -173.17058686339098,20.539823374366577,117355.49830596597 -173.1840741417229,20.469884488288674,117389.17996669204 -173.19755288410568,20.399945379264473,117423.17421378352 -173.211023128851,20.330006057662526,117457.48105741803 -173.22448491415176,20.260066533847503,117492.10050706015 -173.2379382780838,20.190126818180403,117527.0325714861 -173.25138325860615,20.120186921017407,117562.27725879021 -173.26481989356157,20.050246852712206,117597.8345763528 -173.27824822067734,19.98030662361307,117633.70453087018 -173.29166827756603,19.91036624406473,117669.88712835067 -173.3050801017261,19.840425724408092,117706.38237410343 -173.31848373054237,19.77048507497962,117743.19027274036 -173.33187920128697,19.700544306112732,117780.3108281766 -173.34526655111972,19.630603428136254,117817.74404363401 -173.3586458170888,19.56066245137489,117855.48992163612 -173.37201703613167,19.490721386149882,117893.54846402492 -173.38538024507562,19.420780242777926,117931.91967191246 -173.39873548063753,19.350839031572978,117970.60354573732 -173.41208277942633,19.280897762843992,118009.60008524422 -173.42542217794178,19.210956446896468,118048.90928946483 -173.4387537125763,19.141015094031783,118088.53115673756 -173.45207741961488,19.07107371454732,118128.4656846988 -173.46539333523597,19.001132318737593,118168.7128703051 -173.47870149551235,18.931190916892188,118209.27270978656 -173.49200193641136,18.861249519297083,118250.14519869527 -173.50529469379555,18.791308136234477,118291.33033186205 -173.51857980342342,18.721366777982922,118332.82810343322 -173.53185730095012,18.651425454816316,118374.63850684246 -173.5451272219275,18.581484177006274,118416.76153484055 -173.55838960180552,18.511542954819276,118459.19717945559 -173.57164447593232,18.441601798518285,118501.94543202463 -173.5848918795547,18.37166071836274,118545.00628318303 -173.5981318478192,18.30171972460748,118588.37972286387 -173.61136441577221,18.231778827505018,118632.0657402785 -173.62458961836072,18.161838037302754,118676.06432397212 -173.63780749043323,18.091897364244755,118720.37546176034 -173.6510180667395,18.02195681857135,118764.99914075127 -173.66422138193215,17.952016410518468,118809.9353473687 -173.67741747056635,17.882076150319698,118855.18406730745 -173.6906063671008,17.812136048203524,118900.74528559158 -173.70378810589835,17.74219611439506,118946.618986505 -173.71696272122642,17.672256359115828,118992.80515363847 -173.7301302472576,17.60231679258276,119039.30376989242 -173.74329071807003,17.53237742501077,119086.11481743386 -173.75644416764834,17.46243826660949,119133.23827774456 -173.76959062988368,17.392499327585142,119180.67413160765 -173.78273013857483,17.32256061814044,119228.4223590682 -173.79586272742844,17.25262214847376,119276.48293948121 -173.80898843005957,17.18268392878104,119324.8558515022 -173.822107279992,17.112745969253172,119373.54107307311 -173.83521931065934,17.042808280077693,119422.53858141389 -173.84832455540518,16.97287087143868,119471.84835306166 -173.8614230474836,16.902933753515654,119521.4703638295 -173.87451482005977,16.832996936485795,119571.40458882396 -173.88759990621057,16.763060430521477,119621.65100245079 -173.90067833892505,16.693124245791605,119672.20957838562 -173.91375015110492,16.623188392461216,119723.08028961516 -173.92681537556496,16.553252880691442,119774.26310841818 -173.9398740450338,16.483317720640716,119825.75800634736 -173.9529261921542,16.41338292246268,119877.56495424116 -173.96597184948354,16.343448496307644,119929.68392226726 -173.9790110494948,16.273514452321944,119982.11487983781 -173.99204382457634,16.203580800648098,120034.85779567795 -174.00507020703287,16.13364755142591,120087.91263779787 -174.01809022908597,16.063714714790233,120141.27937347467 -174.0311039228741,15.993782300872773,120194.95796932913 -174.04411132045408,15.923850319801188,120248.94839120236 -174.05711245380039,15.853918781699301,120303.25060427318 -174.0701073548063,15.78398769668835,120357.86457298952 -174.08309605528467,15.714057074884366,120412.79026109164 -174.09607858696782,15.644126926400434,120468.02763160279 -174.10905498150797,15.574197261345544,120523.57664682652 -174.1220252704787,15.504268089824846,120579.43726837782 -174.13498948537415,15.434339421940841,120635.60945713003 -174.14794765761005,15.364411267790876,120692.09317326813 -174.16089981852468,15.294483637469217,120748.88837625542 -174.17384599937873,15.224556541066383,120805.99502482168 -174.18678623135565,15.154629988668852,120863.41307702054 -174.19972054556274,15.084703990359365,120921.14249015154 -174.2126489730311,15.014778556217678,120979.1832208257 -174.22557154471644,14.944853696318988,121037.53522494152 -174.23848829149915,14.874929420734777,121096.1984576711 -174.25139924418522,14.805005739532897,121155.17287348151 -174.26430443350637,14.73508266277724,121214.45842611317 -174.27720389012052,14.66516020052876,121274.05506859829 -174.29009764461253,14.595238362843777,121333.96275325556 -174.30298572749422,14.525317159774893,121394.18143168186 -174.31586816920523,14.455396601371223,121454.71105477124 -174.32874500011332,14.385476697677442,121515.55157269294 -174.34161625051465,14.315557458736015,121576.7029349031 -174.35448195063444,14.245638894583848,121638.16509013831 -174.36734213062732,14.17572101525503,121699.93798643904 -174.38019682057788,14.105803830779346,121762.02157108934 -174.39304605050083,14.035887351182826,121824.41579068986 -174.4058898503418,13.96597158648857,121887.12059112148 -174.41872824997753,13.896056546714636,121950.13591753767 -174.43156127921637,13.826142241876017,122013.4617143875 -174.44438896779866,13.75622868198344,122077.09792539639 -174.45721134539758,13.6863158770436,122141.04449357386 -174.4700284416184,13.616403837060759,122205.30136120338 -174.48284028600077,13.54649257203375,122269.86846987857 -174.4956469080172,13.476582091958099,122334.74576043729 -174.50844833707498,13.406672406825717,122399.93317303676 -174.52124460251562,13.336763526623793,122465.43064710258 -174.53403573361587,13.266855461337325,122531.23812134126 -174.54682175958783,13.196948220945936,122597.35553374028 -174.55960270957928,13.127041815425809,122663.78282156715 -174.57237861267467,13.057136254749393,122730.51992138747 -174.58514949789483,12.98723154888461,122797.56676903556 -174.59791539419766,12.917327707796977,122864.92329961921 -174.61067633047855,12.8474247414467,122932.58944757338 -174.62343233557107,12.77752265979046,123000.56514654777 -174.63618343824695,12.7076214727811,123068.85032952788 -174.64892966721635,12.637721190367085,123137.4449287613 -174.66167105112885,12.567821822494352,123206.34887578397 -174.67440761857347,12.497923379103327,123275.562101391 -174.68713939807913,12.428025870131298,123345.0845357081 -174.69986641811514,12.358129305511202,123414.91610807474 -174.71258870709138,12.288233695171998,123485.05674719144 -174.72530629335898,12.218339049039606,123555.50638095564 -174.73801920521026,12.148445377034793,123626.26493662814 -174.75072747087978,12.07855268907495,123697.33234069552 -174.76343111854416,12.008660995073269,123768.70851894985 -174.77613017632277,11.938770304938602,123840.39339645757 -174.78882467227797,11.868880628576955,123912.38689756648 -174.8015146344156,11.79899197588937,123984.6889459123 -174.81420009068543,11.729104356772808,124057.29946441756 -174.826881068981,11.659217781120676,124130.21837525486 -174.8395575971409,11.589332258821617,124203.44559991492 -174.85222970294842,11.519447799761588,124276.98105916032 -174.86489741413234,11.44956441382115,124350.82467302456 -174.87756075836685,11.379682110877454,124424.97636083837 -174.89021976327263,11.30980090080323,124499.4360411944 -174.90287445641667,11.239920793466919,124574.20363198165 -174.91552486531248,11.170041798734252,124649.27905037453 -174.9281710174211,11.100163926465214,124724.6622128227 -174.9408129401512,11.030287186516519,124800.35303504972 -174.95345066085918,10.960411588740563,124876.35143206656 -174.96608420684976,10.890537142985515,124952.65731817296 -174.97871360537636,10.820663859095305,125029.27060694316 -174.9913388836416,10.750791746910517,125106.19121124844 -175.00396006879706,10.680920816266786,125183.41904320961 -175.01657718794453,10.611051076995693,125260.95401426114 -175.02919026813586,10.541182538924746,125338.79603511357 -175.04179933637292,10.471315211876918,125416.94501573479 -175.05440441960903,10.401449105672066,125495.40086540904 -175.06700554474816,10.33158423012491,125574.16349267695 -175.07960273864632,10.261720595045935,125653.23280538856 -175.0921960281109,10.19185821024171,125732.60871063879 -175.10478543990186,10.121997085514165,125812.29111483565 -175.11737100073168,10.05213723066209,125892.27992365869 -175.1299527372659,9.98227865547875,125972.57504207295 -175.1425306761231,9.91242136975373,126053.17637432761 -175.1551048438757,9.842565383272147,126134.08382394558 -175.16767526705007,9.772710705814655,126215.29729373775 -175.18024197212682,9.70285734715869,126296.81668579429 -175.19280498554127,9.633005317076138,126378.64190150968 -175.2053643336839,9.56315462533498,126460.77284151812 -175.21792004290037,9.493305281698985,126543.20940578294 -175.23047213949212,9.423457295927022,126625.95149352735 -175.24302064971667,9.353610677774958,126708.99900324964 -175.25556559978784,9.28376543699307,126792.35183275392 -175.26810701587607,9.213921583327538,126876.00987911591 -175.280644924109,9.144079126520271,126959.9730386938 -175.29317935057188,9.074238076308418,127044.24120713987 -175.3057103213072,9.004398442425845,127128.81427936314 -175.3182378623156,8.934560234600788,127213.69214959478 -175.3307619995564,8.864723462557512,127298.87471132482 -175.34328275894742,8.794888136015889,127384.36185733209 -175.35580016636553,8.725054264690854,127470.15347968446 -175.3683142476469,8.655221858294084,127556.24946973803 -175.38082502858762,8.585390926531623,127642.64971811493 -175.3933325349436,8.515561479105429,127729.35411473585 -175.4058367924312,8.445733525712946,127816.36254881506 -175.41833782672742,8.375907076046715,127903.67490883658 -175.4308356634702,8.30608213979598,127991.29108256748 -175.44333032825875,8.236258726644202,128079.21095709359 -175.4558218466543,8.166436846270765,128167.43441872708 -175.46831024417943,8.096616508350452,128255.96135312071 -175.48079554631954,8.026797722553116,128344.79164518243 -175.4932777785223,7.956980498545186,128433.92517912474 -175.50575696619836,7.887164845987339,128523.3618384369 -175.51823313472187,7.817350774536037,128613.10150589643 -175.53070630943003,7.747538293843128,128703.14406356052 -175.54317651562437,7.677727413555451,128793.48939277511 -175.55564377857013,7.607918143316357,128884.13737420017 -175.56810812349752,7.5381104927633995,128975.08788773445 -175.5805695756013,7.46830447152986,129066.34081260065 -175.5930281600412,7.398500089244317,129157.89602730336 -175.60548390194276,7.328697355530267,129249.753409624 -175.61793682639683,7.258896280007735,129341.91283663781 -175.63038695846055,7.1890968722908175,129434.37418470808 -175.64283432315725,7.119299141989278,129527.13732949001 -175.65527894547722,7.049503098708152,129620.2021459269 -175.6677208503772,6.979708752047706,129713.56850824486 -175.68016006278177,6.909916111603074,129807.23628996417 -175.69259660758263,6.840125186965812,129901.20536388432 -175.70503050963953,6.770335987721443,129995.47560211983 -175.71746179378027,6.700548523451126,130090.04687604491 -175.72989048480156,6.630762803731228,130184.91905635406 -175.74231660746813,6.560978838132846,130280.0920129904 -175.75474018651437,6.491196636223441,130375.56561523394 -175.76716124664384,6.421416207564471,130471.33973161846 -175.77957981252987,6.351637561712852,130567.41423000625 -175.79199590881575,6.281860708220708,130663.78897749416 -175.80440956011498,6.212085656634801,130760.46384054677 -175.8168207910114,6.142312416498207,130857.4386848463 -175.8292296260602,6.072540997347929,130954.71337541354 -175.84163608978741,6.00277140871638,131052.2877765444 -175.85404020669048,5.933003660131061,131150.1617518335 -175.86644200123882,5.863237761114115,131248.3351641679 -175.87884149787385,5.793473721183908,131346.80787571304 -175.89123872100896,5.723711549852623,131445.5797479578 -175.90363369503044,5.653951256627856,131544.6506416603 -175.91602644429773,5.584192851012195,131644.02041688358 -175.92841699314297,5.514436342502806,131743.68893296897 -175.94080536587217,5.444681740593019,131843.656048567 -175.95319158676483,5.374929054769901,131943.92162162144 -175.96557568007486,5.305178294515853,132044.4855093851 -175.97795767003018,5.235429469308247,132145.34756836772 -175.99033758083365,5.165682588618921,132246.50765441958 -176.00271543666284,5.095937661915836,132347.96562265838 -176.01509126167056,5.0261946986606,132449.72132750636 -176.02746507998518,4.956453708310157,132551.77462267113 -176.039836915711,4.886714700316247,132654.12536117516 -176.05220679292802,4.8169776841250975,132756.7733953427 -176.0645747356929,4.747242669178934,132859.71857676384 -176.07694076803884,4.677509664913623,132962.9607563609 -176.0893049139758,4.607778680760229,133066.49978434094 -176.1016671974913,4.538049726144598,133170.3355102011 -176.11402764255016,4.468322810486968,133274.46778275564 -176.12638627309462,4.398597943203533,133378.89645009817 -176.13874311304548,4.328875133704024,133483.62135964105 -176.15109818630148,4.259154391393346,133588.6423580793 -176.16345151674034,4.1894357256710775,133693.9592914258 -176.1758031282182,4.119719145931157,133799.57200498573 -176.18815304457078,4.050004661563374,133905.48034335708 -176.20050128961276,3.98029228195103,134011.68415044478 -176.21284788713888,3.910582016472484,134118.18326946866 -176.22519286092398,3.8408738745007365,134224.9775429347 -176.23753623472274,3.7711678654030725,134332.06681265548 -176.24987803227052,3.701463998542562,134439.45091975713 -176.2622182772836,3.6317622832756946,134547.12970464455 -176.2745569934595,3.5620627289539715,134655.1030070583 -176.28689420447657,3.492365344923492,134763.3706660161 -176.29922993399532,3.42267014052451,134871.9325198473 -176.3115642056579,3.3529771250930374,134980.78840619684 -176.32389704308858,3.283286307958437,135089.93816201488 -176.3362284698941,3.213597698445026,135199.38162352648 -176.3485585096642,3.143911305871597,135309.1186263118 -176.36088718597122,3.0742271395514744,135419.1490052193 -176.37321452237106,3.004545208792072,135529.47259441693 -176.38554054240288,2.934865522896479,135640.08922738096 -176.39786526959003,2.8651880911610514,135750.99873689777 -176.41018872743936,2.795512922876993,135862.20095504948 -176.42251093944256,2.7258400273299435,135973.69571324458 -176.43483192907578,2.656169413799549,136085.48284219645 -176.4471517197999,2.586501091561101,136197.56217190973 -176.45947033506098,2.5168350698830566,136309.93353172223 -176.47178779829068,2.4471713580286774,136422.59675026135 -176.48410413290625,2.377509965255555,136535.55165549344 -176.49641936231072,2.307850900815305,136648.79807465582 -176.50873350989357,2.2381941739549887,136762.33583433882 -176.52104659903048,2.168539793914875,136876.1647604265 -176.53335865308424,2.098887769929925,136990.28467810055 -176.54566969540423,2.0292381112293767,137104.69541188973 -176.5579797493275,1.959590827036379,137219.39678559394 -176.57028883817824,1.889945926569554,137334.38862236598 -176.58259698526894,1.8203034190405551,137449.67074465734 -176.59490421389964,1.7506633136557033,137565.24297422403 -176.60721054735902,1.6810256196155593,137681.1051321513 -176.61951600892428,1.611390346114506,137797.25703883177 -176.63182062186138,1.541757502342289,137913.69851398355 -176.64412440942553,1.4721270974816902,138030.42937663654 -176.6564273948614,1.4024991407100578,138147.449445136 -176.6687296014031,1.3328736411988913,138264.75853714117 -176.68103105227465,1.2632506081134498,138382.35646964965 -176.69333177069046,1.1936300506143387,138500.2430589461 -176.70563177985514,1.1240119778550646,138618.41812065404 -176.7179311029641,1.0543963989836813,138736.88146972065 -176.7302297632038,0.9847833231422902,138855.63292040382 -176.74252778375174,0.9151727594667421,138974.67228626713 -176.7548251877769,0.8455647170880902,139093.99938023818 -176.76712199844002,0.7759592051302652,139213.61401453137 -176.77941823889395,0.7063562327116769,139333.51600068551 -176.79171393228384,0.6367558089447368,139453.70514958064 -176.7976002760839,0.6034447457507237,139511.33131275262 -176.80400910174714,0.5671579429354608,139574.18127138837 -176.8163037704141,0.49756264378509185,139694.94417563867 -176.8285979614081,0.4279699205876532,139815.9936711755 -176.84089169784588,0.35837978243153673,139937.32956615303 -176.8531850028377,0.28879223839913565,140058.9516680616 -176.86547789948742,0.21920729756633606,140180.85978371583 -176.8777704108933,0.14962496900420608,140303.053719265 -176.8900625601476,0.08004526177651416,140425.53328017308 -176.90235437033758,0.010468184941364058,140548.29827123572 -176.91464586454484,-0.059106252449271805,140671.34849657488 -176.9269370658466,-0.12867804134990962,140794.6837596467 -176.9392279973151,-0.19824717272001827,140918.30386322679 -176.9515186820182,-0.2678136375263872,141042.20860944007 -176.96380914301997,-0.33737742674157073,141166.39779971723 -176.97609940338037,-0.4069385313442819,141290.871234835 -176.9883894861556,-0.47649694231943346,141415.62871488414 -177.00067941439895,-0.5460526506585073,141540.67003932092 -177.01296921116014,-0.6156056473580143,141665.99500691053 -177.02525889948643,-0.6851559234218588,141791.60341574112 -177.0375485024224,-0.7547034698597944,141917.49506325342 -177.04983804301023,-0.8242482776882156,142043.6697462166 -177.06212754429,-0.8937903379285668,142170.12726074315 -177.07441702930024,-0.9633296416097822,142296.86740226264 -177.0867065210778,-1.0328661797666674,142423.88996555025 -177.09899604265817,-1.1023999434403025,142551.19474472295 -177.11128561707588,-1.1719309236781137,142678.78153322267 -177.12357526736466,-1.2414591115342166,142806.65012384625 -177.13586501655774,-1.3109844980678793,142934.80030870906 -177.1481548876881,-1.380507074345922,143063.23187928714 -177.1604449037888,-1.4500268314410867,143191.9446263804 -177.172735087893,-1.5195437604325337,143320.9383401261 -177.18502546303444,-1.5890578524061563,143450.21281001126 -177.19731605224752,-1.6585690984530794,143579.76782486824 -177.20960687856785,-1.7280774896720434,143709.60317286276 -177.22189796503238,-1.7975830171677782,143839.71864150418 -177.23418933467926,-1.8670856720514708,143970.11401764848 -177.24648101054888,-1.9365854454411124,144100.78908749673 -177.2587730156833,-2.006082328460027,144231.74363658126 -177.27106537312696,-2.075576312239134,144362.9774498109 -177.2833581059271,-2.1450673879154705,144494.49031139433 -177.29565123713354,-2.2145555466325573,144626.2820049318 -177.3079447897993,-2.284040779540799,144758.35231334227 -177.32023878698072,-2.3535230777959844,144890.7010189015 -177.3325332517377,-2.4230024325615713,145023.32790323166 -177.344828207134,-2.492478835007147,145156.23274731872 -177.35712367623768,-2.5619522763089213,145289.41533146528 -177.36941968212074,-2.6314227476499967,145422.87543536097 -177.38171624786023,-2.7008902402188992,145556.6128380203 -177.39401339653784,-2.770354745211933,145690.6273178197 -177.40631115124057,-2.8398162538315863,145824.918652491 -177.41860953506068,-2.909274757286975,145959.48661911488 -177.43090857109624,-2.978730246794211,146094.33099413614 -177.443208282451,-3.048182713574895,146229.45155331408 -177.45550869223496,-3.117632148858418,146364.8480718271 -177.46780982356472,-3.1870785438804647,146500.52032415709 -177.48011169956345,-3.256521889883371,146636.46808417028 -177.49241434336133,-3.325962178116547,146772.69112507504 -177.50471777809562,-3.3953993998349317,146909.1892194338 -177.5170220269111,-3.4648335463013162,147045.96213918802 -177.5293271129603,-3.534264608784843,147183.009655634 -177.54163305940386,-3.6036925785613594,147320.33153940784 -177.55393988941046,-3.673117446913856,147457.92756051687 -177.5662476261572,-3.742539205130889,147595.7974883515 -177.57855629283029,-3.8119578445089273,147733.9410916215 -177.59086591262488,-3.881373356350839,147872.35813844253 -177.60317650874504,-3.9507857319662856,148011.04839626135 -177.61548810440476,-4.020194962672089,148150.01163190565 -177.62780072282789,-4.0896010397906934,148289.24761155984 -177.64011438724782,-4.159003954652548,148428.75610078688 -177.65242912090883,-4.228403698594507,148568.53686451 -177.66474494706566,-4.297800262960292,148708.5896669971 -177.67706188898373,-4.367193639100844,148848.91427192264 -177.6893799699396,-4.436583818372764,148989.51044229767 -177.7016992132214,-4.505970792140727,149130.37794052073 -177.7140196421287,-4.5753545517758605,149271.5165283574 -177.7263412799729,-4.644735088656195,149412.92596693675 -177.73866415007788,-4.7141123941666585,149554.6060167621 -177.75098827577983,-4.7834864596994695,149696.55643772346 -177.7633136804272,-4.852857276652564,149838.77698905143 -177.77564038738197,-4.922224836432033,149981.26742938499 -177.78796842001918,-4.991589130450442,150124.02751672032 -177.80029780172708,-5.0609501501273675,150267.0570084205 -177.81262855590796,-5.130307886889707,150410.3556612518 -177.82496070597807,-5.1996623321701065,150553.92323133157 -177.8372942753677,-5.269013477409429,150697.75947416935 -177.849629287522,-5.338361314055108,150841.86414462925 -177.86196576590075,-5.407705833561537,150986.2369969909 -177.87430373397888,-5.477047027390538,151130.87778489746 -177.88664321524647,-5.546384887009776,151275.78626134887 -177.89898423320935,-5.615719403895069,151420.962178778 -177.91132681138936,-5.685050569528928,151566.4052889501 -177.92367097332414,-5.75437837540088,151712.115343036 -177.93601674256806,-5.823702813007888,151858.09209158362 -177.94836414269204,-5.893023873852783,152004.33528454817 -177.96071319728384,-5.962341549446688,152150.84467122372 -177.97306392994847,-6.031655831307374,152297.62000033745 -177.9854163643086,-6.100966710959684,152444.6610199855 -177.99777052400444,-6.170274179935999,152591.96747764142 -178.01012643269436,-6.239578229774567,152739.5391201741 -178.02248411405495,-6.308878852021965,152887.37569384705 -178.03484359178128,-6.378176038231482,153035.4769443203 -178.04720488958748,-6.44746977996353,153183.84261661576 -178.0595680312066,-6.516760068786053,153332.47245518395 -178.07193304039106,-6.58604689627298,153481.36620384493 -178.08429994091304,-6.655330254006543,153630.52360580774 -178.09666875656467,-6.7246101335757675,153779.9444036951 -178.10903951115813,-6.793886526576822,153929.6283395137 -178.1214122285262,-6.863159424613475,154079.57515467168 -178.13378693252218,-6.932428819295486,154229.78458995503 -178.14616364702087,-7.0016947022409735,154380.25638558107 -178.15854239591778,-7.070957065074881,154530.99028112958 -178.17092320313034,-7.140215899429363,154681.98601559873 -178.18330609259783,-7.2094711969441665,154833.2433273997 -178.19569108828162,-7.278722949265115,154984.76195430764 -178.2080782141653,-7.347971148046386,155136.54163353425 -178.22046749425542,-7.417215784949073,155288.5821016693 -178.23285895258138,-7.486456851641453,155440.8830947276 -178.24525261319567,-7.555694339799495,155593.444348107 -178.25764850017455,-7.6249282411052,155746.26559663733 -178.27004663761792,-7.694158547249065,155899.346574516 -178.28244704964987,-7.7633852499284615,156052.68701537646 -178.2948497604188,-7.832608340847996,156206.28665225377 -178.30725479409756,-7.901827811719987,156360.14521760214 -178.31966217488437,-7.971043654262896,156514.2624432494 -178.33207192700215,-8.040255860203606,156668.638060477 -178.34448407469964,-8.109464421275963,156823.2717999407 -178.3568986422513,-8.1786693292211,156978.1633917383 -178.36931565395773,-8.24787057578787,157133.31256536377 -178.38173513414563,-8.317068152731274,157288.71904972795 -178.39415710716852,-8.386262051814827,157444.38257315353 -178.40658159740684,-8.455452264808988,157600.30286338116 -178.41900862926818,-8.524638783491556,157756.4796475735 -178.4314382271876,-8.59382159964806,157912.91265231106 -178.44387041562806,-8.663000705070244,158069.6016035657 -178.45630521908052,-8.732176091558351,158226.54622677478 -178.4687426620642,-8.801347750919644,158383.7462467484 -178.48118276912726,-8.870515674968708,158541.20138775778 -178.49362556484644,-8.939679855527558,158698.911373472 -178.50607107382797,-9.008840284425903,158856.87592697603 -178.51851932070764,-9.07799695349976,159015.09477081161 -178.53097033015075,-9.147149854593646,159173.5676269095 -178.54342412685318,-9.21629897955911,159332.2942166448 -178.55588073554077,-9.285444320255142,159491.27426080304 -178.56834018097047,-9.354585868548478,159650.50747963306 -178.5808024879299,-9.42372361631213,159809.99359276908 -178.5932676812381,-9.492857555427648,159969.73231928697 -178.60573578574588,-9.561987677783591,160129.7233777117 -178.61820682633552,-9.63111397527608,160289.96648598387 -178.63068082792208,-9.700236439809018,160450.4613614708 -178.6431578154526,-9.769355063292503,160611.20772098168 -178.6556378139071,-9.838469837645206,160772.2052807535 -178.6681208482989,-9.907580754792932,160933.45375646092 -178.68060694367443,-9.976687806668988,161094.95286322213 -178.69309612511404,-10.045790985214323,161256.70231557023 -178.70558841773166,-10.11489028237643,161418.70182750662 -178.7180838466763,-10.183985690111207,161580.9511124334 -178.7305824371309,-10.253077200381776,161743.4498832243 -178.74308421431346,-10.322164805158542,161906.19785218485 -178.75558920347754,-10.391248496420063,162069.19473104502 -178.76809742991202,-10.460328266150894,162232.44023100656 -178.78060891894134,-10.529404106344414,162395.93406267697 -178.7931236959266,-10.598476009001068,162559.67593614047 -178.80564178626528,-10.66754396612864,162723.66556090387 -178.8181632153913,-10.736607969742973,162887.902645943 -178.83068800877587,-10.805668011866235,163052.38689965894 -178.84321619192772,-10.874724084528985,163217.11802990845 -178.85574779039322,-10.943776179769086,163382.09574399889 -178.86828282975662,-11.01282428963203,163547.31974869195 -178.8808213356409,-11.081868406170864,163712.78975018888 -178.89336333370719,-11.150908521445213,163878.50545414299 -178.90590884965602,-11.219944627523342,164044.46656567545 -178.91845790922704,-11.288976716480432,164210.6727893414 -178.93101053819973,-11.358004780399323,164377.12382917292 -178.94356676239315,-11.427028811370802,164543.81938861992 -178.9561266076669,-11.496048801491998,164710.75917063828 -178.96869009992113,-11.565064742868413,164877.94287761208 -178.98125726509696,-11.634076627613068,165045.37021137157 -178.99382812917648,-11.703084447846201,165213.0408732399 -179.00640271818358,-11.772088195696153,165380.95456398212 -179.0189810581841,-11.841087863297473,165549.11098382837 -179.03156317528587,-11.910083442793413,165717.50983245982 -179.04414909563943,-11.979074926334443,165886.15080904984 -179.0567388454381,-12.04806230607839,166055.0336122008 -179.06933245091867,-12.117045574191055,166224.15793998953 -179.08192993836101,-12.186024722844612,166393.52348999656 -179.0945313340891,-12.254999744219962,166563.12995921518 -179.10713666447126,-12.323970630504904,166732.9770441477 -179.11974595592025,-12.392937373895062,166903.06444073835 -179.13235923489358,-12.461899966593311,167073.3918444206 -179.1449765278941,-12.530858400810613,167243.95895008952 -179.15759786147035,-12.599812668764121,167414.76545212086 -179.17022326221647,-12.668762762679778,167585.81104436461 -179.18285275677292,-12.737708674790605,167757.0954201276 -179.19548637182683,-12.80665039733747,167928.61827221612 -179.2081241341123,-12.875587922567693,168100.3792928896 -179.2207660704104,-12.944521242737244,168272.37817389748 -179.23341220755023,-13.013450350109064,168444.61460647898 -179.24606257240842,-13.082375236953785,168617.0882813351 -179.25871719191034,-13.15129589554947,168789.7988886552 -179.27137609302955,-13.220212318181979,168962.74611810624 -179.2840393027889,-13.289124497143705,169135.92965884434 -179.29670684826058,-13.358032424735535,169309.34919950014 -179.3093787565663,-13.426936093265551,169483.00442820034 -179.32205505487818,-13.495835495049242,169656.8950325514 -179.33473577041812,-13.564730622410117,169831.0206996453 -179.34742093045978,-13.633621467677779,170005.38111605635 -179.36011056232692,-13.702508023190731,170179.9759678726 -179.3728046933954,-13.771390281294414,170354.8049406467 -179.3855033510927,-13.840268234341856,170529.86771941965 -179.3982065628987,-13.909141874693882,170705.16398874982 -179.41091435634556,-13.978011194717498,170880.69343266747 -179.4236267590185,-14.046876186788596,171056.45573470677 -179.43634379855635,-14.115736843290096,171232.45057789882 -179.44906550265128,-14.184593156612136,171408.67764475336 -179.46179189904925,-14.253445119152971,171585.13661730752 -179.4745230155511,-14.32229272331709,171761.8271770604 -179.48725888001226,-14.39113596151755,171938.74900504987 -179.49999952034332,-14.45997482617437,172115.90178178286 -179.5127449645103,-14.528809309715236,172293.28518728554 -179.5254952405355,-14.59763940457545,172470.8989010793 -179.53825037649685,-14.66646510319676,172648.74260219722 -179.5510104005293,-14.735286398029379,172826.8159691561 -179.56377534082483,-14.804103281530587,173005.1186799994 -179.576545225633,-14.872915746165123,173183.6504122859 -179.5893200832608,-14.941723784405424,173362.4108430427 -179.60209994207352,-15.010527388730335,173541.3996488612 -179.61488483049501,-15.079326551627167,173720.616505789 -179.62767477700825,-15.148121265590246,173900.0610894294 -179.6404698101554,-15.216911523121196,174079.733074858 -179.65326995853823,-15.28569731672964,174259.63213670414 -179.66607525081886,-15.354478638931147,174439.75794907787 -179.67888571571964,-15.42325548225012,174620.11018562247 -179.6917013820242,-15.492027839217556,174800.68851950212 -179.70452227857723,-15.560795702372292,174981.49262337424 -179.71734843428507,-15.629559064260373,175162.52216944346 -179.73017987811645,-15.69831791743454,175343.776829422 -179.74301663910202,-15.767072254455602,175525.25627454274 -179.7558587463358,-15.835822067891636,175706.96017556268 -179.76870622897516,-15.904567350317807,175888.8882027501 -179.78155911624097,-15.973308094317145,176071.04002592244 -179.79441743741816,-16.042044292478714,176253.41531441596 -179.80728122185647,-16.110775937400213,176436.01373706214 -179.8201504989701,-16.179503021685974,176618.83496225646 -179.83302529823916,-16.24822553794775,176801.87865791886 -179.84590564920924,-16.3169434788051,176985.14449149286 -179.858791581492,-16.385656836883435,177168.63212993543 -179.87168312476572,-16.4543656048168,177352.34123975586 -179.88458030877612,-16.5230697752459,177536.27148700543 -179.8974831633357,-16.59176934081882,177720.42253724666 -179.91039171832514,-16.660464294190895,177904.7940555881 -179.92330600369363,-16.729154628024972,178089.38570668496 -179.93622604945867,-16.797840334989925,178274.1971546993 -179.94915188570693,-16.866521407763162,178459.22806337202 -179.96208354259485,-16.935197839028717,178644.4780959586 -179.975021050349,-17.00386962147799,178829.94691526052 -179.98796443926588,-17.07253674780966,179015.634183619 -180.00091373971318,-17.14119921072858,179201.5395629297 -180.01386898212994,-17.209857002948084,179387.66271461835 -180.02683019702667,-17.278510117187842,179574.00329965792 -180.03979741498645,-17.347158546175084,179760.56097858353 -180.0527706666646,-17.415802282644247,179947.33541146797 -180.0657499827898,-17.484441319335875,180134.3262579226 -180.078735394164,-17.55307564899868,180321.53317712183 -180.09172693166326,-17.621705264387984,180508.9558277929 -180.10472462623804,-17.690330158266406,180696.59386820704 -180.1177285089138,-17.758950323403898,180884.44695619526 -180.13073861079081,-17.827565752576223,181072.51474913166 -180.14375496304584,-17.89617643856741,181260.79690396934 -180.1567775969314,-17.964782374168248,181449.29307719442 -180.1698065437768,-18.033383552176232,181638.00292485455 -180.1828418349887,-18.101979965396474,181826.9261025765 -180.19588350205098,-18.170571606639875,182016.0622655219 -180.20893157652617,-18.239158468725353,182205.4110684297 -180.2219860900548,-18.307740544478616,182394.97216561073 -180.2350470743568,-18.376317826732027,182584.74521089997 -180.24811456123152,-18.444890308325387,182774.7298577404 -180.26118858255833,-18.513457982104367,182964.92575911697 -180.27426917029672,-18.582020840922596,183155.33256759163 -180.2873563564875,-18.650578877640108,183345.94993528226 -180.30045017325304,-18.71913208512398,183536.77751390875 -180.3135506527971,-18.787680456248413,183727.8149547216 -180.32665782740625,-18.856223983893305,183919.06190855982 -180.33977172944967,-18.924762660946485,184110.51802584532 -180.3528923913801,-18.993296480302387,184302.1829565537 -180.36601984573392,-19.061825434862076,184494.0563502524 -180.3791541251322,-19.130349517533745,184686.13785608657 -180.39229526228067,-19.198868721231424,184878.4271227623 -180.40544328997018,-19.267383038876694,185070.9237985722 -180.418598241078,-19.33589246339779,185263.62753140595 -180.4317601485673,-19.404396987729466,185456.53796870285 -180.44492904548846,-19.472896604813613,185649.65475751387 -180.4581049649788,-19.54139130759775,185842.97754446266 -180.4712879402638,-19.609881089036946,186036.50597574018 -180.48447800465752,-19.678365942092775,186230.23969715636 -180.49767519156248,-19.746845859733362,186424.1783540772 -180.5108795344713,-19.815320834933676,186618.3215914751 -180.52409106696578,-19.883790860674463,186812.66905390567 -180.53730982271887,-19.95225592994374,187007.22038552622 -180.55053583549417,-20.020716035736058,187201.97523006253 -180.56376913914696,-20.08917117105226,187396.93323084683 -180.57700976762462,-20.15762132889985,187592.09403081794 -180.59025775496693,-20.226066502293246,187787.45727248085 -180.6035131353071,-20.294506684251907,187983.02259797082 -180.61677594287195,-20.362941867803166,188178.78964898345 -180.63004621198243,-20.43137204598033,188374.75806685886 -180.64332397705428,-20.499797211823445,188570.92749248754 -180.6566092725985,-20.568217358377904,188767.29756639645 -180.66990213322234,-20.636632478696505,188963.86792869025 -180.68320259362892,-20.70504256583803,189160.6382191143 -180.69651068861876,-20.773447612867717,189357.6080769771 -180.7098264530898,-20.84184761285698,189554.77714120422 -180.723149922038,-20.910242558883787,189752.1450503507 -180.73648113055813,-20.97863244403165,189949.71144255958 -180.74982011384392,-21.047017261390934,190147.47595558575 -180.7631669071893,-21.115397004058163,190345.43822679186 -180.77652154598817,-21.183771665136092,190543.5978931671 -180.78988406573572,-21.252141237733845,190741.95459129175 -180.80325450202847,-21.32050571496559,190940.50795738114 -180.81663289056516,-21.38886508995284,191139.2576272537 -180.83001926714687,-21.45721935582278,191338.20323635187 -180.8434136676785,-21.525568505708765,191537.34441972838 -180.85681612816862,-21.59391253275039,191736.68081205492 -180.87022668473,-21.662251430092336,191936.21204764303 -180.88364537358078,-21.730585190886398,192135.9377603953 -180.89707223104463,-21.79891380828986,192335.85758385953 -180.91050729355143,-21.867237275465907,192535.97115119928 -180.92395059763814,-21.93555558558448,192736.27809519754 -180.9374021799488,-22.00386873181966,192936.77804827312 -180.95086207723605,-22.07217670735293,193137.47064246962 -180.9643303263608,-22.140479505371246,193338.35550945863 -180.9778069642933,-22.20877711906732,193539.43228054015 -180.99129202811397,-22.27706954163989,193740.70058665468 -181.00478555501374,-22.34535676629266,193942.16005835155 -181.0182875822945,-22.41363878623588,194143.81032584253 -181.03179814737027,-22.481915594685344,194345.65101895103 -181.0453172877673,-22.550187184862537,194547.68176715437 -181.058845041125,-22.6184535499949,194749.90219956535 -181.07238144519644,-22.686714683314488,194952.3119449013 -181.08592653784913,-22.75497057805995,195154.91063157824 -181.0994803570658,-22.823221227475116,195357.69788760736 -181.11304294094427,-22.891466624809585,195560.67334065397 -181.12661432769923,-22.95970676331883,195763.83661802916 -181.14019455566213,-23.027941636262383,195967.18734668865 -181.15378366328216,-23.096171236906674,196170.72515323464 -181.1673816891267,-23.16439555852298,196374.4496639172 -181.18098867188203,-23.232614594388217,196578.3605046225 -181.19460465035448,-23.30082833778486,196782.45730090278 -181.20822966347012,-23.36903678199958,196986.73967795615 -181.2218637502763,-23.437239920325663,197191.2072606242 -181.23550694994228,-23.505437746061087,197395.85967341304 -181.24915930175925,-23.573630252509236,197600.69654046008 -181.26282084514187,-23.641817432979035,197805.71748560114 -181.276491619628,-23.709999280783386,198010.9221322882 -181.2901716648806,-23.7781757892416,198216.31010365576 -181.30386102068715,-23.846346951677546,198421.88102246483 -181.3175597269615,-23.914512761420408,198627.63451118517 -181.33126782374373,-23.98267321180459,198833.57019191302 -181.3449853512013,-24.050828296168582,199039.68768640893 -181.35871234962966,-24.118978007856747,199245.9866161168 -181.37244885945293,-24.187122340218192,199452.46660212064 -181.3861949212247,-24.255261286606896,199659.1272652005 -181.39995057562854,-24.3233948403816,199865.96822577476 -181.4137158634792,-24.391522994906563,200072.9891039645 -181.4274908257228,-24.45964574354935,200280.1895195243 -181.44127550343805,-24.52776307968366,200487.5690918991 -181.45506993783633,-24.595874996687602,200695.12744020115 -181.46887417026343,-24.663981487943712,200902.8641832306 -181.48268824219966,-24.732082546839834,201110.77893944265 -181.49651219525995,-24.800178166767154,201318.87132698356 -181.5103460711962,-24.868268341122636,201527.14096366006 -181.52418991189708,-24.936353063307372,201735.58746697957 -181.53804375938861,-25.00443232672705,201944.21045411486 -181.55190765583527,-25.072506124792103,202153.0095419332 -181.56578164354087,-25.140574450916283,202361.98434697263 -181.57966576494928,-25.208637298518987,202571.13448544012 -181.5935600626448,-25.27669466102341,202780.45957326904 -181.60746457935377,-25.344746531857215,202989.95922604637 -181.6213793579444,-25.412792904452672,203199.63305904582 -181.63530444142836,-25.480833772245155,203409.48068725274 -181.6492398729612,-25.54886912867528,203619.50172532463 -181.66318569584334,-25.61689896718753,203829.69578762076 -181.67714195352042,-25.684923281230567,204040.06248817727 -181.69110868958504,-25.75294206425727,204250.60144072692 -181.70508594777644,-25.820955309723683,204461.3122587218 -181.71907377198212,-25.88896301109083,204672.19455528964 -181.73307220623863,-25.956965161823213,204883.24794325602 -181.74708129473217,-26.024961755389477,205094.4720351348 -181.76110108179924,-26.092952785262273,205305.8664431645 -181.775131611928,-26.160938244917062,205517.4307792731 -181.78917292975862,-26.22891812783421,205729.16465508295 -181.8032250800848,-26.29689242749723,205941.067681935 -181.81728810785356,-26.36486113739363,206153.1394708717 -181.83136205816746,-26.432824251014797,206365.37963262232 -181.84544697628402,-26.500781761854412,206577.78777765087 -181.85954290761802,-26.56873366341101,206790.36351611064 -181.87364989774127,-26.63667994918627,207003.1064578798 -181.8877679923839,-26.704620612685183,207216.0162125462 -181.90189723743563,-26.772555647416652,207429.09238937203 -181.9160376789459,-26.840485046891697,207642.33459739716 -181.9301893631255,-26.90840880462592,207855.7424453239 -181.94435233634655,-26.976326914137623,208069.31554160648 -181.95852664514493,-27.044239368948404,208283.05349438966 -181.9727123362196,-27.112146162583507,208496.9559115556 -181.9869094564343,-27.180047288569888,208711.0224006825 -182.0011180528185,-27.247942740439004,208925.25256909773 -182.01533817256816,-27.31583251172476,209139.6460238348 -182.02956986304687,-27.383716595964152,209354.20237165267 -182.0438131717863,-27.451594986697184,209568.9212190455 -182.05806814648773,-27.51946767746605,209783.80217221743 -182.07233483502264,-27.58733466181633,209998.8448371126 -182.0866132854338,-27.655195933296586,210214.04881938588 -182.10090354593652,-27.723051485457585,210429.41372445165 -182.11520566491888,-27.790901311852952,210644.9391574271 -182.12951969094334,-27.858745406039326,210860.6247231748 -182.1438456727478,-27.926583761574687,211076.47002628204 -182.1581836592459,-27.99441637202064,211292.47467108353 -182.1725336995286,-28.062243230940858,211508.63826165727 -182.1868958428652,-28.130064331901814,211724.9604017935 -182.2012701387039,-28.19787966847111,211941.44069502846 -182.21565663667323,-28.265689234219806,212158.07874464546 -182.23005538658296,-28.33349302272067,212374.87415367475 -182.244466438425,-28.401291027548904,212591.82652486948 -182.25888984237443,-28.469083242281457,212808.93546073735 -182.27332564879114,-28.536869660498002,213026.20056354842 -182.2877739082194,-28.604650275778834,213243.62143527326 -182.30223467139095,-28.672425081707406,213461.19767767919 -182.316707989224,-28.740194071868682,213678.9288922472 -182.33119391282597,-28.807957239849447,213896.8146802328 -182.34569249349377,-28.875714579238572,214114.85464262555 -182.36020378271436,-28.943466083625495,214333.04838017025 -182.37472783216722,-29.01121174660233,214551.39549336553 -182.38926469372424,-29.078951561762423,214769.89558247206 -182.40381441945127,-29.14668552270084,214988.54824750518 -182.41837706160922,-29.214413623014064,215207.3530882292 -182.43295267265503,-29.282135856299195,215426.309704165 -182.447541305243,-29.34985221615553,215645.4176946189 -182.46214301222582,-29.41756269618338,215864.67665862115 -182.4767578466556,-29.485267289984236,216084.08619498916 -182.49138586178506,-29.552965991161052,216303.64590229778 -182.50602711106885,-29.62065879331663,216523.35537889006 -182.52068164816407,-29.688345690056103,216743.214222868 -182.53534952693266,-29.75602667498494,216963.2220320955 -182.55003080144124,-29.823701741709627,217183.3784042257 -182.56472552596298,-29.891370883837784,217403.6829366615 -182.57943375497868,-29.959034094976545,217624.13522660284 -182.594155543178,-30.02669136873494,217844.73487097878 -182.60889094546027,-30.094342698722215,218065.48146653236 -182.62364001693643,-30.161988078548013,218286.37460976015 -182.63840281292946,-30.229627501822993,218507.4138969485 -182.6531793889761,-30.297260962156745,218728.5989241526 -182.66796980082776,-30.364888453160823,218949.92928719695 -182.6827741044522,-30.432509968446187,219171.40458171055 -182.69759235603422,-30.50012550162411,219393.02440308433 -182.71242461197718,-30.56773504630641,219614.7883464933 -182.72727092890435,-30.63533859610376,219836.69600689271 -182.74213136365998,-30.702936144627888,220058.74697904204 -182.75700597331044,-30.770527685490038,220280.94085746963 -182.77189481514617,-30.83811321230129,220503.2772364894 -182.78679794668219,-30.905692718672768,220725.75571022165 -182.80171542565975,-30.97326619821423,220948.37587256564 -182.81664731004744,-31.040833644536026,221171.13731720336 -182.83159365804303,-31.10839505124768,221394.03963761014 -182.84655452807405,-31.175950411958215,221617.08242707056 -182.8615299787996,-31.243499720276223,221840.26527865455 -182.8765200691116,-31.311042969808536,222063.5877852342 -182.8915248581359,-31.378580154162368,222287.04953945772 -182.90654440523414,-31.446111266943454,222510.65013380197 -182.92157877000457,-31.513636301756925,222734.38916052523 -182.93662801228376,-31.58115525220695,222958.26621169227 -182.95169219214776,-31.648668111895354,223182.28087916184 -182.9667713699138,-31.71617487442423,223406.43275460994 -182.9818656061411,-31.783675533393833,223630.72142950338 -182.99697496163301,-31.851170082402962,223855.14649513623 -183.01209949743802,-31.918658515048985,224079.70754258815 -183.02723927485133,-31.98614082492828,224304.40416275262 -183.04239435541555,-32.05361700563426,224529.23594633056 -183.0575648009236,-32.12108705075979,224754.20248385385 -183.0727506734191,-32.18855095389566,224979.30336564092 -183.08795203519773,-32.25600870863068,225204.53818184425 -183.10316894880955,-32.323460308552235,225429.90652241558 -183.11840147705956,-32.39090574724429,225655.40797711958 -183.13364968301002,-32.45834501829,225881.0421355612 -183.14891362998085,-32.525778115269716,226106.80858713848 -183.16419338155268,-32.5932050317616,226332.70692110076 -183.17948900156713,-32.66062576134178,226558.73672647492 -183.19480055412825,-32.72804029758269,226784.89759214947 -183.21012810360534,-32.795448634055234,227011.18910681206 -183.22547171463336,-32.8628507643274,227237.61085898528 -183.2408314521147,-32.930246681964384,227464.16243702735 -183.25620738122095,-32.997636380528704,227690.84342909287 -183.27159956739447,-33.06501985357895,227917.65342319972 -183.2870080763498,-33.13239709467172,228144.5920071689 -183.3024329740754,-33.199768097360106,228371.65876867835 -183.31787432683544,-33.267132855193914,228598.85329521514 -183.33333220117092,-33.33449136171995,228826.17517410693 -183.34880666390168,-33.40184361048051,229053.62399252006 -183.36429778212815,-33.46918959501532,229281.19933744476 -183.37980562323244,-33.53652930886032,229508.90079574124 -183.3953302548808,-33.60386274554748,229736.7279540535 -183.4108717450247,-33.67118989860544,229964.68039893807 -183.42643016190263,-33.73851076155755,230192.7577167078 -183.44200557404181,-33.80582532792465,230420.9594935892 -183.45759805026032,-33.873133591222576,230649.28531560523 -183.47320765966813,-33.94043554496312,230877.73476865506 -183.4888344716692,-34.00773118265425,231106.3074384628 -183.50447855596317,-34.07502049779799,231335.00291061585 -183.52013998254736,-34.14230348389316,231563.82077051865 -183.53581882171804,-34.209580134433416,231792.76060348423 -183.55151514407268,-34.276850442907815,232021.82199461103 -183.56722902051158,-34.34411440280061,232251.00452889552 -183.58296052223906,-34.41137200759002,232480.30779116697 -183.59870972076678,-34.478623250750374,232709.7313660976 -183.6144766879141,-34.545868125750374,232939.2748382512 -183.63026149581057,-34.613106626053316,233168.93779201867 -183.64606421689754,-34.68033874511741,233398.71981164857 -183.6618849239305,-34.747564476394274,233628.62048127796 -183.67772368998024,-34.8147838133309,233858.63938486925 -183.69358058843548,-34.88199674936818,234088.77610627192 -183.70945569300417,-34.94920327794096,234319.0302291753 -183.725349077716,-35.01640339247855,234549.40133717147 -183.74126081692347,-35.083597086403024,234779.88901367135 -183.7571909853049,-35.15078435313127,235010.49284198182 -183.77313965786553,-35.217965186073414,235241.2124052725 -183.78910690993993,-35.28513957863312,235472.04728657752 -183.8050928171938,-35.3523075242078,235702.99706880868 -183.82109745562602,-35.41946901618694,235934.06133474314 -183.83712090157073,-35.48662404795432,236165.23966703092 -183.85316323169937,-35.55377261288649,236396.5316482003 -183.8692245230226,-35.62091470435269,236627.93686064472 -183.88530485289235,-35.688050315715486,236859.4548866561 -183.90140429900387,-35.755179440328774,237091.08530837952 -183.91752293939825,-35.82230207154024,237322.82770785343 -183.9336608524637,-35.889418202689484,237554.68166700203 -183.94981811693836,-35.956527827108424,237786.64676760492 -183.96599481191228,-36.02363093812108,238018.722591361 -183.98219101682943,-36.090727529043924,238250.90871981726 -183.9984068114895,-36.15781759318395,238483.204734427 -184.01464227605098,-36.22490112384124,238715.61021652192 -184.03089749103245,-36.291978114307,238948.1247473394 -184.0471725373155,-36.35904855786381,239180.7479079709 -184.06346749614656,-36.42611244778624,239413.4792794371 -184.07978244913872,-36.493169777338544,239646.31844260808 -184.0961174782752,-36.56022053977748,239879.26497828812 -184.11247266591025,-36.62726472835017,240112.31846715152 -184.12884809477228,-36.694302336294506,240345.47848975845 -184.14524384796593,-36.76133335683958,240578.74462658618 -184.16166000897428,-36.82835778320364,240812.11645801048 -184.17809666166127,-36.89537560859638,241045.59356428756 -184.1945538902742,-36.962386826217646,241279.1755255804 -184.2110317794458,-37.02939142925691,241512.86192196567 -184.2275304141967,-37.09638941089434,241746.65233339393 -184.24404987993793,-37.16338076429855,241980.5463397521 -184.26059026247341,-37.2303654826287,242214.5435208047 -184.2771516480021,-37.297343559033486,242448.6434562466 -184.29373412312046,-37.36431498665065,242682.84572565273 -184.31033777482546,-37.43127975860764,242917.1499085313 -184.3269626905163,-37.498237868019466,243151.5555842744 -184.34360895799742,-37.5651893079915,243386.06233221194 -184.3602766654807,-37.632134071617266,243620.66973155923 -184.37696590158825,-37.69907215197882,243855.37736146935 -184.39367675535513,-37.766003542147274,244090.18480099516 -184.41040931623118,-37.832928235180376,244325.09162910146 -184.42716367408448,-37.89984622412553,244560.0974246802 -184.4439399192036,-37.966757502017316,244795.2017665341 -184.46073814229973,-38.03366206187836,245030.40423339882 -184.47755843451048,-38.1005598967191,245265.70440389498 -184.49440088740144,-38.16745099953639,245501.1018566141 -184.5112655929693,-38.23433536331519,245736.59617003187 -184.52815264364475,-38.30121298102765,245972.1869225595 -184.5450621322951,-38.36808384563251,246207.8736925289 -184.56199415222667,-38.43494795007571,246443.65605821367 -184.57894879718796,-38.50180528728865,246679.53359780155 -184.59592616137226,-38.56865585019036,246915.5058894064 -184.61292633942068,-38.63549963168562,247151.57251108674 -184.62994942642447,-38.702336624665456,247387.7330408172 -184.6469955179288,-38.76916682200701,247623.98705649874 -184.6640647099343,-38.83599021657202,247860.33413599437 -184.68115709890114,-38.902806801208904,248096.77385707913 -184.6982727817514,-38.96961656875118,248333.30579745097 -184.71541185587208,-39.03641951201748,248569.92953478688 -184.7325744191181,-39.1032156238117,248806.64464665568 -184.74976056981504,-39.17000489692152,249043.45071060484 -184.76697040676257,-39.2367873241205,249280.34730409188 -184.7842040292372,-39.303562898166,249517.3340045321 -184.80146153699528,-39.370331611799905,249754.41038927293 -184.81874303027612,-39.43709345774781,249991.5760356183 -184.8360486098055,-39.50384842872003,250228.83052082025 -184.85337837679762,-39.57059651740904,250466.17342205477 -184.87073243295978,-39.637337716492176,250703.6043164644 -184.88811088049428,-39.70407201862959,250941.1227811237 -184.90551382210228,-39.77079941646443,251178.72839308748 -184.92294136098698,-39.83751990262338,251416.42072931884 -184.9403936008562,-39.904233469714434,251654.19936677915 -184.9578706459266,-39.9709401103294,251892.06388234932 -184.9753726009262,-40.03763981704188,252130.01385288444 -184.99289957109804,-40.1043325824077,252368.04885516575 -185.0104516622034,-40.171018398964755,252606.16846597046 -185.0280289805253,-40.2376972592316,252844.3722620095 -185.04563163287148,-40.30436915570958,253082.65981996024 -185.06325972657848,-40.37103408088051,253321.03071646334 -185.0809133695141,-40.4376920272076,253559.48452811415 -185.09859267008235,-40.504342987135146,253798.02083145696 -185.1162977372251,-40.570986953086866,254036.63920305204 -185.13402868042678,-40.63762391746812,254275.33921935374 -185.15178560971796,-40.704253872664076,254514.12045683878 -185.16956863567802,-40.77087681103975,254752.9824919128 -185.18737786943998,-40.837492724940326,254991.9249009904 -185.20521342269282,-40.90410160668949,255230.94726041716 -185.22307540768597,-40.97070344859113,255470.04914653706 -185.24096393723298,-41.03729824292805,255709.23013564025 -185.25887912471475,-41.10388598196165,255948.48980401727 -185.2768210840837,-41.17046665793253,256187.8277279107 -185.294789929867,-41.237040263058425,256427.24348355125 -185.31278577717117,-41.30360678953634,256666.73664714186 -185.33080874168488,-41.37016622954083,256906.30679485673 -185.34885893968394,-41.43671857522404,257145.95350287584 -185.36693648803427,-41.50326381871601,257385.67634731965 -185.38504150419558,-41.56980195212265,257625.47490432672 -185.40317410622694,-41.6363329675283,257865.3487499811 -185.4213344127888,-41.70285685699325,258105.29746038537 -185.43952254314817,-41.7693736125544,258345.32061161383 -185.45773861718217,-41.83588322622515,258585.4177797149 -185.47598275538215,-41.90238568999376,258825.58854073283 -185.49425507885812,-41.968880995825344,259065.83247071414 -185.51255570934242,-42.035369135659934,259306.1491456666 -185.53088476919388,-42.10185010141284,259546.538141618 -185.54924238140282,-42.16832388497475,259786.99903455254 -185.56762866959397,-42.234790478209675,260027.53140047082 -185.58604375803154,-42.301249872957236,260268.1348153805 -185.60448777162358,-42.36770206103094,260508.8088552505 -185.62296083592597,-42.43414703421791,260749.55309607877 -185.641463077147,-42.50058478427936,260990.36711382246 -185.65999462215112,-42.56701530294867,261231.25048447424 -185.67855559846467,-42.63343858193349,261472.2027840068 -185.69714613427894,-42.69985461291363,261713.22358838675 -185.71576635845585,-42.7662633875416,261954.31247361522 -185.7344164005311,-42.832664897442434,262195.4690156501 -185.7530963907204,-42.89905913421184,262436.6927904903 -185.7718064599226,-42.96544608941837,262677.9833741303 -185.79054673972522,-43.0318257546017,262919.3403425485 -185.80931736240908,-43.09819812127233,263160.7632717663 -185.82811846095208,-43.16456318091199,263402.25173778564 -185.8469501690354,-43.230920924971876,263643.8053166353 -185.86581262104696,-43.29727134487422,263885.42358434526 -185.88470595208756,-43.36361443201104,264127.10611695796 -185.9036302979741,-43.42995017774378,264368.85249053617 -185.92258579524602,-43.496278573402975,264610.6622811522 -185.9415725811697,-43.56259961028894,264852.53506489337 -185.96059079374285,-43.628913279669206,265094.4704178462 -185.97964057170046,-43.695219572780736,265336.4679161519 -185.99872205451933,-43.76151848082831,265578.52713593683 -186.01783538242344,-43.82780999498434,265820.6476533589 -186.03698069638867,-43.89409410638903,266062.8290446161 -186.05615813814845,-43.96037080614853,266305.07088588027 -186.07536785019894,-44.02664008533681,266547.372753394 -186.09460997580405,-44.09290193499392,266789.734223402 -186.11388465900077,-44.159156346125954,267032.1548721793 -186.133192044605,-44.2254033097053,267274.63427601755 -186.1525322782164,-44.29164281666839,267517.17201125884 -186.1719055062239,-44.35787485791805,267759.7676542328 -186.19131187581164,-44.42409942432141,268002.42078134394 -186.21075153496392,-44.49031650671004,268245.13096900785 -186.23022463247148,-44.556526095879754,268487.897793666 -186.249731317936,-44.622728182589285,268730.72083179065 -186.26927174177715,-44.68892275756145,268973.5996599047 -186.28884605523766,-44.75510981148198,269216.5338545594 -186.30845441038846,-44.82128933499916,269459.522992333 -186.32809696013587,-44.88746131872381,269702.56664984406 -186.34777385822602,-44.953625753227634,269945.6644037703 -186.36748525925205,-45.019782629045054,270188.815830795 -186.38723131865922,-45.08593193667117,270432.0205076546 -186.4070121927509,-45.15207366656212,270675.2780111456 -186.42682803869567,-45.2182078091345,270918.58791808895 -186.4466790145319,-45.284334354763935,271161.9498053465 -186.466565279175,-45.35045329378713,271405.3632498408 -186.4864869924235,-45.416564616499265,271648.8278285162 -186.50644431496497,-45.48266831315472,271892.3431183832 -186.52643740838235,-45.54876437396652,272135.9086965082 -186.54646643516062,-45.61485278910479,272379.5241399697 -186.5665315586933,-45.680933548698526,272623.1890259437 -186.58663294328838,-45.74700664283368,272866.9029316207 -186.60677075417553,-45.8130720615527,273110.66543426475 -186.62694515751193,-45.879129794855395,273354.4761111871 -186.64715632039005,-45.945179832696375,273598.33453974646 -186.66740441084264,-46.01122216498681,273842.2402973592 -186.6876895978513,-46.077256781592965,274086.19296150777 -186.7080120513522,-46.143283672335826,274330.192109728 -186.72837194224306,-46.209302826991184,274574.2373196062 -186.74876944239062,-46.2753142352876,274818.32816880255 -186.7692047246371,-46.341317886908364,275062.46423502144 -186.78967796280742,-46.40731377148936,275306.6450960493 -186.8101893317161,-46.4733018786192,275550.870329719 -186.83073900717508,-46.53928219783901,275795.13951392967 -186.85132716600023,-46.60525471864061,276039.45222664985 -186.87195398601878,-46.67121943046815,276283.80804592103 -186.89261964607718,-46.737176322716365,276528.20654983463 -186.91332432604807,-46.80312538473019,276772.64731655805 -186.93406820683745,-46.86906660580464,277017.1299243371 -186.95485147039338,-46.93499997518449,277261.6539514905 -186.97567429971215,-47.00092548206226,277506.2189763744 -186.99653687884702,-47.0668431155803,277750.8245774547 -187.01743939291546,-47.13275286482828,277995.470333255 -187.0383820281074,-47.19865471884405,278240.1558223769 -187.05936497169225,-47.26454866661134,278484.880623495 -187.08038841202804,-47.330434697061506,278729.6443153646 -187.10145253856828,-47.396312799071374,278974.4464768191 -187.12255754187103,-47.462182961463654,279219.28668674803 -187.14370361360622,-47.52804517300582,279464.1645241715 -187.16489094656473,-47.5938994224104,279709.0795681339 -187.1861197346656,-47.65974569833277,279954.03139779525 -187.2073901729655,-47.72558398937288,280199.0195923908 -187.22870245766657,-47.791414284073234,280444.04373123933 -187.25005678612538,-47.85723657091885,280689.10339373513 -187.2714533568607,-47.92305083833703,280934.19815937674 -187.29289236956296,-47.98885707469521,281179.32760774216 -187.31437402510275,-48.05465526830292,281424.4913184845 -187.33589852553948,-48.12044540740933,281669.6888713641 -187.35746607413094,-48.18622748020357,281914.9198462148 -187.37907687534144,-48.25200147481424,282160.183822981 -187.4007311348507,-48.31776737930729,282405.48038167984 -187.4224290595644,-48.38352518168805,282650.80910243525 -187.44417085762203,-48.44927486989853,282896.1695654611 -187.4659567384068,-48.51501643181808,283141.5613510685 -187.4877869125548,-48.5807498552624,283386.9840396417 -187.50966159196471,-48.64647512798182,283632.43721171236 -187.5315809898074,-48.712192237662954,283877.92044786003 -187.5535453205347,-48.777901171926544,284123.43332878646 -187.57555479989085,-48.84360191832716,284368.9754352833 -187.59760964492042,-48.90929446435317,284614.546348267 -187.61971007397958,-48.974978797424306,284860.14564873034 -187.64185630674538,-49.040654904893586,285105.7729177806 -187.66404856422642,-49.106322774045054,285351.42773661594 -187.6862870687721,-49.171982392093554,285597.10968657763 -187.70857204408404,-49.2376337461845,285842.8183490628 -187.7309037152252,-49.30327682339165,286088.5533056038 -187.75328230863155,-49.368911610718605,286334.3141378315 -187.7757080521222,-49.434538095097004,286580.10042751435 -187.79818117490922,-49.50015626338592,286825.9117564826 -187.82070190760967,-49.56576610237186,287071.74770671746 -187.84327048225558,-49.63136759876594,287317.6078602901 -187.865887132305,-49.69696073920637,287563.4917993893 -187.88855209265355,-49.76254551025559,287809.3991063328 -187.91126559964508,-49.82812189840022,288055.3293635437 -187.934027891083,-49.89368989005078,288301.28215354047 -187.95683920624137,-49.95924947153931,288547.2570589838 -187.97969978587722,-50.024800629120904,288793.25366265734 -188.00260987224104,-50.09034334897171,289039.2715474426 -188.02556970908913,-50.15587761718833,289285.3102963562 -188.0485795416952,-50.2214034197878,289531.36949252326 -188.0716396168621,-50.286920742704766,289777.44871919963 -188.09475018293378,-50.35242957179379,290023.54755976907 -188.117911489808,-50.41792989282615,290269.66559772886 -188.14112378894768,-50.483421691490484,290515.8024167033 -188.16438733339388,-50.54890495339146,290761.9576004463 -188.18770237777753,-50.61437966404814,291008.13073283335 -188.2110691783328,-50.67984580889514,291254.32139787683 -188.2344879929095,-50.74530337328048,291500.5291797137 -188.2579590809855,-50.810752342464916,291746.75366259087 -188.28148270368015,-50.87619270162164,291992.99443091935 -188.30505912376694,-50.94162443583527,292239.2510692281 -188.32868860568684,-51.007047530099925,292485.5231621769 -188.35237141556158,-51.07246196932038,292731.8102945378 -188.37610782120683,-51.137867738309986,292978.1120512715 -188.3998980921463,-51.20326482178994,293224.4280174149 -188.42374249962475,-51.26865320438921,293470.7577781825 -188.44764131662205,-51.33403287064153,293717.1009189078 -188.47159481786704,-51.39940380498739,293963.4570250649 -188.49560327985174,-51.46476599177147,294209.8256822648 -188.51966698084559,-51.53011941524203,294456.2064762701 -188.5437862009093,-51.59546405955034,294702.59899296466 -188.5679612219096,-51.66079990874852,294949.00281839655 -188.59219232753426,-51.7261269467908,295195.41753875086 -188.6164798033059,-51.7914451575308,295441.8427403413 -188.64082393659774,-51.85675452472156,295688.2780096485 -188.66522501664818,-51.922055032014434,295934.7229332773 -188.6896833345759,-51.98734666295681,296181.1770979987 -188.71419918339527,-52.05262940099361,296427.6400907216 -188.7387728580321,-52.117903229464645,296674.11149849533 -188.76340465533875,-52.183168131603885,296920.5909085467 -188.78809487411021,-52.24842409053913,297167.07790821814 -188.81284381509974,-52.313671089289485,297413.572085025 -188.8376517810353,-52.37890911076618,297660.07302663394 -188.8625190766356,-52.4441381377708,297906.58032086666 -188.8874460086262,-52.509358152993784,298153.09355567174 -188.9124328857565,-52.5745691390146,298399.61231920664 -188.937480018816,-52.63977107829866,298646.13619972114 -188.96258772065156,-52.70496395319853,298892.6647856685 -188.98775630618408,-52.770147745951675,299139.1976656489 -189.01298609242602,-52.835322438679526,299385.73442840704 -189.03827739849854,-52.90048801338692,299632.2746628782 -189.0636305456488,-52.96564445195919,299878.817958104 -189.0890458572682,-53.03079173616382,300125.3639033566 -189.11452365890992,-53.09592984764724,300371.9120880097 -189.14006427830694,-53.16105876793467,300618.4621016407 -189.16566804539056,-53.22617847842879,300865.0135339722 -189.1913352923082,-53.29128896040755,301111.5659748962 -189.21706635344296,-53.35639019502485,301358.1190144742 -189.24286156543113,-53.42148216330845,301604.6722429188 -189.26872126718249,-53.486564846158295,301851.2252506428 -189.2946457998987,-53.55163822434664,302097.7776281976 -189.3206355070922,-53.616702278514495,302344.3289663135 -189.34557414696647,-53.67897509141554,302580.33509189385 -189.34669073460682,-53.68175698917328,302590.878855902 -189.372811830637,-53.74680233670178,302837.426888017 -189.39899914574752,-53.81183830134542,303083.9726539223 -189.4252530328939,-53.87686486321502,303330.5157450369 -189.45157384744246,-53.94188200228462,303577.0557529397 -189.47796194719135,-54.006889698391916,303823.59226941434 -189.50441769239066,-54.07188793123578,304070.1248863909 -189.53094144576377,-54.136876680375195,304316.6531960033 -189.55753357252863,-54.201855925227825,304563.1767905458 -189.58419444041883,-54.26682564506929,304809.6952624972 -189.6109244197048,-54.33178581903014,305056.20820451196 -189.63772388321664,-54.39673642609683,305302.71520941705 -189.66459320636537,-54.461677445108734,305549.21587024693 -189.69153276716574,-54.526608854757555,305795.7097801862 -189.71854294625788,-54.59153063358432,306042.1965326266 -189.74562412693084,-54.65644275998066,306288.6757211396 -189.77277669514527,-54.72134521218498,306535.14693946706 -189.8000010395563,-54.78623796828241,306781.60978155275 -189.82729755153733,-54.85112100620255,307028.0638415044 -189.8546666252037,-54.915994303718655,307274.50871365 -189.88210865743608,-54.98085783844463,307520.9439924838 -189.90962404790517,-55.045711587835875,307767.3692726889 -189.93721319909596,-55.11055552918598,308013.78414913936 -189.96487651633223,-55.175389639625784,308260.18821691046 -189.99261440780177,-55.24021389612214,308506.58107126254 -190.02042728458062,-55.30502827547458,308752.9623076397 -190.04831556065992,-55.36983275431645,308999.33152168634 -190.07627965297044,-55.43462730911135,309245.6883092512 -190.10431998140913,-55.499411916152084,309492.0322663692 -190.1324369688651,-55.56418655155934,309738.36298925825 -190.16063104124592,-55.62895119127859,309984.6800743429 -190.18890262750497,-55.69370581108052,310230.98311826645 -190.21725215966788,-55.75845038655796,310477.2717178301 -190.24568007286038,-55.82318489312447,310723.54547006305 -190.2741868053357,-55.88790930601288,310969.8039721874 -190.30277279850188,-55.952623600272325,311216.0468216306 -190.3314384969514,-56.01732775076833,311462.2736159977 -190.3601843484884,-56.0820217321799,311708.4839531309 -190.38901080415783,-56.1467055189977,311954.677431061 -190.4179183182753,-56.21137908552277,312200.8536480211 -190.4469073484548,-56.276042405863464,312447.012202437 -190.47597835564048,-56.340695453935226,312693.15269295993 -190.50513180413523,-56.40533820345762,312939.2747184392 -190.5343681616317,-56.4699706279527,313185.37787794304 -190.56368789924298,-56.5345927007434,313431.4617707273 -190.59309149153293,-56.59920439495013,313677.5259962775 -190.62257941654858,-56.663805683490786,313923.5701542711 -190.6521521558511,-56.72839653907784,314169.5938446015 -190.68181019454832,-56.79297693421602,314415.5966673801 -190.71155402132652,-56.85754684120104,314661.578222942 -190.7413841284833,-56.922106232116064,314907.5381117928 -190.77130101196136,-56.98665507883139,315153.47593470727 -190.80130517138096,-57.0511933530015,315399.3912926237 -190.83139711007428,-57.11572102606294,315645.2837867409 -190.8615773351195,-57.180238069232246,315891.1530184432 -190.89184635737504,-57.24474445350298,316136.99858933385 -190.92220469151496,-57.309240149645056,316382.8201012567 -190.95265285606368,-57.37372512820144,316628.61715625704 -190.9831913734324,-57.43819935948614,316874.38935659383 -191.0138207699542,-57.5026628135819,317120.1363047621 -191.04454157592144,-57.56711546033832,317365.8576034695 -191.07535432562182,-57.63155726936778,317611.5528556645 -191.1062595573761,-57.695988210045805,317857.22166446625 -191.13725781357576,-57.760408251506604,318102.86363327625 -191.16834964072112,-57.8248173626419,318348.4783656982 -191.19953558945926,-57.88921551209672,318594.0654655432 -191.23081621462373,-57.95360266826909,318839.6245368817 -191.2621920752733,-58.017978799306434,319085.15518398595 -191.29366373473252,-58.08234387310298,319330.6570113662 -191.32523176063088,-58.14669785729725,319576.1296237547 -191.35689672494456,-58.21104071927021,319821.5726261105 -191.38865920403654,-58.27537242614078,320066.98562364385 -191.420519778699,-58.339692944765694,320312.3682217656 -191.4524790341952,-58.404002241735114,320557.7200261379 -191.48453756030196,-58.46830028337065,320803.04064265 -191.51669595135203,-58.53258703572147,321048.3296774272 -191.54895480627883,-58.596862464563344,321293.5867368227 -191.5813147286593,-58.661126535394644,321538.81142741983 -191.6137763267591,-58.725379213433705,321784.0033560414 -191.64634021357713,-58.789620463616146,322029.1621297647 -191.6790070068914,-58.85385025059201,322274.28735587903 -191.71177732930406,-58.91806853872178,322519.3786419099 -191.74465180828943,-58.98227529207527,322764.4355956483 -191.77763107624017,-59.04647047442724,323009.45782509167 -191.81071577051452,-59.110654049254876,323254.44493851037 -191.84390653348518,-59.17482597973496,323499.3965443701 -191.8772040125872,-59.238986228739265,323744.3122514297 -191.91060886036823,-59.30313475883357,323989.191668658 -191.94412173453694,-59.367271532273236,324234.0344052618 -191.97774329801481,-59.43139651100006,324478.84007072693 -192.0114742189863,-59.49550965663958,324723.60827474436 -192.04531517094958,-59.559610930496206,324968.3386272662 -192.07926683277046,-59.62370029355214,325213.03073848604 -192.11332988873372,-59.687777706462484,325457.6842188641 -192.14750502859673,-59.75184312955225,325702.2986790786 -192.18179294764374,-59.815896522813254,325946.87373006885 -192.2161943467398,-59.87993784589897,326191.4089830256 -192.25070993238663,-59.94396705812354,326435.9040493969 -192.28534041677798,-60.007984118456335,326680.35854085506 -192.32008651785625,-60.07198898551909,326924.77206933254 -192.35494895936992,-60.13598161758215,327169.1442470372 -192.38992847093036,-60.19996197255981,327413.4746864051 -192.42502578807168,-60.26393000800806,327657.76300013915 -192.46024165230884,-60.32788568112011,327902.00880116643 -192.49557681119816,-60.391828948722285,328146.21170271205 -192.53103201839767,-60.455759767270855,328390.371318225 -192.5666080337276,-60.519678092846284,328634.48726143024 -192.60230562323395,-60.58358388115192,328878.55914628436 -192.6381255592498,-60.647477087507774,329122.586587018 -192.67406862045956,-60.71135766684777,329366.56919813727 -192.71013559196317,-60.77522557371485,329610.5065943702 -192.74632726534017,-60.83908076225613,329854.39839072834 -192.78264443871686,-60.90292318622071,330098.24420247506 -192.8190879168316,-60.96675279895351,330342.04364513734 -192.85565851110292,-61.03056955339183,330585.7963345015 -192.8923570396976,-61.09437340206087,330829.5018866267 -192.92918432759856,-61.15816429706785,331073.15991781047 -192.9661412066762,-61.22194219010021,331316.7700446465 -193.00322851575814,-61.285707032418706,331560.33188397397 -193.04044710070056,-61.349458774854014,331803.8450528869 -193.07779781446087,-61.413197367801324,332047.309168778 -193.11528151717098,-61.47692276121642,332290.7238492685 -193.1528990762105,-61.540634904609334,332534.0887122737 -193.19065136628288,-61.60433374704134,332777.4033759684 -193.2285392694907,-61.66801923711914,333020.66745879187 -193.26656367541258,-61.731691322989995,333263.8805794536 -193.30472548118016,-61.795349952335734,333507.0423569432 -193.3430255915582,-61.85899507236944,333750.15241050674 -193.3814649190231,-61.92262662982891,333993.21035967604 -193.42004438384387,-61.98624457097204,334236.2158242349 -193.4587649141636,-62.049848841571084,334479.1684242653 -193.49762744608236,-62.11343938690789,334722.0677801079 -193.53663292373997,-62.17701615176692,334964.91351236997 -193.57578229940165,-62.240579080432,335207.7052419399 -193.61507653354326,-62.30412811667901,335450.44259000197 -193.65451659493763,-62.36766320377094,335693.12517798453 -193.69410346074298,-62.43118428445226,335935.7526276052 -193.73383811659116,-62.4946913009418,336178.32456086023 -193.773721556678,-62.55818419492889,336420.8406000313 -193.81375478385465,-62.62166290756607,336663.3003676668 -193.85393880971932,-62.68512737946325,336905.70348659897 -193.8942746547107,-62.748577550682256,337148.0495799437 -193.9347633482025,-62.81201336072885,337390.33827109536 -193.97540592859943,-62.87543474854878,337632.5691837129 -194.0162034434339,-62.938841652520004,337874.7419417711 -194.05715694946403,-63.00223401044645,338116.8561694945 -194.09826751277333,-63.06561175955201,338358.9114914068 -194.13953620887045,-63.12897483647243,338600.90753233124 -194.1809641227924,-63.19232317725057,338842.8439173373 -194.2225523492065,-63.255656717328584,339084.7202718036 -194.26430199251521,-63.31897539154104,339326.5362214066 -194.30621416696235,-63.38227913410829,339568.2913920858 -194.34828999673894,-63.44556787862844,339809.985410069 -194.39053061609334,-63.508841558071516,340051.6179018958 -194.43293716943984,-63.57210010477164,340293.18849435524 -194.47551081147006,-63.63534345041948,340534.69681456336 -194.51825270726644,-63.69857152605533,340776.1424899105 -194.5611640324146,-63.76178426206011,341017.52514807275 -194.60424597312092,-63.824981588149825,341258.8444170176 -194.64749972632822,-63.88816343336635,341500.0999250076 -194.69092649983443,-63.95132972607022,341741.29130061204 -194.7345275124134,-64.01448039393252,341982.4181726668 -194.77830399393494,-64.07761536392574,342223.48017030885 -194.8222571854897,-64.1407345623175,342464.4769229802 -194.86638833951278,-64.20383791466124,342705.4080604111 -194.91069871991058,-64.2669253457875,342946.27321263356 -194.95518960218865,-64.32999677979643,343187.0720099567 -194.99986227358048,-64.39305214004726,343427.80408300186 -195.04471803318054,-64.45609134915179,343668.4690626835 -195.08975819207583,-64.51911432896424,343909.0665802129 -195.13498407348126,-64.58212100057231,344149.5962671142 -195.18039701287628,-64.64511128428883,344390.05775517353 -195.22599835814222,-64.70808509964058,344630.4506765288 -195.2717894697034,-64.77104236536142,344870.77466356097 -195.31777172066896,-64.83398299938115,345111.02934899874 -195.36394649697618,-64.89690691881641,345351.21436584386 -195.4103151975365,-64.959814039961,345591.3293474237 -195.45687923438246,-65.02270427827479,345831.37392733514 -195.50364003281837,-65.0855775483756,346071.34773952456 -195.55059903157095,-65.14843376402766,346311.2504181835 -195.59775768294284,-65.2112728381318,346551.0815978611 -195.6451174529689,-65.27409468271459,346790.8409133891 -195.69267982157285,-65.33689920891844,347030.5279998978 -195.7404462827271,-65.39968632698914,347270.142492825 -195.78841834461534,-65.46245594626717,347509.6840279368 -195.83659752979568,-65.5252079751751,347749.15224128525 -195.8849853753675,-65.58794232120735,347988.54676923744 -195.93358343313858,-65.6506588909168,348227.8672484656 -195.98239326979714,-65.71335758990597,348467.11331595125 -196.03141646708409,-65.77603832281342,348706.28460898646 -196.08065462196808,-65.83870099330247,348945.380765188 -196.13010934682322,-65.90134550404888,349184.4014224521 -196.17978226960938,-65.96397175672926,349423.3462190208 -196.22967503405349,-66.02657965200686,349662.214793423 -196.27978929983576,-66.08916908952153,349901.00678450015 -196.33012674277612,-66.15173996787523,350139.72183142544 -196.3806890550242,-66.21429218461927,350378.359573676 -196.4314779452524,-66.27682563624188,350616.91965103877 -196.48249513884903,-66.33934021815338,350855.40170361724 -196.53374237811855,-66.40183582467445,351093.8053718366 -196.58522142248043,-66.46431234902118,351332.1302964408 -196.63693404867215,-66.5267696832917,351570.37611845887 -196.6888820509558,-66.5892077184519,351808.5424792748 -196.74106724132585,-66.6516263443201,352046.62902058585 -196.79349144972164,-66.71402544955444,352284.63538438256 -196.84615652424114,-66.77640492163653,352522.5612129886 -196.8990643313584,-66.83876464685714,352760.4061490604 -196.95221675614445,-66.90110451030098,352998.169835548 -197.00561570248894,-66.96342439583022,353235.8519157361 -197.05926309332912,-67.02572418607055,353473.45203323977 -197.11316087087752,-67.08800376239401,353710.9698319702 -197.1673109968552,-67.1502630049034,353948.40495618136 -197.22171545272786,-67.21250179241608,354185.7570504487 -197.27637623994426,-67.27472000244568,354423.0257596533 -197.3312953801799,-67.33691751118779,354660.21072901273 -197.38647491558223,-67.39909419350113,354897.3116040645 -197.44191690901985,-67.4612499228906,355134.3280306919 -197.49762344433563,-67.52338457148998,355371.25965506077 -197.553596626602,-67.58549801004249,355608.1061237066 -197.6098385823822,-67.64759010788497,355844.86708346143 -197.66635145999274,-67.70966073292759,356081.54218148894 -197.72313742977084,-67.77170975163585,356318.1310652931 -197.78019868434566,-67.83373702901184,356554.6333826943 -197.8375374389113,-67.89574242857324,356791.0487818335 -197.8951559315078,-67.95772581233592,357027.3769112115 -197.9530564233016,-68.01968704079289,357263.6174196219 -198.0112411988728,-68.08162597289412,357499.7699562081 -198.06971256650567,-68.14354246602632,357735.83417043946 -198.12847285848173,-68.20543637599089,357971.8097121129 -198.1875244313803,-68.26730755698482,358207.69623137126 -198.24686966638026,-68.32915586157766,358443.4933786634 -198.30651096956748,-68.39098114069003,358679.2008048 -198.36645077224605,-68.45278324357152,358914.8181608873 -198.42669153125448,-68.51456201777854,359150.34509842214 -198.487235729285,-68.57631730915013,359385.7812691758 -198.5480858752102,-68.6380489617865,359621.1263252714 -198.60924450441124,-68.69975681802434,359856.3799191987 -198.6707141791126,-68.76144071841343,360091.5417037437 -198.73249748871982,-68.82310050169096,360326.6113320334 -198.79459705016515,-68.88473600475885,360561.58845756005 -198.85701550825482,-68.94634706265724,360796.4727341298 -198.91975553602296,-69.00793350853951,361031.2638158812 -198.98281983509034,-69.069495173646,361265.9613572933 -199.04621113602852,-69.13103188727847,361500.56501320854 -199.10993219872725,-69.19254347677138,361735.07443877996 -199.1739858127709,-69.25402976746759,361969.4892895021 -199.2383747978167,-69.31549058268865,362203.80922122573 -199.30310200398006,-69.37692574370764,362438.03389012825 -199.36817031222543,-69.43833506972051,362672.1629527342 -199.43358263476122,-69.4997183778162,362906.1960659012 -199.4993419154438,-69.56107548294915,363140.1328868245 -199.56545113018328,-69.62240619790782,363373.9730730799 -199.63191328735772,-69.68371033328513,363607.71628253144 -199.69873142823295,-69.74498769744741,363841.36217342265 -199.76590862738627,-69.80623809650208,364074.9104043221 -199.83344799314048,-69.86746133426763,364308.36063416814 -199.9013526680001,-69.92865721223994,364541.7125222001 -199.96962582909603,-69.98982552955968,364774.9657280519 -200.038270688636,-70.05096608297907,365008.1199116586 -200.10729049436057,-70.11207866682699,365241.17473334237 -200.17668853000887,-70.17316307297581,365474.1298537277 -200.246468115787,-70.23421909080545,365706.98493383115 -200.316632608846,-70.29524650716786,365939.73963497917 -200.38718540376627,-70.35624510635071,366172.3936188701 -200.45812993304637,-70.41721467003991,366404.9465475346 -200.52946966760393,-70.47815497728342,366637.3980833566 -200.60120811727964,-70.53906580445226,366869.7478890841 -200.67334883134933,-70.59994692520186,367101.9956277892 -200.7458953990454,-70.66079811043305,367334.1409629192 -200.81885145008172,-70.72161912825091,367566.18355825136 -200.89222065519223,-70.7824097439257,367798.1230779137 -200.96600672667122,-70.84316971985032,368029.95918640896 -201.04021341892528,-70.9038988154987,368261.69154857175 -201.114844529032,-70.96459678738329,368493.31982959545 -201.18990389730513,-71.0252633890098,368724.8436950155 -201.2653954078722,-71.08589837083574,368956.26281074196 -201.34132298925593,-71.14650148022352,369187.5768430067 -201.41769061496663,-71.20707246139526,369418.7854584361 -201.49450230410272,-71.26761105538662,369649.88832398254 -201.57176212195807,-71.32811699999807,369880.88510694436 -201.649474180642,-71.38859002974908,370111.77547501377 -201.72764263970484,-71.44902987582745,370342.559096197 -201.80627170677334,-71.50943626604037,370573.2356388877 -201.88536563819613,-71.5698089247637,370803.8047718251 -201.9649287396966,-71.63014757288965,371034.26616408804 -202.04496536703854,-71.69045192777612,371264.61948514165 -202.12547992669735,-71.75072170319223,371494.86440479936 -202.20647687654363,-71.81095660926461,371725.00059321005 -202.28796072653623,-71.87115635242264,371955.02772091643 -202.36993603942258,-71.93132063534107,372184.9454587875 -202.45240743145396,-71.99144915688483,372414.75347809284 -202.53537957310678,-72.05154161205031,372644.4514504219 -202.61885718981594,-72.1115976919062,372874.03904773446 -202.70284506271813,-72.17161708353383,373103.5159423618 -202.78734802940667,-72.23159946996628,373332.88180699816 -202.87237098469464,-72.291544530125,373562.1363146765 -202.957918881393,-72.35145193875903,373791.27913882065 -203.0439967310957,-72.41132136637884,374020.30995320174 -203.13060960497862,-72.47115247919203,374249.22843195 -203.2177626346065,-72.53094493903549,374478.03424956015 -203.30546101275652,-72.59069840330942,374706.72708090366 -203.39370999424872,-72.65041252490755,374935.30660118634 -203.4825148967898,-72.71008695214721,375163.77248603146 -203.5718811018294,-72.76972132869783,375392.12441135815 -203.6618140554272,-72.82931529350948,375620.3620535078 -203.75231926913168,-72.88886848073678,375848.4850891611 -203.84340232087445,-72.94838051966651,376076.4931953676 -203.93506885587252,-73.0078510346394,376304.3860495411 -204.02732458754585,-73.06727964497321,376532.1633294747 -204.1201752984468,-73.1266659648832,376759.82471330726 -204.2136268412011,-73.18600960340096,376987.3698795616 -204.30768513946518,-73.245310164294,377214.7985071233 -204.40235618889253,-73.30456724598106,377442.11027525255 -204.49764605811575,-73.36378044144772,377669.304863559 -204.59356088974138,-73.42294933816001,377896.381952039 -204.69010690135562,-73.48207351797554,378123.3412210586 -204.78729038654936,-73.54115255705567,378350.18235134287 -204.8851177159511,-73.60018602577308,378576.9050239996 -204.98359533827605,-73.65917348861967,378803.50892047974 -205.0827297813901,-73.71811450411222,379029.99372264545 -205.18252765338408,-73.77700862469496,379256.35911269975 -205.28299564366782,-73.83585539664419,379482.60477323615 -205.38414052407316,-73.89465435996678,379708.73038719647 -205.48596914997435,-73.95340504829986,379934.73563790886 -205.58848846142186,-74.0121069888076,380160.6202090842 -205.69170548428852,-74.07075970207502,380386.3837847843 -205.79562733143607,-74.12936270200309,380612.0260494705 -205.90026120389015,-74.18791549569875,380837.54668795055 -206.0056143920335,-74.24641758336455,381062.9453854286 -206.11169427681304,-74.30486845818585,381288.22182745574 -206.21850833096002,-74.36326760621542,381513.37569999567 -206.3260641202301,-74.42161450625805,381738.40668935556 -206.43436930465262,-74.47990862975064,381963.31448223663 -206.5434316397985,-74.53814944064135,382188.0987656911 -206.65325897806215,-74.59633639526699,382412.7592271884 -206.7638592699562,-74.65446894222568,382637.29555452784 -206.87524056542676,-74.71254652225187,382861.70743592235 -206.98741101517825,-74.77056856808441,383085.9945599477 -207.10037887201597,-74.82853450433505,383310.15661555075 -207.21415249220328,-74.88644374735354,383534.19329206675 -207.32874033683154,-74.94429570508957,383758.10427919496 -207.44415097321095,-75.00208977695524,383981.8892670352 -207.5603930762692,-75.05982535368122,384205.5479460472 -207.67747542996872,-75.11750181717251,384429.08000708057 -207.79540692873834,-75.17511854036134,384652.4851413528 -207.91419657891961,-75.2326748870576,384875.7630404865 -208.03385350022378,-75.29017021179466,385098.9133964412 -208.1543869272111,-75.34760385967613,385321.9359016016 -208.27580621077638,-75.40497516621643,385544.8302487044 -208.3981208196531,-75.46228345718043,385767.59613087354 -208.5213403419265,-75.5195280484182,385990.23324162286 -208.64547448656796,-75.57670824570032,386212.74127484235 -208.7705330849752,-75.63382334454641,386435.11992480385 -208.8965260925286,-75.6908726300533,386657.36888616084 -209.02346359016,-75.74785537671849,386879.48785395373 -209.15135578593433,-75.80477084826165,387101.47652359685 -209.28021301663907,-75.86161829744108,387323.33459090494 -209.4100457493938,-75.91839696587043,387545.06175204687 -209.54086458326154,-75.9751060838282,387766.657703601 -209.67268025087688,-76.03174487006636,387988.1221425276 -209.80550362007924,-76.08831253161381,388209.4547661634 -209.93934569556276,-76.14480826357928,388430.65527223406 -210.0742176205279,-76.20123124894715,388651.72335884854 -210.21013067834568,-76.25758065837236,388872.6587244964 -210.34709629422767,-76.31385564997024,389093.46106806403 -210.48512603690537,-76.37005536910375,389314.1300888147 -210.6242316203106,-76.4261789481651,389534.665486409 -210.7644249052694,-76.48222550635695,389755.0669608705 -210.90571790119313,-76.53819414946605,389975.33421264694 -211.04812276777662,-76.59408396963568,390195.4669425432 -211.1916518166996,-76.64989404513284,390415.4648517551 -211.3363175133242,-76.70562344011064,390635.327641872 -211.48213247840354,-76.76127120437012,390855.0550148784 -211.62910948977898,-76.8168363731135,391074.6466731437 -211.77726148408166,-76.8723179666964,391294.10231940326 -211.92660155842893,-76.92771499037478,391513.4216568138 -212.0771429721136,-76.98302643404628,391732.60438890837 -212.22889914829514,-77.03825127199082,391951.6502196 -212.3818836756739,-77.0933884626032,392170.55885321664 -212.53611031016183,-77.14843694812271,392389.3299944464 -212.69159297654116,-77.20339565435921,392607.96334838355 -212.8483457701066,-77.25826349041199,392826.45862051775 -213.00638295830092,-77.31303934838756,393044.8155167136 -213.16571898232635,-77.36772210311062,393263.03374322836 -213.32636845874006,-77.42231061183014,393481.1130067401 -213.48834618102958,-77.47680371392258,393699.0530142899 -213.65166712116078,-77.53120023058759,393916.85347330547 -213.81634643110763,-77.58549896454268,394134.5140916351 -213.98239944434582,-77.63969869970946,394352.03457748744 -214.14984167731942,-77.69379820089726,394569.4146394888 -214.31868883087319,-77.74779621348115,394786.6539866493 -214.48895679164426,-77.80169146307425,395003.7523283817 -214.66066163342177,-77.85548265519735,395220.7093744668 -214.83381961845535,-77.90916847494144,395437.52483509434 -215.0084471987203,-77.96274758662618,395654.1984208725 -215.18456101713278,-78.01621863345336,395870.7298427579 -215.3621779087064,-78.0695802371542,396087.11881214083 -215.54131490166017,-78.1228309976348,396303.3650407724 -215.72198921845407,-78.1759694926127,396519.4682408397 -215.9042182767648,-78.22899427725122,396735.4281248788 -216.08801969038743,-78.28190388378769,396951.24440586154 -216.27341127006005,-78.33469682115596,397166.91679712996 -216.46041102421478,-78.38737157460635,397382.4450124362 -216.6490371596349,-78.43992660531848,397597.82876591367 -216.83930808202578,-78.49236035001005,397813.06777211954 -217.03124239648733,-78.5446712205405,398028.1617459707 -217.22485890788604,-78.59685760351074,398243.1104028223 -217.42017662111263,-78.64891785985596,398457.91345838277 -217.6172147412366,-78.70085032443735,398672.57062880404 -217.81599267352752,-78.7526533056257,398887.0816305856 -218.01653002335613,-78.80432508488296,399101.4461806777 -218.21884659595244,-78.85586391633674,399315.6639963875 -218.42296239603368,-78.90726802635457,399529.7347954399 -218.6288976272697,-78.95853561310969,399743.65829594893 -218.83667269159682,-79.00966484614571,399957.4342164478 -219.04630818836412,-79.06065386593598,400171.0622758402 -219.25782491330514,-79.11150078343968,400384.54219345405 -219.47124385732135,-79.16220367965369,400597.87368899974 -219.68658620508367,-79.21276060516279,400811.0564825859 -219.9038733334195,-79.26316957968474,401024.09029474325 -220.12312680949393,-79.31342859161327,401236.9748463859 -220.3443683887683,-79.36353559755842,401449.70985883084 -220.56762001271997,-79.41348852188366,401662.2950537942 -220.79290380632895,-79.46328525624216,401874.7301533956 -221.0202420752996,-79.51292365911019,402087.0148801586 -221.2496573030189,-79.56240155531862,402299.1489569991 -221.4811721472383,-79.61171673558428,402511.1321072365 -221.71480943645733,-79.66086695603893,402722.9640546105 -221.95059216601445,-79.70984993775961,402934.6445232325 -222.18854349385165,-79.75866336629723,403146.17323764175 -222.42868673595157,-79.80730489120612,403357.5499227685 -222.6710453614326,-79.8557721255746,403568.7743039517 -222.91564298727874,-79.90406264555573,403779.84610691894 -223.16250337270847,-79.95217398990187,403990.7650578111 -223.4116504131442,-80.0001036594998,404201.53088317486 -223.66310813378308,-80.04784911690899,404412.1433099544 -223.9169006827515,-80.09540778590448,404622.6020655027 -224.17305232381509,-80.14277705102184,404832.90687758056 -224.43158742865413,-80.1899542571101,405043.057474331 -224.69253046865478,-80.23693670888709,405253.0535843323 -224.9559060062243,-80.28372167050287,405462.89493653725 -225.2217386856042,-80.33030636511037,405672.5812603255 -225.49005322315494,-80.37668797444182,405882.1122854806 -225.76087439712066,-80.42286363839773,406091.4877421732 -226.03422703682136,-80.46883045464195,406300.70736098563 -226.31013601128214,-80.5145854782097,406509.77087291813 -226.58862621726772,-80.56012572112623,406718.67800936126 -226.86972256670154,-80.605448152038,406927.42850213504 -227.15344997346992,-80.65054969585903,407136.02208343067 -227.43983333956564,-80.69542723343118,407344.45848587225 -227.72889754057135,-80.74007760120028,407552.73744247615 -228.02066741045914,-80.78449759091065,407760.85868666694 -228.3151677256807,-80.82868394931684,407968.821952298 -228.61242318855014,-80.87263337791772,408176.62697358563 -228.91245840987384,-80.91634253270959,408384.2734851981 -229.21529789082902,-80.9598080239634,408591.7612221803 -229.52096600406853,-81.00302641602605,408799.08992000535 -229.82948697403336,-81.0459942271478,409006.2593145341 -230.14088485645104,-81.08870792933607,409213.26914204296 -230.45518351702557,-81.13116394824067,409420.11913922976 -230.7724066092717,-81.17335866306759,409626.8090431755 -231.09257755150637,-81.21528840652678,409833.3385913929 -231.41571950296205,-81.256949464813,410039.7075217858 -231.74185533903844,-81.29833807762527,410245.9155726778 -232.07100762564582,-81.33945043822224,410451.962482794 -232.40319859265637,-81.38028269351874,410657.8479912802 -232.7384501064436,-81.4208309442245,410863.57183766906 -233.07678364150715,-81.46109124502715,411069.1337619139 -233.41822025116565,-81.50105960482044,411274.53350439254 -233.76278053734254,-81.5407319869833,411479.77080587187 -234.1104846194045,-81.580104309707,411684.84540753346 -234.46135210208425,-81.61917244637685,411889.75705096987 -234.81540204246645,-81.65793222600736,412094.5054781901 -235.17265291607313,-81.69637943373708,412299.0904316077 -235.5331225820175,-81.73450981138078,412503.51165402995 -235.89682824726557,-81.77231905804487,412707.7688887186 -236.26378643000723,-81.8098028308065,412911.8618792963 -236.634012922158,-81.84695674545978,413115.7903698198 -237.0075227509984,-81.88377637732961,413319.55410475994 -237.38433014000466,-81.92025726215898,413523.152829003 -237.76444846885877,-81.95639489706747,413726.5862878125 -238.14789023269716,-81.9921847415868,413929.8542269191 -238.53466700062424,-82.02762221877423,414132.95639240526 -238.92478937351964,-82.06270271640527,414335.8925308103 -239.31826694121358,-82.09742158825073,414538.66238905594 -239.71510823903677,-82.13177415543632,414741.2657144959 -240.11532070382933,-82.16575570788956,414943.7022548899 -240.51891062945637,-82.19936150587539,415145.97175840684 -240.92588312188107,-82.23258678162088,415348.0739736175 -241.33624205389734,-82.26542674103406,415550.0086495285 -241.74999001954998,-82.29787656551434,415751.77553554496 -242.1671282883543,-82.32993141385916,415953.3743814803 -242.58765675938773,-82.361586424267,416154.80493757274 -243.01157391533198,-82.39283671643733,416356.06695446186 -243.43887677659305,-82.42367739377093,416557.1601832126 -243.8695608555548,-82.45410354566793,416758.08437529777 -244.3036201111058,-82.48411024992703,416958.8392825883 -244.74104690353764,-82.5136925752451,417159.42465738603 -245.18183194992005,-82.5428455838168,417359.8402524051 -245.62596428010934,-82.57156433403647,417560.0858207762 -246.07343119346896,-82.59984388329863,417760.16111603123 -246.52421821646786,-82.62767929089915,417960.0658921219 -246.9783090612814,-82.65506562103506,418159.7999034166 -247.43568558552116,-82.68199794590141,418359.36290469434 -247.89632775327536,-82.70847134888541,418558.7546511524 -248.3602135975561,-82.73448092785358,418757.9748983881 -248.82731918434175,-82.76002179853165,418957.0234024381 -249.29761857835476,-82.78508909797354,419155.8999197425 -249.77108381071676,-82.80967798811672,419354.604207143 -250.24768484867658,-82.83378365942188,419553.13602190185 -250.72738956751667,-82.85740133459089,419751.4951217144 -251.21016372483487,-82.88052627236102,419949.6812646696 -251.6959709373463,-82.90315377137013,420147.6942092753 -252.18477266034697,-82.92527917408755,420345.5337144774 -252.67652817003759,-82.94689787080725,420543.1995395976 -253.17119454880074,-82.968005303695,420740.691444393 -253.66872667362523,-82.98859697088571,420938.00918904616 -254.16907720780134,-83.0086684306232,421135.1525341466 -254.67219659603538,-83.02821530543676,421332.1212406867 -255.1780330630962,-83.04723328634573,421528.9150701 -255.68653261616382,-83.06571813708683,421725.5337842161 -256.19763905094067,-83.08366569835404,421921.97714527854 -256.71129396168044,-83.10107189204453,422118.2449159714 -257.22743675519814,-83.11793272550102,422314.33685935504 -257.7460046689986,-83.13424429574334,422510.2527389466 -258.2669327935391,-83.15000279367814,422705.9923186621 -258.7901540987385,-83.1652045082791,422901.55536282016 -259.3155994647625,-83.17984583072759,423096.94163617713 -259.84319771713285,-83.19392325850426,423292.15090391395 -260.37287566616124,-83.2074333994213,423487.18293158675 -260.90455815076564,-83.22037297558701,423682.0374852071 -261.43816808659574,-83.23273882729085,423876.71433117473 -261.9736265184914,-83.2445279168004,424071.21323634905 -262.51085267721874,-83.25573733205991,424265.5339679532 -263.0497640404068,-83.26636429028038,424459.6762936783 -263.5902763976595,-83.27640614141228,424653.6399815824 -264.1323039196874,-83.28586037149016,424847.4248001754 -264.6757592313945,-83.29472460584071,425041.03051837283 -265.22055348878007,-83.3029966121449,425234.4569055222 -265.76659645949394,-83.31067430334497,425427.7037313612 -266.3137966069329,-83.31775574038879,425620.77076605556 -266.8620611776387,-83.32423913480217,425813.6577802012 -267.4112962918516,-83.33012285108228,426006.3645448083 -267.96140703699984,-83.33540540890499,426198.8908312778 -268.51229756388375,-83.34008548513869,426391.2364114711 -269.0638711853709,-83.34416191565916,426583.4010576343 -269.6160304772935,-83.34763369695943,426775.3845424558 -270.16867738133476,-83.3504999875496,426967.1866390134 -270.7217133096242,-83.35276010914227,427158.8071208151 -271.27503925075075,-83.35441354762001,427350.24576180713 -271.8285558769553,-83.35545995378148,427541.5023363276 -272.38216365215453,-83.35589914386387,427732.576619144 -272.9357629405474,-83.35573109984018,427923.46838543285 -273.4892541154943,-83.35495596949018,428114.1774108057 -274.0425376683561,-83.3535740662447,428304.70347127534 -274.5955143170413,-83.35158586880407,428495.04634329455 -275.14808511390515,-83.34899202053148,428685.20580370293 -275.70015155275394,-83.3457933286235,428875.18162977975 -276.25161567465113,-83.34199076306001,429064.97359921795 -276.80238017222996,-83.33758545533738,429254.58149014454 -277.3523484922813,-83.33257869698795,429444.00508107356 -277.9014249362932,-83.3269719378916,429633.24415095744 -278.4495147587304,-83.32076678438348,429822.2984791634 -278.9965242627942,-83.31396499716446,430011.1678454938 -279.5423608934175,-83.30656848902045,430199.8520301299 -280.08693332732014,-83.29857932235731,430388.350813718 -280.6301515598593,-83.28999970655904,430576.6639772906 -281.1719269885323,-83.28083199517695,430764.7913023157 -281.71217249293693,-83.27107868295788,430952.7325706651 -282.2508025110427,-83.26074240272034,431140.4875646488 -282.78773311160705,-83.24982592208767,431328.05606698943 -283.3228820626643,-83.23833214008648,431515.43786080705 -283.8561688959154,-83.22626408362116,431702.6327296744 -284.38751496697944,-83.21362490383292,431889.64045757294 -284.91684351139816,-83.20041787235422,432076.4608288797 -285.4440796963854,-83.186646377467,432263.09362841665 -285.9691506682254,-83.17231392017615,432449.53864142747 -286.49198559534034,-83.15742411020736,432635.79565355764 -287.01251570700674,-83.14198066193921,432821.8644508806 -287.5306743277357,-83.12598739027962,433007.74481989304 -288.046396907323,-83.10944820649657,433193.4365474935 -288.55962104665815,-83.0923671140116,433378.93942102534 -289.0702865192814,-83.07474820416721,433564.25322823285 -289.5783352888069,-83.05659565197583,433749.3777572908 -290.0837115222544,-83.03791371186054,433934.31279677385 -290.58636159942614,-83.01870671339475,434119.05813570984 -291.0862341183721,-82.99897905705105,434303.6135635041 -291.5832798970988,-82.97873520996592,434487.97887003014 -292.0774519716218,-82.95797970172883,434672.153845526 -292.5687055904951,-82.93671712020259,434856.1382807002 -293.05699820593594,-82.9149521073832,435039.93196664716 -293.54228946172543,-82.89268935530355,435223.5346949004 -294.0245411779737,-82.86993360199025,435406.94625739293 -294.503717332943,-82.84668962747713,435590.16644650255 -294.9797840420641,-82.82296224988214,435773.19505499466 -295.45270953428974,-82.79875632155294,435956.0318760876 -295.92246412598195,-82.77407672528413,436138.67670340237 -296.3890201924361,-82.74892837061331,436321.1293309747 -296.8523521372406,-82.72331619019752,436503.38955327345 -297.3124363596164,-82.69724513627463,436685.45716518397 -297.7692512198791,-82.6707201772134,436867.33196199534 -298.2227770032174,-82.64374629415306,437049.013739436 -298.67299588188916,-82.6163284777374,437230.5022936438 -299.11989187602285,-82.58847172494372,437411.79742118897 -299.5634508131577,-82.56018103600873,437592.8989190318 -300.0036602866537,-82.53146141145402,437773.8065845852 -300.4405096131486,-82.50231784920938,437954.5202156638 -300.873989789144,-82.47275534183835,438135.0396105123 -301.3040934468916,-82.44277887386397,438315.3645677863 -301.7308148096888,-82.41239341919574,438495.4948865557 -302.1541496466964,-82.38160393865874,438675.43036633893 -302.57409522742375,-82.35041537762193,438855.17080702446 -302.9906502759495,-82.31883266372881,439034.71600896784 -303.40381492501433,-82.28686070472699,439214.06577291223 -303.81359067007384,-82.25450438639662,439393.2199000492 -304.21998032339445,-82.22176857057767,439572.1781919693 -304.6229879683149,-82.18865809329188,439750.9404506751 -305.02261891370847,-82.15517776296186,439929.50647861895 -305.41887964876184,-82.12133235872273,440107.8760786428 -305.8117777981265,-82.08712662882587,440286.0490540169 -306.2013220775023,-82.05256528913384,440464.02520845155 -306.5875222497458,-82.0176530217014,440641.80434604175 -306.9703890815191,-81.98239447344517,440819.3862713282 -307.34993430056,-81.9467942548961,440996.7707892602 -307.72617055361445,-81.9108569390344,441173.9577052012 -308.0991113650607,-81.87458706020533,441350.9468249547 -308.46877109629594,-81.83798911311048,441527.73795472726 -308.83516490587806,-81.80106755187667,441704.3309011316 -309.19830871048475,-81.76382678919688,441880.72547123884 -309.5582191467024,-81.72627119554224,442056.9214724984 -309.9149135336728,-81.6884050984422,442232.9187128114 -310.2684098366052,-81.65023278183192,442408.71700046555 -310.618726631198,-81.61175848546134,442584.31614421064 -310.9658830689459,-81.57298640436778,442759.71595317 -311.30989884337157,-81.53392068840652,442934.9162369051 -311.6507941571667,-81.49456544183943,443109.91680541955 -311.98858969027856,-81.45492472297596,443284.7174691025 -312.3233065689046,-81.4150025438688,443459.31803877006 -312.65496633542426,-81.37480287005847,443633.7183256663 -312.9835909192557,-81.33432962036608,443807.91814145976 -313.30920260863377,-81.29358666673168,443981.9172982144 -313.6318240232974,-81.25257783409748,444155.71560843143 -313.9514780881011,-81.21130690033043,444329.3128850353 -314.26818800750914,-81.1697775961867,444502.70894134004 -314.5819772409866,-81.12799360531284,444675.9035911102 -314.89286947926917,-81.08595856428265,444848.89664853114 -315.20088862148805,-81.043676062669,445021.6879281716 -315.50605875316353,-81.00114964314577,445194.277245053 -315.8084041250182,-80.95838280162221,445366.66441459354 -316.1079491326195,-80.91537898740489,445538.8492526544 -316.40471829682843,-80.87214160338686,445710.83157549857 -316.6987362450267,-80.82867400626284,445882.611199791 -316.99002769313506,-80.784979506767,446054.1879426568 -317.2786174283657,-80.74106136993404,446225.56162160664 -317.56453029272194,-80.69692281538154,446396.73205457843 -317.8477911672145,-80.65256701761092,446567.6990599344 -318.1284249567695,-80.6079971063281,446738.4624564366 -318.4064565758345,-80.56321616677883,446909.0220632987 -318.6819109346304,-80.51822724010219,447079.3777001237 -318.9548129260561,-80.47303332369715,447249.5291869316 -319.22518741321795,-80.42763737160296,447419.4763441823 -319.4930592175598,-80.38204229489295,447589.2189927468 -319.7584531075943,-80.33625096207687,447758.75695389166 -320.02139378819277,-80.29026619951665,447928.0900493289 -320.2819058904314,-80.2440907918496,448097.2181011818 -320.54001396197395,-80.1977274824207,448266.14093197923 -320.79574245796266,-80.15117897372315,448434.85836468375 -321.0491157324226,-80.1044479278438,448603.3702226685 -321.3001580301345,-80.05753696691663,448771.6763297221 -321.54889347897745,-80.01044867358004,448939.7765100353 -321.7953460827231,-79.9631855914397,449107.67058825964 -322.0395397142529,-79.91575022553535,449275.35838943545 -322.2814981092054,-79.86814504280886,449442.83973899524 -322.5212448600112,-79.82037247257755,449610.11446285015 -322.7588034103202,-79.77243490700809,449777.1823872766 -322.9941970497986,-79.72433470159201,449944.04333898437 -323.2274489092756,-79.67607417562364,450110.6971451183 -323.45858195624555,-79.6276556126756,450277.1436332028 -323.68761899068414,-79.57908126107733,450443.38263121404 -323.9145826411873,-79.53035333439227,450609.413967531 -324.13949536140984,-79.4814740118933,450775.2374709344 -324.36237942678815,-79.43244543903948,450940.8529706622 -324.5832569315522,-79.38326972794796,451106.26029632374 -324.80214978598895,-79.33394895786722,451271.45927798265 -325.019079713966,-79.28448517564645,451436.4497460845 -325.2340682506971,-79.2348803962028,451601.23153152113 -325.4471367407323,-79.18513660298734,451765.8044655775 -325.65830633618225,-79.13525574844529,451930.1683799629 -325.8675979951391,-79.0852397544757,452094.32310681994 -326.075032480307,-79.03509051288712,452258.2684786828 -326.28063035781906,-78.98480988584878,452422.0043285023 -326.4844119962417,-78.93439970633911,452585.5304896786 -326.6863975657432,-78.88386177859056,452748.8467959786 -326.8866070374411,-78.83319787852862,452911.95308162255 -327.08506018289313,-78.78240975420852,453074.84918122424 -327.281776573746,-78.7314991262469,453237.53492982633 -327.4767755815153,-78.68046768824975,453400.0101628938 -327.67007637751385,-78.62931710723365,453562.2747162776 -327.86169793289434,-78.57804902404526,453724.32842626947 -328.05165901881696,-78.52666505377411,453886.1711295726 -328.23997820673117,-78.47516678616164,454047.8026632946 -328.4266738687643,-78.42355578600433,454209.2228649722 -328.61176417820786,-78.37183359355429,454370.43157254945 -328.7952671101085,-78.32000172491111,454531.42862439045 -328.9772004419384,-78.26806167241203,454692.21385925036 -329.15758175435917,-78.21601490501622,454852.7871163389 -329.3364284320599,-78.16386286868278,455013.1482352539 -329.513757664669,-78.11160698674607,455173.2970560107 -329.68958644774625,-78.0592486602831,455333.23341904016 -329.86393158382725,-78.00678926847809,455492.95716519706 -330.0368096835391,-77.9542301689811,455652.4681357257 -330.2082371667691,-77.90157269826146,455811.7661723204 -330.37823026388435,-77.84881817195725,455970.8511170687 -330.5468050170115,-77.79596788521752,456129.7228124568 -330.71397728134974,-77.74302311304139,456288.3811014191 -330.87976272653555,-77.68998511061179,456446.8258272734 -331.0441768380434,-77.63685511362344,456605.05683376634 -331.20723491862105,-77.58363433860762,456763.0739650578 -331.3689520897647,-77.530323983249,456920.8770657188 -331.52934329321863,-77.47692522670064,457078.4659807249 -331.688423292504,-77.42343922989232,457235.840555499 -331.8462066744769,-77.36986713583454,457393.00063582446 -332.0027078509013,-77.31621006991898,457549.9460679264 -332.15794106005364,-77.26246914021105,457706.6766984513 -332.3119203683361,-77.20864543774088,457863.1923744397 -332.46465967191125,-77.1547400367885,458019.49294335645 -332.61617269835017,-77.10075399516373,458175.57825308415 -332.7664730082897,-77.0466883544836,458331.44815188803 -332.9155739971079,-76.99254414044199,458487.1024884792 -333.0634888966009,-76.93832236307792,458642.54111197864 -333.2102307766704,-76.88402401703779,458797.7638718788 -333.355812547017,-76.82965008183331,458952.7706181385 -333.5002469588352,-76.77520152209698,459107.5612011096 -333.6435466065178,-76.72067928782968,459262.1354715229 -333.78572392935473,-76.66608431464756,459416.4932805567 -333.9267912132351,-76.61141752402321,459570.63447980926 -334.06676059235167,-76.55667982352237,459724.5589212577 -334.2056440508959,-76.50187210703896,459878.26645730046 -334.34345342476047,-76.44699525502212,460031.7569407662 -334.4802004032281,-76.39205013470293,460185.03022486734 -334.6158965306628,-76.33703760031595,460338.0861632442 -334.7505532081915,-76.28195849331641,460490.9246099547 -334.8841816953818,-76.22681364259441,460643.5454194411 -335.0167931119079,-76.17160386468613,460795.9484465723 -335.1483984392181,-76.11632996397887,460948.13354663126 -335.2790085221834,-76.06099273291501,461100.1005753009 -335.40863407074494,-76.00559295219145,461251.8493886969 -335.5372856615427,-75.95013139095637,461403.37984330504 -335.66497373954786,-75.89460880700054,461554.6917960506 -335.79170861967054,-75.83902594694733,461705.78510426776 -335.917500488364,-75.78338354643887,461856.6596256857 -336.04235940521534,-75.7276823303184,462007.3152184561 -336.16629530452497,-75.6719230128096,462157.7517411309 -336.2893179968701,-75.61610629769436,462307.96905268106 -336.41143717066336,-75.560232878484,462457.96701247466 -336.53266239369015,-75.50430343859071,462607.74548030645 -336.6530031146365,-75.44831865149435,462757.3043163488 -336.7724686646053,-75.39227918090673,462906.64338120824 -336.8910682586121,-75.33618568093401,463055.7625359093 -337.00881099707624,-75.28003879623338,463204.6616418532 -337.12570586729043,-75.2238391621699,463353.34056086146 -337.241761744879,-75.16758740496931,463501.7991551786 -337.35698739524105,-75.11128414186796,463650.03728744615 -337.4713914749786,-75.0549299812616,463798.0548207114 -337.5849825333128,-74.99852552284834,463945.85161842214 -337.69776901348143,-74.94207135777276,464093.4275444538 -337.8097592541226,-74.88556806876497,464240.78246306925 -337.92096149064764,-74.82901623027793,464387.9162389497 -338.0313838565896,-74.77241640862393,464534.82873719186 -338.1410343849497,-74.71576916210483,464681.51982326916 -338.2499210095167,-74.65907504114372,464827.98936308245 -338.35805156617846,-74.6023345884129,464974.237222959 -338.46543379421587,-74.54554833895871,465120.2632695888 -338.5720753375806,-74.4887168203265,465266.0673701062 -338.6779837461628,-74.43184055267999,465411.64939202694 -338.78316647703684,-74.37492004892152,465557.0092032763 -338.88763089569784,-74.31795581480895,465702.1466722122 -338.9913842772812,-74.26094834906999,465847.061667551 -339.0944338077637,-74.20389814351671,465991.7540584581 -339.1967865851583,-74.14680568315414,466136.22371447773 -339.2984496206863,-74.089671446291,466280.4705055762 -339.39942983993836,-74.03249590464578,466424.4943021125 -339.4997340840205,-73.97527952345216,466568.2949748563 -339.59936911068314,-73.9180227615632,466711.87239497964 -339.69834159544394,-73.86072607155097,466855.22643406 -339.79665813268394,-73.8033898998078,466998.35696408164 -339.89432523674,-73.74601468664325,467141.26385744015 -339.9913493429792,-73.68860086638054,467283.94698690507 -340.08773680885633,-73.6311488674523,467426.40622568934 -340.18349391496315,-73.57365911249116,467568.64144738903 -340.2786268660618,-73.51613201842275,467710.652526001 -340.3731417921015,-73.45856799655445,467852.4393359274 -340.46704474922626,-73.40096745266365,467994.00175199006 -340.5603417207653,-73.34333078708538,468135.33964939544 -340.65303861821474,-73.28565839479513,468276.45290375187 -340.7451412822014,-73.2279506654941,468417.341391086 -340.8366554834362,-73.17020798369073,468558.0049878253 -340.9275869236551,-73.11243072878081,468698.4435707776 -341.01794123654446,-73.05461927512864,468838.6570171725 -341.1077239886581,-72.99677399214221,468978.64520464675 -341.1969406803175,-72.93889524435164,469118.40801122173 -341.2855967465031,-72.88098339148361,469257.94531533535 -341.32406422478175,-72.85573212989746,469318.6923265157 -341.37369755773057,-72.82303878853544,469397.25699582463 -341.46124842091785,-72.76506178584735,469536.3429319053 -341.54825458023686,-72.70705272917517,469675.2030032377 -341.6347212179578,-72.64901195975843,469813.83708984463 -341.7206534552771,-72.59093981439077,469952.24507216725 -341.80605635313754,-72.53283662548644,470090.4268310477 -341.890934913034,-72.47470272114919,470228.3822477177 -341.9752940778112,-72.41653842523472,470366.1112038292 -342.0591387324471,-72.35834405741689,470503.6135814215 -342.1424737048279,-72.30011993325053,470640.8892629219 -342.2253037665104,-72.24186636423329,470777.93813118566 -342.30763363347467,-72.18358365786683,470914.7600694457 -342.3894679668649,-72.12527211771771,471051.35496134823 -342.470811373722,-72.06693204347471,471187.7226909355 -342.5516684077045,-72.00856373100798,471323.86314263253 -342.6320435697984,-71.95016747242612,471459.7762012843 -342.71194130901904,-71.8917435561311,471595.46175212745 -342.79136602310064,-71.83329226687574,471730.9196807957 -342.87032205917944,-71.774813885815,471866.14987333416 -342.94881371446326,-71.71630869056106,472001.1522161582 -343.0268452368946,-71.65777695523512,472135.9265961034 -343.10442082580255,-71.59921895051895,472270.4729003975 -343.18154463254575,-71.54063494370625,472404.79101668095 -343.2582207611488,-71.48202519875086,472538.8808329536 -343.3344532689239,-71.42338997631708,472672.7422376527 -343.4102461670901,-71.36472953382692,472806.3751195938 -343.48560342137944,-71.30604412550785,472939.77936799097 -343.5605289526345,-71.24733400244013,473072.95487244637 -343.63502663740206,-71.18859941260071,473205.9015229847 -343.7091003085118,-71.12984060090957,473338.61921000015 -343.7827537556517,-71.07105780927373,473471.10782430397 -343.85599072593305,-71.01225127663047,473603.36725707597 -343.9288149244467,-70.9534212389912,473735.39739993337 -344.0012300148136,-70.89456792948187,473867.19814484863 -344.07323961972753,-70.83569157838554,473998.76938420907 -344.1448473214858,-70.77679241318266,474130.11101079773 -344.216056662519,-70.71787065859145,474261.2229177747 -344.28687114590633,-70.65892653660755,474392.10499873845 -344.3572942358898,-70.59996026654179,474522.7571476326 -344.42732935837705,-70.54097206505915,474653.1792588226 -344.4969799014383,-70.48196214621596,474783.37122704927 -344.566249215796,-70.4229307214966,474913.33294748265 -344.63514061530765,-70.3638779998511,475043.0643156494 -344.7036573774423,-70.30480418772865,475172.5652274858 -344.7718027437495,-70.24570948911456,475301.83557932364 -344.83957992032106,-70.18659410556397,475430.87526788353 -344.90699207824855,-70.12745823623565,475559.68419027975 -344.9740423540701,-70.06830207792714,475688.2622440284 -345.0407338502165,-70.0091258251052,475816.60932701355 -345.1070696354458,-69.94992966993992,475944.7253375513 -345.17305274527496,-69.890713802336,476072.6101743052 -345.2386861824036,-69.83147840996432,476200.263736364 -345.3039729171335,-69.77222367829226,476327.68592320126 -345.3689158877783,-69.71294979061571,476454.87663466646 -345.4335180010741,-69.6536569280867,476581.8357710269 -345.49778213257787,-69.59434526974434,476708.5632329147 -345.56171112706284,-69.53501499254288,476835.0589213704 -345.62530779890835,-69.47566627138187,476961.32273781934 -345.6885749324842,-69.4162992791319,477087.3545840754 -345.7515152825294,-69.3569141866638,477213.15436235815 -345.8141315745253,-69.29751116287528,477338.72197524965 -345.87642650506325,-69.23809037471783,477464.0573257514 -345.93840274220895,-69.17865198722257,477589.1603172337 -346.0000629258574,-69.11919616352753,477714.03085346037 -346.0614096680893,-69.05972306490155,477838.66883859626 -346.12244555351594,-69.00023285077008,477963.07417717756 -346.1831731396243,-68.94072567873964,478087.24677414994 -346.2435949571126,-68.88120170462341,478211.1865348244 -346.303713510226,-68.82166108246338,478334.89336492994 -346.3635312770848,-68.76210396455498,478458.3671705569 -346.4230507100073,-68.70253050147008,478581.60785819 -346.48227423583137,-68.64294084207995,478704.61533471546 -346.5412042562278,-68.58333513357748,478827.38950738974 -346.59984314801113,-68.52371352150058,478949.93028387113 -346.6581932634475,-68.46407614975196,479072.2375721926 -346.7162569305556,-68.40442316062224,479194.31128078455 -346.77403645340496,-68.3447546948105,479316.1513184608 -346.8315341124098,-68.285070891445,479437.75759442814 -346.8887521646178,-68.22537188810495,479559.13001824956 -346.9456928439971,-68.16565782083892,479680.26849992364 -347.00235836171794,-68.10592882418568,479801.17294979055 -347.0587509064294,-68.04618503119393,479921.84327859845 -347.11487264453467,-67.98642657344122,480042.2793974882 -347.17072572046015,-67.92665358105405,480162.4812179633 -347.2263122569226,-67.86686618272483,480282.44865191967 -347.2816343551921,-67.80706450573179,480402.1816116491 -347.33669409535094,-67.74724867595648,480521.680009828 -347.39149353654966,-67.68741881790173,480640.9437594935 -347.446034717258,-67.62757505471039,480759.97277409915 -347.5003196555152,-67.56771750818095,480878.766967452 -347.5543503491748,-67.5078462987857,480997.32625377725 -347.6081287761456,-67.44796154568758,481115.6505476536 -347.6616568946323,-67.38806336675621,481233.73976404575 -347.71493664336776,-67.32815187858591,481351.5938183163 -347.7679699418486,-67.26822719650951,481469.2126261996 -347.82075869056257,-67.20828943461596,481586.59610382625 -347.8733047712137,-67.14833870576521,481703.74416769895 -347.92561004694693,-67.08837512160379,481820.6567346892 -347.9776763625664,-67.02839879258106,481937.33372207324 -348.029505544753,-66.96840982796213,482053.7750474993 -348.0810994022786,-66.90840833584448,482169.98062900477 -348.13245972621604,-66.84839442317157,482285.95038498123 -348.18358829014915,-66.78836819574721,482401.6842342511 -348.23448685037516,-66.72832975825101,482517.182095961 -348.28515714611046,-66.66827921425005,482632.44388967846 -348.3356008996891,-66.60821666621445,482747.46953533083 -348.38581981675947,-66.5481422155301,482862.258953231 -348.43581558648,-66.48805596251195,482976.81206407846 -348.48558988171004,-66.42795800641827,483091.1287889515 -348.5351443592006,-66.36784844546209,483205.2090492899 -348.5844806597802,-66.30772737682452,483319.0527669344 -348.6336004085397,-66.24759489666775,483432.6598640967 -348.68250521501386,-66.1874511001473,483546.0302633587 -348.731196673362,-66.12729608142351,483659.1638876898 -348.77967636254266,-66.06712993367553,483772.0606604407 -348.82794584649196,-66.00695274911077,483884.72050533333 -348.876006674293,-65.94676461897828,483997.14334646915 -348.9238603803485,-65.88656563357931,484109.3291083209 -348.971508484546,-65.82635588228055,484221.27771575353 -349.01895249242637,-65.7661354535227,484332.9890939868 -349.0661938953462,-65.70590443483356,484444.4631686469 -349.1132341706391,-65.64566291283815,484555.6998657033 -349.1600747817748,-65.58541097326977,484666.699111528 -349.20671717851815,-65.52514870097998,484777.46083286323 -349.2531627970815,-65.46487617995096,484887.9849568162 -349.2994130602798,-65.40459349330312,484998.2714108646 -349.34546937768175,-65.34430072330723,485108.3201229046 -349.39133314575827,-65.28399795139391,485218.13102113997 -349.4370057480303,-65.22368525816303,485327.70403420035 -349.48248855521325,-65.16336272339532,485437.0390910833 -349.52778292536163,-65.1030304260592,485546.1361211438 -349.57289020401026,-65.04268844432262,485654.99505410244 -349.6178117243135,-64.9823368555613,485763.6158200973 -349.66254880718435,-64.92197573636794,485871.9983496029 -349.70710276142904,-64.86160516256275,485980.14257346775 -349.751474883883,-64.80122520920042,486088.0484229284 -349.7956664595431,-64.74083595058013,486195.71582958335 -349.8396787616981,-64.6804374602543,486303.14472540707 -349.88351305205936,-64.62002981103656,486410.33504276606 -349.92717058088624,-64.55961307501184,486517.28671436117 -349.97065258711496,-64.4991873235427,486623.9996732801 -350.0139602984806,-64.43875262727911,486730.47385300114 -350.05709493164164,-64.3783090561658,486836.70918734727 -350.1000576923009,-64.31785667945057,486942.70561052696 -350.142849775324,-64.25739556569343,487048.46305711905 -350.18547236485966,-64.19692578277224,487153.98146206274 -350.2279266344553,-64.13644739789196,487259.2607606775 -350.2702137471721,-64.07596047759205,487364.3008886478 -350.3123348557001,-64.01546508775351,487469.10178203747 -350.35429110246866,-63.95496129360781,487573.66337725293 -350.39608361975905,-63.89444915974194,487677.98561111605 -350.437713529814,-63.83392875010753,487782.06842077 -350.4791819449449,-63.77340012802723,487885.91174374864 -350.5204899676394,-63.7128633562014,487989.5155179577 -350.5616386906661,-63.65231849671705,488092.879681664 -350.6026291971805,-63.59176561105173,488196.00417350035 -350.64346256082626,-63.53120476008242,488298.8889324772 -350.6841398458373,-63.4706360040917,488401.53389796155 -350.724662107139,-63.41005940277388,488503.93900970195 -350.7650303904455,-63.34947501524305,488606.104207782 -350.80524573235965,-63.28888290003736,488708.0294326968 -350.8453091604684,-63.22828311512681,488809.71462526807 -350.88522169343867,-63.16767571791916,488911.15972670406 -350.92498434111195,-63.10706076526599,489012.3646785685 -350.9645981045973,-63.046438313469004,489113.32942281815 -351.00406397636243,-62.985808418286545,489214.0539017385 -351.0433829403261,-62.92517113493836,489314.5380579895 -351.0825559719476,-62.86452651811238,489414.7818346128 -351.1215840383143,-62.80387462196982,489514.7851750009 -351.16046809823035,-62.74321550015264,489614.548022898 -351.1992091023029,-62.68254920578677,489714.0703224494 -351.2378079930278,-62.62187579148926,489813.35201813397 -351.2762657048732,-62.56119530937344,489912.3930547911 -351.3145831643642,-62.50050781105413,490011.19337764964 -351.3527612901646,-62.43981334765325,490109.7529322704 -351.39080099315765,-62.37911196980585,490208.0716645993 -351.42870317652773,-62.31840372766375,490306.1495209351 -351.4664687358396,-62.25768867090181,490403.98644794367 -351.50409855911573,-62.19696684872243,490501.5823926489 -351.541593526915,-62.13623830986213,490598.937302437 -351.5789545124093,-62.075503102594276,490696.0511250524 -351.6161823814589,-62.014761274735406,490792.9238085964 -351.653277992687,-61.954012873649965,490889.5553015526 -351.6902421975542,-61.89325794625466,490985.94555273786 -351.72707584043144,-61.8324965390233,491082.09451136115 -351.7637797586714,-61.771728697992714,491178.00212693494 -351.80035478268104,-61.71095446876526,491273.66834939667 -351.83680173599134,-61.650173896514545,491369.0931290151 -351.8731214353268,-61.58938702599023,491464.2764163997 -351.90931469067493,-61.52859390152139,491559.2181625556 -351.94538230535284,-61.46779456702288,491653.9183188118 -351.9813250760766,-61.40698906599717,491748.3768368667 -352.0171437930253,-61.34617744154046,491842.5936688023 -352.0528392399086,-61.28535973634618,491936.568767023 -352.0884121940306,-61.224535992709015,492030.3020842969 -352.1238634263533,-61.163706252530496,492123.79357376625 -352.1591937015618,-61.102870557320685,492217.04318891856 -352.194403778125,-61.042028948204084,492310.0508835986 -352.22949440835873,-60.98118146592288,492402.8166120128 -352.26446633848684,-60.920328150840774,492495.34032871784 -352.2993203086998,-60.859469042948156,492587.62198862206 -352.3340570532173,-60.79860418186379,492679.6615469946 -352.36867730034567,-60.73773360684011,492771.4589594625 -352.40318177253585,-60.67685735676681,492863.0141820077 -352.43757118644214,-60.615975470173765,492954.327170952 -352.47184625297837,-60.55508798523639,493045.3978829997 -352.50600767737524,-60.494194939777216,493136.22627518146 -352.540056159235,-60.433296371270764,493226.81230489543 -352.5739923925871,-60.37239231684649,493317.15592989343 -352.60781706594275,-60.3114828132925,493407.25710827607 -352.64153086234774,-60.250567897059796,493497.1157984874 -352.6751344594373,-60.189647604264,493586.7319593568 -352.70862852948744,-60.12872197069,493676.105550024 -352.74201373946715,-60.06779103179474,493765.23653001693 -352.7752907510906,-60.00685482271055,493854.12485918275 -352.80846022086655,-59.945913378249564,493942.77049775166 -352.8415228001501,-59.88496673290464,494031.1734062744 -352.8744791351911,-59.82401492085437,494119.3335456857 -352.9073298671845,-59.76305797596566,494207.25087723846 -352.9400756323177,-59.70209593179632,494294.925362558 -352.9727170618195,-59.64112882159986,494382.3569636046 -353.005254782007,-59.58015667832606,494469.5456427077 -353.0376894143328,-59.51917953462572,494556.49136253144 -353.0700215754317,-59.45819742285313,494643.19408607396 -353.1022518771657,-59.39721037506888,494729.6537767314 -353.13438092667093,-59.33621842304248,494815.87039818865 -353.16640932640036,-59.27522159825673,494901.8439145283 -353.19833767417043,-59.21421993190838,494987.5742901468 -353.2301665632035,-59.153213454912134,495073.06148980523 -353.26189658217146,-59.09220219790318,495158.30547860754 -353.2935283152393,-59.0311861912407,495243.30622201075 -353.32506234210695,-58.970165465009,495328.06368580833 -353.3564992380513,-58.90914004902137,495412.57783615164 -353.3878395739677,-58.84810997282222,495496.8486395185 -353.41908391641164,-58.78707526569016,495580.87606276246 -353.4502328276385,-58.72603595663952,495664.6600730591 -353.4812868656441,-58.66499207442499,495748.20063792495 -353.5122465842043,-58.603943647541726,495831.49772526085 -353.54311253291456,-58.542890704229045,495914.5513032591 -353.5738852572284,-58.48183327247304,495997.36134049715 -353.6045652984964,-58.42077138000825,496079.92780586984 -353.63515319400346,-58.359705054321594,496162.2506686386 -353.66564947700647,-58.29863432265276,496244.32989839144 -353.69605467677263,-58.237559211997784,496326.16546507075 -353.72636931861496,-58.17647974911114,496407.75733895996 -353.7565939239289,-58.115395960507676,496489.10549066565 -353.78672901022867,-58.05430787246631,496570.2098911609 -353.81677509118305,-57.99321551103012,496651.07051175984 -353.8467326766498,-57.932118902010004,496731.6873241028 -353.8766022727114,-57.871018070986594,496812.06030019606 -353.906384381709,-57.80991304331197,496892.189412346 -353.9360795022759,-57.74880384411333,496972.074633243 -353.965688129373,-57.68769049829294,497051.7159358998 -353.9952107543208,-57.62657303053172,497131.1132936651 -354.02464786483233,-57.56545146529076,497210.266680235 -354.0539999450473,-57.50432582681341,497289.17606963683 -354.08326747556185,-57.443196139128425,497367.84143624594 -354.11245093346315,-57.382062426049835,497446.26275477896 -354.1415507923597,-57.320924711180766,497524.4400002812 -354.17056752241274,-57.25978301791447,497602.37314814806 -354.1995015903673,-57.19863736943631,497680.0621740943 -354.22835345958265,-57.13748778872718,497757.50705418887 -354.25712359006326,-57.07633429856288,497834.70776484284 -354.2858124384878,-57.01517692151784,497911.66428279394 -354.3144204582397,-56.95401567996636,497988.3765851073 -354.34294809943646,-56.89285059608421,498064.8446492067 -354.3713958089575,-56.831681691852026,498141.0684528254 -354.39976403047456,-56.77050898905461,498217.04797407717 -354.42805320447934,-56.70933250928453,498292.7831913597 -354.45626376831166,-56.64815227394335,498368.27408343984 -354.48439615618724,-56.586968304242966,498443.52062939625 -354.51245079922546,-56.5257806212089,498518.52280868025 -354.540428125477,-56.464589245679676,498593.2806010311 -354.56832855994986,-56.40339419831046,498667.79398655496 -354.5961525246374,-56.342195499573606,498742.06294567557 -354.62390043854333,-56.28099316976059,498816.08745915716 -354.6515727177091,-56.21978722898473,498889.8675080961 -354.6791697752392,-56.15857769718085,498963.40307391254 -354.7066920213267,-56.097364594108335,499036.6941383809 -354.7341398632794,-56.036147939352084,499109.7406835939 -354.76151370554385,-55.974927752324085,499182.5426919713 -354.78881394973075,-55.9137040522662,499255.1001462695 -354.81604099463993,-55.85247685824963,499327.4130295821 -354.8431952362838,-55.791246189177755,499399.48132533074 -354.8702770679126,-55.73001206378763,499471.3050172588 -354.8972868800371,-55.668774500650954,499542.8840894541 -354.9242250604529,-55.60753351817556,499614.21852632734 -354.95109199426344,-55.54628913460813,499685.3083126178 -354.9778880639037,-55.485041368033855,499756.15343339776 -355.0046136491623,-55.4237902363787,499826.75387406594 -355.031269127205,-55.36253575741069,499897.10962033767 -355.05785487259635,-55.30127794874225,499967.22065830365 -355.08437125732246,-55.240016827829805,500037.08697431814 -355.1108186508128,-55.178752411976525,500106.70855511306 -355.13719741996215,-55.117484718333216,500176.0853877254 -355.16350792915154,-55.05621376389955,500245.21745951293 -355.1897505402705,-54.99493956552551,500314.1047581829 -355.21592561273735,-54.933662139913544,500382.74727176625 -355.2420335035207,-54.8723815036182,500451.14498858864 -355.26807456715983,-54.811097673048565,500519.29789735185 -355.29404915578516,-54.74981066446933,500587.205987028 -355.3199576191391,-54.6885204940017,500654.86924696725 -355.34580030459495,-54.627227177625976,500722.287666806 -355.37157755717794,-54.56593073118065,500789.46123652597 -355.3972897195848,-54.50463117036517,500856.3899464289 -355.4229371322024,-54.44332851074079,500923.07378713356 -355.4485201331281,-54.382022767731364,500989.51274959923 -355.47403905818805,-54.32071395662593,501055.70682508027 -355.49949424095644,-54.25940209257765,501121.6560051952 -355.5248860127748,-54.198087190606955,501187.3602818448 -355.5502147027692,-54.13676926560142,501252.819647282 -355.5754806378702,-54.07544833231761,501318.0340940621 -355.6006841428298,-54.014124405382525,501383.00361506495 -355.6258255402399,-53.95279749929364,501447.72820351366 -355.6509051505505,-53.891467628420656,501512.2078529207 -355.6759232920869,-53.83013480700668,501576.4425571395 -355.7008802810674,-53.76879904916863,501640.432310345 -355.72577643162026,-53.707460368900264,501704.17710701504 -355.7506120558018,-53.64611878007047,501767.6769419798 -355.775387463612,-53.58477429642619,501830.93181035755 -355.8001029630127,-53.523426931592844,501893.9417075906 -355.82475885994324,-53.46207669907535,501956.7066294533 -355.8493554583376,-53.40072361226013,502019.2265720302 -355.8738930601404,-53.33936768441429,502081.5015317444 -355.898371965323,-53.27800892868805,502143.53150529595 -355.92279247190027,-53.21664735811527,502205.3164897306 -355.94715487594556,-53.155282985613965,502266.856482415 -355.9714594716065,-53.0939158239891,502328.1514810187 -355.99570655112143,-53.032545885931064,502389.2014835327 -356.0198964048342,-52.97117318401814,502450.0064882792 -356.04402932120905,-52.90979773071719,502510.5664938713 -356.0681055868468,-52.8484195383841,502570.88149924285 -356.09212548649856,-52.78703861926632,502630.9515036726 -356.1160893030818,-52.7256549855013,502690.7765067128 -356.13999731769445,-52.66426864911945,502750.35650825984 -356.16384980962937,-52.60287962204384,502809.6915085163 -356.1876470563889,-52.541487916091924,502868.78150797787 -356.2113893336996,-52.48009354297549,502927.62650750636 -356.23507691552527,-52.418696514303214,502986.2265082227 -356.2587100740824,-52.35729684157935,503044.58151158516 -356.2822890798533,-52.29589453620607,503102.6915193558 -356.30581420159956,-52.23448960948347,503160.55653363705 -356.329285706376,-52.17308207261203,503218.1765568095 -356.35270385954493,-52.11167193669102,503275.5515915709 -356.3760689247882,-52.05025921272102,503332.6816409515 -356.39938116412134,-51.98884391160431,503389.5667082755 -356.42264083790633,-51.9274260441457,503446.20679718966 -356.445848204865,-51.86600562105291,503502.6019116288 -356.46900352209127,-51.804582652938755,503558.7520558551 -356.49210704506436,-51.743157150320094,503614.65723445005 -356.5151590276615,-51.68172912361941,503670.31745228445 -356.5381597221705,-51.620298583166225,503725.732714555 -356.56110937930157,-51.55886553919622,503780.90302674635 -356.58400824820035,-51.497430001854845,503835.8283946792 -356.6068565764597,-51.43599198119468,503890.5088244587 -356.6296546101319,-51.374551487178195,503944.94432251574 -356.65240259374065,-51.31310852967843,503999.1348955773 -356.67510077029306,-51.25166311847869,504053.08055067895 -356.6977493812906,-51.19021526327504,504106.78129516385 -356.72034866674176,-51.12876497367509,504160.23713667825 -356.7428988651734,-51.06731225919962,504213.4480832052 -356.76540021364156,-51.005857129283484,504266.4141429772 -356.78785294774343,-50.944399593275634,504319.1353245833 -356.8102573016282,-50.88293966044107,504371.61163689144 -356.83261350800797,-50.82147733995988,504423.84308907954 -356.8549217981701,-50.760012640928984,504475.8296906334 -356.8771824019859,-50.69854557236251,504527.57145134464 -356.8993955479235,-50.6370761431923,504579.0683813014 -356.9215614630575,-50.57560436226955,504630.32049089944 -356.9436803730799,-50.5141302383639,504681.32779084786 -356.96575250231047,-50.452653780165036,504732.0902921331 -356.9877780737072,-50.39117499628333,504782.60800606856 -357.00975730887717,-50.32969389524981,504832.8809442639 -357.0316904280859,-50.268210485518516,504882.90911862283 -357.0535776502681,-50.206724775464544,504932.6925413687 -357.07541919303765,-50.145236773386806,504982.23122499505 -357.0972152726978,-50.08374648750745,505031.52518232557 -357.11896610425003,-50.02225392597293,505080.57442647585 -357.1406719014055,-49.96075909685539,505129.3789708565 -357.16233287659327,-49.899262008151254,505177.9388291785 -357.18394924097055,-49.83776266778375,505226.2540154591 -357.20552120443267,-49.77626108360241,505274.3245440219 -357.2270489756217,-49.71475726338372,505322.15042945533 -357.2485327619361,-49.653251214833226,505369.73168668826 -357.26997276954023,-49.591742945583434,505417.0683309236 -357.29136920337373,-49.530232463196576,505464.1603776752 -357.31272226715987,-49.46871977516394,505511.0078427383 -357.33403216341543,-49.40720488890687,505557.6107422075 -357.3552990934589,-49.34568781177832,505603.96909250284 -357.37652325742033,-49.2841685510612,505650.08291030023 -357.3977048542491,-49.22264711397054,505695.95221260324 -357.4188440817235,-49.16112350765373,505741.57701668324 -357.43994113645874,-49.099597739190465,505786.95734014554 -357.46099621391613,-49.038069815594895,505832.09320085554 -357.4820095084108,-48.97653974381366,505876.984616986 -357.50298121312073,-48.91500753072848,505921.63160700793 -357.52391152009545,-48.85347318315578,505966.0341896819 -357.54480062026346,-48.79193670784728,506010.1923840618 -357.56564870344073,-48.73039811149027,506054.1062095005 -357.58645595833923,-48.66885740070952,506097.77568563586 -357.6072225725744,-48.60731458206541,506141.20083240845 -357.6279487326739,-48.54576966205634,506184.38167003664 -357.64863462408465,-48.484222647118095,506227.31821904925 -357.66928043118145,-48.422673543625706,506270.01050026005 -357.6898863372744,-48.36112235789211,506312.4585347604 -357.7104525246168,-48.299569096169776,506354.6623439566 -357.7309791744125,-48.23801376465112,506396.6219495274 -357.75146646682407,-48.1764563694685,506438.3373734577 -357.77191458097974,-48.11489691669492,506479.808638002 -357.79232369498106,-48.05333541234528,506521.0357657127 -357.8126939859105,-47.991771862375295,506562.0187794506 -357.83302562983886,-47.930206272682916,506602.75770234055 -357.8533188018319,-47.868638649108654,506643.25255780865 -357.8735736759583,-47.807068997435486,506683.5033695649 -357.89379042529663,-47.74549732339118,506723.5101616045 -357.9139692219418,-47.68392363264579,506763.2729582194 -357.9341102370132,-47.622347930814335,506802.7917839825 -357.9542136406609,-47.56077022345626,506842.0666637613 -357.9742796020728,-47.49919051607606,506881.09762269724 -357.9943082894814,-47.43760881412443,506919.8846862327 -358.0142998701705,-47.37602512299732,506958.42788006895 -358.0342545104826,-47.31443944803706,506996.72723023884 -358.0541723758246,-47.252851794533,507034.78276300884 -358.07405363067517,-47.191262167721185,507072.5945049806 -358.09389843859105,-47.1296705727863,507110.16248300124 -358.11370696221354,-47.06807701485996,507147.48672421457 -358.13347936327546,-47.00648149902245,507184.5672560531 -358.15321580260604,-46.94488403030297,507221.40410623665 -358.1729164401397,-46.883284613679436,507257.9973027534 -358.19258143492016,-46.821683254080234,507294.34687388706 -358.2122109451079,-46.76007995638285,507330.45284819504 -358.23180512798575,-46.69847472541531,507366.315254535 -358.25136413996563,-46.63686756595621,507401.93412201456 -358.2708881365943,-46.575258482735094,507437.3094800522 -358.2903772725591,-46.51364748043375,507472.4413583333 -358.30983170169475,-46.452034563684826,507507.3297868296 -358.32925157698855,-46.39041973707359,507541.9747957954 -358.3486370505865,-46.328803005137644,507576.37641574617 -358.3679882737996,-46.26718437236714,507610.5346775149 -358.38730539710895,-46.20556384320658,507644.4496121753 -358.4065885701718,-46.14394142205308,507678.1212510914 -358.42583794182735,-46.08231711325784,507711.54962592985 -358.44505366010276,-46.02069092112639,507744.7347685986 -358.4642358722177,-45.95906284991883,507777.67671131424 -358.48338472459113,-45.89743290385086,507810.3754865464 -358.5025003628458,-45.835801087092655,507842.83112707123 -358.5215829318146,-45.774167403770534,507875.04366591066 -358.5406325755454,-45.71253185796629,507907.0131363813 -358.5596494373067,-45.65089445371871,507938.73957206693 -358.578633659593,-45.58925519502218,507970.2230068495 -358.59758538412984,-45.527614085829725,508001.4634748534 -358.61650475187935,-45.46597113005017,508032.461010503 -358.6353919030454,-45.404326331550315,508063.2156484839 -358.65424697707874,-45.3426796941548,508093.72742377257 -358.6730701126821,-45.28103122164728,508123.99637159606 -358.6918614478152,-45.219380917769065,508154.0225274667 -358.71062111970025,-45.157728786220616,508183.8059271961 -358.72934926482606,-45.096074830661486,508213.34660681826 -358.7480460189545,-45.034419054710746,508242.6446026727 -358.7667115171239,-44.97276146194705,508271.69995137386 1.2146541063457903,-44.91110205590981,508300.5126897958 1.1960507178468163,-44.84944084009809,508329.08285508706 1.177478184480691,-44.78777781797178,508357.4104846637 1.1589363740518195,-44.72611299295172,508385.49561623536 1.1404251550638094,-44.66444636841982,508413.33828775637 1.1219443967144969,-44.602777947720284,508440.9385374408 1.1034939688909162,-44.54110773415831,508468.2964038255 1.0850737421650365,-44.4794357310015,508495.41192566336 1.0666835877889866,-44.417761941479704,508522.2851420044 1.0483233776909628,-44.356086368785114,508548.91609215806 1.0299929844699136,-44.294409016074184,508575.3048157115 1.0116922813916744,-44.232729886465044,508601.4513524995 0.993421142384534,-44.17104898304012,508627.3557426471 0.9751794420340048,-44.109366308845296,508653.0180265423 0.9569670555797245,-44.04768186689013,508678.43824483245 0.9387838589102557,-43.98599566014956,508703.61643843586 0.9206297285588505,-43.9243076915622,508728.55264853925 0.9025045416992157,-43.86261796403157,508753.2469165951 0.8844081761415055,-43.80092648042631,508777.69928431476 0.8663405103279445,-43.739233243580145,508801.9097936801 0.8483014233286781,-43.67753825629326,508825.8784869512 0.8302907948375946,-43.61584152133084,508849.605406631 0.8123085051680619,-43.55414304142415,508873.09059550375 0.794354435249403,-43.492442819271254,508896.3340966091 0.7764284666219226,-43.43074085753606,508919.33595323673 0.7585304814339793,-43.3690371588506,508942.0962089807 0.7406603624370405,-43.30733172581267,508964.61490764277 0.7228179929823568,-43.245624560988055,508986.8920933365 0.7050032570167559,-43.183915666909755,509008.9278104191 0.6872160390784927,-43.12220504607852,509030.72210350697 0.6694562242944642,-43.06049270096387,509052.275017474 0.6517236983750081,-42.998778634002775,509073.58659746905 0.6340183476107484,-42.93706284760091,509094.6568888924 0.6163400588688148,-42.875345344132725,509115.48593739583 0.5986887195892336,-42.81362612594133,509136.0737889112 0.5810642177808916,-42.7519051953399,509156.42048963136 0.5634664420176989,-42.690182554610075,509176.52608598256 0.5458952814359748,-42.62845820600356,509196.39062467834 0.5283506257293027,-42.566732151741675,509216.01415267045 0.5108323651457454,-42.505004394015614,509235.39671716985 0.4933403904848035,-42.443274934988,509254.53836567956 0.4758745930925272,-42.38154377679055,509273.4391459133 0.4584348648591572,-42.31981092152655,509292.0991058698 0.4410210982149181,-42.25807637126989,509310.5182938017 0.42363318612689227,-42.19634012806528,509328.6967582008 0.4062710220957513,-42.13460219392998,509346.6345478482 0.3889345001516915,-42.072862570851505,509364.3317117411 0.3716235148516489,-42.01112126078983,509381.7882991817 0.3543379612755757,-41.949378265676685,509399.00435967284 0.33707773502354144,-41.887633587416,509415.9799430074 0.31984273221149806,-41.825887227883776,509432.71509922954 0.3026328494693473,-41.764139188929676,509449.2098786222 0.285447983936308,-41.7023894723751,509465.4643317372 0.2682880332586137,-41.64063808001466,509481.4785093642 0.2511528955857898,-41.57888501361598,509497.2524625837 0.23404246956778252,-41.51713027492092,509512.7862426712 0.2169566543514918,-41.4553738656441,509528.0799012145 0.19989534957784372,-41.39361578747394,509543.13348999125 0.1828584553786925,-41.33185604207313,509557.9470610886 0.16584587237326787,-41.270094631078216,509572.52066681004 0.14885750166575917,-41.20833155609987,509586.8543597282 0.13189324484199005,-41.14656681872441,509600.9481926502 0.1149530039659794,-41.084800420511584,509614.80221864744 0.09803668157769607,-41.02303236299655,509628.41649101634 0.08114418068936402,-40.96126264768944,509641.7910633597 0.06427540478284754,-40.89949127607545,509654.92598946026 0.04743025780689436,-40.83771824961589,509667.8213233895 0.030608644173639732,-40.77594356974704,509680.47711946967 0.013810468756162209,-40.71416723788105,509692.89343225356 -0.0029643631143017046,-40.65238925540609,509705.07031654223 -0.019715945651967104,-40.59060962368623,509717.007827399 -0.036444372618291254,-40.528828344062646,509728.70602012996 -0.05314973732529893,-40.467045417852184,509740.1649502828 -0.06983213263882249,-40.40526084634847,509751.38467364147 -0.08649165098069034,-40.34347463082224,509762.3652462605 -0.10312838433148386,-40.28168677252056,509773.1067244168 -0.11974242423346482,-40.219897272668895,509783.60916465585 -0.1363338617933323,-40.15810613246876,509793.87262375257 -0.15290278768486587,-40.09631335309988,509803.89715872443 -0.1694492921514268,-40.034518935719305,509813.6828268429 -0.1859734650089706,-39.97272288146153,509823.2296856117 -0.20247539564834938,-39.91092519144023,509832.5377927975 -0.21895517303815382,-39.8491258667462,509841.60720637435 -0.23541288572724284,-39.78732490844862,509850.43798461126 -0.25184862184698886,-39.725522317595335,509859.03018597007 -0.26826246911483054,-39.663718095212346,509867.3838691986 -0.2846545148354096,-39.60191224230549,509875.49909323774 -0.3010248459042941,-39.54010475985852,509883.3759173012 -0.3173735488099112,-39.478295648834404,509891.0144008493 -0.33370070963636067,-39.41648491017556,509898.4146035721 -0.3500064140651773,-39.354672544803286,509905.57658539095 -0.3662907473787982,-39.29285855361941,509912.50040648266 -0.3825537944623534,-39.23104293750448,509919.1861272479 -0.39879563980605326,-39.1692256973192,509925.63380834484 -0.41501636750794546,-39.10740683390415,509931.8435106621 -0.4312160612761886,-39.045586348079674,509937.8152953307 -0.4473948044312692,-38.983764240647524,509943.5492236996 -0.46355267990816174,-38.921940512388595,509949.0453573845 -0.4796897702595402,-38.86011516406494,509954.30375821947 -0.49580615765691505,-38.79828819641896,509959.32448829146 -0.5119019238940723,-38.7364596101741,509964.10760990693 -0.5279771503884092,-38.67462940603429,509968.65318562044 -0.5440319181836344,-38.61279758468569,509972.96127821587 -0.5600663079522405,-38.550964146794655,509977.03195072885 -0.5760803999970676,-38.4891290930091,509980.8652663943 -0.5920742742546281,-38.42729242395828,509984.4612887194 -0.6080480102961019,-38.365454140253945,509987.82008143095 -0.6240016873300931,-38.30361424248876,509990.9417084982 -0.6399353842049607,-38.241772731237425,509993.82623409986 -0.6558491794108363,-38.17992960705692,509996.47372267576 -0.6717431510816709,-38.11808487048621,509998.8842388972 -0.6876173769973377,-38.05623852204626,510001.0578476529 -0.703471934585906,-37.99439056224143,510002.9946140628 -0.7193069009257727,-37.93254099155765,510004.69460350025 -0.7351223527475668,-37.87068981046404,510006.1578815545 -0.7509183664363377,-37.80883701941179,510007.3845140399 -0.7666950180334027,-37.74698261883642,510008.37456703297 -0.7824523832390184,-37.685126609155255,510009.1281067933 -0.7981905374135465,-37.62326899076929,510009.64519985253 -0.8139095555801248,-37.5614097640626,510009.9259129553 -0.8296095124262592,-37.4995489294029,510009.97031307995 -0.8452904823062966,-37.43768648714108,510009.7784674301 -0.8609525392425894,-37.37582243761255,510009.3504434299 -0.8765957569283671,-37.31395678113567,510008.68630875053 -0.8922202087293272,-37.252089518013,510007.7861312937 -0.9078259676851985,-37.190220648530854,510006.6499791683 -0.9234131065121574,-37.128350172959756,510005.2779207081 -0.9389816976047314,-37.06647809155527,510003.67002451164 -0.9545318130371356,-37.00460440455636,510001.82635936595 -0.970063524565802,-36.9427291121868,509999.746994293 -0.9855769036309994,-36.8808522146548,509997.431998557 -1.0010720213585103,-36.81897371215322,509994.8814416351 -1.0165489485618195,-36.75709360486063,509992.09539322706 -1.0320077557435923,-36.69521189293953,509989.0739232691 -1.0474485130980327,-36.6333285765377,509985.8171019042 -1.062871290511879,-36.571443655788144,509982.3249995255 -1.0782761575668758,-36.50955713080883,509978.5976867186 -1.0936631835413664,-36.447669001704035,509974.6352343306 -1.1090324374118268,-36.38577926856259,509970.43771339994 -1.1243839878551114,-36.32388793145916,509966.00519518985 -1.1397179032496751,-36.26199499045415,509961.33775121137 -1.155034251677563,-36.200100445593364,509956.4354531673 -1.1703331009262286,-36.138204296909514,509951.2983730141 -1.1856145184900129,-36.076306544420376,509945.92658289045 -1.200878571572133,-36.0144071881302,509940.3201552047 -1.2161253270859333,-35.95250622802931,509934.4791625431 -1.2313548516571018,-35.89060366409407,509928.4036777193 -1.246567211624864,-35.82869949628837,509922.09377379535 -1.261762473043916,-35.76679372456139,509915.5495240288 -1.2769407016861294,-35.704886348849385,509908.77100189606 -1.2921019630415742,-35.64297736907539,509901.75828110793 -1.3072463223213333,-35.58106678514875,509894.5114355655 -1.3223738444576156,-35.51915459696688,509887.03053942096 -1.3374845941067974,-35.457240804413054,509879.31566703983 -1.352578635649877,-35.39532540735808,509871.36689297506 -1.3676560331948053,-35.33340840565998,509863.1842920279 -1.3827168505777365,-35.27148979916365,509854.767939218 -1.39776115136425,-35.20956958770245,509846.11790974764 -1.4127889988518803,-35.147647771096096,509837.2342790719 -1.4278004560707984,-35.085724349152386,509828.1171228439 -1.4427955857854045,-35.023799321666715,509818.7665169225 -1.4577744504962027,-34.96187268842226,509809.18253741896 -1.4727371124411661,-34.89994444918957,509799.3652606099 -1.4876836335970438,-34.838014603728375,509789.31476303004 -1.5026140756812083,-34.776083151785215,509779.0311214108 -1.5175285001528493,-34.71415009309524,509768.51441267866 -1.5324269682146223,-34.65221542738138,509757.76471399993 -1.5473095408137283,-34.590279154356075,509746.78210275125 -1.5621762786439888,-34.52834127371874,509735.56665650435 -1.5770272421468974,-34.46640178515812,509724.1184530625 -1.5918624915128987,-34.404460688351,509712.4375704324 -1.6066820866832643,-34.3425179829632,509700.5240868317 -1.6214860873511157,-34.28057366864876,509688.3780806761 -1.6362745529629024,-34.218627745051684,509675.99963062827 -1.6510475427201072,-34.15668021180367,509663.38881553436 -1.6658051155802696,-34.09473106852587,509650.5457144426 -1.680547330258264,-34.03278031482858,509637.4704066333 -1.695274245228319,-33.97082795031072,509624.1629715889 -1.709985918724641,-33.9088739745617,509610.6234889972 -1.7246824087429218,-33.84691838715888,509596.85203875473 -1.7393637730422995,-33.78496118766981,509582.84870096284 -1.7540300691459834,-33.723002375651184,509568.6135559447 -1.7686813543426183,-33.66104195064894,509554.14668422873 -1.783317685688047,-33.59907991219987,509539.44816652976 -1.7979391200061627,-33.53711625982934,509524.5180837841 -1.812545713890728,-33.475150993052864,509509.35651715286 -1.827137523706,-33.41318411137584,509493.96354797174 -1.8417146055886917,-33.35121561429324,509478.3392578034 -1.856277015448427,-33.28924550129119,509462.4837283971 -1.8708248089700135,-33.22727377184492,509446.3970417334 -1.8853580416140687,-33.16530042541988,509430.0792799694 -1.8998767686180145,-33.103325461472245,509413.53052549704 -1.914381044998322,-33.041348879447796,509396.7508608826 -1.928870925550342,-32.97937067878399,509379.7403689154 -1.9433464648510892,-32.91739085890754,509362.49913257925 -1.957807717259243,-32.855409419236395,509345.0272350612 -1.972254736916625,-32.79342635917872,509327.3247597617 -1.9866875777502457,-32.7314416781333,509309.3917902827 -2.0011062934720485,-32.669455375490706,509291.22841039806 -2.0155109375812685,-32.6074674506312,509272.83470412705 -2.029901563365229,-32.54547790292648,509254.2107556599 -2.044278223900392,-32.483486731739156,509235.3566494017 -2.0586409720539223,-32.42149393642245,509216.27246994805 -2.072989860484057,-32.359499516321925,509196.95830211707 -2.0873249416422084,-32.29750347077327,509177.4142308884 -2.10164626777339,-32.23550579910371,509157.6403414789 -2.115953890918007,-32.17350650063191,509137.6367192849 -2.130247862912171,-32.111505574667355,509117.40344990976 -2.144528235389288,-32.0495030205125,509096.9406191448 -2.1587950597818235,-31.987498837459935,509076.24831298564 -2.1730483873206197,-31.925493024794253,509055.3266176305 -2.1872882690380493,-31.86348558179184,509034.17561947874 -2.2015147557679313,-31.8014765077207,509012.7954050957 -2.2157278981467528,-31.739465801840474,508991.1860612929 -2.229927746614692,-31.677453463403566,508969.3476750479 -2.244114351417295,-31.615439491653284,508947.2803335182 -2.25828776260596,-31.553423885825325,508924.9841240886 -2.2724480300389587,-31.491406645147173,508902.45913433476 -2.286595203382973,-31.42938776883938,508879.7054520143 -2.3007293321136615,-31.367367256113667,508856.72316508426 -2.3148504655169972,-31.30534510617448,508833.5123617013 -2.3289586526903747,-31.243321318218346,508810.07313020853 -2.3430539425432073,-31.181295891434374,508786.4055591598 -2.357136383798405,-31.11926882500383,508762.5097372678 -2.371206024993029,-31.057240118101276,508738.38575346244 -2.3852629144796254,-30.99520976989298,508714.0336968821 -2.3993071004272224,-30.93317777953813,508689.4536568185 -2.4133386308219826,-30.87114414618827,508664.6457227859 -2.4273575534684255,-30.809108868988723,508639.60998446937 -2.441363915990536,-30.74707194707663,508614.3465317546 -2.455357765832531,-30.68503337958219,508588.8554547339 -2.4693391502600264,-30.622993165628728,508563.13684365054 -2.483308116360803,-30.560951304332445,508537.19078898494 -2.4972647110458297,-30.498907794802204,508511.01738136547 -2.511208981050345,-30.43686263614115,508484.6167116411 -2.5251409729345937,-30.374815827444394,508457.98887083255 -2.53906073308508,-30.3127673678006,508431.13395014725 -2.5529683077152754,-30.2507172562918,508404.0520410027 -2.5668637428667864,-30.188665491993063,508376.7432349719 -2.580747084409552,-30.126612073973604,508349.20762384834 -2.594618378043833,-30.064557001295363,508321.4452995908 -2.6084776693006972,-30.002500273013972,508293.4563543454 -2.6223250035424144,-29.940441888178466,508265.2408804612 -2.6361604259641354,-29.878381845831406,508236.7989704617 -2.6499839815944597,-29.81632014501,508208.13071705424 -2.6637957152961746,-29.754256784743877,508179.2362131349 -2.677595671767392,-29.692191764057068,508150.11555179185 -2.691383895542373,-29.63012508196727,508120.7688262857 -2.7051604309925494,-29.56805673748567,508091.1961300771 -2.7189253223269247,-29.505986729618645,508061.39755679056 -2.7326786135934924,-29.44391505736519,508031.37320024264 -2.7464203486797203,-29.38184171971896,508001.123154458 -2.760150571313858,-29.319766715667402,507970.6475136079 -2.773869325065334,-29.257690044192003,507939.9463720617 -2.7875766533454396,-29.195611704269336,507909.0198243733 -2.801272599409117,-29.133531694869305,507877.86796526675 -2.8149572063547623,-29.071450014956255,507846.4908896724 -2.828630517125646,-29.009366663488887,507814.88869267836 -2.8422925745105942,-28.947281639420094,507783.06146956893 -2.855943421144758,-28.88519494169811,507751.00931579433 -2.8695830995104643,-28.82310656926458,507718.73232700175 -2.8832116519381543,-28.761016521056213,507686.2305990065 -2.8968291206070376,-28.698924796004118,507653.50422779686 -2.9104355475461148,-28.636831393033727,507620.5533095728 -2.9240309746344053,-28.574736311066133,507587.37794067955 -2.937615443602482,-28.512639549016264,507553.9782176541 -2.951188996033011,-28.450541105794038,507520.35423721303 -2.96475167336132,-28.388440980304132,507486.5060962385 -2.978303516876508,-28.326339171446065,507452.4338918156 -2.991844567721728,-28.2642356781148,507418.13772118423 -3.005374866895437,-28.202130499199676,507383.6176817598 -3.01889445525228,-28.140023633585123,507348.87387115747 -3.0324033735032287,-28.077915080150664,507313.90638715384 -3.0459016622169486,-28.015804837770993,507278.715327691 -3.0593893618203083,-27.95369290531554,507243.30079090944 -3.0728665125988357,-27.891579281649896,507207.6628750962 -3.0863331546981954,-27.829463965634027,507171.8016787563 -3.0997893281243023,-27.767346956123266,507135.7173005148 -3.11323507274426,-27.705228251968098,507099.4098392165 -3.1266704282872126,-27.643107852015362,507062.87939385965 -3.1400954343448007,-27.580985755106255,507026.12606360996 -3.1535101303721547,-27.518861960077754,506989.1499478344 -3.1669145556885496,-27.456736465762393,506951.9511460404 -3.180308749478229,-27.39460927098815,506914.5297579195 -3.1936927507908024,-27.332480374578267,506876.88588334335 -3.2070665985420987,-27.270349775352678,506839.0196223515 -3.22043033151499,-27.208217472125785,506800.93107514887 -3.2337839883602726,-27.146083463708365,506762.62034211605 -3.2471276075967808,-27.083947748906592,506724.0875238058 -3.260461227612552,-27.021810326522278,506685.33272094047 -3.273784886665311,-26.959671195353963,506646.356034404 -3.287098622883576,-26.897530354195247,506607.1575652641 -3.300402474266491,-26.835387801835758,506567.73741475027 -3.313696478685273,-26.773243537060996,506528.0956842704 -3.3269806738839804,-26.711097558652543,506488.232475381 -3.3402550974791723,-26.64894986538854,506448.14788981964 -3.3535197869616127,-26.58680045604244,506407.8420295071 -3.3667747796967262,-26.524649329384093,506367.3149964965 -3.3800201129247966,-26.462496484179567,506326.5668930393 -3.39325582376199,-26.400341919190495,506285.59782155085 -3.4064819492011225,-26.33818563317613,506244.4078845849 -3.4196985261120005,-26.276027624890762,506202.9971848924 -3.43290559124236,-26.21386789308536,506161.3658253872 -3.4461031812180636,-26.151706436507133,506119.5139091318 -3.4592913325441828,-26.089543253899517,506077.4415393687 -3.4724700816056213,-26.027378344003242,506035.1488195003 -3.4856394646675426,-25.965211705554513,505992.6358530955 -3.4987995178760514,-25.90304333728639,505949.9027438872 -3.5119502772587907,-25.8408732379284,505906.9495957669 -3.525091778725681,-25.778701406206388,505863.77651279466 -3.5382240580694315,-25.71652784084365,505820.3835991987 -3.5513471509660803,-25.65435254055931,505776.77095936093 -3.5644610929760745,-25.592175504069367,505732.9386978359 -3.577565919544355,-25.529996730086474,505688.8869193253 -3.5906616660009263,-25.46781621731989,505644.61572871683 -3.603748367561934,-25.405633964476497,505600.1252310335 -3.6168260593299237,-25.343449970259048,505555.41553147696 -3.6298947762945204,-25.28126423336739,505510.4867354043 -3.6429545533329133,-25.219076752498484,505465.3389483314 -3.6560054252109637,-25.15688752634557,505419.97227594466 -3.6690474265827504,-25.094696553600183,505374.3868240655 -3.682080591992161,-25.032503832949402,505328.58269871195 -3.695104955873063,-24.970309363078115,505282.5600060373 -3.7081205525499854,-24.908113142668096,505236.31885234255 -3.721127416238488,-24.845915170397625,505189.85934412805 -3.7341255810457596,-24.783715444943503,505143.18158800236 -3.7471150809716107,-24.721513964978453,505096.28569078055 -3.7600959499083046,-24.659310729172773,505049.17175940046 -3.7730682216419495,-24.597105736194045,505001.8399009695 -3.786031929852527,-24.534898984706675,504954.2902227457 -3.798987108114403,-24.472690473373397,504906.5228321672 -3.8119337898971537,-24.410480200853247,504858.53783679253 -3.8248720085660466,-24.348268165803052,504810.33534436807 -3.837801797382525,-24.286054366876794,504761.91546277655 -3.8507231895045777,-24.223838802726213,504713.2783000671 -3.863636217988045,-24.16162147199971,504664.4239644265 -3.8765409157857675,-24.099402373344606,504615.3525642222 -3.8894373157498023,-24.03718150540454,504566.06420795934 -3.9023254506303715,-23.974958866820963,504516.55900430505 -3.9152053530776527,-23.91273445623264,504466.83706206136 -3.928077055641495,-23.850508272277015,504416.89849021443 -3.93984289903392,-23.793602787319003,504371.0416656708 -3.939843121434791,-23.793601191041777,504371.0684755552 -3.939843121434791,-23.793601191041777,504371.0684755552 -3.9398419527163355,-23.793596245067725,504412.18424723623 -3.952699341929474,-23.73135788051038,504362.1988255036 -3.965551201718341,-23.669100166351704,504312.73603148793 -3.978397557154068,-23.60682310251312,504263.80220434506 -3.9912384332491513,-23.54452668902608,504215.40368938446 -4.004073854958165,-23.482210926031986,504167.54683802725 -4.016903847177275,-23.4198758137826,504120.23800781876 -4.02972843474538,-23.357521352640266,504073.48356247897 -4.0425476424440205,-23.295147543078013,504027.28987182985 -4.055361494997555,-23.232754385679875,503981.66331184807 -4.068170017073754,-23.170341881141333,503936.61026464176 -4.080973233284112,-23.107910030269014,503892.1371184555 -4.093771168183821,-23.045458833981552,503848.25026767555 -4.106563846272195,-22.982988293309425,503804.956112827 -4.119351291993411,-22.920498409395133,503762.2610605753 -4.1321335297360235,-22.8579891834939,503720.1715237396 -4.1449105838339335,-22.79546061697327,503678.69392124924 -4.157682478566329,-22.732912711313947,503637.8346781946 -4.170449238158199,-22.67034546810949,503597.6002258134 -4.183210886780387,-22.607758889067092,503557.99700147536 -4.195967448549823,-22.545152976007213,503519.0314487118 -4.208718947530542,-22.48252773086443,503480.7100171665 -4.221465407732779,-22.41988315568702,503443.03916263935 -4.234206853114273,-22.35721925263785,503406.0253470866 -4.246943307580153,-22.294536023994095,503369.67503859225 -4.259674794983056,-22.231833472147745,503333.9947113966 -4.272401339123917,-22.169111599605873,503298.99084587314 -4.285122963751547,-22.106370408990372,503264.66992854804 -4.297839692563656,-22.043609903038927,503231.03845208156 -4.3105515492065365,-21.980830084604847,503198.10291529883 -4.323258557275892,-21.918030956657116,503165.8698231502 -4.3359607403164375,-21.855212522281086,503134.3456867456 -4.348658121822751,-21.792374784678216,503103.5370233209 -4.361350725239305,-21.72951774716678,503073.4503562636 -4.374038573960803,-21.666641413181726,503044.0922151224 -4.38672169133244,-21.603745786275017,503015.4691355823 -4.399400100650212,-21.54083087011598,502987.5876594501 -4.4120738251610305,-21.477896668491308,502960.45433471765 -4.424742888063236,-21.41494318530562,502934.0757154739 -4.437407312506451,-21.351970424581186,502908.4583619903 -4.450067121592582,-21.28897839045879,502883.6088406576 -4.462722338375386,-21.22596708719734,502859.53372404305 -4.475372985860787,-21.162936519174472,502836.23959080566 -4.488019087007757,-21.099886690886805,502813.73302579165 -4.500660664728031,-21.036817606949842,502792.0206199646 -4.513297741886191,-20.97372927209848,502771.108970438 -4.525930341300551,-20.9106216911872,502751.00468048087 -4.538558485743181,-20.847494869190143,502731.714359467 -4.551182197939681,-20.784348811201568,502713.2446229552 -4.563801500570179,-20.72118352243586,502695.6020925976 -4.576416416269382,-20.657999008227765,502678.7933962249 -4.5890269676263244,-20.59479527403283,502662.8251677882 -4.59087210621675,-20.58553321065045,502660.55653571576 -4.590872106229881,-20.585533210552473,502660.5564538192</coordinates>
      </LineString>
      <styleUrl>#19050</styleUrl>
    </Placemark>
    <Placemark>
      <name>Impact Point full_trajectory</name>
      <Point>
        <altitudeMode>relativeToGround</altitudeMode>
        <coordinates>-4.590872106229881,-20.585533210552473,502660.5564538192</coordinates>
      </Point>
      <Style>
        <IconStyle>
          <Icon>
            <href>http://maps.google.com/mapfiles/kml/shapes/placemark_circle.png</href>
          </Icon>
        </IconStyle>
      </Style>
    </Placemark>
  </Document>
</kml>
